ordine_id,codice_cliente,canale,data
ORD-00001,CL-006,diretto,2025-01-02
ORD-00002,CL-007,diretto,2025-01-02
ORD-00003,CL-014,diretto,2025-01-02
ORD-00004,CL-014,diretto,2025-01-02
ORD-00005,CL-014,diretto,2025-01-02
ORD-00006,CL-014,diretto,2025-01-02
ORD-00007,CL-017,diretto,2025-01-02
ORD-00008,CL-018,diretto,2025-01-02
ORD-00009,CL-023,diretto,2025-01-02
ORD-00010,CL-023,diretto,2025-01-02
ORD-00011,CL-025,diretto,2025-01-02
ORD-00012,CL-060,diretto,2025-01-02
ORD-00013,CL-068,diretto,2025-01-02
ORD-00014,CL-074,diretto,2025-01-02
ORD-00015,CL-074,diretto,2025-01-02
ORD-00016,CL-101,diretto,2025-01-02
ORD-00017,CL-103,diretto,2025-01-02
ORD-00018,CL-142,diretto,2025-01-02
ORD-00019,CL-149,diretto,2025-01-02
ORD-00020,CL-159,diretto,2025-01-02
ORD-00021,CL-164,diretto,2025-01-02
ORD-00022,CL-168,diretto,2025-01-02
ORD-00023,CL-169,diretto,2025-01-02
ORD-00024,CL-190,diretto,2025-01-02
ORD-00025,CL-196,diretto,2025-01-02
ORD-00026,CL-219,distributori,2025-01-02
ORD-00027,CL-219,distributori,2025-01-02
ORD-00028,CL-219,distributori,2025-01-02
ORD-00029,CL-224,distributori,2025-01-02
ORD-00030,CL-224,distributori,2025-01-02
ORD-00031,CL-225,distributori,2025-01-02
ORD-00032,CL-225,distributori,2025-01-02
ORD-00033,CL-229,distributori,2025-01-02
ORD-00034,CL-230,distributori,2025-01-02
ORD-00035,CL-230,distributori,2025-01-02
ORD-00036,CL-234,distributori,2025-01-02
ORD-00037,CL-235,distributori,2025-01-02
ORD-00038,CL-238,distributori,2025-01-02
ORD-00039,CL-239,distributori,2025-01-02
ORD-00040,CL-243,distributori,2025-01-02
ORD-00041,CL-245,distributori,2025-01-02
ORD-00042,CL-245,distributori,2025-01-02
ORD-00043,CL-246,distributori,2025-01-02
ORD-00044,CL-250,distributori,2025-01-02
ORD-00045,CL-251,distributori,2025-01-02
ORD-00046,CL-252,distributori,2025-01-02
ORD-00047,CL-252,distributori,2025-01-02
ORD-00048,CL-252,distributori,2025-01-02
ORD-00049,CL-009,diretto,2025-01-03
ORD-00050,CL-014,diretto,2025-01-03
ORD-00051,CL-020,diretto,2025-01-03
ORD-00052,CL-020,diretto,2025-01-03
ORD-00053,CL-032,diretto,2025-01-03
ORD-00054,CL-065,diretto,2025-01-03
ORD-00055,CL-111,diretto,2025-01-03
ORD-00056,CL-148,diretto,2025-01-03
ORD-00057,CL-164,diretto,2025-01-03
ORD-00058,CL-168,diretto,2025-01-03
ORD-00059,CL-177,diretto,2025-01-03
ORD-00060,CL-182,diretto,2025-01-03
ORD-00061,CL-199,diretto,2025-01-03
ORD-00062,CL-212,diretto,2025-01-03
ORD-00063,CL-213,diretto,2025-01-03
ORD-00064,CL-223,distributori,2025-01-03
ORD-00065,CL-224,distributori,2025-01-03
ORD-00066,CL-226,distributori,2025-01-03
ORD-00067,CL-228,distributori,2025-01-03
ORD-00068,CL-228,distributori,2025-01-03
ORD-00069,CL-230,distributori,2025-01-03
ORD-00070,CL-230,distributori,2025-01-03
ORD-00071,CL-230,distributori,2025-01-03
ORD-00072,CL-237,distributori,2025-01-03
ORD-00073,CL-238,distributori,2025-01-03
ORD-00074,CL-239,distributori,2025-01-03
ORD-00075,CL-243,distributori,2025-01-03
ORD-00076,CL-245,distributori,2025-01-03
ORD-00077,CL-245,distributori,2025-01-03
ORD-00078,CL-245,distributori,2025-01-03
ORD-00079,CL-245,distributori,2025-01-03
ORD-00080,CL-246,distributori,2025-01-03
ORD-00081,CL-251,distributori,2025-01-03
ORD-00082,CL-252,distributori,2025-01-03
ORD-00083,CL-252,distributori,2025-01-03
ORD-00084,CL-252,distributori,2025-01-03
ORD-00085,CL-252,distributori,2025-01-03
ORD-00086,CL-002,diretto,2025-01-07
ORD-00087,CL-010,diretto,2025-01-07
ORD-00088,CL-012,diretto,2025-01-07
ORD-00089,CL-017,diretto,2025-01-07
ORD-00090,CL-018,diretto,2025-01-07
ORD-00091,CL-026,diretto,2025-01-07
ORD-00092,CL-028,diretto,2025-01-07
ORD-00093,CL-032,diretto,2025-01-07
ORD-00094,CL-042,diretto,2025-01-07
ORD-00095,CL-065,diretto,2025-01-07
ORD-00096,CL-076,diretto,2025-01-07
ORD-00097,CL-122,diretto,2025-01-07
ORD-00098,CL-168,diretto,2025-01-07
ORD-00099,CL-172,diretto,2025-01-07
ORD-00100,CL-219,distributori,2025-01-07
ORD-00101,CL-220,distributori,2025-01-07
ORD-00102,CL-222,distributori,2025-01-07
ORD-00103,CL-222,distributori,2025-01-07
ORD-00104,CL-224,distributori,2025-01-07
ORD-00105,CL-227,distributori,2025-01-07
ORD-00106,CL-228,distributori,2025-01-07
ORD-00107,CL-228,distributori,2025-01-07
ORD-00108,CL-230,distributori,2025-01-07
ORD-00109,CL-232,distributori,2025-01-07
ORD-00110,CL-232,distributori,2025-01-07
ORD-00111,CL-233,distributori,2025-01-07
ORD-00112,CL-236,distributori,2025-01-07
ORD-00113,CL-237,distributori,2025-01-07
ORD-00114,CL-238,distributori,2025-01-07
ORD-00115,CL-241,distributori,2025-01-07
ORD-00116,CL-243,distributori,2025-01-07
ORD-00117,CL-246,distributori,2025-01-07
ORD-00118,CL-246,distributori,2025-01-07
ORD-00119,CL-252,distributori,2025-01-07
ORD-00120,CL-252,distributori,2025-01-07
ORD-00121,CL-252,distributori,2025-01-07
ORD-00122,CL-254,distributori,2025-01-07
ORD-00123,CL-255,distributori,2025-01-07
ORD-00124,CL-258,distributori,2025-01-07
ORD-00125,CL-009,diretto,2025-01-08
ORD-00126,CL-010,diretto,2025-01-08
ORD-00127,CL-010,diretto,2025-01-08
ORD-00128,CL-014,diretto,2025-01-08
ORD-00129,CL-014,diretto,2025-01-08
ORD-00130,CL-014,diretto,2025-01-08
ORD-00131,CL-014,diretto,2025-01-08
ORD-00132,CL-026,diretto,2025-01-08
ORD-00133,CL-054,diretto,2025-01-08
ORD-00134,CL-068,diretto,2025-01-08
ORD-00135,CL-068,diretto,2025-01-08
ORD-00136,CL-075,diretto,2025-01-08
ORD-00137,CL-085,diretto,2025-01-08
ORD-00138,CL-091,diretto,2025-01-08
ORD-00139,CL-104,diretto,2025-01-08
ORD-00140,CL-107,diretto,2025-01-08
ORD-00141,CL-114,diretto,2025-01-08
ORD-00142,CL-120,diretto,2025-01-08
ORD-00143,CL-131,diretto,2025-01-08
ORD-00144,CL-132,diretto,2025-01-08
ORD-00145,CL-132,diretto,2025-01-08
ORD-00146,CL-139,diretto,2025-01-08
ORD-00147,CL-153,diretto,2025-01-08
ORD-00148,CL-184,diretto,2025-01-08
ORD-00149,CL-210,diretto,2025-01-08
ORD-00150,CL-216,diretto,2025-01-08
ORD-00151,CL-224,distributori,2025-01-08
ORD-00152,CL-224,distributori,2025-01-08
ORD-00153,CL-228,distributori,2025-01-08
ORD-00154,CL-229,distributori,2025-01-08
ORD-00155,CL-229,distributori,2025-01-08
ORD-00156,CL-230,distributori,2025-01-08
ORD-00157,CL-233,distributori,2025-01-08
ORD-00158,CL-233,distributori,2025-01-08
ORD-00159,CL-233,distributori,2025-01-08
ORD-00160,CL-236,distributori,2025-01-08
ORD-00161,CL-237,distributori,2025-01-08
ORD-00162,CL-242,distributori,2025-01-08
ORD-00163,CL-242,distributori,2025-01-08
ORD-00164,CL-243,distributori,2025-01-08
ORD-00165,CL-245,distributori,2025-01-08
ORD-00166,CL-246,distributori,2025-01-08
ORD-00167,CL-251,distributori,2025-01-08
ORD-00168,CL-252,distributori,2025-01-08
ORD-00169,CL-252,distributori,2025-01-08
ORD-00170,CL-252,distributori,2025-01-08
ORD-00171,CL-002,diretto,2025-01-09
ORD-00172,CL-005,diretto,2025-01-09
ORD-00173,CL-006,diretto,2025-01-09
ORD-00174,CL-006,diretto,2025-01-09
ORD-00175,CL-008,diretto,2025-01-09
ORD-00176,CL-008,diretto,2025-01-09
ORD-00177,CL-014,diretto,2025-01-09
ORD-00178,CL-014,diretto,2025-01-09
ORD-00179,CL-014,diretto,2025-01-09
ORD-00180,CL-014,diretto,2025-01-09
ORD-00181,CL-018,diretto,2025-01-09
ORD-00182,CL-020,diretto,2025-01-09
ORD-00183,CL-020,diretto,2025-01-09
ORD-00184,CL-022,diretto,2025-01-09
ORD-00185,CL-026,diretto,2025-01-09
ORD-00186,CL-031,diretto,2025-01-09
ORD-00187,CL-075,diretto,2025-01-09
ORD-00188,CL-090,diretto,2025-01-09
ORD-00189,CL-106,diretto,2025-01-09
ORD-00190,CL-116,diretto,2025-01-09
ORD-00191,CL-129,diretto,2025-01-09
ORD-00192,CL-153,diretto,2025-01-09
ORD-00193,CL-164,diretto,2025-01-09
ORD-00194,CL-174,diretto,2025-01-09
ORD-00195,CL-198,diretto,2025-01-09
ORD-00196,CL-200,diretto,2025-01-09
ORD-00197,CL-219,distributori,2025-01-09
ORD-00198,CL-219,distributori,2025-01-09
ORD-00199,CL-219,distributori,2025-01-09
ORD-00200,CL-224,distributori,2025-01-09
ORD-00201,CL-224,distributori,2025-01-09
ORD-00202,CL-224,distributori,2025-01-09
ORD-00203,CL-224,distributori,2025-01-09
ORD-00204,CL-224,distributori,2025-01-09
ORD-00205,CL-226,distributori,2025-01-09
ORD-00206,CL-229,distributori,2025-01-09
ORD-00207,CL-229,distributori,2025-01-09
ORD-00208,CL-230,distributori,2025-01-09
ORD-00209,CL-230,distributori,2025-01-09
ORD-00210,CL-234,distributori,2025-01-09
ORD-00211,CL-235,distributori,2025-01-09
ORD-00212,CL-237,distributori,2025-01-09
ORD-00213,CL-238,distributori,2025-01-09
ORD-00214,CL-238,distributori,2025-01-09
ORD-00215,CL-239,distributori,2025-01-09
ORD-00216,CL-240,distributori,2025-01-09
ORD-00217,CL-243,distributori,2025-01-09
ORD-00218,CL-244,distributori,2025-01-09
ORD-00219,CL-245,distributori,2025-01-09
ORD-00220,CL-246,distributori,2025-01-09
ORD-00221,CL-249,distributori,2025-01-09
ORD-00222,CL-250,distributori,2025-01-09
ORD-00223,CL-250,distributori,2025-01-09
ORD-00224,CL-251,distributori,2025-01-09
ORD-00225,CL-252,distributori,2025-01-09
ORD-00226,CL-253,distributori,2025-01-09
ORD-00227,CL-253,distributori,2025-01-09
ORD-00228,CL-253,distributori,2025-01-09
ORD-00229,CL-253,distributori,2025-01-09
ORD-00230,CL-255,distributori,2025-01-09
ORD-00231,CL-258,distributori,2025-01-09
ORD-00232,CL-258,distributori,2025-01-09
ORD-00233,CL-258,distributori,2025-01-09
ORD-00234,CL-003,diretto,2025-01-10
ORD-00235,CL-004,diretto,2025-01-10
ORD-00236,CL-005,diretto,2025-01-10
ORD-00237,CL-005,diretto,2025-01-10
ORD-00238,CL-006,diretto,2025-01-10
ORD-00239,CL-007,diretto,2025-01-10
ORD-00240,CL-009,diretto,2025-01-10
ORD-00241,CL-015,diretto,2025-01-10
ORD-00242,CL-018,diretto,2025-01-10
ORD-00243,CL-025,diretto,2025-01-10
ORD-00244,CL-026,diretto,2025-01-10
ORD-00245,CL-034,diretto,2025-01-10
ORD-00246,CL-046,diretto,2025-01-10
ORD-00247,CL-050,diretto,2025-01-10
ORD-00248,CL-072,diretto,2025-01-10
ORD-00249,CL-099,diretto,2025-01-10
ORD-00250,CL-104,diretto,2025-01-10
ORD-00251,CL-124,diretto,2025-01-10
ORD-00252,CL-129,diretto,2025-01-10
ORD-00253,CL-134,diretto,2025-01-10
ORD-00254,CL-152,diretto,2025-01-10
ORD-00255,CL-174,diretto,2025-01-10
ORD-00256,CL-176,diretto,2025-01-10
ORD-00257,CL-184,diretto,2025-01-10
ORD-00258,CL-202,diretto,2025-01-10
ORD-00259,CL-219,distributori,2025-01-10
ORD-00260,CL-221,distributori,2025-01-10
ORD-00261,CL-222,distributori,2025-01-10
ORD-00262,CL-224,distributori,2025-01-10
ORD-00263,CL-227,distributori,2025-01-10
ORD-00264,CL-229,distributori,2025-01-10
ORD-00265,CL-230,distributori,2025-01-10
ORD-00266,CL-230,distributori,2025-01-10
ORD-00267,CL-232,distributori,2025-01-10
ORD-00268,CL-236,distributori,2025-01-10
ORD-00269,CL-238,distributori,2025-01-10
ORD-00270,CL-238,distributori,2025-01-10
ORD-00271,CL-245,distributori,2025-01-10
ORD-00272,CL-249,distributori,2025-01-10
ORD-00273,CL-250,distributori,2025-01-10
ORD-00274,CL-252,distributori,2025-01-10
ORD-00275,CL-252,distributori,2025-01-10
ORD-00276,CL-252,distributori,2025-01-10
ORD-00277,CL-254,distributori,2025-01-10
ORD-00278,CL-255,distributori,2025-01-10
ORD-00279,CL-258,distributori,2025-01-10
ORD-00280,CL-008,diretto,2025-01-13
ORD-00281,CL-008,diretto,2025-01-13
ORD-00282,CL-010,diretto,2025-01-13
ORD-00283,CL-013,diretto,2025-01-13
ORD-00284,CL-014,diretto,2025-01-13
ORD-00285,CL-014,diretto,2025-01-13
ORD-00286,CL-014,diretto,2025-01-13
ORD-00287,CL-014,diretto,2025-01-13
ORD-00288,CL-018,diretto,2025-01-13
ORD-00289,CL-020,diretto,2025-01-13
ORD-00290,CL-023,diretto,2025-01-13
ORD-00291,CL-024,diretto,2025-01-13
ORD-00292,CL-029,diretto,2025-01-13
ORD-00293,CL-031,diretto,2025-01-13
ORD-00294,CL-032,diretto,2025-01-13
ORD-00295,CL-043,diretto,2025-01-13
ORD-00296,CL-047,diretto,2025-01-13
ORD-00297,CL-052,diretto,2025-01-13
ORD-00298,CL-069,diretto,2025-01-13
ORD-00299,CL-087,diretto,2025-01-13
ORD-00300,CL-089,diretto,2025-01-13
ORD-00301,CL-109,diretto,2025-01-13
ORD-00302,CL-142,diretto,2025-01-13
ORD-00303,CL-146,diretto,2025-01-13
ORD-00304,CL-154,diretto,2025-01-13
ORD-00305,CL-188,diretto,2025-01-13
ORD-00306,CL-219,distributori,2025-01-13
ORD-00307,CL-220,distributori,2025-01-13
ORD-00308,CL-221,distributori,2025-01-13
ORD-00309,CL-222,distributori,2025-01-13
ORD-00310,CL-222,distributori,2025-01-13
ORD-00311,CL-223,distributori,2025-01-13
ORD-00312,CL-226,distributori,2025-01-13
ORD-00313,CL-228,distributori,2025-01-13
ORD-00314,CL-230,distributori,2025-01-13
ORD-00315,CL-232,distributori,2025-01-13
ORD-00316,CL-233,distributori,2025-01-13
ORD-00317,CL-233,distributori,2025-01-13
ORD-00318,CL-234,distributori,2025-01-13
ORD-00319,CL-234,distributori,2025-01-13
ORD-00320,CL-235,distributori,2025-01-13
ORD-00321,CL-236,distributori,2025-01-13
ORD-00322,CL-241,distributori,2025-01-13
ORD-00323,CL-241,distributori,2025-01-13
ORD-00324,CL-241,distributori,2025-01-13
ORD-00325,CL-242,distributori,2025-01-13
ORD-00326,CL-243,distributori,2025-01-13
ORD-00327,CL-243,distributori,2025-01-13
ORD-00328,CL-246,distributori,2025-01-13
ORD-00329,CL-246,distributori,2025-01-13
ORD-00330,CL-246,distributori,2025-01-13
ORD-00331,CL-249,distributori,2025-01-13
ORD-00332,CL-252,distributori,2025-01-13
ORD-00333,CL-252,distributori,2025-01-13
ORD-00334,CL-253,distributori,2025-01-13
ORD-00335,CL-255,distributori,2025-01-13
ORD-00336,CL-255,distributori,2025-01-13
ORD-00337,CL-255,distributori,2025-01-13
ORD-00338,CL-257,distributori,2025-01-13
ORD-00339,CL-258,distributori,2025-01-13
ORD-00340,CL-004,diretto,2025-01-14
ORD-00341,CL-005,diretto,2025-01-14
ORD-00342,CL-006,diretto,2025-01-14
ORD-00343,CL-009,diretto,2025-01-14
ORD-00344,CL-011,diretto,2025-01-14
ORD-00345,CL-014,diretto,2025-01-14
ORD-00346,CL-017,diretto,2025-01-14
ORD-00347,CL-023,diretto,2025-01-14
ORD-00348,CL-031,diretto,2025-01-14
ORD-00349,CL-031,diretto,2025-01-14
ORD-00350,CL-033,diretto,2025-01-14
ORD-00351,CL-039,diretto,2025-01-14
ORD-00352,CL-041,diretto,2025-01-14
ORD-00353,CL-054,diretto,2025-01-14
ORD-00354,CL-054,diretto,2025-01-14
ORD-00355,CL-087,diretto,2025-01-14
ORD-00356,CL-090,diretto,2025-01-14
ORD-00357,CL-095,diretto,2025-01-14
ORD-00358,CL-125,diretto,2025-01-14
ORD-00359,CL-127,diretto,2025-01-14
ORD-00360,CL-138,diretto,2025-01-14
ORD-00361,CL-175,diretto,2025-01-14
ORD-00362,CL-183,diretto,2025-01-14
ORD-00363,CL-194,diretto,2025-01-14
ORD-00364,CL-202,diretto,2025-01-14
ORD-00365,CL-204,diretto,2025-01-14
ORD-00366,CL-212,diretto,2025-01-14
ORD-00367,CL-220,distributori,2025-01-14
ORD-00368,CL-221,distributori,2025-01-14
ORD-00369,CL-222,distributori,2025-01-14
ORD-00370,CL-224,distributori,2025-01-14
ORD-00371,CL-224,distributori,2025-01-14
ORD-00372,CL-225,distributori,2025-01-14
ORD-00373,CL-226,distributori,2025-01-14
ORD-00374,CL-228,distributori,2025-01-14
ORD-00375,CL-228,distributori,2025-01-14
ORD-00376,CL-228,distributori,2025-01-14
ORD-00377,CL-229,distributori,2025-01-14
ORD-00378,CL-232,distributori,2025-01-14
ORD-00379,CL-235,distributori,2025-01-14
ORD-00380,CL-236,distributori,2025-01-14
ORD-00381,CL-237,distributori,2025-01-14
ORD-00382,CL-239,distributori,2025-01-14
ORD-00383,CL-250,distributori,2025-01-14
ORD-00384,CL-256,distributori,2025-01-14
ORD-00385,CL-003,diretto,2025-01-15
ORD-00386,CL-013,diretto,2025-01-15
ORD-00387,CL-014,diretto,2025-01-15
ORD-00388,CL-014,diretto,2025-01-15
ORD-00389,CL-014,diretto,2025-01-15
ORD-00390,CL-020,diretto,2025-01-15
ORD-00391,CL-026,diretto,2025-01-15
ORD-00392,CL-028,diretto,2025-01-15
ORD-00393,CL-031,diretto,2025-01-15
ORD-00394,CL-033,diretto,2025-01-15
ORD-00395,CL-043,diretto,2025-01-15
ORD-00396,CL-050,diretto,2025-01-15
ORD-00397,CL-086,diretto,2025-01-15
ORD-00398,CL-091,diretto,2025-01-15
ORD-00399,CL-101,diretto,2025-01-15
ORD-00400,CL-101,diretto,2025-01-15
ORD-00401,CL-109,diretto,2025-01-15
ORD-00402,CL-124,diretto,2025-01-15
ORD-00403,CL-132,diretto,2025-01-15
ORD-00404,CL-140,diretto,2025-01-15
ORD-00405,CL-144,diretto,2025-01-15
ORD-00406,CL-147,diretto,2025-01-15
ORD-00407,CL-160,diretto,2025-01-15
ORD-00408,CL-185,diretto,2025-01-15
ORD-00409,CL-185,diretto,2025-01-15
ORD-00410,CL-214,diretto,2025-01-15
ORD-00411,CL-219,distributori,2025-01-15
ORD-00412,CL-224,distributori,2025-01-15
ORD-00413,CL-226,distributori,2025-01-15
ORD-00414,CL-230,distributori,2025-01-15
ORD-00415,CL-235,distributori,2025-01-15
ORD-00416,CL-236,distributori,2025-01-15
ORD-00417,CL-239,distributori,2025-01-15
ORD-00418,CL-241,distributori,2025-01-15
ORD-00419,CL-241,distributori,2025-01-15
ORD-00420,CL-242,distributori,2025-01-15
ORD-00421,CL-244,distributori,2025-01-15
ORD-00422,CL-245,distributori,2025-01-15
ORD-00423,CL-246,distributori,2025-01-15
ORD-00424,CL-249,distributori,2025-01-15
ORD-00425,CL-250,distributori,2025-01-15
ORD-00426,CL-252,distributori,2025-01-15
ORD-00427,CL-252,distributori,2025-01-15
ORD-00428,CL-252,distributori,2025-01-15
ORD-00429,CL-253,distributori,2025-01-15
ORD-00430,CL-253,distributori,2025-01-15
ORD-00431,CL-254,distributori,2025-01-15
ORD-00432,CL-256,distributori,2025-01-15
ORD-00433,CL-256,distributori,2025-01-15
ORD-00434,CL-257,distributori,2025-01-15
ORD-00435,CL-010,diretto,2025-01-16
ORD-00436,CL-016,diretto,2025-01-16
ORD-00437,CL-018,diretto,2025-01-16
ORD-00438,CL-020,diretto,2025-01-16
ORD-00439,CL-026,diretto,2025-01-16
ORD-00440,CL-026,diretto,2025-01-16
ORD-00441,CL-028,diretto,2025-01-16
ORD-00442,CL-062,diretto,2025-01-16
ORD-00443,CL-084,diretto,2025-01-16
ORD-00444,CL-092,diretto,2025-01-16
ORD-00445,CL-116,diretto,2025-01-16
ORD-00446,CL-120,diretto,2025-01-16
ORD-00447,CL-132,diretto,2025-01-16
ORD-00448,CL-164,diretto,2025-01-16
ORD-00449,CL-175,diretto,2025-01-16
ORD-00450,CL-203,diretto,2025-01-16
ORD-00451,CL-217,diretto,2025-01-16
ORD-00452,CL-221,distributori,2025-01-16
ORD-00453,CL-223,distributori,2025-01-16
ORD-00454,CL-226,distributori,2025-01-16
ORD-00455,CL-228,distributori,2025-01-16
ORD-00456,CL-230,distributori,2025-01-16
ORD-00457,CL-233,distributori,2025-01-16
ORD-00458,CL-241,distributori,2025-01-16
ORD-00459,CL-242,distributori,2025-01-16
ORD-00460,CL-243,distributori,2025-01-16
ORD-00461,CL-243,distributori,2025-01-16
ORD-00462,CL-245,distributori,2025-01-16
ORD-00463,CL-248,distributori,2025-01-16
ORD-00464,CL-252,distributori,2025-01-16
ORD-00465,CL-252,distributori,2025-01-16
ORD-00466,CL-252,distributori,2025-01-16
ORD-00467,CL-252,distributori,2025-01-16
ORD-00468,CL-252,distributori,2025-01-16
ORD-00469,CL-253,distributori,2025-01-16
ORD-00470,CL-257,distributori,2025-01-16
ORD-00471,CL-002,diretto,2025-01-17
ORD-00472,CL-004,diretto,2025-01-17
ORD-00473,CL-005,diretto,2025-01-17
ORD-00474,CL-011,diretto,2025-01-17
ORD-00475,CL-012,diretto,2025-01-17
ORD-00476,CL-012,diretto,2025-01-17
ORD-00477,CL-014,diretto,2025-01-17
ORD-00478,CL-014,diretto,2025-01-17
ORD-00479,CL-023,diretto,2025-01-17
ORD-00480,CL-026,diretto,2025-01-17
ORD-00481,CL-028,diretto,2025-01-17
ORD-00482,CL-032,diretto,2025-01-17
ORD-00483,CL-033,diretto,2025-01-17
ORD-00484,CL-033,diretto,2025-01-17
ORD-00485,CL-038,diretto,2025-01-17
ORD-00486,CL-047,diretto,2025-01-17
ORD-00487,CL-063,diretto,2025-01-17
ORD-00488,CL-087,diretto,2025-01-17
ORD-00489,CL-099,diretto,2025-01-17
ORD-00490,CL-103,diretto,2025-01-17
ORD-00491,CL-110,diretto,2025-01-17
ORD-00492,CL-116,diretto,2025-01-17
ORD-00493,CL-118,diretto,2025-01-17
ORD-00494,CL-126,diretto,2025-01-17
ORD-00495,CL-136,diretto,2025-01-17
ORD-00496,CL-143,diretto,2025-01-17
ORD-00497,CL-151,diretto,2025-01-17
ORD-00498,CL-156,diretto,2025-01-17
ORD-00499,CL-157,diretto,2025-01-17
ORD-00500,CL-158,diretto,2025-01-17
ORD-00501,CL-165,diretto,2025-01-17
ORD-00502,CL-176,diretto,2025-01-17
ORD-00503,CL-212,diretto,2025-01-17
ORD-00504,CL-219,distributori,2025-01-17
ORD-00505,CL-223,distributori,2025-01-17
ORD-00506,CL-224,distributori,2025-01-17
ORD-00507,CL-226,distributori,2025-01-17
ORD-00508,CL-228,distributori,2025-01-17
ORD-00509,CL-230,distributori,2025-01-17
ORD-00510,CL-230,distributori,2025-01-17
ORD-00511,CL-230,distributori,2025-01-17
ORD-00512,CL-236,distributori,2025-01-17
ORD-00513,CL-236,distributori,2025-01-17
ORD-00514,CL-240,distributori,2025-01-17
ORD-00515,CL-243,distributori,2025-01-17
ORD-00516,CL-247,distributori,2025-01-17
ORD-00517,CL-249,distributori,2025-01-17
ORD-00518,CL-249,distributori,2025-01-17
ORD-00519,CL-252,distributori,2025-01-17
ORD-00520,CL-253,distributori,2025-01-17
ORD-00521,CL-254,distributori,2025-01-17
ORD-00522,CL-001,diretto,2025-01-20
ORD-00523,CL-003,diretto,2025-01-20
ORD-00524,CL-009,diretto,2025-01-20
ORD-00525,CL-014,diretto,2025-01-20
ORD-00526,CL-021,diretto,2025-01-20
ORD-00527,CL-027,diretto,2025-01-20
ORD-00528,CL-027,diretto,2025-01-20
ORD-00529,CL-031,diretto,2025-01-20
ORD-00530,CL-033,diretto,2025-01-20
ORD-00531,CL-040,diretto,2025-01-20
ORD-00532,CL-044,diretto,2025-01-20
ORD-00533,CL-098,diretto,2025-01-20
ORD-00534,CL-099,diretto,2025-01-20
ORD-00535,CL-102,diretto,2025-01-20
ORD-00536,CL-113,diretto,2025-01-20
ORD-00537,CL-117,diretto,2025-01-20
ORD-00538,CL-153,diretto,2025-01-20
ORD-00539,CL-170,diretto,2025-01-20
ORD-00540,CL-219,distributori,2025-01-20
ORD-00541,CL-219,distributori,2025-01-20
ORD-00542,CL-222,distributori,2025-01-20
ORD-00543,CL-224,distributori,2025-01-20
ORD-00544,CL-224,distributori,2025-01-20
ORD-00545,CL-224,distributori,2025-01-20
ORD-00546,CL-228,distributori,2025-01-20
ORD-00547,CL-228,distributori,2025-01-20
ORD-00548,CL-228,distributori,2025-01-20
ORD-00549,CL-229,distributori,2025-01-20
ORD-00550,CL-231,distributori,2025-01-20
ORD-00551,CL-234,distributori,2025-01-20
ORD-00552,CL-234,distributori,2025-01-20
ORD-00553,CL-235,distributori,2025-01-20
ORD-00554,CL-235,distributori,2025-01-20
ORD-00555,CL-236,distributori,2025-01-20
ORD-00556,CL-236,distributori,2025-01-20
ORD-00557,CL-241,distributori,2025-01-20
ORD-00558,CL-242,distributori,2025-01-20
ORD-00559,CL-244,distributori,2025-01-20
ORD-00560,CL-245,distributori,2025-01-20
ORD-00561,CL-245,distributori,2025-01-20
ORD-00562,CL-250,distributori,2025-01-20
ORD-00563,CL-251,distributori,2025-01-20
ORD-00564,CL-251,distributori,2025-01-20
ORD-00565,CL-252,distributori,2025-01-20
ORD-00566,CL-254,distributori,2025-01-20
ORD-00567,CL-258,distributori,2025-01-20
ORD-00568,CL-005,diretto,2025-01-21
ORD-00569,CL-009,diretto,2025-01-21
ORD-00570,CL-009,diretto,2025-01-21
ORD-00571,CL-010,diretto,2025-01-21
ORD-00572,CL-014,diretto,2025-01-21
ORD-00573,CL-014,diretto,2025-01-21
ORD-00574,CL-014,diretto,2025-01-21
ORD-00575,CL-014,diretto,2025-01-21
ORD-00576,CL-014,diretto,2025-01-21
ORD-00577,CL-015,diretto,2025-01-21
ORD-00578,CL-018,diretto,2025-01-21
ORD-00579,CL-047,diretto,2025-01-21
ORD-00580,CL-071,diretto,2025-01-21
ORD-00581,CL-077,diretto,2025-01-21
ORD-00582,CL-089,diretto,2025-01-21
ORD-00583,CL-109,diretto,2025-01-21
ORD-00584,CL-146,diretto,2025-01-21
ORD-00585,CL-223,distributori,2025-01-21
ORD-00586,CL-224,distributori,2025-01-21
ORD-00587,CL-224,distributori,2025-01-21
ORD-00588,CL-226,distributori,2025-01-21
ORD-00589,CL-228,distributori,2025-01-21
ORD-00590,CL-229,distributori,2025-01-21
ORD-00591,CL-229,distributori,2025-01-21
ORD-00592,CL-230,distributori,2025-01-21
ORD-00593,CL-232,distributori,2025-01-21
ORD-00594,CL-232,distributori,2025-01-21
ORD-00595,CL-233,distributori,2025-01-21
ORD-00596,CL-235,distributori,2025-01-21
ORD-00597,CL-235,distributori,2025-01-21
ORD-00598,CL-236,distributori,2025-01-21
ORD-00599,CL-236,distributori,2025-01-21
ORD-00600,CL-237,distributori,2025-01-21
ORD-00601,CL-237,distributori,2025-01-21
ORD-00602,CL-244,distributori,2025-01-21
ORD-00603,CL-246,distributori,2025-01-21
ORD-00604,CL-246,distributori,2025-01-21
ORD-00605,CL-249,distributori,2025-01-21
ORD-00606,CL-251,distributori,2025-01-21
ORD-00607,CL-251,distributori,2025-01-21
ORD-00608,CL-252,distributori,2025-01-21
ORD-00609,CL-252,distributori,2025-01-21
ORD-00610,CL-258,distributori,2025-01-21
ORD-00611,CL-258,distributori,2025-01-21
ORD-00612,CL-002,diretto,2025-01-22
ORD-00613,CL-004,diretto,2025-01-22
ORD-00614,CL-008,diretto,2025-01-22
ORD-00615,CL-008,diretto,2025-01-22
ORD-00616,CL-008,diretto,2025-01-22
ORD-00617,CL-010,diretto,2025-01-22
ORD-00618,CL-013,diretto,2025-01-22
ORD-00619,CL-014,diretto,2025-01-22
ORD-00620,CL-014,diretto,2025-01-22
ORD-00621,CL-014,diretto,2025-01-22
ORD-00622,CL-014,diretto,2025-01-22
ORD-00623,CL-015,diretto,2025-01-22
ORD-00624,CL-016,diretto,2025-01-22
ORD-00625,CL-020,diretto,2025-01-22
ORD-00626,CL-026,diretto,2025-01-22
ORD-00627,CL-028,diretto,2025-01-22
ORD-00628,CL-057,diretto,2025-01-22
ORD-00629,CL-076,diretto,2025-01-22
ORD-00630,CL-090,diretto,2025-01-22
ORD-00631,CL-101,diretto,2025-01-22
ORD-00632,CL-103,diretto,2025-01-22
ORD-00633,CL-128,diretto,2025-01-22
ORD-00634,CL-135,diretto,2025-01-22
ORD-00635,CL-137,diretto,2025-01-22
ORD-00636,CL-174,diretto,2025-01-22
ORD-00637,CL-181,diretto,2025-01-22
ORD-00638,CL-206,diretto,2025-01-22
ORD-00639,CL-219,distributori,2025-01-22
ORD-00640,CL-224,distributori,2025-01-22
ORD-00641,CL-224,distributori,2025-01-22
ORD-00642,CL-224,distributori,2025-01-22
ORD-00643,CL-224,distributori,2025-01-22
ORD-00644,CL-226,distributori,2025-01-22
ORD-00645,CL-229,distributori,2025-01-22
ORD-00646,CL-230,distributori,2025-01-22
ORD-00647,CL-232,distributori,2025-01-22
ORD-00648,CL-234,distributori,2025-01-22
ORD-00649,CL-235,distributori,2025-01-22
ORD-00650,CL-236,distributori,2025-01-22
ORD-00651,CL-236,distributori,2025-01-22
ORD-00652,CL-238,distributori,2025-01-22
ORD-00653,CL-238,distributori,2025-01-22
ORD-00654,CL-239,distributori,2025-01-22
ORD-00655,CL-242,distributori,2025-01-22
ORD-00656,CL-245,distributori,2025-01-22
ORD-00657,CL-246,distributori,2025-01-22
ORD-00658,CL-250,distributori,2025-01-22
ORD-00659,CL-253,distributori,2025-01-22
ORD-00660,CL-255,distributori,2025-01-22
ORD-00661,CL-258,distributori,2025-01-22
ORD-00662,CL-007,diretto,2025-01-23
ORD-00663,CL-010,diretto,2025-01-23
ORD-00664,CL-014,diretto,2025-01-23
ORD-00665,CL-017,diretto,2025-01-23
ORD-00666,CL-018,diretto,2025-01-23
ORD-00667,CL-023,diretto,2025-01-23
ORD-00668,CL-025,diretto,2025-01-23
ORD-00669,CL-027,diretto,2025-01-23
ORD-00670,CL-033,diretto,2025-01-23
ORD-00671,CL-050,diretto,2025-01-23
ORD-00672,CL-055,diretto,2025-01-23
ORD-00673,CL-076,diretto,2025-01-23
ORD-00674,CL-088,diretto,2025-01-23
ORD-00675,CL-088,diretto,2025-01-23
ORD-00676,CL-119,diretto,2025-01-23
ORD-00677,CL-123,diretto,2025-01-23
ORD-00678,CL-181,diretto,2025-01-23
ORD-00679,CL-194,diretto,2025-01-23
ORD-00680,CL-212,diretto,2025-01-23
ORD-00681,CL-226,distributori,2025-01-23
ORD-00682,CL-227,distributori,2025-01-23
ORD-00683,CL-228,distributori,2025-01-23
ORD-00684,CL-230,distributori,2025-01-23
ORD-00685,CL-230,distributori,2025-01-23
ORD-00686,CL-232,distributori,2025-01-23
ORD-00687,CL-235,distributori,2025-01-23
ORD-00688,CL-235,distributori,2025-01-23
ORD-00689,CL-235,distributori,2025-01-23
ORD-00690,CL-235,distributori,2025-01-23
ORD-00691,CL-238,distributori,2025-01-23
ORD-00692,CL-239,distributori,2025-01-23
ORD-00693,CL-241,distributori,2025-01-23
ORD-00694,CL-241,distributori,2025-01-23
ORD-00695,CL-243,distributori,2025-01-23
ORD-00696,CL-246,distributori,2025-01-23
ORD-00697,CL-246,distributori,2025-01-23
ORD-00698,CL-247,distributori,2025-01-23
ORD-00699,CL-251,distributori,2025-01-23
ORD-00700,CL-252,distributori,2025-01-23
ORD-00701,CL-252,distributori,2025-01-23
ORD-00702,CL-252,distributori,2025-01-23
ORD-00703,CL-253,distributori,2025-01-23
ORD-00704,CL-255,distributori,2025-01-23
ORD-00705,CL-255,distributori,2025-01-23
ORD-00706,CL-258,distributori,2025-01-23
ORD-00707,CL-002,diretto,2025-01-24
ORD-00708,CL-003,diretto,2025-01-24
ORD-00709,CL-004,diretto,2025-01-24
ORD-00710,CL-004,diretto,2025-01-24
ORD-00711,CL-014,diretto,2025-01-24
ORD-00712,CL-014,diretto,2025-01-24
ORD-00713,CL-014,diretto,2025-01-24
ORD-00714,CL-014,diretto,2025-01-24
ORD-00715,CL-014,diretto,2025-01-24
ORD-00716,CL-014,diretto,2025-01-24
ORD-00717,CL-017,diretto,2025-01-24
ORD-00718,CL-020,diretto,2025-01-24
ORD-00719,CL-021,diretto,2025-01-24
ORD-00720,CL-022,diretto,2025-01-24
ORD-00721,CL-023,diretto,2025-01-24
ORD-00722,CL-026,diretto,2025-01-24
ORD-00723,CL-031,diretto,2025-01-24
ORD-00724,CL-032,diretto,2025-01-24
ORD-00725,CL-050,diretto,2025-01-24
ORD-00726,CL-111,diretto,2025-01-24
ORD-00727,CL-129,diretto,2025-01-24
ORD-00728,CL-133,diretto,2025-01-24
ORD-00729,CL-149,diretto,2025-01-24
ORD-00730,CL-149,diretto,2025-01-24
ORD-00731,CL-157,diretto,2025-01-24
ORD-00732,CL-182,diretto,2025-01-24
ORD-00733,CL-183,diretto,2025-01-24
ORD-00734,CL-191,diretto,2025-01-24
ORD-00735,CL-207,diretto,2025-01-24
ORD-00736,CL-216,diretto,2025-01-24
ORD-00737,CL-224,distributori,2025-01-24
ORD-00738,CL-224,distributori,2025-01-24
ORD-00739,CL-224,distributori,2025-01-24
ORD-00740,CL-224,distributori,2025-01-24
ORD-00741,CL-226,distributori,2025-01-24
ORD-00742,CL-228,distributori,2025-01-24
ORD-00743,CL-228,distributori,2025-01-24
ORD-00744,CL-228,distributori,2025-01-24
ORD-00745,CL-229,distributori,2025-01-24
ORD-00746,CL-230,distributori,2025-01-24
ORD-00747,CL-231,distributori,2025-01-24
ORD-00748,CL-235,distributori,2025-01-24
ORD-00749,CL-236,distributori,2025-01-24
ORD-00750,CL-236,distributori,2025-01-24
ORD-00751,CL-238,distributori,2025-01-24
ORD-00752,CL-238,distributori,2025-01-24
ORD-00753,CL-238,distributori,2025-01-24
ORD-00754,CL-239,distributori,2025-01-24
ORD-00755,CL-240,distributori,2025-01-24
ORD-00756,CL-242,distributori,2025-01-24
ORD-00757,CL-244,distributori,2025-01-24
ORD-00758,CL-244,distributori,2025-01-24
ORD-00759,CL-244,distributori,2025-01-24
ORD-00760,CL-245,distributori,2025-01-24
ORD-00761,CL-249,distributori,2025-01-24
ORD-00762,CL-251,distributori,2025-01-24
ORD-00763,CL-252,distributori,2025-01-24
ORD-00764,CL-257,distributori,2025-01-24
ORD-00765,CL-258,distributori,2025-01-24
ORD-00766,CL-003,diretto,2025-01-27
ORD-00767,CL-003,diretto,2025-01-27
ORD-00768,CL-005,diretto,2025-01-27
ORD-00769,CL-008,diretto,2025-01-27
ORD-00770,CL-010,diretto,2025-01-27
ORD-00771,CL-014,diretto,2025-01-27
ORD-00772,CL-014,diretto,2025-01-27
ORD-00773,CL-014,diretto,2025-01-27
ORD-00774,CL-015,diretto,2025-01-27
ORD-00775,CL-019,diretto,2025-01-27
ORD-00776,CL-027,diretto,2025-01-27
ORD-00777,CL-027,diretto,2025-01-27
ORD-00778,CL-033,diretto,2025-01-27
ORD-00779,CL-040,diretto,2025-01-27
ORD-00780,CL-056,diretto,2025-01-27
ORD-00781,CL-086,diretto,2025-01-27
ORD-00782,CL-103,diretto,2025-01-27
ORD-00783,CL-135,diretto,2025-01-27
ORD-00784,CL-153,diretto,2025-01-27
ORD-00785,CL-168,diretto,2025-01-27
ORD-00786,CL-174,diretto,2025-01-27
ORD-00787,CL-177,diretto,2025-01-27
ORD-00788,CL-209,diretto,2025-01-27
ORD-00789,CL-220,distributori,2025-01-27
ORD-00790,CL-224,distributori,2025-01-27
ORD-00791,CL-225,distributori,2025-01-27
ORD-00792,CL-229,distributori,2025-01-27
ORD-00793,CL-230,distributori,2025-01-27
ORD-00794,CL-234,distributori,2025-01-27
ORD-00795,CL-234,distributori,2025-01-27
ORD-00796,CL-234,distributori,2025-01-27
ORD-00797,CL-236,distributori,2025-01-27
ORD-00798,CL-238,distributori,2025-01-27
ORD-00799,CL-240,distributori,2025-01-27
ORD-00800,CL-241,distributori,2025-01-27
ORD-00801,CL-242,distributori,2025-01-27
ORD-00802,CL-242,distributori,2025-01-27
ORD-00803,CL-243,distributori,2025-01-27
ORD-00804,CL-244,distributori,2025-01-27
ORD-00805,CL-246,distributori,2025-01-27
ORD-00806,CL-247,distributori,2025-01-27
ORD-00807,CL-251,distributori,2025-01-27
ORD-00808,CL-251,distributori,2025-01-27
ORD-00809,CL-251,distributori,2025-01-27
ORD-00810,CL-254,distributori,2025-01-27
ORD-00811,CL-257,distributori,2025-01-27
ORD-00812,CL-257,distributori,2025-01-27
ORD-00813,CL-258,distributori,2025-01-27
ORD-00814,CL-004,diretto,2025-01-28
ORD-00815,CL-008,diretto,2025-01-28
ORD-00816,CL-009,diretto,2025-01-28
ORD-00817,CL-010,diretto,2025-01-28
ORD-00818,CL-014,diretto,2025-01-28
ORD-00819,CL-027,diretto,2025-01-28
ORD-00820,CL-031,diretto,2025-01-28
ORD-00821,CL-031,diretto,2025-01-28
ORD-00822,CL-034,diretto,2025-01-28
ORD-00823,CL-052,diretto,2025-01-28
ORD-00824,CL-064,diretto,2025-01-28
ORD-00825,CL-081,diretto,2025-01-28
ORD-00826,CL-104,diretto,2025-01-28
ORD-00827,CL-113,diretto,2025-01-28
ORD-00828,CL-141,diretto,2025-01-28
ORD-00829,CL-164,diretto,2025-01-28
ORD-00830,CL-173,diretto,2025-01-28
ORD-00831,CL-191,diretto,2025-01-28
ORD-00832,CL-194,diretto,2025-01-28
ORD-00833,CL-219,distributori,2025-01-28
ORD-00834,CL-225,distributori,2025-01-28
ORD-00835,CL-225,distributori,2025-01-28
ORD-00836,CL-226,distributori,2025-01-28
ORD-00837,CL-228,distributori,2025-01-28
ORD-00838,CL-229,distributori,2025-01-28
ORD-00839,CL-229,distributori,2025-01-28
ORD-00840,CL-229,distributori,2025-01-28
ORD-00841,CL-230,distributori,2025-01-28
ORD-00842,CL-236,distributori,2025-01-28
ORD-00843,CL-236,distributori,2025-01-28
ORD-00844,CL-236,distributori,2025-01-28
ORD-00845,CL-238,distributori,2025-01-28
ORD-00846,CL-243,distributori,2025-01-28
ORD-00847,CL-244,distributori,2025-01-28
ORD-00848,CL-245,distributori,2025-01-28
ORD-00849,CL-246,distributori,2025-01-28
ORD-00850,CL-246,distributori,2025-01-28
ORD-00851,CL-249,distributori,2025-01-28
ORD-00852,CL-257,distributori,2025-01-28
ORD-00853,CL-009,diretto,2025-01-29
ORD-00854,CL-009,diretto,2025-01-29
ORD-00855,CL-010,diretto,2025-01-29
ORD-00856,CL-010,diretto,2025-01-29
ORD-00857,CL-012,diretto,2025-01-29
ORD-00858,CL-014,diretto,2025-01-29
ORD-00859,CL-014,diretto,2025-01-29
ORD-00860,CL-014,diretto,2025-01-29
ORD-00861,CL-019,diretto,2025-01-29
ORD-00862,CL-020,diretto,2025-01-29
ORD-00863,CL-023,diretto,2025-01-29
ORD-00864,CL-027,diretto,2025-01-29
ORD-00865,CL-086,diretto,2025-01-29
ORD-00866,CL-167,diretto,2025-01-29
ORD-00867,CL-204,diretto,2025-01-29
ORD-00868,CL-205,diretto,2025-01-29
ORD-00869,CL-206,diretto,2025-01-29
ORD-00870,CL-224,distributori,2025-01-29
ORD-00871,CL-224,distributori,2025-01-29
ORD-00872,CL-224,distributori,2025-01-29
ORD-00873,CL-224,distributori,2025-01-29
ORD-00874,CL-226,distributori,2025-01-29
ORD-00875,CL-226,distributori,2025-01-29
ORD-00876,CL-226,distributori,2025-01-29
ORD-00877,CL-229,distributori,2025-01-29
ORD-00878,CL-230,distributori,2025-01-29
ORD-00879,CL-230,distributori,2025-01-29
ORD-00880,CL-231,distributori,2025-01-29
ORD-00881,CL-232,distributori,2025-01-29
ORD-00882,CL-235,distributori,2025-01-29
ORD-00883,CL-235,distributori,2025-01-29
ORD-00884,CL-237,distributori,2025-01-29
ORD-00885,CL-238,distributori,2025-01-29
ORD-00886,CL-244,distributori,2025-01-29
ORD-00887,CL-246,distributori,2025-01-29
ORD-00888,CL-246,distributori,2025-01-29
ORD-00889,CL-247,distributori,2025-01-29
ORD-00890,CL-249,distributori,2025-01-29
ORD-00891,CL-252,distributori,2025-01-29
ORD-00892,CL-253,distributori,2025-01-29
ORD-00893,CL-254,distributori,2025-01-29
ORD-00894,CL-258,distributori,2025-01-29
ORD-00895,CL-002,diretto,2025-01-30
ORD-00896,CL-006,diretto,2025-01-30
ORD-00897,CL-008,diretto,2025-01-30
ORD-00898,CL-014,diretto,2025-01-30
ORD-00899,CL-014,diretto,2025-01-30
ORD-00900,CL-014,diretto,2025-01-30
ORD-00901,CL-014,diretto,2025-01-30
ORD-00902,CL-019,diretto,2025-01-30
ORD-00903,CL-020,diretto,2025-01-30
ORD-00904,CL-022,diretto,2025-01-30
ORD-00905,CL-024,diretto,2025-01-30
ORD-00906,CL-030,diretto,2025-01-30
ORD-00907,CL-032,diretto,2025-01-30
ORD-00908,CL-096,diretto,2025-01-30
ORD-00909,CL-108,diretto,2025-01-30
ORD-00910,CL-115,diretto,2025-01-30
ORD-00911,CL-116,diretto,2025-01-30
ORD-00912,CL-154,diretto,2025-01-30
ORD-00913,CL-154,diretto,2025-01-30
ORD-00914,CL-166,diretto,2025-01-30
ORD-00915,CL-174,diretto,2025-01-30
ORD-00916,CL-219,distributori,2025-01-30
ORD-00917,CL-219,distributori,2025-01-30
ORD-00918,CL-220,distributori,2025-01-30
ORD-00919,CL-222,distributori,2025-01-30
ORD-00920,CL-224,distributori,2025-01-30
ORD-00921,CL-224,distributori,2025-01-30
ORD-00922,CL-226,distributori,2025-01-30
ORD-00923,CL-229,distributori,2025-01-30
ORD-00924,CL-229,distributori,2025-01-30
ORD-00925,CL-230,distributori,2025-01-30
ORD-00926,CL-233,distributori,2025-01-30
ORD-00927,CL-233,distributori,2025-01-30
ORD-00928,CL-234,distributori,2025-01-30
ORD-00929,CL-235,distributori,2025-01-30
ORD-00930,CL-236,distributori,2025-01-30
ORD-00931,CL-237,distributori,2025-01-30
ORD-00932,CL-238,distributori,2025-01-30
ORD-00933,CL-243,distributori,2025-01-30
ORD-00934,CL-244,distributori,2025-01-30
ORD-00935,CL-247,distributori,2025-01-30
ORD-00936,CL-252,distributori,2025-01-30
ORD-00937,CL-253,distributori,2025-01-30
ORD-00938,CL-255,distributori,2025-01-30
ORD-00939,CL-258,distributori,2025-01-30
ORD-00940,CL-258,distributori,2025-01-30
ORD-00941,CL-004,diretto,2025-01-31
ORD-00942,CL-005,diretto,2025-01-31
ORD-00943,CL-008,diretto,2025-01-31
ORD-00944,CL-010,diretto,2025-01-31
ORD-00945,CL-011,diretto,2025-01-31
ORD-00946,CL-014,diretto,2025-01-31
ORD-00947,CL-014,diretto,2025-01-31
ORD-00948,CL-015,diretto,2025-01-31
ORD-00949,CL-017,diretto,2025-01-31
ORD-00950,CL-017,diretto,2025-01-31
ORD-00951,CL-018,diretto,2025-01-31
ORD-00952,CL-026,diretto,2025-01-31
ORD-00953,CL-033,diretto,2025-01-31
ORD-00954,CL-035,diretto,2025-01-31
ORD-00955,CL-043,diretto,2025-01-31
ORD-00956,CL-049,diretto,2025-01-31
ORD-00957,CL-065,diretto,2025-01-31
ORD-00958,CL-076,diretto,2025-01-31
ORD-00959,CL-101,diretto,2025-01-31
ORD-00960,CL-135,diretto,2025-01-31
ORD-00961,CL-150,diretto,2025-01-31
ORD-00962,CL-152,diretto,2025-01-31
ORD-00963,CL-176,diretto,2025-01-31
ORD-00964,CL-177,diretto,2025-01-31
ORD-00965,CL-203,diretto,2025-01-31
ORD-00966,CL-206,diretto,2025-01-31
ORD-00967,CL-213,diretto,2025-01-31
ORD-00968,CL-220,distributori,2025-01-31
ORD-00969,CL-223,distributori,2025-01-31
ORD-00970,CL-224,distributori,2025-01-31
ORD-00971,CL-225,distributori,2025-01-31
ORD-00972,CL-225,distributori,2025-01-31
ORD-00973,CL-235,distributori,2025-01-31
ORD-00974,CL-242,distributori,2025-01-31
ORD-00975,CL-243,distributori,2025-01-31
ORD-00976,CL-243,distributori,2025-01-31
ORD-00977,CL-243,distributori,2025-01-31
ORD-00978,CL-245,distributori,2025-01-31
ORD-00979,CL-246,distributori,2025-01-31
ORD-00980,CL-249,distributori,2025-01-31
ORD-00981,CL-250,distributori,2025-01-31
ORD-00982,CL-250,distributori,2025-01-31
ORD-00983,CL-250,distributori,2025-01-31
ORD-00984,CL-251,distributori,2025-01-31
ORD-00985,CL-252,distributori,2025-01-31
ORD-00986,CL-252,distributori,2025-01-31
ORD-00987,CL-252,distributori,2025-01-31
ORD-00988,CL-252,distributori,2025-01-31
ORD-00989,CL-254,distributori,2025-01-31
ORD-00990,CL-256,distributori,2025-01-31
ORD-00991,CL-002,diretto,2025-02-03
ORD-00992,CL-007,diretto,2025-02-03
ORD-00993,CL-009,diretto,2025-02-03
ORD-00994,CL-014,diretto,2025-02-03
ORD-00995,CL-014,diretto,2025-02-03
ORD-00996,CL-019,diretto,2025-02-03
ORD-00997,CL-020,diretto,2025-02-03
ORD-00998,CL-024,diretto,2025-02-03
ORD-00999,CL-027,diretto,2025-02-03
ORD-01000,CL-028,diretto,2025-02-03
ORD-01001,CL-028,diretto,2025-02-03
ORD-01002,CL-031,diretto,2025-02-03
ORD-01003,CL-033,diretto,2025-02-03
ORD-01004,CL-050,diretto,2025-02-03
ORD-01005,CL-051,diretto,2025-02-03
ORD-01006,CL-055,diretto,2025-02-03
ORD-01007,CL-103,diretto,2025-02-03
ORD-01008,CL-125,diretto,2025-02-03
ORD-01009,CL-130,diretto,2025-02-03
ORD-01010,CL-159,diretto,2025-02-03
ORD-01011,CL-160,diretto,2025-02-03
ORD-01012,CL-167,diretto,2025-02-03
ORD-01013,CL-210,diretto,2025-02-03
ORD-01014,CL-218,diretto,2025-02-03
ORD-01015,CL-219,distributori,2025-02-03
ORD-01016,CL-223,distributori,2025-02-03
ORD-01017,CL-224,distributori,2025-02-03
ORD-01018,CL-226,distributori,2025-02-03
ORD-01019,CL-228,distributori,2025-02-03
ORD-01020,CL-228,distributori,2025-02-03
ORD-01021,CL-229,distributori,2025-02-03
ORD-01022,CL-230,distributori,2025-02-03
ORD-01023,CL-230,distributori,2025-02-03
ORD-01024,CL-232,distributori,2025-02-03
ORD-01025,CL-232,distributori,2025-02-03
ORD-01026,CL-235,distributori,2025-02-03
ORD-01027,CL-235,distributori,2025-02-03
ORD-01028,CL-238,distributori,2025-02-03
ORD-01029,CL-242,distributori,2025-02-03
ORD-01030,CL-243,distributori,2025-02-03
ORD-01031,CL-243,distributori,2025-02-03
ORD-01032,CL-245,distributori,2025-02-03
ORD-01033,CL-245,distributori,2025-02-03
ORD-01034,CL-251,distributori,2025-02-03
ORD-01035,CL-252,distributori,2025-02-03
ORD-01036,CL-252,distributori,2025-02-03
ORD-01037,CL-253,distributori,2025-02-03
ORD-01038,CL-254,distributori,2025-02-03
ORD-01039,CL-257,distributori,2025-02-03
ORD-01040,CL-006,diretto,2025-02-04
ORD-01041,CL-006,diretto,2025-02-04
ORD-01042,CL-012,diretto,2025-02-04
ORD-01043,CL-014,diretto,2025-02-04
ORD-01044,CL-014,diretto,2025-02-04
ORD-01045,CL-016,diretto,2025-02-04
ORD-01046,CL-019,diretto,2025-02-04
ORD-01047,CL-019,diretto,2025-02-04
ORD-01048,CL-020,diretto,2025-02-04
ORD-01049,CL-025,diretto,2025-02-04
ORD-01050,CL-032,diretto,2025-02-04
ORD-01051,CL-039,diretto,2025-02-04
ORD-01052,CL-070,diretto,2025-02-04
ORD-01053,CL-074,diretto,2025-02-04
ORD-01054,CL-074,diretto,2025-02-04
ORD-01055,CL-077,diretto,2025-02-04
ORD-01056,CL-080,diretto,2025-02-04
ORD-01057,CL-087,diretto,2025-02-04
ORD-01058,CL-091,diretto,2025-02-04
ORD-01059,CL-120,diretto,2025-02-04
ORD-01060,CL-170,diretto,2025-02-04
ORD-01061,CL-193,diretto,2025-02-04
ORD-01062,CL-205,diretto,2025-02-04
ORD-01063,CL-213,diretto,2025-02-04
ORD-01064,CL-221,distributori,2025-02-04
ORD-01065,CL-223,distributori,2025-02-04
ORD-01066,CL-224,distributori,2025-02-04
ORD-01067,CL-224,distributori,2025-02-04
ORD-01068,CL-224,distributori,2025-02-04
ORD-01069,CL-226,distributori,2025-02-04
ORD-01070,CL-226,distributori,2025-02-04
ORD-01071,CL-228,distributori,2025-02-04
ORD-01072,CL-229,distributori,2025-02-04
ORD-01073,CL-233,distributori,2025-02-04
ORD-01074,CL-234,distributori,2025-02-04
ORD-01075,CL-235,distributori,2025-02-04
ORD-01076,CL-236,distributori,2025-02-04
ORD-01077,CL-237,distributori,2025-02-04
ORD-01078,CL-238,distributori,2025-02-04
ORD-01079,CL-241,distributori,2025-02-04
ORD-01080,CL-241,distributori,2025-02-04
ORD-01081,CL-243,distributori,2025-02-04
ORD-01082,CL-245,distributori,2025-02-04
ORD-01083,CL-245,distributori,2025-02-04
ORD-01084,CL-246,distributori,2025-02-04
ORD-01085,CL-254,distributori,2025-02-04
ORD-01086,CL-254,distributori,2025-02-04
ORD-01087,CL-254,distributori,2025-02-04
ORD-01088,CL-003,diretto,2025-02-05
ORD-01089,CL-004,diretto,2025-02-05
ORD-01090,CL-004,diretto,2025-02-05
ORD-01091,CL-005,diretto,2025-02-05
ORD-01092,CL-008,diretto,2025-02-05
ORD-01093,CL-010,diretto,2025-02-05
ORD-01094,CL-014,diretto,2025-02-05
ORD-01095,CL-014,diretto,2025-02-05
ORD-01096,CL-014,diretto,2025-02-05
ORD-01097,CL-014,diretto,2025-02-05
ORD-01098,CL-014,diretto,2025-02-05
ORD-01099,CL-017,diretto,2025-02-05
ORD-01100,CL-019,diretto,2025-02-05
ORD-01101,CL-026,diretto,2025-02-05
ORD-01102,CL-084,diretto,2025-02-05
ORD-01103,CL-109,diretto,2025-02-05
ORD-01104,CL-168,diretto,2025-02-05
ORD-01105,CL-215,diretto,2025-02-05
ORD-01106,CL-217,diretto,2025-02-05
ORD-01107,CL-219,distributori,2025-02-05
ORD-01108,CL-221,distributori,2025-02-05
ORD-01109,CL-223,distributori,2025-02-05
ORD-01110,CL-226,distributori,2025-02-05
ORD-01111,CL-229,distributori,2025-02-05
ORD-01112,CL-229,distributori,2025-02-05
ORD-01113,CL-230,distributori,2025-02-05
ORD-01114,CL-230,distributori,2025-02-05
ORD-01115,CL-230,distributori,2025-02-05
ORD-01116,CL-230,distributori,2025-02-05
ORD-01117,CL-230,distributori,2025-02-05
ORD-01118,CL-231,distributori,2025-02-05
ORD-01119,CL-232,distributori,2025-02-05
ORD-01120,CL-232,distributori,2025-02-05
ORD-01121,CL-235,distributori,2025-02-05
ORD-01122,CL-238,distributori,2025-02-05
ORD-01123,CL-238,distributori,2025-02-05
ORD-01124,CL-238,distributori,2025-02-05
ORD-01125,CL-242,distributori,2025-02-05
ORD-01126,CL-243,distributori,2025-02-05
ORD-01127,CL-245,distributori,2025-02-05
ORD-01128,CL-245,distributori,2025-02-05
ORD-01129,CL-246,distributori,2025-02-05
ORD-01130,CL-246,distributori,2025-02-05
ORD-01131,CL-253,distributori,2025-02-05
ORD-01132,CL-258,distributori,2025-02-05
ORD-01133,CL-002,diretto,2025-02-06
ORD-01134,CL-002,diretto,2025-02-06
ORD-01135,CL-005,diretto,2025-02-06
ORD-01136,CL-005,diretto,2025-02-06
ORD-01137,CL-006,diretto,2025-02-06
ORD-01138,CL-007,diretto,2025-02-06
ORD-01139,CL-009,diretto,2025-02-06
ORD-01140,CL-010,diretto,2025-02-06
ORD-01141,CL-012,diretto,2025-02-06
ORD-01142,CL-014,diretto,2025-02-06
ORD-01143,CL-014,diretto,2025-02-06
ORD-01144,CL-014,diretto,2025-02-06
ORD-01145,CL-015,diretto,2025-02-06
ORD-01146,CL-018,diretto,2025-02-06
ORD-01147,CL-026,diretto,2025-02-06
ORD-01148,CL-027,diretto,2025-02-06
ORD-01149,CL-028,diretto,2025-02-06
ORD-01150,CL-031,diretto,2025-02-06
ORD-01151,CL-031,diretto,2025-02-06
ORD-01152,CL-032,diretto,2025-02-06
ORD-01153,CL-057,diretto,2025-02-06
ORD-01154,CL-057,diretto,2025-02-06
ORD-01155,CL-066,diretto,2025-02-06
ORD-01156,CL-110,diretto,2025-02-06
ORD-01157,CL-114,diretto,2025-02-06
ORD-01158,CL-135,diretto,2025-02-06
ORD-01159,CL-162,diretto,2025-02-06
ORD-01160,CL-191,diretto,2025-02-06
ORD-01161,CL-205,diretto,2025-02-06
ORD-01162,CL-209,diretto,2025-02-06
ORD-01163,CL-218,diretto,2025-02-06
ORD-01164,CL-220,distributori,2025-02-06
ORD-01165,CL-220,distributori,2025-02-06
ORD-01166,CL-221,distributori,2025-02-06
ORD-01167,CL-224,distributori,2025-02-06
ORD-01168,CL-225,distributori,2025-02-06
ORD-01169,CL-225,distributori,2025-02-06
ORD-01170,CL-228,distributori,2025-02-06
ORD-01171,CL-231,distributori,2025-02-06
ORD-01172,CL-231,distributori,2025-02-06
ORD-01173,CL-235,distributori,2025-02-06
ORD-01174,CL-235,distributori,2025-02-06
ORD-01175,CL-238,distributori,2025-02-06
ORD-01176,CL-242,distributori,2025-02-06
ORD-01177,CL-243,distributori,2025-02-06
ORD-01178,CL-244,distributori,2025-02-06
ORD-01179,CL-246,distributori,2025-02-06
ORD-01180,CL-249,distributori,2025-02-06
ORD-01181,CL-250,distributori,2025-02-06
ORD-01182,CL-252,distributori,2025-02-06
ORD-01183,CL-252,distributori,2025-02-06
ORD-01184,CL-252,distributori,2025-02-06
ORD-01185,CL-252,distributori,2025-02-06
ORD-01186,CL-253,distributori,2025-02-06
ORD-01187,CL-007,diretto,2025-02-07
ORD-01188,CL-011,diretto,2025-02-07
ORD-01189,CL-014,diretto,2025-02-07
ORD-01190,CL-014,diretto,2025-02-07
ORD-01191,CL-014,diretto,2025-02-07
ORD-01192,CL-020,diretto,2025-02-07
ORD-01193,CL-026,diretto,2025-02-07
ORD-01194,CL-026,diretto,2025-02-07
ORD-01195,CL-033,diretto,2025-02-07
ORD-01196,CL-040,diretto,2025-02-07
ORD-01197,CL-042,diretto,2025-02-07
ORD-01198,CL-055,diretto,2025-02-07
ORD-01199,CL-057,diretto,2025-02-07
ORD-01200,CL-091,diretto,2025-02-07
ORD-01201,CL-114,diretto,2025-02-07
ORD-01202,CL-128,diretto,2025-02-07
ORD-01203,CL-152,diretto,2025-02-07
ORD-01204,CL-158,diretto,2025-02-07
ORD-01205,CL-164,diretto,2025-02-07
ORD-01206,CL-212,diretto,2025-02-07
ORD-01207,CL-214,diretto,2025-02-07
ORD-01208,CL-218,diretto,2025-02-07
ORD-01209,CL-224,distributori,2025-02-07
ORD-01210,CL-224,distributori,2025-02-07
ORD-01211,CL-225,distributori,2025-02-07
ORD-01212,CL-227,distributori,2025-02-07
ORD-01213,CL-233,distributori,2025-02-07
ORD-01214,CL-233,distributori,2025-02-07
ORD-01215,CL-233,distributori,2025-02-07
ORD-01216,CL-233,distributori,2025-02-07
ORD-01217,CL-233,distributori,2025-02-07
ORD-01218,CL-235,distributori,2025-02-07
ORD-01219,CL-237,distributori,2025-02-07
ORD-01220,CL-238,distributori,2025-02-07
ORD-01221,CL-238,distributori,2025-02-07
ORD-01222,CL-242,distributori,2025-02-07
ORD-01223,CL-243,distributori,2025-02-07
ORD-01224,CL-243,distributori,2025-02-07
ORD-01225,CL-243,distributori,2025-02-07
ORD-01226,CL-243,distributori,2025-02-07
ORD-01227,CL-244,distributori,2025-02-07
ORD-01228,CL-244,distributori,2025-02-07
ORD-01229,CL-249,distributori,2025-02-07
ORD-01230,CL-252,distributori,2025-02-07
ORD-01231,CL-252,distributori,2025-02-07
ORD-01232,CL-253,distributori,2025-02-07
ORD-01233,CL-254,distributori,2025-02-07
ORD-01234,CL-255,distributori,2025-02-07
ORD-01235,CL-255,distributori,2025-02-07
ORD-01236,CL-004,diretto,2025-02-10
ORD-01237,CL-007,diretto,2025-02-10
ORD-01238,CL-008,diretto,2025-02-10
ORD-01239,CL-008,diretto,2025-02-10
ORD-01240,CL-011,diretto,2025-02-10
ORD-01241,CL-014,diretto,2025-02-10
ORD-01242,CL-014,diretto,2025-02-10
ORD-01243,CL-014,diretto,2025-02-10
ORD-01244,CL-014,diretto,2025-02-10
ORD-01245,CL-014,diretto,2025-02-10
ORD-01246,CL-014,diretto,2025-02-10
ORD-01247,CL-019,diretto,2025-02-10
ORD-01248,CL-020,diretto,2025-02-10
ORD-01249,CL-026,diretto,2025-02-10
ORD-01250,CL-029,diretto,2025-02-10
ORD-01251,CL-032,diretto,2025-02-10
ORD-01252,CL-054,diretto,2025-02-10
ORD-01253,CL-070,diretto,2025-02-10
ORD-01254,CL-071,diretto,2025-02-10
ORD-01255,CL-094,diretto,2025-02-10
ORD-01256,CL-109,diretto,2025-02-10
ORD-01257,CL-111,diretto,2025-02-10
ORD-01258,CL-120,diretto,2025-02-10
ORD-01259,CL-120,diretto,2025-02-10
ORD-01260,CL-147,diretto,2025-02-10
ORD-01261,CL-162,diretto,2025-02-10
ORD-01262,CL-169,diretto,2025-02-10
ORD-01263,CL-179,diretto,2025-02-10
ORD-01264,CL-191,diretto,2025-02-10
ORD-01265,CL-213,diretto,2025-02-10
ORD-01266,CL-221,distributori,2025-02-10
ORD-01267,CL-224,distributori,2025-02-10
ORD-01268,CL-229,distributori,2025-02-10
ORD-01269,CL-230,distributori,2025-02-10
ORD-01270,CL-230,distributori,2025-02-10
ORD-01271,CL-235,distributori,2025-02-10
ORD-01272,CL-240,distributori,2025-02-10
ORD-01273,CL-242,distributori,2025-02-10
ORD-01274,CL-245,distributori,2025-02-10
ORD-01275,CL-246,distributori,2025-02-10
ORD-01276,CL-247,distributori,2025-02-10
ORD-01277,CL-248,distributori,2025-02-10
ORD-01278,CL-248,distributori,2025-02-10
ORD-01279,CL-252,distributori,2025-02-10
ORD-01280,CL-255,distributori,2025-02-10
ORD-01281,CL-257,distributori,2025-02-10
ORD-01282,CL-258,distributori,2025-02-10
ORD-01283,CL-003,diretto,2025-02-11
ORD-01284,CL-005,diretto,2025-02-11
ORD-01285,CL-006,diretto,2025-02-11
ORD-01286,CL-006,diretto,2025-02-11
ORD-01287,CL-009,diretto,2025-02-11
ORD-01288,CL-010,diretto,2025-02-11
ORD-01289,CL-013,diretto,2025-02-11
ORD-01290,CL-014,diretto,2025-02-11
ORD-01291,CL-024,diretto,2025-02-11
ORD-01292,CL-026,diretto,2025-02-11
ORD-01293,CL-028,diretto,2025-02-11
ORD-01294,CL-028,diretto,2025-02-11
ORD-01295,CL-029,diretto,2025-02-11
ORD-01296,CL-031,diretto,2025-02-11
ORD-01297,CL-036,diretto,2025-02-11
ORD-01298,CL-047,diretto,2025-02-11
ORD-01299,CL-055,diretto,2025-02-11
ORD-01300,CL-083,diretto,2025-02-11
ORD-01301,CL-103,diretto,2025-02-11
ORD-01302,CL-112,diretto,2025-02-11
ORD-01303,CL-146,diretto,2025-02-11
ORD-01304,CL-183,diretto,2025-02-11
ORD-01305,CL-187,diretto,2025-02-11
ORD-01306,CL-204,diretto,2025-02-11
ORD-01307,CL-205,diretto,2025-02-11
ORD-01308,CL-219,distributori,2025-02-11
ORD-01309,CL-222,distributori,2025-02-11
ORD-01310,CL-230,distributori,2025-02-11
ORD-01311,CL-230,distributori,2025-02-11
ORD-01312,CL-230,distributori,2025-02-11
ORD-01313,CL-230,distributori,2025-02-11
ORD-01314,CL-234,distributori,2025-02-11
ORD-01315,CL-235,distributori,2025-02-11
ORD-01316,CL-237,distributori,2025-02-11
ORD-01317,CL-238,distributori,2025-02-11
ORD-01318,CL-238,distributori,2025-02-11
ORD-01319,CL-238,distributori,2025-02-11
ORD-01320,CL-239,distributori,2025-02-11
ORD-01321,CL-241,distributori,2025-02-11
ORD-01322,CL-241,distributori,2025-02-11
ORD-01323,CL-241,distributori,2025-02-11
ORD-01324,CL-242,distributori,2025-02-11
ORD-01325,CL-242,distributori,2025-02-11
ORD-01326,CL-244,distributori,2025-02-11
ORD-01327,CL-244,distributori,2025-02-11
ORD-01328,CL-246,distributori,2025-02-11
ORD-01329,CL-246,distributori,2025-02-11
ORD-01330,CL-246,distributori,2025-02-11
ORD-01331,CL-258,distributori,2025-02-11
ORD-01332,CL-001,diretto,2025-02-12
ORD-01333,CL-002,diretto,2025-02-12
ORD-01334,CL-002,diretto,2025-02-12
ORD-01335,CL-008,diretto,2025-02-12
ORD-01336,CL-015,diretto,2025-02-12
ORD-01337,CL-020,diretto,2025-02-12
ORD-01338,CL-022,diretto,2025-02-12
ORD-01339,CL-027,diretto,2025-02-12
ORD-01340,CL-029,diretto,2025-02-12
ORD-01341,CL-048,diretto,2025-02-12
ORD-01342,CL-106,diretto,2025-02-12
ORD-01343,CL-118,diretto,2025-02-12
ORD-01344,CL-132,diretto,2025-02-12
ORD-01345,CL-136,diretto,2025-02-12
ORD-01346,CL-159,diretto,2025-02-12
ORD-01347,CL-163,diretto,2025-02-12
ORD-01348,CL-173,diretto,2025-02-12
ORD-01349,CL-188,diretto,2025-02-12
ORD-01350,CL-194,diretto,2025-02-12
ORD-01351,CL-224,distributori,2025-02-12
ORD-01352,CL-225,distributori,2025-02-12
ORD-01353,CL-226,distributori,2025-02-12
ORD-01354,CL-226,distributori,2025-02-12
ORD-01355,CL-226,distributori,2025-02-12
ORD-01356,CL-226,distributori,2025-02-12
ORD-01357,CL-226,distributori,2025-02-12
ORD-01358,CL-228,distributori,2025-02-12
ORD-01359,CL-229,distributori,2025-02-12
ORD-01360,CL-235,distributori,2025-02-12
ORD-01361,CL-238,distributori,2025-02-12
ORD-01362,CL-239,distributori,2025-02-12
ORD-01363,CL-240,distributori,2025-02-12
ORD-01364,CL-242,distributori,2025-02-12
ORD-01365,CL-242,distributori,2025-02-12
ORD-01366,CL-242,distributori,2025-02-12
ORD-01367,CL-242,distributori,2025-02-12
ORD-01368,CL-242,distributori,2025-02-12
ORD-01369,CL-244,distributori,2025-02-12
ORD-01370,CL-246,distributori,2025-02-12
ORD-01371,CL-246,distributori,2025-02-12
ORD-01372,CL-246,distributori,2025-02-12
ORD-01373,CL-251,distributori,2025-02-12
ORD-01374,CL-252,distributori,2025-02-12
ORD-01375,CL-252,distributori,2025-02-12
ORD-01376,CL-256,distributori,2025-02-12
ORD-01377,CL-258,distributori,2025-02-12
ORD-01378,CL-258,distributori,2025-02-12
ORD-01379,CL-001,diretto,2025-02-13
ORD-01380,CL-005,diretto,2025-02-13
ORD-01381,CL-008,diretto,2025-02-13
ORD-01382,CL-020,diretto,2025-02-13
ORD-01383,CL-024,diretto,2025-02-13
ORD-01384,CL-024,diretto,2025-02-13
ORD-01385,CL-026,diretto,2025-02-13
ORD-01386,CL-026,diretto,2025-02-13
ORD-01387,CL-028,diretto,2025-02-13
ORD-01388,CL-028,diretto,2025-02-13
ORD-01389,CL-031,diretto,2025-02-13
ORD-01390,CL-034,diretto,2025-02-13
ORD-01391,CL-038,diretto,2025-02-13
ORD-01392,CL-050,diretto,2025-02-13
ORD-01393,CL-075,diretto,2025-02-13
ORD-01394,CL-078,diretto,2025-02-13
ORD-01395,CL-089,diretto,2025-02-13
ORD-01396,CL-127,diretto,2025-02-13
ORD-01397,CL-189,diretto,2025-02-13
ORD-01398,CL-200,diretto,2025-02-13
ORD-01399,CL-223,distributori,2025-02-13
ORD-01400,CL-224,distributori,2025-02-13
ORD-01401,CL-225,distributori,2025-02-13
ORD-01402,CL-226,distributori,2025-02-13
ORD-01403,CL-229,distributori,2025-02-13
ORD-01404,CL-231,distributori,2025-02-13
ORD-01405,CL-235,distributori,2025-02-13
ORD-01406,CL-238,distributori,2025-02-13
ORD-01407,CL-242,distributori,2025-02-13
ORD-01408,CL-243,distributori,2025-02-13
ORD-01409,CL-244,distributori,2025-02-13
ORD-01410,CL-249,distributori,2025-02-13
ORD-01411,CL-253,distributori,2025-02-13
ORD-01412,CL-254,distributori,2025-02-13
ORD-01413,CL-003,diretto,2025-02-14
ORD-01414,CL-005,diretto,2025-02-14
ORD-01415,CL-005,diretto,2025-02-14
ORD-01416,CL-006,diretto,2025-02-14
ORD-01417,CL-007,diretto,2025-02-14
ORD-01418,CL-007,diretto,2025-02-14
ORD-01419,CL-009,diretto,2025-02-14
ORD-01420,CL-010,diretto,2025-02-14
ORD-01421,CL-011,diretto,2025-02-14
ORD-01422,CL-014,diretto,2025-02-14
ORD-01423,CL-019,diretto,2025-02-14
ORD-01424,CL-020,diretto,2025-02-14
ORD-01425,CL-021,diretto,2025-02-14
ORD-01426,CL-026,diretto,2025-02-14
ORD-01427,CL-030,diretto,2025-02-14
ORD-01428,CL-045,diretto,2025-02-14
ORD-01429,CL-104,diretto,2025-02-14
ORD-01430,CL-112,diretto,2025-02-14
ORD-01431,CL-116,diretto,2025-02-14
ORD-01432,CL-145,diretto,2025-02-14
ORD-01433,CL-160,diretto,2025-02-14
ORD-01434,CL-177,diretto,2025-02-14
ORD-01435,CL-212,diretto,2025-02-14
ORD-01436,CL-219,distributori,2025-02-14
ORD-01437,CL-221,distributori,2025-02-14
ORD-01438,CL-221,distributori,2025-02-14
ORD-01439,CL-221,distributori,2025-02-14
ORD-01440,CL-222,distributori,2025-02-14
ORD-01441,CL-226,distributori,2025-02-14
ORD-01442,CL-226,distributori,2025-02-14
ORD-01443,CL-228,distributori,2025-02-14
ORD-01444,CL-229,distributori,2025-02-14
ORD-01445,CL-232,distributori,2025-02-14
ORD-01446,CL-233,distributori,2025-02-14
ORD-01447,CL-233,distributori,2025-02-14
ORD-01448,CL-233,distributori,2025-02-14
ORD-01449,CL-233,distributori,2025-02-14
ORD-01450,CL-237,distributori,2025-02-14
ORD-01451,CL-244,distributori,2025-02-14
ORD-01452,CL-244,distributori,2025-02-14
ORD-01453,CL-247,distributori,2025-02-14
ORD-01454,CL-247,distributori,2025-02-14
ORD-01455,CL-249,distributori,2025-02-14
ORD-01456,CL-249,distributori,2025-02-14
ORD-01457,CL-250,distributori,2025-02-14
ORD-01458,CL-253,distributori,2025-02-14
ORD-01459,CL-253,distributori,2025-02-14
ORD-01460,CL-255,distributori,2025-02-14
ORD-01461,CL-005,diretto,2025-02-17
ORD-01462,CL-006,diretto,2025-02-17
ORD-01463,CL-007,diretto,2025-02-17
ORD-01464,CL-014,diretto,2025-02-17
ORD-01465,CL-014,diretto,2025-02-17
ORD-01466,CL-016,diretto,2025-02-17
ORD-01467,CL-022,diretto,2025-02-17
ORD-01468,CL-027,diretto,2025-02-17
ORD-01469,CL-031,diretto,2025-02-17
ORD-01470,CL-034,diretto,2025-02-17
ORD-01471,CL-035,diretto,2025-02-17
ORD-01472,CL-054,diretto,2025-02-17
ORD-01473,CL-069,diretto,2025-02-17
ORD-01474,CL-081,diretto,2025-02-17
ORD-01475,CL-092,diretto,2025-02-17
ORD-01476,CL-103,diretto,2025-02-17
ORD-01477,CL-133,diretto,2025-02-17
ORD-01478,CL-144,diretto,2025-02-17
ORD-01479,CL-164,diretto,2025-02-17
ORD-01480,CL-168,diretto,2025-02-17
ORD-01481,CL-219,distributori,2025-02-17
ORD-01482,CL-224,distributori,2025-02-17
ORD-01483,CL-226,distributori,2025-02-17
ORD-01484,CL-226,distributori,2025-02-17
ORD-01485,CL-232,distributori,2025-02-17
ORD-01486,CL-235,distributori,2025-02-17
ORD-01487,CL-238,distributori,2025-02-17
ORD-01488,CL-241,distributori,2025-02-17
ORD-01489,CL-243,distributori,2025-02-17
ORD-01490,CL-246,distributori,2025-02-17
ORD-01491,CL-247,distributori,2025-02-17
ORD-01492,CL-248,distributori,2025-02-17
ORD-01493,CL-250,distributori,2025-02-17
ORD-01494,CL-252,distributori,2025-02-17
ORD-01495,CL-252,distributori,2025-02-17
ORD-01496,CL-252,distributori,2025-02-17
ORD-01497,CL-252,distributori,2025-02-17
ORD-01498,CL-257,distributori,2025-02-17
ORD-01499,CL-004,diretto,2025-02-18
ORD-01500,CL-008,diretto,2025-02-18
ORD-01501,CL-012,diretto,2025-02-18
ORD-01502,CL-013,diretto,2025-02-18
ORD-01503,CL-014,diretto,2025-02-18
ORD-01504,CL-014,diretto,2025-02-18
ORD-01505,CL-014,diretto,2025-02-18
ORD-01506,CL-015,diretto,2025-02-18
ORD-01507,CL-019,diretto,2025-02-18
ORD-01508,CL-020,diretto,2025-02-18
ORD-01509,CL-020,diretto,2025-02-18
ORD-01510,CL-023,diretto,2025-02-18
ORD-01511,CL-061,diretto,2025-02-18
ORD-01512,CL-082,diretto,2025-02-18
ORD-01513,CL-098,diretto,2025-02-18
ORD-01514,CL-101,diretto,2025-02-18
ORD-01515,CL-111,diretto,2025-02-18
ORD-01516,CL-153,diretto,2025-02-18
ORD-01517,CL-202,diretto,2025-02-18
ORD-01518,CL-219,distributori,2025-02-18
ORD-01519,CL-221,distributori,2025-02-18
ORD-01520,CL-224,distributori,2025-02-18
ORD-01521,CL-226,distributori,2025-02-18
ORD-01522,CL-228,distributori,2025-02-18
ORD-01523,CL-230,distributori,2025-02-18
ORD-01524,CL-232,distributori,2025-02-18
ORD-01525,CL-232,distributori,2025-02-18
ORD-01526,CL-232,distributori,2025-02-18
ORD-01527,CL-236,distributori,2025-02-18
ORD-01528,CL-236,distributori,2025-02-18
ORD-01529,CL-239,distributori,2025-02-18
ORD-01530,CL-243,distributori,2025-02-18
ORD-01531,CL-243,distributori,2025-02-18
ORD-01532,CL-243,distributori,2025-02-18
ORD-01533,CL-245,distributori,2025-02-18
ORD-01534,CL-246,distributori,2025-02-18
ORD-01535,CL-246,distributori,2025-02-18
ORD-01536,CL-251,distributori,2025-02-18
ORD-01537,CL-252,distributori,2025-02-18
ORD-01538,CL-252,distributori,2025-02-18
ORD-01539,CL-252,distributori,2025-02-18
ORD-01540,CL-253,distributori,2025-02-18
ORD-01541,CL-253,distributori,2025-02-18
ORD-01542,CL-254,distributori,2025-02-18
ORD-01543,CL-258,distributori,2025-02-18
ORD-01544,CL-004,diretto,2025-02-19
ORD-01545,CL-007,diretto,2025-02-19
ORD-01546,CL-007,diretto,2025-02-19
ORD-01547,CL-008,diretto,2025-02-19
ORD-01548,CL-009,diretto,2025-02-19
ORD-01549,CL-010,diretto,2025-02-19
ORD-01550,CL-014,diretto,2025-02-19
ORD-01551,CL-014,diretto,2025-02-19
ORD-01552,CL-014,diretto,2025-02-19
ORD-01553,CL-014,diretto,2025-02-19
ORD-01554,CL-017,diretto,2025-02-19
ORD-01555,CL-020,diretto,2025-02-19
ORD-01556,CL-020,diretto,2025-02-19
ORD-01557,CL-026,diretto,2025-02-19
ORD-01558,CL-027,diretto,2025-02-19
ORD-01559,CL-027,diretto,2025-02-19
ORD-01560,CL-040,diretto,2025-02-19
ORD-01561,CL-048,diretto,2025-02-19
ORD-01562,CL-059,diretto,2025-02-19
ORD-01563,CL-062,diretto,2025-02-19
ORD-01564,CL-069,diretto,2025-02-19
ORD-01565,CL-084,diretto,2025-02-19
ORD-01566,CL-102,diretto,2025-02-19
ORD-01567,CL-107,diretto,2025-02-19
ORD-01568,CL-126,diretto,2025-02-19
ORD-01569,CL-145,diretto,2025-02-19
ORD-01570,CL-175,diretto,2025-02-19
ORD-01571,CL-194,diretto,2025-02-19
ORD-01572,CL-205,diretto,2025-02-19
ORD-01573,CL-211,diretto,2025-02-19
ORD-01574,CL-219,distributori,2025-02-19
ORD-01575,CL-225,distributori,2025-02-19
ORD-01576,CL-225,distributori,2025-02-19
ORD-01577,CL-225,distributori,2025-02-19
ORD-01578,CL-226,distributori,2025-02-19
ORD-01579,CL-227,distributori,2025-02-19
ORD-01580,CL-228,distributori,2025-02-19
ORD-01581,CL-229,distributori,2025-02-19
ORD-01582,CL-231,distributori,2025-02-19
ORD-01583,CL-232,distributori,2025-02-19
ORD-01584,CL-236,distributori,2025-02-19
ORD-01585,CL-236,distributori,2025-02-19
ORD-01586,CL-238,distributori,2025-02-19
ORD-01587,CL-245,distributori,2025-02-19
ORD-01588,CL-246,distributori,2025-02-19
ORD-01589,CL-249,distributori,2025-02-19
ORD-01590,CL-006,diretto,2025-02-20
ORD-01591,CL-007,diretto,2025-02-20
ORD-01592,CL-011,diretto,2025-02-20
ORD-01593,CL-014,diretto,2025-02-20
ORD-01594,CL-014,diretto,2025-02-20
ORD-01595,CL-014,diretto,2025-02-20
ORD-01596,CL-018,diretto,2025-02-20
ORD-01597,CL-021,diretto,2025-02-20
ORD-01598,CL-030,diretto,2025-02-20
ORD-01599,CL-032,diretto,2025-02-20
ORD-01600,CL-033,diretto,2025-02-20
ORD-01601,CL-046,diretto,2025-02-20
ORD-01602,CL-060,diretto,2025-02-20
ORD-01603,CL-062,diretto,2025-02-20
ORD-01604,CL-065,diretto,2025-02-20
ORD-01605,CL-067,diretto,2025-02-20
ORD-01606,CL-088,diretto,2025-02-20
ORD-01607,CL-088,diretto,2025-02-20
ORD-01608,CL-111,diretto,2025-02-20
ORD-01609,CL-141,diretto,2025-02-20
ORD-01610,CL-144,diretto,2025-02-20
ORD-01611,CL-154,diretto,2025-02-20
ORD-01612,CL-169,diretto,2025-02-20
ORD-01613,CL-175,diretto,2025-02-20
ORD-01614,CL-193,diretto,2025-02-20
ORD-01615,CL-193,diretto,2025-02-20
ORD-01616,CL-194,diretto,2025-02-20
ORD-01617,CL-207,diretto,2025-02-20
ORD-01618,CL-219,distributori,2025-02-20
ORD-01619,CL-219,distributori,2025-02-20
ORD-01620,CL-222,distributori,2025-02-20
ORD-01621,CL-224,distributori,2025-02-20
ORD-01622,CL-226,distributori,2025-02-20
ORD-01623,CL-228,distributori,2025-02-20
ORD-01624,CL-228,distributori,2025-02-20
ORD-01625,CL-230,distributori,2025-02-20
ORD-01626,CL-235,distributori,2025-02-20
ORD-01627,CL-238,distributori,2025-02-20
ORD-01628,CL-238,distributori,2025-02-20
ORD-01629,CL-239,distributori,2025-02-20
ORD-01630,CL-243,distributori,2025-02-20
ORD-01631,CL-243,distributori,2025-02-20
ORD-01632,CL-250,distributori,2025-02-20
ORD-01633,CL-252,distributori,2025-02-20
ORD-01634,CL-252,distributori,2025-02-20
ORD-01635,CL-252,distributori,2025-02-20
ORD-01636,CL-253,distributori,2025-02-20
ORD-01637,CL-255,distributori,2025-02-20
ORD-01638,CL-257,distributori,2025-02-20
ORD-01639,CL-257,distributori,2025-02-20
ORD-01640,CL-002,diretto,2025-02-21
ORD-01641,CL-003,diretto,2025-02-21
ORD-01642,CL-003,diretto,2025-02-21
ORD-01643,CL-007,diretto,2025-02-21
ORD-01644,CL-014,diretto,2025-02-21
ORD-01645,CL-015,diretto,2025-02-21
ORD-01646,CL-016,diretto,2025-02-21
ORD-01647,CL-021,diretto,2025-02-21
ORD-01648,CL-022,diretto,2025-02-21
ORD-01649,CL-023,diretto,2025-02-21
ORD-01650,CL-026,diretto,2025-02-21
ORD-01651,CL-044,diretto,2025-02-21
ORD-01652,CL-053,diretto,2025-02-21
ORD-01653,CL-054,diretto,2025-02-21
ORD-01654,CL-062,diretto,2025-02-21
ORD-01655,CL-081,diretto,2025-02-21
ORD-01656,CL-103,diretto,2025-02-21
ORD-01657,CL-121,diretto,2025-02-21
ORD-01658,CL-143,diretto,2025-02-21
ORD-01659,CL-176,diretto,2025-02-21
ORD-01660,CL-219,distributori,2025-02-21
ORD-01661,CL-221,distributori,2025-02-21
ORD-01662,CL-223,distributori,2025-02-21
ORD-01663,CL-228,distributori,2025-02-21
ORD-01664,CL-228,distributori,2025-02-21
ORD-01665,CL-228,distributori,2025-02-21
ORD-01666,CL-230,distributori,2025-02-21
ORD-01667,CL-233,distributori,2025-02-21
ORD-01668,CL-235,distributori,2025-02-21
ORD-01669,CL-235,distributori,2025-02-21
ORD-01670,CL-236,distributori,2025-02-21
ORD-01671,CL-237,distributori,2025-02-21
ORD-01672,CL-237,distributori,2025-02-21
ORD-01673,CL-237,distributori,2025-02-21
ORD-01674,CL-238,distributori,2025-02-21
ORD-01675,CL-238,distributori,2025-02-21
ORD-01676,CL-240,distributori,2025-02-21
ORD-01677,CL-244,distributori,2025-02-21
ORD-01678,CL-244,distributori,2025-02-21
ORD-01679,CL-244,distributori,2025-02-21
ORD-01680,CL-245,distributori,2025-02-21
ORD-01681,CL-247,distributori,2025-02-21
ORD-01682,CL-252,distributori,2025-02-21
ORD-01683,CL-252,distributori,2025-02-21
ORD-01684,CL-252,distributori,2025-02-21
ORD-01685,CL-254,distributori,2025-02-21
ORD-01686,CL-254,distributori,2025-02-21
ORD-01687,CL-005,diretto,2025-02-24
ORD-01688,CL-010,diretto,2025-02-24
ORD-01689,CL-010,diretto,2025-02-24
ORD-01690,CL-014,diretto,2025-02-24
ORD-01691,CL-019,diretto,2025-02-24
ORD-01692,CL-028,diretto,2025-02-24
ORD-01693,CL-030,diretto,2025-02-24
ORD-01694,CL-031,diretto,2025-02-24
ORD-01695,CL-031,diretto,2025-02-24
ORD-01696,CL-059,diretto,2025-02-24
ORD-01697,CL-066,diretto,2025-02-24
ORD-01698,CL-081,diretto,2025-02-24
ORD-01699,CL-107,diretto,2025-02-24
ORD-01700,CL-119,diretto,2025-02-24
ORD-01701,CL-140,diretto,2025-02-24
ORD-01702,CL-142,diretto,2025-02-24
ORD-01703,CL-159,diretto,2025-02-24
ORD-01704,CL-167,diretto,2025-02-24
ORD-01705,CL-183,diretto,2025-02-24
ORD-01706,CL-183,diretto,2025-02-24
ORD-01707,CL-198,diretto,2025-02-24
ORD-01708,CL-205,diretto,2025-02-24
ORD-01709,CL-223,distributori,2025-02-24
ORD-01710,CL-224,distributori,2025-02-24
ORD-01711,CL-226,distributori,2025-02-24
ORD-01712,CL-226,distributori,2025-02-24
ORD-01713,CL-229,distributori,2025-02-24
ORD-01714,CL-232,distributori,2025-02-24
ORD-01715,CL-238,distributori,2025-02-24
ORD-01716,CL-238,distributori,2025-02-24
ORD-01717,CL-242,distributori,2025-02-24
ORD-01718,CL-242,distributori,2025-02-24
ORD-01719,CL-242,distributori,2025-02-24
ORD-01720,CL-243,distributori,2025-02-24
ORD-01721,CL-243,distributori,2025-02-24
ORD-01722,CL-243,distributori,2025-02-24
ORD-01723,CL-246,distributori,2025-02-24
ORD-01724,CL-250,distributori,2025-02-24
ORD-01725,CL-251,distributori,2025-02-24
ORD-01726,CL-252,distributori,2025-02-24
ORD-01727,CL-252,distributori,2025-02-24
ORD-01728,CL-252,distributori,2025-02-24
ORD-01729,CL-252,distributori,2025-02-24
ORD-01730,CL-252,distributori,2025-02-24
ORD-01731,CL-258,distributori,2025-02-24
ORD-01732,CL-258,distributori,2025-02-24
ORD-01733,CL-007,diretto,2025-02-25
ORD-01734,CL-008,diretto,2025-02-25
ORD-01735,CL-011,diretto,2025-02-25
ORD-01736,CL-012,diretto,2025-02-25
ORD-01737,CL-014,diretto,2025-02-25
ORD-01738,CL-016,diretto,2025-02-25
ORD-01739,CL-020,diretto,2025-02-25
ORD-01740,CL-026,diretto,2025-02-25
ORD-01741,CL-027,diretto,2025-02-25
ORD-01742,CL-028,diretto,2025-02-25
ORD-01743,CL-030,diretto,2025-02-25
ORD-01744,CL-031,diretto,2025-02-25
ORD-01745,CL-031,diretto,2025-02-25
ORD-01746,CL-043,diretto,2025-02-25
ORD-01747,CL-054,diretto,2025-02-25
ORD-01748,CL-055,diretto,2025-02-25
ORD-01749,CL-063,diretto,2025-02-25
ORD-01750,CL-065,diretto,2025-02-25
ORD-01751,CL-071,diretto,2025-02-25
ORD-01752,CL-087,diretto,2025-02-25
ORD-01753,CL-102,diretto,2025-02-25
ORD-01754,CL-103,diretto,2025-02-25
ORD-01755,CL-104,diretto,2025-02-25
ORD-01756,CL-104,diretto,2025-02-25
ORD-01757,CL-150,diretto,2025-02-25
ORD-01758,CL-162,diretto,2025-02-25
ORD-01759,CL-177,diretto,2025-02-25
ORD-01760,CL-200,diretto,2025-02-25
ORD-01761,CL-206,diretto,2025-02-25
ORD-01762,CL-221,distributori,2025-02-25
ORD-01763,CL-225,distributori,2025-02-25
ORD-01764,CL-226,distributori,2025-02-25
ORD-01765,CL-228,distributori,2025-02-25
ORD-01766,CL-230,distributori,2025-02-25
ORD-01767,CL-230,distributori,2025-02-25
ORD-01768,CL-232,distributori,2025-02-25
ORD-01769,CL-233,distributori,2025-02-25
ORD-01770,CL-233,distributori,2025-02-25
ORD-01771,CL-233,distributori,2025-02-25
ORD-01772,CL-234,distributori,2025-02-25
ORD-01773,CL-235,distributori,2025-02-25
ORD-01774,CL-235,distributori,2025-02-25
ORD-01775,CL-235,distributori,2025-02-25
ORD-01776,CL-235,distributori,2025-02-25
ORD-01777,CL-237,distributori,2025-02-25
ORD-01778,CL-237,distributori,2025-02-25
ORD-01779,CL-238,distributori,2025-02-25
ORD-01780,CL-238,distributori,2025-02-25
ORD-01781,CL-241,distributori,2025-02-25
ORD-01782,CL-242,distributori,2025-02-25
ORD-01783,CL-243,distributori,2025-02-25
ORD-01784,CL-246,distributori,2025-02-25
ORD-01785,CL-249,distributori,2025-02-25
ORD-01786,CL-251,distributori,2025-02-25
ORD-01787,CL-258,distributori,2025-02-25
ORD-01788,CL-004,diretto,2025-02-26
ORD-01789,CL-007,diretto,2025-02-26
ORD-01790,CL-007,diretto,2025-02-26
ORD-01791,CL-013,diretto,2025-02-26
ORD-01792,CL-014,diretto,2025-02-26
ORD-01793,CL-014,diretto,2025-02-26
ORD-01794,CL-014,diretto,2025-02-26
ORD-01795,CL-014,diretto,2025-02-26
ORD-01796,CL-021,diretto,2025-02-26
ORD-01797,CL-025,diretto,2025-02-26
ORD-01798,CL-026,diretto,2025-02-26
ORD-01799,CL-026,diretto,2025-02-26
ORD-01800,CL-027,diretto,2025-02-26
ORD-01801,CL-027,diretto,2025-02-26
ORD-01802,CL-058,diretto,2025-02-26
ORD-01803,CL-077,diretto,2025-02-26
ORD-01804,CL-095,diretto,2025-02-26
ORD-01805,CL-119,diretto,2025-02-26
ORD-01806,CL-125,diretto,2025-02-26
ORD-01807,CL-126,diretto,2025-02-26
ORD-01808,CL-128,diretto,2025-02-26
ORD-01809,CL-134,diretto,2025-02-26
ORD-01810,CL-146,diretto,2025-02-26
ORD-01811,CL-158,diretto,2025-02-26
ORD-01812,CL-161,diretto,2025-02-26
ORD-01813,CL-162,diretto,2025-02-26
ORD-01814,CL-179,diretto,2025-02-26
ORD-01815,CL-189,diretto,2025-02-26
ORD-01816,CL-190,diretto,2025-02-26
ORD-01817,CL-219,distributori,2025-02-26
ORD-01818,CL-225,distributori,2025-02-26
ORD-01819,CL-225,distributori,2025-02-26
ORD-01820,CL-226,distributori,2025-02-26
ORD-01821,CL-228,distributori,2025-02-26
ORD-01822,CL-229,distributori,2025-02-26
ORD-01823,CL-230,distributori,2025-02-26
ORD-01824,CL-230,distributori,2025-02-26
ORD-01825,CL-235,distributori,2025-02-26
ORD-01826,CL-236,distributori,2025-02-26
ORD-01827,CL-236,distributori,2025-02-26
ORD-01828,CL-238,distributori,2025-02-26
ORD-01829,CL-239,distributori,2025-02-26
ORD-01830,CL-239,distributori,2025-02-26
ORD-01831,CL-241,distributori,2025-02-26
ORD-01832,CL-241,distributori,2025-02-26
ORD-01833,CL-243,distributori,2025-02-26
ORD-01834,CL-243,distributori,2025-02-26
ORD-01835,CL-249,distributori,2025-02-26
ORD-01836,CL-249,distributori,2025-02-26
ORD-01837,CL-249,distributori,2025-02-26
ORD-01838,CL-250,distributori,2025-02-26
ORD-01839,CL-250,distributori,2025-02-26
ORD-01840,CL-256,distributori,2025-02-26
ORD-01841,CL-258,distributori,2025-02-26
ORD-01842,CL-003,diretto,2025-02-27
ORD-01843,CL-004,diretto,2025-02-27
ORD-01844,CL-008,diretto,2025-02-27
ORD-01845,CL-009,diretto,2025-02-27
ORD-01846,CL-011,diretto,2025-02-27
ORD-01847,CL-019,diretto,2025-02-27
ORD-01848,CL-021,diretto,2025-02-27
ORD-01849,CL-021,diretto,2025-02-27
ORD-01850,CL-022,diretto,2025-02-27
ORD-01851,CL-024,diretto,2025-02-27
ORD-01852,CL-024,diretto,2025-02-27
ORD-01853,CL-026,diretto,2025-02-27
ORD-01854,CL-031,diretto,2025-02-27
ORD-01855,CL-034,diretto,2025-02-27
ORD-01856,CL-047,diretto,2025-02-27
ORD-01857,CL-050,diretto,2025-02-27
ORD-01858,CL-062,diretto,2025-02-27
ORD-01859,CL-097,diretto,2025-02-27
ORD-01860,CL-099,diretto,2025-02-27
ORD-01861,CL-102,diretto,2025-02-27
ORD-01862,CL-115,diretto,2025-02-27
ORD-01863,CL-138,diretto,2025-02-27
ORD-01864,CL-140,diretto,2025-02-27
ORD-01865,CL-141,diretto,2025-02-27
ORD-01866,CL-170,diretto,2025-02-27
ORD-01867,CL-176,diretto,2025-02-27
ORD-01868,CL-181,diretto,2025-02-27
ORD-01869,CL-188,diretto,2025-02-27
ORD-01870,CL-220,distributori,2025-02-27
ORD-01871,CL-226,distributori,2025-02-27
ORD-01872,CL-231,distributori,2025-02-27
ORD-01873,CL-232,distributori,2025-02-27
ORD-01874,CL-232,distributori,2025-02-27
ORD-01875,CL-233,distributori,2025-02-27
ORD-01876,CL-235,distributori,2025-02-27
ORD-01877,CL-239,distributori,2025-02-27
ORD-01878,CL-245,distributori,2025-02-27
ORD-01879,CL-250,distributori,2025-02-27
ORD-01880,CL-250,distributori,2025-02-27
ORD-01881,CL-251,distributori,2025-02-27
ORD-01882,CL-252,distributori,2025-02-27
ORD-01883,CL-252,distributori,2025-02-27
ORD-01884,CL-253,distributori,2025-02-27
ORD-01885,CL-255,distributori,2025-02-27
ORD-01886,CL-002,diretto,2025-02-28
ORD-01887,CL-002,diretto,2025-02-28
ORD-01888,CL-007,diretto,2025-02-28
ORD-01889,CL-014,diretto,2025-02-28
ORD-01890,CL-014,diretto,2025-02-28
ORD-01891,CL-021,diretto,2025-02-28
ORD-01892,CL-022,diretto,2025-02-28
ORD-01893,CL-023,diretto,2025-02-28
ORD-01894,CL-024,diretto,2025-02-28
ORD-01895,CL-026,diretto,2025-02-28
ORD-01896,CL-026,diretto,2025-02-28
ORD-01897,CL-032,diretto,2025-02-28
ORD-01898,CL-032,diretto,2025-02-28
ORD-01899,CL-054,diretto,2025-02-28
ORD-01900,CL-054,diretto,2025-02-28
ORD-01901,CL-072,diretto,2025-02-28
ORD-01902,CL-110,diretto,2025-02-28
ORD-01903,CL-116,diretto,2025-02-28
ORD-01904,CL-117,diretto,2025-02-28
ORD-01905,CL-127,diretto,2025-02-28
ORD-01906,CL-142,diretto,2025-02-28
ORD-01907,CL-143,diretto,2025-02-28
ORD-01908,CL-170,diretto,2025-02-28
ORD-01909,CL-195,diretto,2025-02-28
ORD-01910,CL-198,diretto,2025-02-28
ORD-01911,CL-203,diretto,2025-02-28
ORD-01912,CL-210,diretto,2025-02-28
ORD-01913,CL-218,diretto,2025-02-28
ORD-01914,CL-219,distributori,2025-02-28
ORD-01915,CL-220,distributori,2025-02-28
ORD-01916,CL-221,distributori,2025-02-28
ORD-01917,CL-221,distributori,2025-02-28
ORD-01918,CL-228,distributori,2025-02-28
ORD-01919,CL-232,distributori,2025-02-28
ORD-01920,CL-238,distributori,2025-02-28
ORD-01921,CL-240,distributori,2025-02-28
ORD-01922,CL-243,distributori,2025-02-28
ORD-01923,CL-243,distributori,2025-02-28
ORD-01924,CL-245,distributori,2025-02-28
ORD-01925,CL-249,distributori,2025-02-28
ORD-01926,CL-252,distributori,2025-02-28
ORD-01927,CL-252,distributori,2025-02-28
ORD-01928,CL-005,diretto,2025-03-03
ORD-01929,CL-009,diretto,2025-03-03
ORD-01930,CL-013,diretto,2025-03-03
ORD-01931,CL-014,diretto,2025-03-03
ORD-01932,CL-014,diretto,2025-03-03
ORD-01933,CL-014,diretto,2025-03-03
ORD-01934,CL-014,diretto,2025-03-03
ORD-01935,CL-014,diretto,2025-03-03
ORD-01936,CL-014,diretto,2025-03-03
ORD-01937,CL-027,diretto,2025-03-03
ORD-01938,CL-033,diretto,2025-03-03
ORD-01939,CL-040,diretto,2025-03-03
ORD-01940,CL-049,diretto,2025-03-03
ORD-01941,CL-058,diretto,2025-03-03
ORD-01942,CL-064,diretto,2025-03-03
ORD-01943,CL-069,diretto,2025-03-03
ORD-01944,CL-083,diretto,2025-03-03
ORD-01945,CL-099,diretto,2025-03-03
ORD-01946,CL-104,diretto,2025-03-03
ORD-01947,CL-109,diretto,2025-03-03
ORD-01948,CL-138,diretto,2025-03-03
ORD-01949,CL-144,diretto,2025-03-03
ORD-01950,CL-161,diretto,2025-03-03
ORD-01951,CL-221,distributori,2025-03-03
ORD-01952,CL-223,distributori,2025-03-03
ORD-01953,CL-224,distributori,2025-03-03
ORD-01954,CL-225,distributori,2025-03-03
ORD-01955,CL-226,distributori,2025-03-03
ORD-01956,CL-228,distributori,2025-03-03
ORD-01957,CL-228,distributori,2025-03-03
ORD-01958,CL-232,distributori,2025-03-03
ORD-01959,CL-234,distributori,2025-03-03
ORD-01960,CL-239,distributori,2025-03-03
ORD-01961,CL-240,distributori,2025-03-03
ORD-01962,CL-242,distributori,2025-03-03
ORD-01963,CL-243,distributori,2025-03-03
ORD-01964,CL-246,distributori,2025-03-03
ORD-01965,CL-249,distributori,2025-03-03
ORD-01966,CL-250,distributori,2025-03-03
ORD-01967,CL-252,distributori,2025-03-03
ORD-01968,CL-252,distributori,2025-03-03
ORD-01969,CL-253,distributori,2025-03-03
ORD-01970,CL-254,distributori,2025-03-03
ORD-01971,CL-255,distributori,2025-03-03
ORD-01972,CL-007,diretto,2025-03-04
ORD-01973,CL-009,diretto,2025-03-04
ORD-01974,CL-010,diretto,2025-03-04
ORD-01975,CL-011,diretto,2025-03-04
ORD-01976,CL-013,diretto,2025-03-04
ORD-01977,CL-014,diretto,2025-03-04
ORD-01978,CL-014,diretto,2025-03-04
ORD-01979,CL-014,diretto,2025-03-04
ORD-01980,CL-017,diretto,2025-03-04
ORD-01981,CL-022,diretto,2025-03-04
ORD-01982,CL-023,diretto,2025-03-04
ORD-01983,CL-026,diretto,2025-03-04
ORD-01984,CL-026,diretto,2025-03-04
ORD-01985,CL-046,diretto,2025-03-04
ORD-01986,CL-064,diretto,2025-03-04
ORD-01987,CL-067,diretto,2025-03-04
ORD-01988,CL-080,diretto,2025-03-04
ORD-01989,CL-081,diretto,2025-03-04
ORD-01990,CL-125,diretto,2025-03-04
ORD-01991,CL-144,diretto,2025-03-04
ORD-01992,CL-146,diretto,2025-03-04
ORD-01993,CL-147,diretto,2025-03-04
ORD-01994,CL-149,diretto,2025-03-04
ORD-01995,CL-151,diretto,2025-03-04
ORD-01996,CL-154,diretto,2025-03-04
ORD-01997,CL-209,diretto,2025-03-04
ORD-01998,CL-218,diretto,2025-03-04
ORD-01999,CL-220,distributori,2025-03-04
ORD-02000,CL-224,distributori,2025-03-04
ORD-02001,CL-224,distributori,2025-03-04
ORD-02002,CL-224,distributori,2025-03-04
ORD-02003,CL-226,distributori,2025-03-04
ORD-02004,CL-226,distributori,2025-03-04
ORD-02005,CL-229,distributori,2025-03-04
ORD-02006,CL-236,distributori,2025-03-04
ORD-02007,CL-237,distributori,2025-03-04
ORD-02008,CL-238,distributori,2025-03-04
ORD-02009,CL-240,distributori,2025-03-04
ORD-02010,CL-242,distributori,2025-03-04
ORD-02011,CL-242,distributori,2025-03-04
ORD-02012,CL-243,distributori,2025-03-04
ORD-02013,CL-246,distributori,2025-03-04
ORD-02014,CL-249,distributori,2025-03-04
ORD-02015,CL-251,distributori,2025-03-04
ORD-02016,CL-252,distributori,2025-03-04
ORD-02017,CL-255,distributori,2025-03-04
ORD-02018,CL-006,diretto,2025-03-05
ORD-02019,CL-007,diretto,2025-03-05
ORD-02020,CL-008,diretto,2025-03-05
ORD-02021,CL-014,diretto,2025-03-05
ORD-02022,CL-021,diretto,2025-03-05
ORD-02023,CL-022,diretto,2025-03-05
ORD-02024,CL-022,diretto,2025-03-05
ORD-02025,CL-028,diretto,2025-03-05
ORD-02026,CL-030,diretto,2025-03-05
ORD-02027,CL-031,diretto,2025-03-05
ORD-02028,CL-049,diretto,2025-03-05
ORD-02029,CL-069,diretto,2025-03-05
ORD-02030,CL-075,diretto,2025-03-05
ORD-02031,CL-092,diretto,2025-03-05
ORD-02032,CL-094,diretto,2025-03-05
ORD-02033,CL-112,diretto,2025-03-05
ORD-02034,CL-133,diretto,2025-03-05
ORD-02035,CL-136,diretto,2025-03-05
ORD-02036,CL-152,diretto,2025-03-05
ORD-02037,CL-195,diretto,2025-03-05
ORD-02038,CL-202,diretto,2025-03-05
ORD-02039,CL-209,diretto,2025-03-05
ORD-02040,CL-219,distributori,2025-03-05
ORD-02041,CL-220,distributori,2025-03-05
ORD-02042,CL-221,distributori,2025-03-05
ORD-02043,CL-222,distributori,2025-03-05
ORD-02044,CL-224,distributori,2025-03-05
ORD-02045,CL-232,distributori,2025-03-05
ORD-02046,CL-233,distributori,2025-03-05
ORD-02047,CL-233,distributori,2025-03-05
ORD-02048,CL-234,distributori,2025-03-05
ORD-02049,CL-235,distributori,2025-03-05
ORD-02050,CL-235,distributori,2025-03-05
ORD-02051,CL-236,distributori,2025-03-05
ORD-02052,CL-236,distributori,2025-03-05
ORD-02053,CL-238,distributori,2025-03-05
ORD-02054,CL-242,distributori,2025-03-05
ORD-02055,CL-245,distributori,2025-03-05
ORD-02056,CL-246,distributori,2025-03-05
ORD-02057,CL-247,distributori,2025-03-05
ORD-02058,CL-251,distributori,2025-03-05
ORD-02059,CL-252,distributori,2025-03-05
ORD-02060,CL-252,distributori,2025-03-05
ORD-02061,CL-252,distributori,2025-03-05
ORD-02062,CL-253,distributori,2025-03-05
ORD-02063,CL-254,distributori,2025-03-05
ORD-02064,CL-011,diretto,2025-03-06
ORD-02065,CL-014,diretto,2025-03-06
ORD-02066,CL-014,diretto,2025-03-06
ORD-02067,CL-016,diretto,2025-03-06
ORD-02068,CL-017,diretto,2025-03-06
ORD-02069,CL-017,diretto,2025-03-06
ORD-02070,CL-020,diretto,2025-03-06
ORD-02071,CL-020,diretto,2025-03-06
ORD-02072,CL-029,diretto,2025-03-06
ORD-02073,CL-030,diretto,2025-03-06
ORD-02074,CL-031,diretto,2025-03-06
ORD-02075,CL-041,diretto,2025-03-06
ORD-02076,CL-061,diretto,2025-03-06
ORD-02077,CL-061,diretto,2025-03-06
ORD-02078,CL-074,diretto,2025-03-06
ORD-02079,CL-076,diretto,2025-03-06
ORD-02080,CL-083,diretto,2025-03-06
ORD-02081,CL-093,diretto,2025-03-06
ORD-02082,CL-116,diretto,2025-03-06
ORD-02083,CL-119,diretto,2025-03-06
ORD-02084,CL-130,diretto,2025-03-06
ORD-02085,CL-176,diretto,2025-03-06
ORD-02086,CL-183,diretto,2025-03-06
ORD-02087,CL-198,diretto,2025-03-06
ORD-02088,CL-206,diretto,2025-03-06
ORD-02089,CL-216,diretto,2025-03-06
ORD-02090,CL-218,diretto,2025-03-06
ORD-02091,CL-219,distributori,2025-03-06
ORD-02092,CL-219,distributori,2025-03-06
ORD-02093,CL-225,distributori,2025-03-06
ORD-02094,CL-226,distributori,2025-03-06
ORD-02095,CL-226,distributori,2025-03-06
ORD-02096,CL-228,distributori,2025-03-06
ORD-02097,CL-228,distributori,2025-03-06
ORD-02098,CL-229,distributori,2025-03-06
ORD-02099,CL-232,distributori,2025-03-06
ORD-02100,CL-235,distributori,2025-03-06
ORD-02101,CL-237,distributori,2025-03-06
ORD-02102,CL-238,distributori,2025-03-06
ORD-02103,CL-239,distributori,2025-03-06
ORD-02104,CL-241,distributori,2025-03-06
ORD-02105,CL-242,distributori,2025-03-06
ORD-02106,CL-242,distributori,2025-03-06
ORD-02107,CL-243,distributori,2025-03-06
ORD-02108,CL-244,distributori,2025-03-06
ORD-02109,CL-244,distributori,2025-03-06
ORD-02110,CL-244,distributori,2025-03-06
ORD-02111,CL-244,distributori,2025-03-06
ORD-02112,CL-245,distributori,2025-03-06
ORD-02113,CL-245,distributori,2025-03-06
ORD-02114,CL-249,distributori,2025-03-06
ORD-02115,CL-252,distributori,2025-03-06
ORD-02116,CL-252,distributori,2025-03-06
ORD-02117,CL-252,distributori,2025-03-06
ORD-02118,CL-252,distributori,2025-03-06
ORD-02119,CL-252,distributori,2025-03-06
ORD-02120,CL-253,distributori,2025-03-06
ORD-02121,CL-253,distributori,2025-03-06
ORD-02122,CL-257,distributori,2025-03-06
ORD-02123,CL-007,diretto,2025-03-07
ORD-02124,CL-022,diretto,2025-03-07
ORD-02125,CL-027,diretto,2025-03-07
ORD-02126,CL-028,diretto,2025-03-07
ORD-02127,CL-030,diretto,2025-03-07
ORD-02128,CL-031,diretto,2025-03-07
ORD-02129,CL-046,diretto,2025-03-07
ORD-02130,CL-083,diretto,2025-03-07
ORD-02131,CL-121,diretto,2025-03-07
ORD-02132,CL-122,diretto,2025-03-07
ORD-02133,CL-126,diretto,2025-03-07
ORD-02134,CL-134,diretto,2025-03-07
ORD-02135,CL-162,diretto,2025-03-07
ORD-02136,CL-207,diretto,2025-03-07
ORD-02137,CL-219,distributori,2025-03-07
ORD-02138,CL-221,distributori,2025-03-07
ORD-02139,CL-221,distributori,2025-03-07
ORD-02140,CL-226,distributori,2025-03-07
ORD-02141,CL-227,distributori,2025-03-07
ORD-02142,CL-229,distributori,2025-03-07
ORD-02143,CL-230,distributori,2025-03-07
ORD-02144,CL-231,distributori,2025-03-07
ORD-02145,CL-233,distributori,2025-03-07
ORD-02146,CL-233,distributori,2025-03-07
ORD-02147,CL-235,distributori,2025-03-07
ORD-02148,CL-235,distributori,2025-03-07
ORD-02149,CL-238,distributori,2025-03-07
ORD-02150,CL-239,distributori,2025-03-07
ORD-02151,CL-239,distributori,2025-03-07
ORD-02152,CL-241,distributori,2025-03-07
ORD-02153,CL-241,distributori,2025-03-07
ORD-02154,CL-241,distributori,2025-03-07
ORD-02155,CL-242,distributori,2025-03-07
ORD-02156,CL-243,distributori,2025-03-07
ORD-02157,CL-244,distributori,2025-03-07
ORD-02158,CL-244,distributori,2025-03-07
ORD-02159,CL-245,distributori,2025-03-07
ORD-02160,CL-245,distributori,2025-03-07
ORD-02161,CL-249,distributori,2025-03-07
ORD-02162,CL-250,distributori,2025-03-07
ORD-02163,CL-252,distributori,2025-03-07
ORD-02164,CL-253,distributori,2025-03-07
ORD-02165,CL-255,distributori,2025-03-07
ORD-02166,CL-006,diretto,2025-03-10
ORD-02167,CL-006,diretto,2025-03-10
ORD-02168,CL-008,diretto,2025-03-10
ORD-02169,CL-009,diretto,2025-03-10
ORD-02170,CL-009,diretto,2025-03-10
ORD-02171,CL-010,diretto,2025-03-10
ORD-02172,CL-012,diretto,2025-03-10
ORD-02173,CL-014,diretto,2025-03-10
ORD-02174,CL-014,diretto,2025-03-10
ORD-02175,CL-020,diretto,2025-03-10
ORD-02176,CL-020,diretto,2025-03-10
ORD-02177,CL-022,diretto,2025-03-10
ORD-02178,CL-023,diretto,2025-03-10
ORD-02179,CL-028,diretto,2025-03-10
ORD-02180,CL-031,diretto,2025-03-10
ORD-02181,CL-032,diretto,2025-03-10
ORD-02182,CL-032,diretto,2025-03-10
ORD-02183,CL-034,diretto,2025-03-10
ORD-02184,CL-046,diretto,2025-03-10
ORD-02185,CL-066,diretto,2025-03-10
ORD-02186,CL-094,diretto,2025-03-10
ORD-02187,CL-123,diretto,2025-03-10
ORD-02188,CL-158,diretto,2025-03-10
ORD-02189,CL-158,diretto,2025-03-10
ORD-02190,CL-158,diretto,2025-03-10
ORD-02191,CL-174,diretto,2025-03-10
ORD-02192,CL-178,diretto,2025-03-10
ORD-02193,CL-202,diretto,2025-03-10
ORD-02194,CL-204,diretto,2025-03-10
ORD-02195,CL-219,distributori,2025-03-10
ORD-02196,CL-220,distributori,2025-03-10
ORD-02197,CL-221,distributori,2025-03-10
ORD-02198,CL-221,distributori,2025-03-10
ORD-02199,CL-223,distributori,2025-03-10
ORD-02200,CL-224,distributori,2025-03-10
ORD-02201,CL-227,distributori,2025-03-10
ORD-02202,CL-230,distributori,2025-03-10
ORD-02203,CL-232,distributori,2025-03-10
ORD-02204,CL-233,distributori,2025-03-10
ORD-02205,CL-236,distributori,2025-03-10
ORD-02206,CL-238,distributori,2025-03-10
ORD-02207,CL-238,distributori,2025-03-10
ORD-02208,CL-238,distributori,2025-03-10
ORD-02209,CL-239,distributori,2025-03-10
ORD-02210,CL-246,distributori,2025-03-10
ORD-02211,CL-252,distributori,2025-03-10
ORD-02212,CL-255,distributori,2025-03-10
ORD-02213,CL-002,diretto,2025-03-11
ORD-02214,CL-014,diretto,2025-03-11
ORD-02215,CL-018,diretto,2025-03-11
ORD-02216,CL-019,diretto,2025-03-11
ORD-02217,CL-020,diretto,2025-03-11
ORD-02218,CL-026,diretto,2025-03-11
ORD-02219,CL-029,diretto,2025-03-11
ORD-02220,CL-033,diretto,2025-03-11
ORD-02221,CL-040,diretto,2025-03-11
ORD-02222,CL-108,diretto,2025-03-11
ORD-02223,CL-131,diretto,2025-03-11
ORD-02224,CL-153,diretto,2025-03-11
ORD-02225,CL-161,diretto,2025-03-11
ORD-02226,CL-171,diretto,2025-03-11
ORD-02227,CL-219,distributori,2025-03-11
ORD-02228,CL-221,distributori,2025-03-11
ORD-02229,CL-222,distributori,2025-03-11
ORD-02230,CL-223,distributori,2025-03-11
ORD-02231,CL-224,distributori,2025-03-11
ORD-02232,CL-224,distributori,2025-03-11
ORD-02233,CL-225,distributori,2025-03-11
ORD-02234,CL-225,distributori,2025-03-11
ORD-02235,CL-226,distributori,2025-03-11
ORD-02236,CL-226,distributori,2025-03-11
ORD-02237,CL-227,distributori,2025-03-11
ORD-02238,CL-227,distributori,2025-03-11
ORD-02239,CL-228,distributori,2025-03-11
ORD-02240,CL-230,distributori,2025-03-11
ORD-02241,CL-231,distributori,2025-03-11
ORD-02242,CL-236,distributori,2025-03-11
ORD-02243,CL-237,distributori,2025-03-11
ORD-02244,CL-238,distributori,2025-03-11
ORD-02245,CL-238,distributori,2025-03-11
ORD-02246,CL-250,distributori,2025-03-11
ORD-02247,CL-250,distributori,2025-03-11
ORD-02248,CL-252,distributori,2025-03-11
ORD-02249,CL-252,distributori,2025-03-11
ORD-02250,CL-253,distributori,2025-03-11
ORD-02251,CL-255,distributori,2025-03-11
ORD-02252,CL-255,distributori,2025-03-11
ORD-02253,CL-011,diretto,2025-03-12
ORD-02254,CL-014,diretto,2025-03-12
ORD-02255,CL-014,diretto,2025-03-12
ORD-02256,CL-014,diretto,2025-03-12
ORD-02257,CL-020,diretto,2025-03-12
ORD-02258,CL-022,diretto,2025-03-12
ORD-02259,CL-027,diretto,2025-03-12
ORD-02260,CL-027,diretto,2025-03-12
ORD-02261,CL-027,diretto,2025-03-12
ORD-02262,CL-029,diretto,2025-03-12
ORD-02263,CL-029,diretto,2025-03-12
ORD-02264,CL-032,diretto,2025-03-12
ORD-02265,CL-033,diretto,2025-03-12
ORD-02266,CL-054,diretto,2025-03-12
ORD-02267,CL-062,diretto,2025-03-12
ORD-02268,CL-079,diretto,2025-03-12
ORD-02269,CL-099,diretto,2025-03-12
ORD-02270,CL-099,diretto,2025-03-12
ORD-02271,CL-109,diretto,2025-03-12
ORD-02272,CL-131,diretto,2025-03-12
ORD-02273,CL-214,diretto,2025-03-12
ORD-02274,CL-220,distributori,2025-03-12
ORD-02275,CL-222,distributori,2025-03-12
ORD-02276,CL-223,distributori,2025-03-12
ORD-02277,CL-224,distributori,2025-03-12
ORD-02278,CL-224,distributori,2025-03-12
ORD-02279,CL-228,distributori,2025-03-12
ORD-02280,CL-230,distributori,2025-03-12
ORD-02281,CL-232,distributori,2025-03-12
ORD-02282,CL-232,distributori,2025-03-12
ORD-02283,CL-235,distributori,2025-03-12
ORD-02284,CL-236,distributori,2025-03-12
ORD-02285,CL-238,distributori,2025-03-12
ORD-02286,CL-239,distributori,2025-03-12
ORD-02287,CL-241,distributori,2025-03-12
ORD-02288,CL-243,distributori,2025-03-12
ORD-02289,CL-243,distributori,2025-03-12
ORD-02290,CL-243,distributori,2025-03-12
ORD-02291,CL-245,distributori,2025-03-12
ORD-02292,CL-246,distributori,2025-03-12
ORD-02293,CL-250,distributori,2025-03-12
ORD-02294,CL-252,distributori,2025-03-12
ORD-02295,CL-252,distributori,2025-03-12
ORD-02296,CL-253,distributori,2025-03-12
ORD-02297,CL-253,distributori,2025-03-12
ORD-02298,CL-253,distributori,2025-03-12
ORD-02299,CL-258,distributori,2025-03-12
ORD-02300,CL-258,distributori,2025-03-12
ORD-02301,CL-258,distributori,2025-03-12
ORD-02302,CL-005,diretto,2025-03-13
ORD-02303,CL-006,diretto,2025-03-13
ORD-02304,CL-010,diretto,2025-03-13
ORD-02305,CL-010,diretto,2025-03-13
ORD-02306,CL-014,diretto,2025-03-13
ORD-02307,CL-016,diretto,2025-03-13
ORD-02308,CL-020,diretto,2025-03-13
ORD-02309,CL-020,diretto,2025-03-13
ORD-02310,CL-020,diretto,2025-03-13
ORD-02311,CL-023,diretto,2025-03-13
ORD-02312,CL-023,diretto,2025-03-13
ORD-02313,CL-026,diretto,2025-03-13
ORD-02314,CL-027,diretto,2025-03-13
ORD-02315,CL-029,diretto,2025-03-13
ORD-02316,CL-030,diretto,2025-03-13
ORD-02317,CL-034,diretto,2025-03-13
ORD-02318,CL-063,diretto,2025-03-13
ORD-02319,CL-087,diretto,2025-03-13
ORD-02320,CL-091,diretto,2025-03-13
ORD-02321,CL-091,diretto,2025-03-13
ORD-02322,CL-141,diretto,2025-03-13
ORD-02323,CL-147,diretto,2025-03-13
ORD-02324,CL-163,diretto,2025-03-13
ORD-02325,CL-166,diretto,2025-03-13
ORD-02326,CL-169,diretto,2025-03-13
ORD-02327,CL-199,diretto,2025-03-13
ORD-02328,CL-209,diretto,2025-03-13
ORD-02329,CL-219,distributori,2025-03-13
ORD-02330,CL-220,distributori,2025-03-13
ORD-02331,CL-220,distributori,2025-03-13
ORD-02332,CL-224,distributori,2025-03-13
ORD-02333,CL-224,distributori,2025-03-13
ORD-02334,CL-227,distributori,2025-03-13
ORD-02335,CL-228,distributori,2025-03-13
ORD-02336,CL-232,distributori,2025-03-13
ORD-02337,CL-235,distributori,2025-03-13
ORD-02338,CL-235,distributori,2025-03-13
ORD-02339,CL-238,distributori,2025-03-13
ORD-02340,CL-242,distributori,2025-03-13
ORD-02341,CL-244,distributori,2025-03-13
ORD-02342,CL-250,distributori,2025-03-13
ORD-02343,CL-252,distributori,2025-03-13
ORD-02344,CL-252,distributori,2025-03-13
ORD-02345,CL-256,distributori,2025-03-13
ORD-02346,CL-257,distributori,2025-03-13
ORD-02347,CL-258,distributori,2025-03-13
ORD-02348,CL-005,diretto,2025-03-14
ORD-02349,CL-006,diretto,2025-03-14
ORD-02350,CL-014,diretto,2025-03-14
ORD-02351,CL-014,diretto,2025-03-14
ORD-02352,CL-014,diretto,2025-03-14
ORD-02353,CL-014,diretto,2025-03-14
ORD-02354,CL-014,diretto,2025-03-14
ORD-02355,CL-020,diretto,2025-03-14
ORD-02356,CL-021,diretto,2025-03-14
ORD-02357,CL-023,diretto,2025-03-14
ORD-02358,CL-029,diretto,2025-03-14
ORD-02359,CL-032,diretto,2025-03-14
ORD-02360,CL-034,diretto,2025-03-14
ORD-02361,CL-055,diretto,2025-03-14
ORD-02362,CL-055,diretto,2025-03-14
ORD-02363,CL-057,diretto,2025-03-14
ORD-02364,CL-103,diretto,2025-03-14
ORD-02365,CL-108,diretto,2025-03-14
ORD-02366,CL-109,diretto,2025-03-14
ORD-02367,CL-117,diretto,2025-03-14
ORD-02368,CL-133,diretto,2025-03-14
ORD-02369,CL-158,diretto,2025-03-14
ORD-02370,CL-179,diretto,2025-03-14
ORD-02371,CL-183,diretto,2025-03-14
ORD-02372,CL-184,diretto,2025-03-14
ORD-02373,CL-184,diretto,2025-03-14
ORD-02374,CL-187,diretto,2025-03-14
ORD-02375,CL-207,diretto,2025-03-14
ORD-02376,CL-209,diretto,2025-03-14
ORD-02377,CL-209,diretto,2025-03-14
ORD-02378,CL-212,diretto,2025-03-14
ORD-02379,CL-219,distributori,2025-03-14
ORD-02380,CL-219,distributori,2025-03-14
ORD-02381,CL-222,distributori,2025-03-14
ORD-02382,CL-223,distributori,2025-03-14
ORD-02383,CL-223,distributori,2025-03-14
ORD-02384,CL-228,distributori,2025-03-14
ORD-02385,CL-230,distributori,2025-03-14
ORD-02386,CL-232,distributori,2025-03-14
ORD-02387,CL-233,distributori,2025-03-14
ORD-02388,CL-235,distributori,2025-03-14
ORD-02389,CL-235,distributori,2025-03-14
ORD-02390,CL-235,distributori,2025-03-14
ORD-02391,CL-236,distributori,2025-03-14
ORD-02392,CL-239,distributori,2025-03-14
ORD-02393,CL-242,distributori,2025-03-14
ORD-02394,CL-246,distributori,2025-03-14
ORD-02395,CL-246,distributori,2025-03-14
ORD-02396,CL-253,distributori,2025-03-14
ORD-02397,CL-253,distributori,2025-03-14
ORD-02398,CL-005,diretto,2025-03-17
ORD-02399,CL-010,diretto,2025-03-17
ORD-02400,CL-014,diretto,2025-03-17
ORD-02401,CL-020,diretto,2025-03-17
ORD-02402,CL-022,diretto,2025-03-17
ORD-02403,CL-023,diretto,2025-03-17
ORD-02404,CL-027,diretto,2025-03-17
ORD-02405,CL-031,diretto,2025-03-17
ORD-02406,CL-031,diretto,2025-03-17
ORD-02407,CL-060,diretto,2025-03-17
ORD-02408,CL-062,diretto,2025-03-17
ORD-02409,CL-066,diretto,2025-03-17
ORD-02410,CL-070,diretto,2025-03-17
ORD-02411,CL-077,diretto,2025-03-17
ORD-02412,CL-099,diretto,2025-03-17
ORD-02413,CL-102,diretto,2025-03-17
ORD-02414,CL-102,diretto,2025-03-17
ORD-02415,CL-116,diretto,2025-03-17
ORD-02416,CL-160,diretto,2025-03-17
ORD-02417,CL-165,diretto,2025-03-17
ORD-02418,CL-205,diretto,2025-03-17
ORD-02419,CL-221,distributori,2025-03-17
ORD-02420,CL-221,distributori,2025-03-17
ORD-02421,CL-223,distributori,2025-03-17
ORD-02422,CL-224,distributori,2025-03-17
ORD-02423,CL-227,distributori,2025-03-17
ORD-02424,CL-230,distributori,2025-03-17
ORD-02425,CL-230,distributori,2025-03-17
ORD-02426,CL-232,distributori,2025-03-17
ORD-02427,CL-233,distributori,2025-03-17
ORD-02428,CL-236,distributori,2025-03-17
ORD-02429,CL-242,distributori,2025-03-17
ORD-02430,CL-242,distributori,2025-03-17
ORD-02431,CL-243,distributori,2025-03-17
ORD-02432,CL-245,distributori,2025-03-17
ORD-02433,CL-250,distributori,2025-03-17
ORD-02434,CL-252,distributori,2025-03-17
ORD-02435,CL-252,distributori,2025-03-17
ORD-02436,CL-255,distributori,2025-03-17
ORD-02437,CL-002,diretto,2025-03-18
ORD-02438,CL-003,diretto,2025-03-18
ORD-02439,CL-007,diretto,2025-03-18
ORD-02440,CL-014,diretto,2025-03-18
ORD-02441,CL-014,diretto,2025-03-18
ORD-02442,CL-014,diretto,2025-03-18
ORD-02443,CL-014,diretto,2025-03-18
ORD-02444,CL-018,diretto,2025-03-18
ORD-02445,CL-020,diretto,2025-03-18
ORD-02446,CL-021,diretto,2025-03-18
ORD-02447,CL-033,diretto,2025-03-18
ORD-02448,CL-062,diretto,2025-03-18
ORD-02449,CL-084,diretto,2025-03-18
ORD-02450,CL-095,diretto,2025-03-18
ORD-02451,CL-097,diretto,2025-03-18
ORD-02452,CL-109,diretto,2025-03-18
ORD-02453,CL-136,diretto,2025-03-18
ORD-02454,CL-150,diretto,2025-03-18
ORD-02455,CL-151,diretto,2025-03-18
ORD-02456,CL-159,diretto,2025-03-18
ORD-02457,CL-183,diretto,2025-03-18
ORD-02458,CL-187,diretto,2025-03-18
ORD-02459,CL-191,diretto,2025-03-18
ORD-02460,CL-203,diretto,2025-03-18
ORD-02461,CL-212,diretto,2025-03-18
ORD-02462,CL-216,diretto,2025-03-18
ORD-02463,CL-220,distributori,2025-03-18
ORD-02464,CL-223,distributori,2025-03-18
ORD-02465,CL-224,distributori,2025-03-18
ORD-02466,CL-224,distributori,2025-03-18
ORD-02467,CL-227,distributori,2025-03-18
ORD-02468,CL-228,distributori,2025-03-18
ORD-02469,CL-228,distributori,2025-03-18
ORD-02470,CL-228,distributori,2025-03-18
ORD-02471,CL-228,distributori,2025-03-18
ORD-02472,CL-235,distributori,2025-03-18
ORD-02473,CL-238,distributori,2025-03-18
ORD-02474,CL-238,distributori,2025-03-18
ORD-02475,CL-242,distributori,2025-03-18
ORD-02476,CL-243,distributori,2025-03-18
ORD-02477,CL-243,distributori,2025-03-18
ORD-02478,CL-243,distributori,2025-03-18
ORD-02479,CL-245,distributori,2025-03-18
ORD-02480,CL-251,distributori,2025-03-18
ORD-02481,CL-253,distributori,2025-03-18
ORD-02482,CL-253,distributori,2025-03-18
ORD-02483,CL-256,distributori,2025-03-18
ORD-02484,CL-256,distributori,2025-03-18
ORD-02485,CL-003,diretto,2025-03-19
ORD-02486,CL-004,diretto,2025-03-19
ORD-02487,CL-005,diretto,2025-03-19
ORD-02488,CL-007,diretto,2025-03-19
ORD-02489,CL-008,diretto,2025-03-19
ORD-02490,CL-009,diretto,2025-03-19
ORD-02491,CL-011,diretto,2025-03-19
ORD-02492,CL-013,diretto,2025-03-19
ORD-02493,CL-013,diretto,2025-03-19
ORD-02494,CL-013,diretto,2025-03-19
ORD-02495,CL-014,diretto,2025-03-19
ORD-02496,CL-019,diretto,2025-03-19
ORD-02497,CL-020,diretto,2025-03-19
ORD-02498,CL-024,diretto,2025-03-19
ORD-02499,CL-025,diretto,2025-03-19
ORD-02500,CL-027,diretto,2025-03-19
ORD-02501,CL-028,diretto,2025-03-19
ORD-02502,CL-032,diretto,2025-03-19
ORD-02503,CL-043,diretto,2025-03-19
ORD-02504,CL-057,diretto,2025-03-19
ORD-02505,CL-059,diretto,2025-03-19
ORD-02506,CL-061,diretto,2025-03-19
ORD-02507,CL-061,diretto,2025-03-19
ORD-02508,CL-088,diretto,2025-03-19
ORD-02509,CL-092,diretto,2025-03-19
ORD-02510,CL-161,diretto,2025-03-19
ORD-02511,CL-176,diretto,2025-03-19
ORD-02512,CL-181,diretto,2025-03-19
ORD-02513,CL-198,diretto,2025-03-19
ORD-02514,CL-199,diretto,2025-03-19
ORD-02515,CL-218,diretto,2025-03-19
ORD-02516,CL-226,distributori,2025-03-19
ORD-02517,CL-227,distributori,2025-03-19
ORD-02518,CL-228,distributori,2025-03-19
ORD-02519,CL-228,distributori,2025-03-19
ORD-02520,CL-228,distributori,2025-03-19
ORD-02521,CL-229,distributori,2025-03-19
ORD-02522,CL-232,distributori,2025-03-19
ORD-02523,CL-233,distributori,2025-03-19
ORD-02524,CL-234,distributori,2025-03-19
ORD-02525,CL-235,distributori,2025-03-19
ORD-02526,CL-238,distributori,2025-03-19
ORD-02527,CL-239,distributori,2025-03-19
ORD-02528,CL-241,distributori,2025-03-19
ORD-02529,CL-244,distributori,2025-03-19
ORD-02530,CL-248,distributori,2025-03-19
ORD-02531,CL-250,distributori,2025-03-19
ORD-02532,CL-252,distributori,2025-03-19
ORD-02533,CL-253,distributori,2025-03-19
ORD-02534,CL-256,distributori,2025-03-19
ORD-02535,CL-002,diretto,2025-03-20
ORD-02536,CL-002,diretto,2025-03-20
ORD-02537,CL-005,diretto,2025-03-20
ORD-02538,CL-008,diretto,2025-03-20
ORD-02539,CL-014,diretto,2025-03-20
ORD-02540,CL-014,diretto,2025-03-20
ORD-02541,CL-014,diretto,2025-03-20
ORD-02542,CL-022,diretto,2025-03-20
ORD-02543,CL-024,diretto,2025-03-20
ORD-02544,CL-027,diretto,2025-03-20
ORD-02545,CL-033,diretto,2025-03-20
ORD-02546,CL-045,diretto,2025-03-20
ORD-02547,CL-081,diretto,2025-03-20
ORD-02548,CL-096,diretto,2025-03-20
ORD-02549,CL-114,diretto,2025-03-20
ORD-02550,CL-114,diretto,2025-03-20
ORD-02551,CL-115,diretto,2025-03-20
ORD-02552,CL-162,diretto,2025-03-20
ORD-02553,CL-168,diretto,2025-03-20
ORD-02554,CL-188,diretto,2025-03-20
ORD-02555,CL-188,diretto,2025-03-20
ORD-02556,CL-209,diretto,2025-03-20
ORD-02557,CL-212,diretto,2025-03-20
ORD-02558,CL-218,diretto,2025-03-20
ORD-02559,CL-223,distributori,2025-03-20
ORD-02560,CL-223,distributori,2025-03-20
ORD-02561,CL-225,distributori,2025-03-20
ORD-02562,CL-226,distributori,2025-03-20
ORD-02563,CL-228,distributori,2025-03-20
ORD-02564,CL-228,distributori,2025-03-20
ORD-02565,CL-228,distributori,2025-03-20
ORD-02566,CL-231,distributori,2025-03-20
ORD-02567,CL-232,distributori,2025-03-20
ORD-02568,CL-232,distributori,2025-03-20
ORD-02569,CL-232,distributori,2025-03-20
ORD-02570,CL-235,distributori,2025-03-20
ORD-02571,CL-235,distributori,2025-03-20
ORD-02572,CL-237,distributori,2025-03-20
ORD-02573,CL-237,distributori,2025-03-20
ORD-02574,CL-237,distributori,2025-03-20
ORD-02575,CL-238,distributori,2025-03-20
ORD-02576,CL-238,distributori,2025-03-20
ORD-02577,CL-239,distributori,2025-03-20
ORD-02578,CL-242,distributori,2025-03-20
ORD-02579,CL-242,distributori,2025-03-20
ORD-02580,CL-243,distributori,2025-03-20
ORD-02581,CL-245,distributori,2025-03-20
ORD-02582,CL-246,distributori,2025-03-20
ORD-02583,CL-248,distributori,2025-03-20
ORD-02584,CL-251,distributori,2025-03-20
ORD-02585,CL-252,distributori,2025-03-20
ORD-02586,CL-252,distributori,2025-03-20
ORD-02587,CL-255,distributori,2025-03-20
ORD-02588,CL-258,distributori,2025-03-20
ORD-02589,CL-006,diretto,2025-03-21
ORD-02590,CL-006,diretto,2025-03-21
ORD-02591,CL-007,diretto,2025-03-21
ORD-02592,CL-007,diretto,2025-03-21
ORD-02593,CL-008,diretto,2025-03-21
ORD-02594,CL-008,diretto,2025-03-21
ORD-02595,CL-014,diretto,2025-03-21
ORD-02596,CL-014,diretto,2025-03-21
ORD-02597,CL-014,diretto,2025-03-21
ORD-02598,CL-014,diretto,2025-03-21
ORD-02599,CL-018,diretto,2025-03-21
ORD-02600,CL-021,diretto,2025-03-21
ORD-02601,CL-028,diretto,2025-03-21
ORD-02602,CL-031,diretto,2025-03-21
ORD-02603,CL-060,diretto,2025-03-21
ORD-02604,CL-068,diretto,2025-03-21
ORD-02605,CL-072,diretto,2025-03-21
ORD-02606,CL-133,diretto,2025-03-21
ORD-02607,CL-136,diretto,2025-03-21
ORD-02608,CL-162,diretto,2025-03-21
ORD-02609,CL-165,diretto,2025-03-21
ORD-02610,CL-180,diretto,2025-03-21
ORD-02611,CL-201,diretto,2025-03-21
ORD-02612,CL-214,diretto,2025-03-21
ORD-02613,CL-224,distributori,2025-03-21
ORD-02614,CL-224,distributori,2025-03-21
ORD-02615,CL-226,distributori,2025-03-21
ORD-02616,CL-226,distributori,2025-03-21
ORD-02617,CL-227,distributori,2025-03-21
ORD-02618,CL-228,distributori,2025-03-21
ORD-02619,CL-229,distributori,2025-03-21
ORD-02620,CL-230,distributori,2025-03-21
ORD-02621,CL-236,distributori,2025-03-21
ORD-02622,CL-236,distributori,2025-03-21
ORD-02623,CL-236,distributori,2025-03-21
ORD-02624,CL-238,distributori,2025-03-21
ORD-02625,CL-239,distributori,2025-03-21
ORD-02626,CL-240,distributori,2025-03-21
ORD-02627,CL-241,distributori,2025-03-21
ORD-02628,CL-242,distributori,2025-03-21
ORD-02629,CL-244,distributori,2025-03-21
ORD-02630,CL-244,distributori,2025-03-21
ORD-02631,CL-245,distributori,2025-03-21
ORD-02632,CL-249,distributori,2025-03-21
ORD-02633,CL-252,distributori,2025-03-21
ORD-02634,CL-257,distributori,2025-03-21
ORD-02635,CL-002,diretto,2025-03-24
ORD-02636,CL-010,diretto,2025-03-24
ORD-02637,CL-014,diretto,2025-03-24
ORD-02638,CL-014,diretto,2025-03-24
ORD-02639,CL-014,diretto,2025-03-24
ORD-02640,CL-025,diretto,2025-03-24
ORD-02641,CL-026,diretto,2025-03-24
ORD-02642,CL-031,diretto,2025-03-24
ORD-02643,CL-031,diretto,2025-03-24
ORD-02644,CL-033,diretto,2025-03-24
ORD-02645,CL-033,diretto,2025-03-24
ORD-02646,CL-081,diretto,2025-03-24
ORD-02647,CL-114,diretto,2025-03-24
ORD-02648,CL-161,diretto,2025-03-24
ORD-02649,CL-213,diretto,2025-03-24
ORD-02650,CL-216,diretto,2025-03-24
ORD-02651,CL-222,distributori,2025-03-24
ORD-02652,CL-223,distributori,2025-03-24
ORD-02653,CL-227,distributori,2025-03-24
ORD-02654,CL-227,distributori,2025-03-24
ORD-02655,CL-228,distributori,2025-03-24
ORD-02656,CL-229,distributori,2025-03-24
ORD-02657,CL-230,distributori,2025-03-24
ORD-02658,CL-235,distributori,2025-03-24
ORD-02659,CL-236,distributori,2025-03-24
ORD-02660,CL-240,distributori,2025-03-24
ORD-02661,CL-244,distributori,2025-03-24
ORD-02662,CL-244,distributori,2025-03-24
ORD-02663,CL-244,distributori,2025-03-24
ORD-02664,CL-246,distributori,2025-03-24
ORD-02665,CL-249,distributori,2025-03-24
ORD-02666,CL-250,distributori,2025-03-24
ORD-02667,CL-251,distributori,2025-03-24
ORD-02668,CL-251,distributori,2025-03-24
ORD-02669,CL-252,distributori,2025-03-24
ORD-02670,CL-257,distributori,2025-03-24
ORD-02671,CL-005,diretto,2025-03-25
ORD-02672,CL-005,diretto,2025-03-25
ORD-02673,CL-007,diretto,2025-03-25
ORD-02674,CL-008,diretto,2025-03-25
ORD-02675,CL-008,diretto,2025-03-25
ORD-02676,CL-008,diretto,2025-03-25
ORD-02677,CL-008,diretto,2025-03-25
ORD-02678,CL-010,diretto,2025-03-25
ORD-02679,CL-010,diretto,2025-03-25
ORD-02680,CL-014,diretto,2025-03-25
ORD-02681,CL-018,diretto,2025-03-25
ORD-02682,CL-020,diretto,2025-03-25
ORD-02683,CL-023,diretto,2025-03-25
ORD-02684,CL-033,diretto,2025-03-25
ORD-02685,CL-036,diretto,2025-03-25
ORD-02686,CL-072,diretto,2025-03-25
ORD-02687,CL-080,diretto,2025-03-25
ORD-02688,CL-088,diretto,2025-03-25
ORD-02689,CL-089,diretto,2025-03-25
ORD-02690,CL-097,diretto,2025-03-25
ORD-02691,CL-102,diretto,2025-03-25
ORD-02692,CL-114,diretto,2025-03-25
ORD-02693,CL-130,diretto,2025-03-25
ORD-02694,CL-133,diretto,2025-03-25
ORD-02695,CL-160,diretto,2025-03-25
ORD-02696,CL-170,diretto,2025-03-25
ORD-02697,CL-172,diretto,2025-03-25
ORD-02698,CL-209,diretto,2025-03-25
ORD-02699,CL-222,distributori,2025-03-25
ORD-02700,CL-224,distributori,2025-03-25
ORD-02701,CL-224,distributori,2025-03-25
ORD-02702,CL-226,distributori,2025-03-25
ORD-02703,CL-228,distributori,2025-03-25
ORD-02704,CL-229,distributori,2025-03-25
ORD-02705,CL-230,distributori,2025-03-25
ORD-02706,CL-230,distributori,2025-03-25
ORD-02707,CL-230,distributori,2025-03-25
ORD-02708,CL-230,distributori,2025-03-25
ORD-02709,CL-231,distributori,2025-03-25
ORD-02710,CL-231,distributori,2025-03-25
ORD-02711,CL-235,distributori,2025-03-25
ORD-02712,CL-238,distributori,2025-03-25
ORD-02713,CL-239,distributori,2025-03-25
ORD-02714,CL-239,distributori,2025-03-25
ORD-02715,CL-240,distributori,2025-03-25
ORD-02716,CL-242,distributori,2025-03-25
ORD-02717,CL-243,distributori,2025-03-25
ORD-02718,CL-243,distributori,2025-03-25
ORD-02719,CL-244,distributori,2025-03-25
ORD-02720,CL-245,distributori,2025-03-25
ORD-02721,CL-246,distributori,2025-03-25
ORD-02722,CL-246,distributori,2025-03-25
ORD-02723,CL-246,distributori,2025-03-25
ORD-02724,CL-249,distributori,2025-03-25
ORD-02725,CL-249,distributori,2025-03-25
ORD-02726,CL-252,distributori,2025-03-25
ORD-02727,CL-252,distributori,2025-03-25
ORD-02728,CL-252,distributori,2025-03-25
ORD-02729,CL-254,distributori,2025-03-25
ORD-02730,CL-255,distributori,2025-03-25
ORD-02731,CL-258,distributori,2025-03-25
ORD-02732,CL-001,diretto,2025-03-26
ORD-02733,CL-006,diretto,2025-03-26
ORD-02734,CL-007,diretto,2025-03-26
ORD-02735,CL-008,diretto,2025-03-26
ORD-02736,CL-014,diretto,2025-03-26
ORD-02737,CL-016,diretto,2025-03-26
ORD-02738,CL-024,diretto,2025-03-26
ORD-02739,CL-026,diretto,2025-03-26
ORD-02740,CL-027,diretto,2025-03-26
ORD-02741,CL-028,diretto,2025-03-26
ORD-02742,CL-028,diretto,2025-03-26
ORD-02743,CL-029,diretto,2025-03-26
ORD-02744,CL-033,diretto,2025-03-26
ORD-02745,CL-035,diretto,2025-03-26
ORD-02746,CL-055,diretto,2025-03-26
ORD-02747,CL-082,diretto,2025-03-26
ORD-02748,CL-091,diretto,2025-03-26
ORD-02749,CL-108,diretto,2025-03-26
ORD-02750,CL-117,diretto,2025-03-26
ORD-02751,CL-130,diretto,2025-03-26
ORD-02752,CL-138,diretto,2025-03-26
ORD-02753,CL-139,diretto,2025-03-26
ORD-02754,CL-183,diretto,2025-03-26
ORD-02755,CL-191,diretto,2025-03-26
ORD-02756,CL-193,diretto,2025-03-26
ORD-02757,CL-207,diretto,2025-03-26
ORD-02758,CL-221,distributori,2025-03-26
ORD-02759,CL-221,distributori,2025-03-26
ORD-02760,CL-222,distributori,2025-03-26
ORD-02761,CL-228,distributori,2025-03-26
ORD-02762,CL-228,distributori,2025-03-26
ORD-02763,CL-228,distributori,2025-03-26
ORD-02764,CL-228,distributori,2025-03-26
ORD-02765,CL-228,distributori,2025-03-26
ORD-02766,CL-229,distributori,2025-03-26
ORD-02767,CL-229,distributori,2025-03-26
ORD-02768,CL-229,distributori,2025-03-26
ORD-02769,CL-229,distributori,2025-03-26
ORD-02770,CL-234,distributori,2025-03-26
ORD-02771,CL-234,distributori,2025-03-26
ORD-02772,CL-235,distributori,2025-03-26
ORD-02773,CL-235,distributori,2025-03-26
ORD-02774,CL-237,distributori,2025-03-26
ORD-02775,CL-237,distributori,2025-03-26
ORD-02776,CL-238,distributori,2025-03-26
ORD-02777,CL-245,distributori,2025-03-26
ORD-02778,CL-246,distributori,2025-03-26
ORD-02779,CL-247,distributori,2025-03-26
ORD-02780,CL-249,distributori,2025-03-26
ORD-02781,CL-252,distributori,2025-03-26
ORD-02782,CL-252,distributori,2025-03-26
ORD-02783,CL-253,distributori,2025-03-26
ORD-02784,CL-254,distributori,2025-03-26
ORD-02785,CL-254,distributori,2025-03-26
ORD-02786,CL-254,distributori,2025-03-26
ORD-02787,CL-255,distributori,2025-03-26
ORD-02788,CL-255,distributori,2025-03-26
ORD-02789,CL-257,distributori,2025-03-26
ORD-02790,CL-001,diretto,2025-03-27
ORD-02791,CL-005,diretto,2025-03-27
ORD-02792,CL-007,diretto,2025-03-27
ORD-02793,CL-007,diretto,2025-03-27
ORD-02794,CL-007,diretto,2025-03-27
ORD-02795,CL-009,diretto,2025-03-27
ORD-02796,CL-012,diretto,2025-03-27
ORD-02797,CL-013,diretto,2025-03-27
ORD-02798,CL-014,diretto,2025-03-27
ORD-02799,CL-014,diretto,2025-03-27
ORD-02800,CL-014,diretto,2025-03-27
ORD-02801,CL-014,diretto,2025-03-27
ORD-02802,CL-016,diretto,2025-03-27
ORD-02803,CL-017,diretto,2025-03-27
ORD-02804,CL-025,diretto,2025-03-27
ORD-02805,CL-026,diretto,2025-03-27
ORD-02806,CL-026,diretto,2025-03-27
ORD-02807,CL-027,diretto,2025-03-27
ORD-02808,CL-028,diretto,2025-03-27
ORD-02809,CL-034,diretto,2025-03-27
ORD-02810,CL-040,diretto,2025-03-27
ORD-02811,CL-041,diretto,2025-03-27
ORD-02812,CL-049,diretto,2025-03-27
ORD-02813,CL-059,diretto,2025-03-27
ORD-02814,CL-073,diretto,2025-03-27
ORD-02815,CL-077,diretto,2025-03-27
ORD-02816,CL-105,diretto,2025-03-27
ORD-02817,CL-107,diretto,2025-03-27
ORD-02818,CL-120,diretto,2025-03-27
ORD-02819,CL-135,diretto,2025-03-27
ORD-02820,CL-164,diretto,2025-03-27
ORD-02821,CL-174,diretto,2025-03-27
ORD-02822,CL-201,diretto,2025-03-27
ORD-02823,CL-212,diretto,2025-03-27
ORD-02824,CL-217,diretto,2025-03-27
ORD-02825,CL-219,distributori,2025-03-27
ORD-02826,CL-221,distributori,2025-03-27
ORD-02827,CL-221,distributori,2025-03-27
ORD-02828,CL-224,distributori,2025-03-27
ORD-02829,CL-225,distributori,2025-03-27
ORD-02830,CL-226,distributori,2025-03-27
ORD-02831,CL-228,distributori,2025-03-27
ORD-02832,CL-230,distributori,2025-03-27
ORD-02833,CL-230,distributori,2025-03-27
ORD-02834,CL-233,distributori,2025-03-27
ORD-02835,CL-233,distributori,2025-03-27
ORD-02836,CL-239,distributori,2025-03-27
ORD-02837,CL-242,distributori,2025-03-27
ORD-02838,CL-243,distributori,2025-03-27
ORD-02839,CL-245,distributori,2025-03-27
ORD-02840,CL-245,distributori,2025-03-27
ORD-02841,CL-247,distributori,2025-03-27
ORD-02842,CL-252,distributori,2025-03-27
ORD-02843,CL-252,distributori,2025-03-27
ORD-02844,CL-253,distributori,2025-03-27
ORD-02845,CL-253,distributori,2025-03-27
ORD-02846,CL-014,diretto,2025-03-28
ORD-02847,CL-017,diretto,2025-03-28
ORD-02848,CL-018,diretto,2025-03-28
ORD-02849,CL-027,diretto,2025-03-28
ORD-02850,CL-027,diretto,2025-03-28
ORD-02851,CL-027,diretto,2025-03-28
ORD-02852,CL-028,diretto,2025-03-28
ORD-02853,CL-031,diretto,2025-03-28
ORD-02854,CL-052,diretto,2025-03-28
ORD-02855,CL-074,diretto,2025-03-28
ORD-02856,CL-100,diretto,2025-03-28
ORD-02857,CL-126,diretto,2025-03-28
ORD-02858,CL-153,diretto,2025-03-28
ORD-02859,CL-165,diretto,2025-03-28
ORD-02860,CL-184,diretto,2025-03-28
ORD-02861,CL-219,distributori,2025-03-28
ORD-02862,CL-219,distributori,2025-03-28
ORD-02863,CL-220,distributori,2025-03-28
ORD-02864,CL-221,distributori,2025-03-28
ORD-02865,CL-222,distributori,2025-03-28
ORD-02866,CL-224,distributori,2025-03-28
ORD-02867,CL-225,distributori,2025-03-28
ORD-02868,CL-226,distributori,2025-03-28
ORD-02869,CL-227,distributori,2025-03-28
ORD-02870,CL-230,distributori,2025-03-28
ORD-02871,CL-230,distributori,2025-03-28
ORD-02872,CL-230,distributori,2025-03-28
ORD-02873,CL-232,distributori,2025-03-28
ORD-02874,CL-234,distributori,2025-03-28
ORD-02875,CL-234,distributori,2025-03-28
ORD-02876,CL-235,distributori,2025-03-28
ORD-02877,CL-235,distributori,2025-03-28
ORD-02878,CL-235,distributori,2025-03-28
ORD-02879,CL-239,distributori,2025-03-28
ORD-02880,CL-244,distributori,2025-03-28
ORD-02881,CL-246,distributori,2025-03-28
ORD-02882,CL-246,distributori,2025-03-28
ORD-02883,CL-248,distributori,2025-03-28
ORD-02884,CL-251,distributori,2025-03-28
ORD-02885,CL-251,distributori,2025-03-28
ORD-02886,CL-252,distributori,2025-03-28
ORD-02887,CL-254,distributori,2025-03-28
ORD-02888,CL-258,distributori,2025-03-28
ORD-02889,CL-258,distributori,2025-03-28
ORD-02890,CL-002,diretto,2025-03-31
ORD-02891,CL-003,diretto,2025-03-31
ORD-02892,CL-004,diretto,2025-03-31
ORD-02893,CL-006,diretto,2025-03-31
ORD-02894,CL-007,diretto,2025-03-31
ORD-02895,CL-008,diretto,2025-03-31
ORD-02896,CL-014,diretto,2025-03-31
ORD-02897,CL-014,diretto,2025-03-31
ORD-02898,CL-016,diretto,2025-03-31
ORD-02899,CL-018,diretto,2025-03-31
ORD-02900,CL-020,diretto,2025-03-31
ORD-02901,CL-024,diretto,2025-03-31
ORD-02902,CL-026,diretto,2025-03-31
ORD-02903,CL-027,diretto,2025-03-31
ORD-02904,CL-028,diretto,2025-03-31
ORD-02905,CL-032,diretto,2025-03-31
ORD-02906,CL-034,diretto,2025-03-31
ORD-02907,CL-062,diretto,2025-03-31
ORD-02908,CL-075,diretto,2025-03-31
ORD-02909,CL-082,diretto,2025-03-31
ORD-02910,CL-108,diretto,2025-03-31
ORD-02911,CL-108,diretto,2025-03-31
ORD-02912,CL-110,diretto,2025-03-31
ORD-02913,CL-110,diretto,2025-03-31
ORD-02914,CL-111,diretto,2025-03-31
ORD-02915,CL-128,diretto,2025-03-31
ORD-02916,CL-144,diretto,2025-03-31
ORD-02917,CL-146,diretto,2025-03-31
ORD-02918,CL-147,diretto,2025-03-31
ORD-02919,CL-157,diretto,2025-03-31
ORD-02920,CL-158,diretto,2025-03-31
ORD-02921,CL-160,diretto,2025-03-31
ORD-02922,CL-164,diretto,2025-03-31
ORD-02923,CL-190,diretto,2025-03-31
ORD-02924,CL-191,diretto,2025-03-31
ORD-02925,CL-194,diretto,2025-03-31
ORD-02926,CL-198,diretto,2025-03-31
ORD-02927,CL-210,diretto,2025-03-31
ORD-02928,CL-215,diretto,2025-03-31
ORD-02929,CL-219,distributori,2025-03-31
ORD-02930,CL-221,distributori,2025-03-31
ORD-02931,CL-225,distributori,2025-03-31
ORD-02932,CL-225,distributori,2025-03-31
ORD-02933,CL-225,distributori,2025-03-31
ORD-02934,CL-228,distributori,2025-03-31
ORD-02935,CL-228,distributori,2025-03-31
ORD-02936,CL-229,distributori,2025-03-31
ORD-02937,CL-232,distributori,2025-03-31
ORD-02938,CL-234,distributori,2025-03-31
ORD-02939,CL-234,distributori,2025-03-31
ORD-02940,CL-236,distributori,2025-03-31
ORD-02941,CL-239,distributori,2025-03-31
ORD-02942,CL-243,distributori,2025-03-31
ORD-02943,CL-244,distributori,2025-03-31
ORD-02944,CL-246,distributori,2025-03-31
ORD-02945,CL-246,distributori,2025-03-31
ORD-02946,CL-246,distributori,2025-03-31
ORD-02947,CL-249,distributori,2025-03-31
ORD-02948,CL-250,distributori,2025-03-31
ORD-02949,CL-250,distributori,2025-03-31
ORD-02950,CL-252,distributori,2025-03-31
ORD-02951,CL-253,distributori,2025-03-31
ORD-02952,CL-256,distributori,2025-03-31
ORD-02953,CL-001,diretto,2025-04-01
ORD-02954,CL-003,diretto,2025-04-01
ORD-02955,CL-009,diretto,2025-04-01
ORD-02956,CL-009,diretto,2025-04-01
ORD-02957,CL-010,diretto,2025-04-01
ORD-02958,CL-014,diretto,2025-04-01
ORD-02959,CL-014,diretto,2025-04-01
ORD-02960,CL-020,diretto,2025-04-01
ORD-02961,CL-027,diretto,2025-04-01
ORD-02962,CL-028,diretto,2025-04-01
ORD-02963,CL-043,diretto,2025-04-01
ORD-02964,CL-070,diretto,2025-04-01
ORD-02965,CL-079,diretto,2025-04-01
ORD-02966,CL-100,diretto,2025-04-01
ORD-02967,CL-116,diretto,2025-04-01
ORD-02968,CL-124,diretto,2025-04-01
ORD-02969,CL-129,diretto,2025-04-01
ORD-02970,CL-131,diretto,2025-04-01
ORD-02971,CL-144,diretto,2025-04-01
ORD-02972,CL-170,diretto,2025-04-01
ORD-02973,CL-174,diretto,2025-04-01
ORD-02974,CL-209,diretto,2025-04-01
ORD-02975,CL-219,distributori,2025-04-01
ORD-02976,CL-219,distributori,2025-04-01
ORD-02977,CL-223,distributori,2025-04-01
ORD-02978,CL-224,distributori,2025-04-01
ORD-02979,CL-224,distributori,2025-04-01
ORD-02980,CL-224,distributori,2025-04-01
ORD-02981,CL-225,distributori,2025-04-01
ORD-02982,CL-225,distributori,2025-04-01
ORD-02983,CL-228,distributori,2025-04-01
ORD-02984,CL-228,distributori,2025-04-01
ORD-02985,CL-228,distributori,2025-04-01
ORD-02986,CL-228,distributori,2025-04-01
ORD-02987,CL-235,distributori,2025-04-01
ORD-02988,CL-235,distributori,2025-04-01
ORD-02989,CL-237,distributori,2025-04-01
ORD-02990,CL-238,distributori,2025-04-01
ORD-02991,CL-238,distributori,2025-04-01
ORD-02992,CL-238,distributori,2025-04-01
ORD-02993,CL-240,distributori,2025-04-01
ORD-02994,CL-240,distributori,2025-04-01
ORD-02995,CL-242,distributori,2025-04-01
ORD-02996,CL-242,distributori,2025-04-01
ORD-02997,CL-243,distributori,2025-04-01
ORD-02998,CL-244,distributori,2025-04-01
ORD-02999,CL-245,distributori,2025-04-01
ORD-03000,CL-246,distributori,2025-04-01
ORD-03001,CL-246,distributori,2025-04-01
ORD-03002,CL-250,distributori,2025-04-01
ORD-03003,CL-252,distributori,2025-04-01
ORD-03004,CL-253,distributori,2025-04-01
ORD-03005,CL-254,distributori,2025-04-01
ORD-03006,CL-258,distributori,2025-04-01
ORD-03007,CL-002,diretto,2025-04-02
ORD-03008,CL-003,diretto,2025-04-02
ORD-03009,CL-005,diretto,2025-04-02
ORD-03010,CL-008,diretto,2025-04-02
ORD-03011,CL-009,diretto,2025-04-02
ORD-03012,CL-014,diretto,2025-04-02
ORD-03013,CL-014,diretto,2025-04-02
ORD-03014,CL-014,diretto,2025-04-02
ORD-03015,CL-019,diretto,2025-04-02
ORD-03016,CL-022,diretto,2025-04-02
ORD-03017,CL-028,diretto,2025-04-02
ORD-03018,CL-028,diretto,2025-04-02
ORD-03019,CL-032,diretto,2025-04-02
ORD-03020,CL-038,diretto,2025-04-02
ORD-03021,CL-052,diretto,2025-04-02
ORD-03022,CL-056,diretto,2025-04-02
ORD-03023,CL-064,diretto,2025-04-02
ORD-03024,CL-071,diretto,2025-04-02
ORD-03025,CL-074,diretto,2025-04-02
ORD-03026,CL-111,diretto,2025-04-02
ORD-03027,CL-160,diretto,2025-04-02
ORD-03028,CL-171,diretto,2025-04-02
ORD-03029,CL-176,diretto,2025-04-02
ORD-03030,CL-179,diretto,2025-04-02
ORD-03031,CL-192,diretto,2025-04-02
ORD-03032,CL-200,diretto,2025-04-02
ORD-03033,CL-200,diretto,2025-04-02
ORD-03034,CL-209,diretto,2025-04-02
ORD-03035,CL-218,diretto,2025-04-02
ORD-03036,CL-221,distributori,2025-04-02
ORD-03037,CL-226,distributori,2025-04-02
ORD-03038,CL-228,distributori,2025-04-02
ORD-03039,CL-229,distributori,2025-04-02
ORD-03040,CL-229,distributori,2025-04-02
ORD-03041,CL-229,distributori,2025-04-02
ORD-03042,CL-230,distributori,2025-04-02
ORD-03043,CL-230,distributori,2025-04-02
ORD-03044,CL-234,distributori,2025-04-02
ORD-03045,CL-235,distributori,2025-04-02
ORD-03046,CL-237,distributori,2025-04-02
ORD-03047,CL-237,distributori,2025-04-02
ORD-03048,CL-237,distributori,2025-04-02
ORD-03049,CL-243,distributori,2025-04-02
ORD-03050,CL-245,distributori,2025-04-02
ORD-03051,CL-245,distributori,2025-04-02
ORD-03052,CL-245,distributori,2025-04-02
ORD-03053,CL-246,distributori,2025-04-02
ORD-03054,CL-247,distributori,2025-04-02
ORD-03055,CL-249,distributori,2025-04-02
ORD-03056,CL-252,distributori,2025-04-02
ORD-03057,CL-252,distributori,2025-04-02
ORD-03058,CL-252,distributori,2025-04-02
ORD-03059,CL-253,distributori,2025-04-02
ORD-03060,CL-256,distributori,2025-04-02
ORD-03061,CL-258,distributori,2025-04-02
ORD-03062,CL-006,diretto,2025-04-03
ORD-03063,CL-008,diretto,2025-04-03
ORD-03064,CL-013,diretto,2025-04-03
ORD-03065,CL-014,diretto,2025-04-03
ORD-03066,CL-014,diretto,2025-04-03
ORD-03067,CL-016,diretto,2025-04-03
ORD-03068,CL-021,diretto,2025-04-03
ORD-03069,CL-021,diretto,2025-04-03
ORD-03070,CL-026,diretto,2025-04-03
ORD-03071,CL-028,diretto,2025-04-03
ORD-03072,CL-033,diretto,2025-04-03
ORD-03073,CL-035,diretto,2025-04-03
ORD-03074,CL-041,diretto,2025-04-03
ORD-03075,CL-054,diretto,2025-04-03
ORD-03076,CL-074,diretto,2025-04-03
ORD-03077,CL-078,diretto,2025-04-03
ORD-03078,CL-082,diretto,2025-04-03
ORD-03079,CL-115,diretto,2025-04-03
ORD-03080,CL-127,diretto,2025-04-03
ORD-03081,CL-171,diretto,2025-04-03
ORD-03082,CL-180,diretto,2025-04-03
ORD-03083,CL-194,diretto,2025-04-03
ORD-03084,CL-199,diretto,2025-04-03
ORD-03085,CL-218,diretto,2025-04-03
ORD-03086,CL-218,diretto,2025-04-03
ORD-03087,CL-219,distributori,2025-04-03
ORD-03088,CL-220,distributori,2025-04-03
ORD-03089,CL-221,distributori,2025-04-03
ORD-03090,CL-224,distributori,2025-04-03
ORD-03091,CL-229,distributori,2025-04-03
ORD-03092,CL-232,distributori,2025-04-03
ORD-03093,CL-234,distributori,2025-04-03
ORD-03094,CL-236,distributori,2025-04-03
ORD-03095,CL-236,distributori,2025-04-03
ORD-03096,CL-238,distributori,2025-04-03
ORD-03097,CL-238,distributori,2025-04-03
ORD-03098,CL-239,distributori,2025-04-03
ORD-03099,CL-241,distributori,2025-04-03
ORD-03100,CL-241,distributori,2025-04-03
ORD-03101,CL-243,distributori,2025-04-03
ORD-03102,CL-245,distributori,2025-04-03
ORD-03103,CL-246,distributori,2025-04-03
ORD-03104,CL-247,distributori,2025-04-03
ORD-03105,CL-247,distributori,2025-04-03
ORD-03106,CL-250,distributori,2025-04-03
ORD-03107,CL-251,distributori,2025-04-03
ORD-03108,CL-252,distributori,2025-04-03
ORD-03109,CL-252,distributori,2025-04-03
ORD-03110,CL-253,distributori,2025-04-03
ORD-03111,CL-256,distributori,2025-04-03
ORD-03112,CL-258,distributori,2025-04-03
ORD-03113,CL-002,diretto,2025-04-04
ORD-03114,CL-003,diretto,2025-04-04
ORD-03115,CL-003,diretto,2025-04-04
ORD-03116,CL-007,diretto,2025-04-04
ORD-03117,CL-010,diretto,2025-04-04
ORD-03118,CL-014,diretto,2025-04-04
ORD-03119,CL-014,diretto,2025-04-04
ORD-03120,CL-014,diretto,2025-04-04
ORD-03121,CL-014,diretto,2025-04-04
ORD-03122,CL-020,diretto,2025-04-04
ORD-03123,CL-020,diretto,2025-04-04
ORD-03124,CL-023,diretto,2025-04-04
ORD-03125,CL-026,diretto,2025-04-04
ORD-03126,CL-028,diretto,2025-04-04
ORD-03127,CL-036,diretto,2025-04-04
ORD-03128,CL-062,diretto,2025-04-04
ORD-03129,CL-076,diretto,2025-04-04
ORD-03130,CL-101,diretto,2025-04-04
ORD-03131,CL-119,diretto,2025-04-04
ORD-03132,CL-123,diretto,2025-04-04
ORD-03133,CL-142,diretto,2025-04-04
ORD-03134,CL-202,diretto,2025-04-04
ORD-03135,CL-209,diretto,2025-04-04
ORD-03136,CL-211,diretto,2025-04-04
ORD-03137,CL-221,distributori,2025-04-04
ORD-03138,CL-222,distributori,2025-04-04
ORD-03139,CL-222,distributori,2025-04-04
ORD-03140,CL-223,distributori,2025-04-04
ORD-03141,CL-226,distributori,2025-04-04
ORD-03142,CL-227,distributori,2025-04-04
ORD-03143,CL-229,distributori,2025-04-04
ORD-03144,CL-232,distributori,2025-04-04
ORD-03145,CL-232,distributori,2025-04-04
ORD-03146,CL-233,distributori,2025-04-04
ORD-03147,CL-234,distributori,2025-04-04
ORD-03148,CL-238,distributori,2025-04-04
ORD-03149,CL-239,distributori,2025-04-04
ORD-03150,CL-239,distributori,2025-04-04
ORD-03151,CL-239,distributori,2025-04-04
ORD-03152,CL-242,distributori,2025-04-04
ORD-03153,CL-243,distributori,2025-04-04
ORD-03154,CL-244,distributori,2025-04-04
ORD-03155,CL-245,distributori,2025-04-04
ORD-03156,CL-246,distributori,2025-04-04
ORD-03157,CL-247,distributori,2025-04-04
ORD-03158,CL-249,distributori,2025-04-04
ORD-03159,CL-250,distributori,2025-04-04
ORD-03160,CL-252,distributori,2025-04-04
ORD-03161,CL-252,distributori,2025-04-04
ORD-03162,CL-252,distributori,2025-04-04
ORD-03163,CL-253,distributori,2025-04-04
ORD-03164,CL-258,distributori,2025-04-04
ORD-03165,CL-258,distributori,2025-04-04
ORD-03166,CL-001,diretto,2025-04-07
ORD-03167,CL-014,diretto,2025-04-07
ORD-03168,CL-019,diretto,2025-04-07
ORD-03169,CL-021,diretto,2025-04-07
ORD-03170,CL-022,diretto,2025-04-07
ORD-03171,CL-023,diretto,2025-04-07
ORD-03172,CL-028,diretto,2025-04-07
ORD-03173,CL-029,diretto,2025-04-07
ORD-03174,CL-029,diretto,2025-04-07
ORD-03175,CL-032,diretto,2025-04-07
ORD-03176,CL-032,diretto,2025-04-07
ORD-03177,CL-033,diretto,2025-04-07
ORD-03178,CL-047,diretto,2025-04-07
ORD-03179,CL-057,diretto,2025-04-07
ORD-03180,CL-058,diretto,2025-04-07
ORD-03181,CL-062,diretto,2025-04-07
ORD-03182,CL-103,diretto,2025-04-07
ORD-03183,CL-114,diretto,2025-04-07
ORD-03184,CL-116,diretto,2025-04-07
ORD-03185,CL-155,diretto,2025-04-07
ORD-03186,CL-210,diretto,2025-04-07
ORD-03187,CL-224,distributori,2025-04-07
ORD-03188,CL-224,distributori,2025-04-07
ORD-03189,CL-229,distributori,2025-04-07
ORD-03190,CL-229,distributori,2025-04-07
ORD-03191,CL-230,distributori,2025-04-07
ORD-03192,CL-232,distributori,2025-04-07
ORD-03193,CL-234,distributori,2025-04-07
ORD-03194,CL-236,distributori,2025-04-07
ORD-03195,CL-238,distributori,2025-04-07
ORD-03196,CL-238,distributori,2025-04-07
ORD-03197,CL-242,distributori,2025-04-07
ORD-03198,CL-242,distributori,2025-04-07
ORD-03199,CL-243,distributori,2025-04-07
ORD-03200,CL-243,distributori,2025-04-07
ORD-03201,CL-244,distributori,2025-04-07
ORD-03202,CL-244,distributori,2025-04-07
ORD-03203,CL-244,distributori,2025-04-07
ORD-03204,CL-245,distributori,2025-04-07
ORD-03205,CL-246,distributori,2025-04-07
ORD-03206,CL-250,distributori,2025-04-07
ORD-03207,CL-252,distributori,2025-04-07
ORD-03208,CL-252,distributori,2025-04-07
ORD-03209,CL-257,distributori,2025-04-07
ORD-03210,CL-258,distributori,2025-04-07
ORD-03211,CL-001,diretto,2025-04-08
ORD-03212,CL-006,diretto,2025-04-08
ORD-03213,CL-008,diretto,2025-04-08
ORD-03214,CL-009,diretto,2025-04-08
ORD-03215,CL-010,diretto,2025-04-08
ORD-03216,CL-012,diretto,2025-04-08
ORD-03217,CL-013,diretto,2025-04-08
ORD-03218,CL-014,diretto,2025-04-08
ORD-03219,CL-016,diretto,2025-04-08
ORD-03220,CL-023,diretto,2025-04-08
ORD-03221,CL-026,diretto,2025-04-08
ORD-03222,CL-026,diretto,2025-04-08
ORD-03223,CL-029,diretto,2025-04-08
ORD-03224,CL-029,diretto,2025-04-08
ORD-03225,CL-055,diretto,2025-04-08
ORD-03226,CL-066,diretto,2025-04-08
ORD-03227,CL-070,diretto,2025-04-08
ORD-03228,CL-088,diretto,2025-04-08
ORD-03229,CL-157,diretto,2025-04-08
ORD-03230,CL-176,diretto,2025-04-08
ORD-03231,CL-180,diretto,2025-04-08
ORD-03232,CL-183,diretto,2025-04-08
ORD-03233,CL-184,diretto,2025-04-08
ORD-03234,CL-186,diretto,2025-04-08
ORD-03235,CL-188,diretto,2025-04-08
ORD-03236,CL-194,diretto,2025-04-08
ORD-03237,CL-208,diretto,2025-04-08
ORD-03238,CL-221,distributori,2025-04-08
ORD-03239,CL-222,distributori,2025-04-08
ORD-03240,CL-224,distributori,2025-04-08
ORD-03241,CL-226,distributori,2025-04-08
ORD-03242,CL-228,distributori,2025-04-08
ORD-03243,CL-228,distributori,2025-04-08
ORD-03244,CL-229,distributori,2025-04-08
ORD-03245,CL-231,distributori,2025-04-08
ORD-03246,CL-232,distributori,2025-04-08
ORD-03247,CL-233,distributori,2025-04-08
ORD-03248,CL-234,distributori,2025-04-08
ORD-03249,CL-234,distributori,2025-04-08
ORD-03250,CL-235,distributori,2025-04-08
ORD-03251,CL-236,distributori,2025-04-08
ORD-03252,CL-236,distributori,2025-04-08
ORD-03253,CL-238,distributori,2025-04-08
ORD-03254,CL-238,distributori,2025-04-08
ORD-03255,CL-239,distributori,2025-04-08
ORD-03256,CL-239,distributori,2025-04-08
ORD-03257,CL-241,distributori,2025-04-08
ORD-03258,CL-244,distributori,2025-04-08
ORD-03259,CL-246,distributori,2025-04-08
ORD-03260,CL-246,distributori,2025-04-08
ORD-03261,CL-247,distributori,2025-04-08
ORD-03262,CL-250,distributori,2025-04-08
ORD-03263,CL-251,distributori,2025-04-08
ORD-03264,CL-252,distributori,2025-04-08
ORD-03265,CL-253,distributori,2025-04-08
ORD-03266,CL-256,distributori,2025-04-08
ORD-03267,CL-258,distributori,2025-04-08
ORD-03268,CL-007,diretto,2025-04-09
ORD-03269,CL-014,diretto,2025-04-09
ORD-03270,CL-014,diretto,2025-04-09
ORD-03271,CL-014,diretto,2025-04-09
ORD-03272,CL-018,diretto,2025-04-09
ORD-03273,CL-021,diretto,2025-04-09
ORD-03274,CL-029,diretto,2025-04-09
ORD-03275,CL-069,diretto,2025-04-09
ORD-03276,CL-082,diretto,2025-04-09
ORD-03277,CL-116,diretto,2025-04-09
ORD-03278,CL-121,diretto,2025-04-09
ORD-03279,CL-126,diretto,2025-04-09
ORD-03280,CL-132,diretto,2025-04-09
ORD-03281,CL-133,diretto,2025-04-09
ORD-03282,CL-135,diretto,2025-04-09
ORD-03283,CL-144,diretto,2025-04-09
ORD-03284,CL-148,diretto,2025-04-09
ORD-03285,CL-150,diretto,2025-04-09
ORD-03286,CL-165,diretto,2025-04-09
ORD-03287,CL-184,diretto,2025-04-09
ORD-03288,CL-205,diretto,2025-04-09
ORD-03289,CL-219,distributori,2025-04-09
ORD-03290,CL-223,distributori,2025-04-09
ORD-03291,CL-223,distributori,2025-04-09
ORD-03292,CL-223,distributori,2025-04-09
ORD-03293,CL-228,distributori,2025-04-09
ORD-03294,CL-228,distributori,2025-04-09
ORD-03295,CL-229,distributori,2025-04-09
ORD-03296,CL-230,distributori,2025-04-09
ORD-03297,CL-230,distributori,2025-04-09
ORD-03298,CL-230,distributori,2025-04-09
ORD-03299,CL-230,distributori,2025-04-09
ORD-03300,CL-231,distributori,2025-04-09
ORD-03301,CL-231,distributori,2025-04-09
ORD-03302,CL-236,distributori,2025-04-09
ORD-03303,CL-237,distributori,2025-04-09
ORD-03304,CL-239,distributori,2025-04-09
ORD-03305,CL-245,distributori,2025-04-09
ORD-03306,CL-246,distributori,2025-04-09
ORD-03307,CL-248,distributori,2025-04-09
ORD-03308,CL-251,distributori,2025-04-09
ORD-03309,CL-251,distributori,2025-04-09
ORD-03310,CL-257,distributori,2025-04-09
ORD-03311,CL-002,diretto,2025-04-10
ORD-03312,CL-006,diretto,2025-04-10
ORD-03313,CL-006,diretto,2025-04-10
ORD-03314,CL-007,diretto,2025-04-10
ORD-03315,CL-014,diretto,2025-04-10
ORD-03316,CL-016,diretto,2025-04-10
ORD-03317,CL-020,diretto,2025-04-10
ORD-03318,CL-020,diretto,2025-04-10
ORD-03319,CL-023,diretto,2025-04-10
ORD-03320,CL-027,diretto,2025-04-10
ORD-03321,CL-030,diretto,2025-04-10
ORD-03322,CL-033,diretto,2025-04-10
ORD-03323,CL-044,diretto,2025-04-10
ORD-03324,CL-062,diretto,2025-04-10
ORD-03325,CL-091,diretto,2025-04-10
ORD-03326,CL-116,diretto,2025-04-10
ORD-03327,CL-136,diretto,2025-04-10
ORD-03328,CL-143,diretto,2025-04-10
ORD-03329,CL-147,diretto,2025-04-10
ORD-03330,CL-148,diretto,2025-04-10
ORD-03331,CL-156,diretto,2025-04-10
ORD-03332,CL-180,diretto,2025-04-10
ORD-03333,CL-181,diretto,2025-04-10
ORD-03334,CL-185,diretto,2025-04-10
ORD-03335,CL-188,diretto,2025-04-10
ORD-03336,CL-195,diretto,2025-04-10
ORD-03337,CL-221,distributori,2025-04-10
ORD-03338,CL-226,distributori,2025-04-10
ORD-03339,CL-228,distributori,2025-04-10
ORD-03340,CL-229,distributori,2025-04-10
ORD-03341,CL-229,distributori,2025-04-10
ORD-03342,CL-230,distributori,2025-04-10
ORD-03343,CL-234,distributori,2025-04-10
ORD-03344,CL-235,distributori,2025-04-10
ORD-03345,CL-236,distributori,2025-04-10
ORD-03346,CL-237,distributori,2025-04-10
ORD-03347,CL-242,distributori,2025-04-10
ORD-03348,CL-242,distributori,2025-04-10
ORD-03349,CL-243,distributori,2025-04-10
ORD-03350,CL-245,distributori,2025-04-10
ORD-03351,CL-252,distributori,2025-04-10
ORD-03352,CL-252,distributori,2025-04-10
ORD-03353,CL-253,distributori,2025-04-10
ORD-03354,CL-005,diretto,2025-04-11
ORD-03355,CL-010,diretto,2025-04-11
ORD-03356,CL-010,diretto,2025-04-11
ORD-03357,CL-014,diretto,2025-04-11
ORD-03358,CL-014,diretto,2025-04-11
ORD-03359,CL-014,diretto,2025-04-11
ORD-03360,CL-017,diretto,2025-04-11
ORD-03361,CL-022,diretto,2025-04-11
ORD-03362,CL-027,diretto,2025-04-11
ORD-03363,CL-031,diretto,2025-04-11
ORD-03364,CL-031,diretto,2025-04-11
ORD-03365,CL-032,diretto,2025-04-11
ORD-03366,CL-034,diretto,2025-04-11
ORD-03367,CL-035,diretto,2025-04-11
ORD-03368,CL-057,diretto,2025-04-11
ORD-03369,CL-067,diretto,2025-04-11
ORD-03370,CL-070,diretto,2025-04-11
ORD-03371,CL-075,diretto,2025-04-11
ORD-03372,CL-081,diretto,2025-04-11
ORD-03373,CL-109,diretto,2025-04-11
ORD-03374,CL-114,diretto,2025-04-11
ORD-03375,CL-126,diretto,2025-04-11
ORD-03376,CL-133,diretto,2025-04-11
ORD-03377,CL-160,diretto,2025-04-11
ORD-03378,CL-165,diretto,2025-04-11
ORD-03379,CL-170,diretto,2025-04-11
ORD-03380,CL-181,diretto,2025-04-11
ORD-03381,CL-183,diretto,2025-04-11
ORD-03382,CL-189,diretto,2025-04-11
ORD-03383,CL-209,diretto,2025-04-11
ORD-03384,CL-212,diretto,2025-04-11
ORD-03385,CL-213,diretto,2025-04-11
ORD-03386,CL-219,distributori,2025-04-11
ORD-03387,CL-223,distributori,2025-04-11
ORD-03388,CL-224,distributori,2025-04-11
ORD-03389,CL-224,distributori,2025-04-11
ORD-03390,CL-224,distributori,2025-04-11
ORD-03391,CL-224,distributori,2025-04-11
ORD-03392,CL-224,distributori,2025-04-11
ORD-03393,CL-227,distributori,2025-04-11
ORD-03394,CL-228,distributori,2025-04-11
ORD-03395,CL-230,distributori,2025-04-11
ORD-03396,CL-230,distributori,2025-04-11
ORD-03397,CL-234,distributori,2025-04-11
ORD-03398,CL-234,distributori,2025-04-11
ORD-03399,CL-241,distributori,2025-04-11
ORD-03400,CL-242,distributori,2025-04-11
ORD-03401,CL-246,distributori,2025-04-11
ORD-03402,CL-246,distributori,2025-04-11
ORD-03403,CL-249,distributori,2025-04-11
ORD-03404,CL-250,distributori,2025-04-11
ORD-03405,CL-253,distributori,2025-04-11
ORD-03406,CL-253,distributori,2025-04-11
ORD-03407,CL-254,distributori,2025-04-11
ORD-03408,CL-255,distributori,2025-04-11
ORD-03409,CL-001,diretto,2025-04-14
ORD-03410,CL-002,diretto,2025-04-14
ORD-03411,CL-002,diretto,2025-04-14
ORD-03412,CL-003,diretto,2025-04-14
ORD-03413,CL-008,diretto,2025-04-14
ORD-03414,CL-010,diretto,2025-04-14
ORD-03415,CL-014,diretto,2025-04-14
ORD-03416,CL-015,diretto,2025-04-14
ORD-03417,CL-020,diretto,2025-04-14
ORD-03418,CL-024,diretto,2025-04-14
ORD-03419,CL-024,diretto,2025-04-14
ORD-03420,CL-027,diretto,2025-04-14
ORD-03421,CL-027,diretto,2025-04-14
ORD-03422,CL-028,diretto,2025-04-14
ORD-03423,CL-031,diretto,2025-04-14
ORD-03424,CL-032,diretto,2025-04-14
ORD-03425,CL-064,diretto,2025-04-14
ORD-03426,CL-078,diretto,2025-04-14
ORD-03427,CL-079,diretto,2025-04-14
ORD-03428,CL-089,diretto,2025-04-14
ORD-03429,CL-184,diretto,2025-04-14
ORD-03430,CL-190,diretto,2025-04-14
ORD-03431,CL-210,diretto,2025-04-14
ORD-03432,CL-213,diretto,2025-04-14
ORD-03433,CL-220,distributori,2025-04-14
ORD-03434,CL-221,distributori,2025-04-14
ORD-03435,CL-224,distributori,2025-04-14
ORD-03436,CL-226,distributori,2025-04-14
ORD-03437,CL-226,distributori,2025-04-14
ORD-03438,CL-229,distributori,2025-04-14
ORD-03439,CL-230,distributori,2025-04-14
ORD-03440,CL-231,distributori,2025-04-14
ORD-03441,CL-232,distributori,2025-04-14
ORD-03442,CL-234,distributori,2025-04-14
ORD-03443,CL-235,distributori,2025-04-14
ORD-03444,CL-239,distributori,2025-04-14
ORD-03445,CL-239,distributori,2025-04-14
ORD-03446,CL-239,distributori,2025-04-14
ORD-03447,CL-246,distributori,2025-04-14
ORD-03448,CL-246,distributori,2025-04-14
ORD-03449,CL-249,distributori,2025-04-14
ORD-03450,CL-252,distributori,2025-04-14
ORD-03451,CL-252,distributori,2025-04-14
ORD-03452,CL-253,distributori,2025-04-14
ORD-03453,CL-253,distributori,2025-04-14
ORD-03454,CL-258,distributori,2025-04-14
ORD-03455,CL-001,diretto,2025-04-15
ORD-03456,CL-003,diretto,2025-04-15
ORD-03457,CL-004,diretto,2025-04-15
ORD-03458,CL-009,diretto,2025-04-15
ORD-03459,CL-010,diretto,2025-04-15
ORD-03460,CL-014,diretto,2025-04-15
ORD-03461,CL-014,diretto,2025-04-15
ORD-03462,CL-017,diretto,2025-04-15
ORD-03463,CL-019,diretto,2025-04-15
ORD-03464,CL-020,diretto,2025-04-15
ORD-03465,CL-024,diretto,2025-04-15
ORD-03466,CL-028,diretto,2025-04-15
ORD-03467,CL-034,diretto,2025-04-15
ORD-03468,CL-036,diretto,2025-04-15
ORD-03469,CL-040,diretto,2025-04-15
ORD-03470,CL-043,diretto,2025-04-15
ORD-03471,CL-050,diretto,2025-04-15
ORD-03472,CL-086,diretto,2025-04-15
ORD-03473,CL-093,diretto,2025-04-15
ORD-03474,CL-112,diretto,2025-04-15
ORD-03475,CL-116,diretto,2025-04-15
ORD-03476,CL-131,diretto,2025-04-15
ORD-03477,CL-191,diretto,2025-04-15
ORD-03478,CL-212,diretto,2025-04-15
ORD-03479,CL-221,distributori,2025-04-15
ORD-03480,CL-224,distributori,2025-04-15
ORD-03481,CL-224,distributori,2025-04-15
ORD-03482,CL-228,distributori,2025-04-15
ORD-03483,CL-228,distributori,2025-04-15
ORD-03484,CL-228,distributori,2025-04-15
ORD-03485,CL-229,distributori,2025-04-15
ORD-03486,CL-230,distributori,2025-04-15
ORD-03487,CL-230,distributori,2025-04-15
ORD-03488,CL-232,distributori,2025-04-15
ORD-03489,CL-237,distributori,2025-04-15
ORD-03490,CL-238,distributori,2025-04-15
ORD-03491,CL-238,distributori,2025-04-15
ORD-03492,CL-242,distributori,2025-04-15
ORD-03493,CL-243,distributori,2025-04-15
ORD-03494,CL-244,distributori,2025-04-15
ORD-03495,CL-246,distributori,2025-04-15
ORD-03496,CL-248,distributori,2025-04-15
ORD-03497,CL-251,distributori,2025-04-15
ORD-03498,CL-251,distributori,2025-04-15
ORD-03499,CL-252,distributori,2025-04-15
ORD-03500,CL-252,distributori,2025-04-15
ORD-03501,CL-002,diretto,2025-04-16
ORD-03502,CL-003,diretto,2025-04-16
ORD-03503,CL-008,diretto,2025-04-16
ORD-03504,CL-008,diretto,2025-04-16
ORD-03505,CL-009,diretto,2025-04-16
ORD-03506,CL-010,diretto,2025-04-16
ORD-03507,CL-014,diretto,2025-04-16
ORD-03508,CL-014,diretto,2025-04-16
ORD-03509,CL-024,diretto,2025-04-16
ORD-03510,CL-026,diretto,2025-04-16
ORD-03511,CL-026,diretto,2025-04-16
ORD-03512,CL-027,diretto,2025-04-16
ORD-03513,CL-033,diretto,2025-04-16
ORD-03514,CL-052,diretto,2025-04-16
ORD-03515,CL-056,diretto,2025-04-16
ORD-03516,CL-059,diretto,2025-04-16
ORD-03517,CL-088,diretto,2025-04-16
ORD-03518,CL-133,diretto,2025-04-16
ORD-03519,CL-149,diretto,2025-04-16
ORD-03520,CL-177,diretto,2025-04-16
ORD-03521,CL-185,diretto,2025-04-16
ORD-03522,CL-189,diretto,2025-04-16
ORD-03523,CL-210,diretto,2025-04-16
ORD-03524,CL-222,distributori,2025-04-16
ORD-03525,CL-225,distributori,2025-04-16
ORD-03526,CL-225,distributori,2025-04-16
ORD-03527,CL-228,distributori,2025-04-16
ORD-03528,CL-228,distributori,2025-04-16
ORD-03529,CL-230,distributori,2025-04-16
ORD-03530,CL-230,distributori,2025-04-16
ORD-03531,CL-232,distributori,2025-04-16
ORD-03532,CL-237,distributori,2025-04-16
ORD-03533,CL-240,distributori,2025-04-16
ORD-03534,CL-240,distributori,2025-04-16
ORD-03535,CL-242,distributori,2025-04-16
ORD-03536,CL-243,distributori,2025-04-16
ORD-03537,CL-246,distributori,2025-04-16
ORD-03538,CL-249,distributori,2025-04-16
ORD-03539,CL-252,distributori,2025-04-16
ORD-03540,CL-252,distributori,2025-04-16
ORD-03541,CL-252,distributori,2025-04-16
ORD-03542,CL-252,distributori,2025-04-16
ORD-03543,CL-255,distributori,2025-04-16
ORD-03544,CL-002,diretto,2025-04-17
ORD-03545,CL-003,diretto,2025-04-17
ORD-03546,CL-004,diretto,2025-04-17
ORD-03547,CL-004,diretto,2025-04-17
ORD-03548,CL-008,diretto,2025-04-17
ORD-03549,CL-008,diretto,2025-04-17
ORD-03550,CL-008,diretto,2025-04-17
ORD-03551,CL-009,diretto,2025-04-17
ORD-03552,CL-009,diretto,2025-04-17
ORD-03553,CL-021,diretto,2025-04-17
ORD-03554,CL-025,diretto,2025-04-17
ORD-03555,CL-026,diretto,2025-04-17
ORD-03556,CL-026,diretto,2025-04-17
ORD-03557,CL-027,diretto,2025-04-17
ORD-03558,CL-054,diretto,2025-04-17
ORD-03559,CL-082,diretto,2025-04-17
ORD-03560,CL-112,diretto,2025-04-17
ORD-03561,CL-123,diretto,2025-04-17
ORD-03562,CL-148,diretto,2025-04-17
ORD-03563,CL-172,diretto,2025-04-17
ORD-03564,CL-188,diretto,2025-04-17
ORD-03565,CL-219,distributori,2025-04-17
ORD-03566,CL-219,distributori,2025-04-17
ORD-03567,CL-220,distributori,2025-04-17
ORD-03568,CL-220,distributori,2025-04-17
ORD-03569,CL-220,distributori,2025-04-17
ORD-03570,CL-222,distributori,2025-04-17
ORD-03571,CL-223,distributori,2025-04-17
ORD-03572,CL-227,distributori,2025-04-17
ORD-03573,CL-228,distributori,2025-04-17
ORD-03574,CL-228,distributori,2025-04-17
ORD-03575,CL-235,distributori,2025-04-17
ORD-03576,CL-237,distributori,2025-04-17
ORD-03577,CL-239,distributori,2025-04-17
ORD-03578,CL-241,distributori,2025-04-17
ORD-03579,CL-242,distributori,2025-04-17
ORD-03580,CL-242,distributori,2025-04-17
ORD-03581,CL-242,distributori,2025-04-17
ORD-03582,CL-243,distributori,2025-04-17
ORD-03583,CL-244,distributori,2025-04-17
ORD-03584,CL-246,distributori,2025-04-17
ORD-03585,CL-251,distributori,2025-04-17
ORD-03586,CL-252,distributori,2025-04-17
ORD-03587,CL-255,distributori,2025-04-17
ORD-03588,CL-003,diretto,2025-04-18
ORD-03589,CL-007,diretto,2025-04-18
ORD-03590,CL-007,diretto,2025-04-18
ORD-03591,CL-011,diretto,2025-04-18
ORD-03592,CL-014,diretto,2025-04-18
ORD-03593,CL-021,diretto,2025-04-18
ORD-03594,CL-021,diretto,2025-04-18
ORD-03595,CL-027,diretto,2025-04-18
ORD-03596,CL-033,diretto,2025-04-18
ORD-03597,CL-043,diretto,2025-04-18
ORD-03598,CL-054,diretto,2025-04-18
ORD-03599,CL-079,diretto,2025-04-18
ORD-03600,CL-112,diretto,2025-04-18
ORD-03601,CL-112,diretto,2025-04-18
ORD-03602,CL-114,diretto,2025-04-18
ORD-03603,CL-150,diretto,2025-04-18
ORD-03604,CL-174,diretto,2025-04-18
ORD-03605,CL-181,diretto,2025-04-18
ORD-03606,CL-183,diretto,2025-04-18
ORD-03607,CL-183,diretto,2025-04-18
ORD-03608,CL-202,diretto,2025-04-18
ORD-03609,CL-223,distributori,2025-04-18
ORD-03610,CL-224,distributori,2025-04-18
ORD-03611,CL-228,distributori,2025-04-18
ORD-03612,CL-228,distributori,2025-04-18
ORD-03613,CL-228,distributori,2025-04-18
ORD-03614,CL-228,distributori,2025-04-18
ORD-03615,CL-229,distributori,2025-04-18
ORD-03616,CL-229,distributori,2025-04-18
ORD-03617,CL-229,distributori,2025-04-18
ORD-03618,CL-230,distributori,2025-04-18
ORD-03619,CL-230,distributori,2025-04-18
ORD-03620,CL-232,distributori,2025-04-18
ORD-03621,CL-235,distributori,2025-04-18
ORD-03622,CL-235,distributori,2025-04-18
ORD-03623,CL-236,distributori,2025-04-18
ORD-03624,CL-239,distributori,2025-04-18
ORD-03625,CL-251,distributori,2025-04-18
ORD-03626,CL-251,distributori,2025-04-18
ORD-03627,CL-252,distributori,2025-04-18
ORD-03628,CL-252,distributori,2025-04-18
ORD-03629,CL-253,distributori,2025-04-18
ORD-03630,CL-254,distributori,2025-04-18
ORD-03631,CL-255,distributori,2025-04-18
ORD-03632,CL-255,distributori,2025-04-18
ORD-03633,CL-258,distributori,2025-04-18
ORD-03634,CL-002,diretto,2025-04-22
ORD-03635,CL-002,diretto,2025-04-22
ORD-03636,CL-007,diretto,2025-04-22
ORD-03637,CL-008,diretto,2025-04-22
ORD-03638,CL-009,diretto,2025-04-22
ORD-03639,CL-009,diretto,2025-04-22
ORD-03640,CL-010,diretto,2025-04-22
ORD-03641,CL-014,diretto,2025-04-22
ORD-03642,CL-014,diretto,2025-04-22
ORD-03643,CL-014,diretto,2025-04-22
ORD-03644,CL-014,diretto,2025-04-22
ORD-03645,CL-020,diretto,2025-04-22
ORD-03646,CL-023,diretto,2025-04-22
ORD-03647,CL-024,diretto,2025-04-22
ORD-03648,CL-026,diretto,2025-04-22
ORD-03649,CL-027,diretto,2025-04-22
ORD-03650,CL-029,diretto,2025-04-22
ORD-03651,CL-037,diretto,2025-04-22
ORD-03652,CL-052,diretto,2025-04-22
ORD-03653,CL-062,diretto,2025-04-22
ORD-03654,CL-081,diretto,2025-04-22
ORD-03655,CL-108,diretto,2025-04-22
ORD-03656,CL-114,diretto,2025-04-22
ORD-03657,CL-136,diretto,2025-04-22
ORD-03658,CL-137,diretto,2025-04-22
ORD-03659,CL-138,diretto,2025-04-22
ORD-03660,CL-157,diretto,2025-04-22
ORD-03661,CL-175,diretto,2025-04-22
ORD-03662,CL-194,diretto,2025-04-22
ORD-03663,CL-202,diretto,2025-04-22
ORD-03664,CL-203,diretto,2025-04-22
ORD-03665,CL-213,diretto,2025-04-22
ORD-03666,CL-222,distributori,2025-04-22
ORD-03667,CL-223,distributori,2025-04-22
ORD-03668,CL-224,distributori,2025-04-22
ORD-03669,CL-224,distributori,2025-04-22
ORD-03670,CL-224,distributori,2025-04-22
ORD-03671,CL-225,distributori,2025-04-22
ORD-03672,CL-225,distributori,2025-04-22
ORD-03673,CL-226,distributori,2025-04-22
ORD-03674,CL-236,distributori,2025-04-22
ORD-03675,CL-237,distributori,2025-04-22
ORD-03676,CL-238,distributori,2025-04-22
ORD-03677,CL-242,distributori,2025-04-22
ORD-03678,CL-243,distributori,2025-04-22
ORD-03679,CL-244,distributori,2025-04-22
ORD-03680,CL-251,distributori,2025-04-22
ORD-03681,CL-252,distributori,2025-04-22
ORD-03682,CL-254,distributori,2025-04-22
ORD-03683,CL-254,distributori,2025-04-22
ORD-03684,CL-257,distributori,2025-04-22
ORD-03685,CL-001,diretto,2025-04-23
ORD-03686,CL-002,diretto,2025-04-23
ORD-03687,CL-004,diretto,2025-04-23
ORD-03688,CL-007,diretto,2025-04-23
ORD-03689,CL-010,diretto,2025-04-23
ORD-03690,CL-013,diretto,2025-04-23
ORD-03691,CL-014,diretto,2025-04-23
ORD-03692,CL-014,diretto,2025-04-23
ORD-03693,CL-014,diretto,2025-04-23
ORD-03694,CL-014,diretto,2025-04-23
ORD-03695,CL-014,diretto,2025-04-23
ORD-03696,CL-017,diretto,2025-04-23
ORD-03697,CL-018,diretto,2025-04-23
ORD-03698,CL-022,diretto,2025-04-23
ORD-03699,CL-022,diretto,2025-04-23
ORD-03700,CL-026,diretto,2025-04-23
ORD-03701,CL-027,diretto,2025-04-23
ORD-03702,CL-031,diretto,2025-04-23
ORD-03703,CL-061,diretto,2025-04-23
ORD-03704,CL-074,diretto,2025-04-23
ORD-03705,CL-080,diretto,2025-04-23
ORD-03706,CL-108,diretto,2025-04-23
ORD-03707,CL-116,diretto,2025-04-23
ORD-03708,CL-128,diretto,2025-04-23
ORD-03709,CL-166,diretto,2025-04-23
ORD-03710,CL-173,diretto,2025-04-23
ORD-03711,CL-174,diretto,2025-04-23
ORD-03712,CL-178,diretto,2025-04-23
ORD-03713,CL-191,diretto,2025-04-23
ORD-03714,CL-197,diretto,2025-04-23
ORD-03715,CL-209,diretto,2025-04-23
ORD-03716,CL-212,diretto,2025-04-23
ORD-03717,CL-219,distributori,2025-04-23
ORD-03718,CL-224,distributori,2025-04-23
ORD-03719,CL-225,distributori,2025-04-23
ORD-03720,CL-229,distributori,2025-04-23
ORD-03721,CL-229,distributori,2025-04-23
ORD-03722,CL-230,distributori,2025-04-23
ORD-03723,CL-230,distributori,2025-04-23
ORD-03724,CL-230,distributori,2025-04-23
ORD-03725,CL-230,distributori,2025-04-23
ORD-03726,CL-232,distributori,2025-04-23
ORD-03727,CL-237,distributori,2025-04-23
ORD-03728,CL-239,distributori,2025-04-23
ORD-03729,CL-239,distributori,2025-04-23
ORD-03730,CL-242,distributori,2025-04-23
ORD-03731,CL-242,distributori,2025-04-23
ORD-03732,CL-243,distributori,2025-04-23
ORD-03733,CL-243,distributori,2025-04-23
ORD-03734,CL-244,distributori,2025-04-23
ORD-03735,CL-247,distributori,2025-04-23
ORD-03736,CL-247,distributori,2025-04-23
ORD-03737,CL-251,distributori,2025-04-23
ORD-03738,CL-251,distributori,2025-04-23
ORD-03739,CL-252,distributori,2025-04-23
ORD-03740,CL-257,distributori,2025-04-23
ORD-03741,CL-258,distributori,2025-04-23
ORD-03742,CL-002,diretto,2025-04-24
ORD-03743,CL-003,diretto,2025-04-24
ORD-03744,CL-006,diretto,2025-04-24
ORD-03745,CL-007,diretto,2025-04-24
ORD-03746,CL-009,diretto,2025-04-24
ORD-03747,CL-011,diretto,2025-04-24
ORD-03748,CL-014,diretto,2025-04-24
ORD-03749,CL-014,diretto,2025-04-24
ORD-03750,CL-020,diretto,2025-04-24
ORD-03751,CL-026,diretto,2025-04-24
ORD-03752,CL-028,diretto,2025-04-24
ORD-03753,CL-032,diretto,2025-04-24
ORD-03754,CL-034,diretto,2025-04-24
ORD-03755,CL-050,diretto,2025-04-24
ORD-03756,CL-066,diretto,2025-04-24
ORD-03757,CL-088,diretto,2025-04-24
ORD-03758,CL-088,diretto,2025-04-24
ORD-03759,CL-093,diretto,2025-04-24
ORD-03760,CL-109,diretto,2025-04-24
ORD-03761,CL-119,diretto,2025-04-24
ORD-03762,CL-143,diretto,2025-04-24
ORD-03763,CL-150,diretto,2025-04-24
ORD-03764,CL-176,diretto,2025-04-24
ORD-03765,CL-222,distributori,2025-04-24
ORD-03766,CL-222,distributori,2025-04-24
ORD-03767,CL-224,distributori,2025-04-24
ORD-03768,CL-224,distributori,2025-04-24
ORD-03769,CL-224,distributori,2025-04-24
ORD-03770,CL-225,distributori,2025-04-24
ORD-03771,CL-227,distributori,2025-04-24
ORD-03772,CL-229,distributori,2025-04-24
ORD-03773,CL-230,distributori,2025-04-24
ORD-03774,CL-233,distributori,2025-04-24
ORD-03775,CL-236,distributori,2025-04-24
ORD-03776,CL-238,distributori,2025-04-24
ORD-03777,CL-239,distributori,2025-04-24
ORD-03778,CL-242,distributori,2025-04-24
ORD-03779,CL-243,distributori,2025-04-24
ORD-03780,CL-243,distributori,2025-04-24
ORD-03781,CL-245,distributori,2025-04-24
ORD-03782,CL-247,distributori,2025-04-24
ORD-03783,CL-253,distributori,2025-04-24
ORD-03784,CL-253,distributori,2025-04-24
ORD-03785,CL-253,distributori,2025-04-24
ORD-03786,CL-004,diretto,2025-04-28
ORD-03787,CL-008,diretto,2025-04-28
ORD-03788,CL-009,diretto,2025-04-28
ORD-03789,CL-009,diretto,2025-04-28
ORD-03790,CL-014,diretto,2025-04-28
ORD-03791,CL-014,diretto,2025-04-28
ORD-03792,CL-014,diretto,2025-04-28
ORD-03793,CL-014,diretto,2025-04-28
ORD-03794,CL-022,diretto,2025-04-28
ORD-03795,CL-023,diretto,2025-04-28
ORD-03796,CL-023,diretto,2025-04-28
ORD-03797,CL-026,diretto,2025-04-28
ORD-03798,CL-027,diretto,2025-04-28
ORD-03799,CL-030,diretto,2025-04-28
ORD-03800,CL-032,diretto,2025-04-28
ORD-03801,CL-034,diretto,2025-04-28
ORD-03802,CL-054,diretto,2025-04-28
ORD-03803,CL-069,diretto,2025-04-28
ORD-03804,CL-125,diretto,2025-04-28
ORD-03805,CL-128,diretto,2025-04-28
ORD-03806,CL-140,diretto,2025-04-28
ORD-03807,CL-162,diretto,2025-04-28
ORD-03808,CL-173,diretto,2025-04-28
ORD-03809,CL-181,diretto,2025-04-28
ORD-03810,CL-182,diretto,2025-04-28
ORD-03811,CL-194,diretto,2025-04-28
ORD-03812,CL-195,diretto,2025-04-28
ORD-03813,CL-197,diretto,2025-04-28
ORD-03814,CL-205,diretto,2025-04-28
ORD-03815,CL-214,diretto,2025-04-28
ORD-03816,CL-219,distributori,2025-04-28
ORD-03817,CL-221,distributori,2025-04-28
ORD-03818,CL-224,distributori,2025-04-28
ORD-03819,CL-226,distributori,2025-04-28
ORD-03820,CL-226,distributori,2025-04-28
ORD-03821,CL-227,distributori,2025-04-28
ORD-03822,CL-228,distributori,2025-04-28
ORD-03823,CL-228,distributori,2025-04-28
ORD-03824,CL-229,distributori,2025-04-28
ORD-03825,CL-229,distributori,2025-04-28
ORD-03826,CL-230,distributori,2025-04-28
ORD-03827,CL-230,distributori,2025-04-28
ORD-03828,CL-232,distributori,2025-04-28
ORD-03829,CL-234,distributori,2025-04-28
ORD-03830,CL-234,distributori,2025-04-28
ORD-03831,CL-236,distributori,2025-04-28
ORD-03832,CL-237,distributori,2025-04-28
ORD-03833,CL-237,distributori,2025-04-28
ORD-03834,CL-239,distributori,2025-04-28
ORD-03835,CL-244,distributori,2025-04-28
ORD-03836,CL-245,distributori,2025-04-28
ORD-03837,CL-245,distributori,2025-04-28
ORD-03838,CL-246,distributori,2025-04-28
ORD-03839,CL-251,distributori,2025-04-28
ORD-03840,CL-252,distributori,2025-04-28
ORD-03841,CL-253,distributori,2025-04-28
ORD-03842,CL-257,distributori,2025-04-28
ORD-03843,CL-002,diretto,2025-04-29
ORD-03844,CL-002,diretto,2025-04-29
ORD-03845,CL-004,diretto,2025-04-29
ORD-03846,CL-008,diretto,2025-04-29
ORD-03847,CL-008,diretto,2025-04-29
ORD-03848,CL-023,diretto,2025-04-29
ORD-03849,CL-024,diretto,2025-04-29
ORD-03850,CL-026,diretto,2025-04-29
ORD-03851,CL-031,diretto,2025-04-29
ORD-03852,CL-051,diretto,2025-04-29
ORD-03853,CL-061,diretto,2025-04-29
ORD-03854,CL-066,diretto,2025-04-29
ORD-03855,CL-068,diretto,2025-04-29
ORD-03856,CL-091,diretto,2025-04-29
ORD-03857,CL-132,diretto,2025-04-29
ORD-03858,CL-147,diretto,2025-04-29
ORD-03859,CL-158,diretto,2025-04-29
ORD-03860,CL-176,diretto,2025-04-29
ORD-03861,CL-194,diretto,2025-04-29
ORD-03862,CL-199,diretto,2025-04-29
ORD-03863,CL-200,diretto,2025-04-29
ORD-03864,CL-219,distributori,2025-04-29
ORD-03865,CL-221,distributori,2025-04-29
ORD-03866,CL-222,distributori,2025-04-29
ORD-03867,CL-222,distributori,2025-04-29
ORD-03868,CL-223,distributori,2025-04-29
ORD-03869,CL-224,distributori,2025-04-29
ORD-03870,CL-224,distributori,2025-04-29
ORD-03871,CL-224,distributori,2025-04-29
ORD-03872,CL-226,distributori,2025-04-29
ORD-03873,CL-226,distributori,2025-04-29
ORD-03874,CL-226,distributori,2025-04-29
ORD-03875,CL-226,distributori,2025-04-29
ORD-03876,CL-228,distributori,2025-04-29
ORD-03877,CL-230,distributori,2025-04-29
ORD-03878,CL-232,distributori,2025-04-29
ORD-03879,CL-237,distributori,2025-04-29
ORD-03880,CL-238,distributori,2025-04-29
ORD-03881,CL-238,distributori,2025-04-29
ORD-03882,CL-238,distributori,2025-04-29
ORD-03883,CL-242,distributori,2025-04-29
ORD-03884,CL-242,distributori,2025-04-29
ORD-03885,CL-246,distributori,2025-04-29
ORD-03886,CL-246,distributori,2025-04-29
ORD-03887,CL-249,distributori,2025-04-29
ORD-03888,CL-251,distributori,2025-04-29
ORD-03889,CL-251,distributori,2025-04-29
ORD-03890,CL-252,distributori,2025-04-29
ORD-03891,CL-252,distributori,2025-04-29
ORD-03892,CL-003,diretto,2025-04-30
ORD-03893,CL-007,diretto,2025-04-30
ORD-03894,CL-014,diretto,2025-04-30
ORD-03895,CL-014,diretto,2025-04-30
ORD-03896,CL-014,diretto,2025-04-30
ORD-03897,CL-027,diretto,2025-04-30
ORD-03898,CL-039,diretto,2025-04-30
ORD-03899,CL-041,diretto,2025-04-30
ORD-03900,CL-044,diretto,2025-04-30
ORD-03901,CL-054,diretto,2025-04-30
ORD-03902,CL-062,diretto,2025-04-30
ORD-03903,CL-087,diretto,2025-04-30
ORD-03904,CL-096,diretto,2025-04-30
ORD-03905,CL-099,diretto,2025-04-30
ORD-03906,CL-102,diretto,2025-04-30
ORD-03907,CL-132,diretto,2025-04-30
ORD-03908,CL-137,diretto,2025-04-30
ORD-03909,CL-154,diretto,2025-04-30
ORD-03910,CL-190,diretto,2025-04-30
ORD-03911,CL-204,diretto,2025-04-30
ORD-03912,CL-206,diretto,2025-04-30
ORD-03913,CL-207,diretto,2025-04-30
ORD-03914,CL-219,distributori,2025-04-30
ORD-03915,CL-222,distributori,2025-04-30
ORD-03916,CL-224,distributori,2025-04-30
ORD-03917,CL-225,distributori,2025-04-30
ORD-03918,CL-233,distributori,2025-04-30
ORD-03919,CL-235,distributori,2025-04-30
ORD-03920,CL-237,distributori,2025-04-30
ORD-03921,CL-237,distributori,2025-04-30
ORD-03922,CL-238,distributori,2025-04-30
ORD-03923,CL-238,distributori,2025-04-30
ORD-03924,CL-239,distributori,2025-04-30
ORD-03925,CL-240,distributori,2025-04-30
ORD-03926,CL-240,distributori,2025-04-30
ORD-03927,CL-242,distributori,2025-04-30
ORD-03928,CL-242,distributori,2025-04-30
ORD-03929,CL-243,distributori,2025-04-30
ORD-03930,CL-243,distributori,2025-04-30
ORD-03931,CL-246,distributori,2025-04-30
ORD-03932,CL-249,distributori,2025-04-30
ORD-03933,CL-249,distributori,2025-04-30
ORD-03934,CL-251,distributori,2025-04-30
ORD-03935,CL-252,distributori,2025-04-30
ORD-03936,CL-252,distributori,2025-04-30
ORD-03937,CL-257,distributori,2025-04-30
ORD-03938,CL-001,diretto,2025-05-02
ORD-03939,CL-001,diretto,2025-05-02
ORD-03940,CL-006,diretto,2025-05-02
ORD-03941,CL-009,diretto,2025-05-02
ORD-03942,CL-013,diretto,2025-05-02
ORD-03943,CL-014,diretto,2025-05-02
ORD-03944,CL-014,diretto,2025-05-02
ORD-03945,CL-014,diretto,2025-05-02
ORD-03946,CL-014,diretto,2025-05-02
ORD-03947,CL-020,diretto,2025-05-02
ORD-03948,CL-024,diretto,2025-05-02
ORD-03949,CL-029,diretto,2025-05-02
ORD-03950,CL-031,diretto,2025-05-02
ORD-03951,CL-034,diretto,2025-05-02
ORD-03952,CL-043,diretto,2025-05-02
ORD-03953,CL-070,diretto,2025-05-02
ORD-03954,CL-105,diretto,2025-05-02
ORD-03955,CL-119,diretto,2025-05-02
ORD-03956,CL-130,diretto,2025-05-02
ORD-03957,CL-161,diretto,2025-05-02
ORD-03958,CL-187,diretto,2025-05-02
ORD-03959,CL-191,diretto,2025-05-02
ORD-03960,CL-191,diretto,2025-05-02
ORD-03961,CL-193,diretto,2025-05-02
ORD-03962,CL-219,distributori,2025-05-02
ORD-03963,CL-219,distributori,2025-05-02
ORD-03964,CL-224,distributori,2025-05-02
ORD-03965,CL-224,distributori,2025-05-02
ORD-03966,CL-232,distributori,2025-05-02
ORD-03967,CL-238,distributori,2025-05-02
ORD-03968,CL-238,distributori,2025-05-02
ORD-03969,CL-239,distributori,2025-05-02
ORD-03970,CL-239,distributori,2025-05-02
ORD-03971,CL-241,distributori,2025-05-02
ORD-03972,CL-241,distributori,2025-05-02
ORD-03973,CL-241,distributori,2025-05-02
ORD-03974,CL-241,distributori,2025-05-02
ORD-03975,CL-243,distributori,2025-05-02
ORD-03976,CL-246,distributori,2025-05-02
ORD-03977,CL-246,distributori,2025-05-02
ORD-03978,CL-252,distributori,2025-05-02
ORD-03979,CL-253,distributori,2025-05-02
ORD-03980,CL-253,distributori,2025-05-02
ORD-03981,CL-255,distributori,2025-05-02
ORD-03982,CL-255,distributori,2025-05-02
ORD-03983,CL-258,distributori,2025-05-02
ORD-03984,CL-007,diretto,2025-05-05
ORD-03985,CL-008,diretto,2025-05-05
ORD-03986,CL-009,diretto,2025-05-05
ORD-03987,CL-011,diretto,2025-05-05
ORD-03988,CL-013,diretto,2025-05-05
ORD-03989,CL-014,diretto,2025-05-05
ORD-03990,CL-014,diretto,2025-05-05
ORD-03991,CL-018,diretto,2025-05-05
ORD-03992,CL-027,diretto,2025-05-05
ORD-03993,CL-030,diretto,2025-05-05
ORD-03994,CL-040,diretto,2025-05-05
ORD-03995,CL-040,diretto,2025-05-05
ORD-03996,CL-043,diretto,2025-05-05
ORD-03997,CL-054,diretto,2025-05-05
ORD-03998,CL-077,diretto,2025-05-05
ORD-03999,CL-080,diretto,2025-05-05
ORD-04000,CL-098,diretto,2025-05-05
ORD-04001,CL-140,diretto,2025-05-05
ORD-04002,CL-158,diretto,2025-05-05
ORD-04003,CL-162,diretto,2025-05-05
ORD-04004,CL-210,diretto,2025-05-05
ORD-04005,CL-221,distributori,2025-05-05
ORD-04006,CL-222,distributori,2025-05-05
ORD-04007,CL-222,distributori,2025-05-05
ORD-04008,CL-228,distributori,2025-05-05
ORD-04009,CL-228,distributori,2025-05-05
ORD-04010,CL-228,distributori,2025-05-05
ORD-04011,CL-230,distributori,2025-05-05
ORD-04012,CL-231,distributori,2025-05-05
ORD-04013,CL-235,distributori,2025-05-05
ORD-04014,CL-236,distributori,2025-05-05
ORD-04015,CL-236,distributori,2025-05-05
ORD-04016,CL-239,distributori,2025-05-05
ORD-04017,CL-240,distributori,2025-05-05
ORD-04018,CL-243,distributori,2025-05-05
ORD-04019,CL-243,distributori,2025-05-05
ORD-04020,CL-245,distributori,2025-05-05
ORD-04021,CL-246,distributori,2025-05-05
ORD-04022,CL-249,distributori,2025-05-05
ORD-04023,CL-250,distributori,2025-05-05
ORD-04024,CL-252,distributori,2025-05-05
ORD-04025,CL-255,distributori,2025-05-05
ORD-04026,CL-258,distributori,2025-05-05
ORD-04027,CL-006,diretto,2025-05-06
ORD-04028,CL-007,diretto,2025-05-06
ORD-04029,CL-011,diretto,2025-05-06
ORD-04030,CL-014,diretto,2025-05-06
ORD-04031,CL-014,diretto,2025-05-06
ORD-04032,CL-014,diretto,2025-05-06
ORD-04033,CL-014,diretto,2025-05-06
ORD-04034,CL-014,diretto,2025-05-06
ORD-04035,CL-015,diretto,2025-05-06
ORD-04036,CL-018,diretto,2025-05-06
ORD-04037,CL-020,diretto,2025-05-06
ORD-04038,CL-026,diretto,2025-05-06
ORD-04039,CL-032,diretto,2025-05-06
ORD-04040,CL-082,diretto,2025-05-06
ORD-04041,CL-087,diretto,2025-05-06
ORD-04042,CL-088,diretto,2025-05-06
ORD-04043,CL-089,diretto,2025-05-06
ORD-04044,CL-195,diretto,2025-05-06
ORD-04045,CL-210,diretto,2025-05-06
ORD-04046,CL-219,distributori,2025-05-06
ORD-04047,CL-220,distributori,2025-05-06
ORD-04048,CL-222,distributori,2025-05-06
ORD-04049,CL-224,distributori,2025-05-06
ORD-04050,CL-228,distributori,2025-05-06
ORD-04051,CL-229,distributori,2025-05-06
ORD-04052,CL-229,distributori,2025-05-06
ORD-04053,CL-231,distributori,2025-05-06
ORD-04054,CL-235,distributori,2025-05-06
ORD-04055,CL-238,distributori,2025-05-06
ORD-04056,CL-241,distributori,2025-05-06
ORD-04057,CL-242,distributori,2025-05-06
ORD-04058,CL-243,distributori,2025-05-06
ORD-04059,CL-243,distributori,2025-05-06
ORD-04060,CL-243,distributori,2025-05-06
ORD-04061,CL-245,distributori,2025-05-06
ORD-04062,CL-246,distributori,2025-05-06
ORD-04063,CL-247,distributori,2025-05-06
ORD-04064,CL-249,distributori,2025-05-06
ORD-04065,CL-250,distributori,2025-05-06
ORD-04066,CL-250,distributori,2025-05-06
ORD-04067,CL-252,distributori,2025-05-06
ORD-04068,CL-252,distributori,2025-05-06
ORD-04069,CL-252,distributori,2025-05-06
ORD-04070,CL-254,distributori,2025-05-06
ORD-04071,CL-258,distributori,2025-05-06
ORD-04072,CL-258,distributori,2025-05-06
ORD-04073,CL-002,diretto,2025-05-07
ORD-04074,CL-008,diretto,2025-05-07
ORD-04075,CL-008,diretto,2025-05-07
ORD-04076,CL-013,diretto,2025-05-07
ORD-04077,CL-014,diretto,2025-05-07
ORD-04078,CL-014,diretto,2025-05-07
ORD-04079,CL-014,diretto,2025-05-07
ORD-04080,CL-014,diretto,2025-05-07
ORD-04081,CL-017,diretto,2025-05-07
ORD-04082,CL-020,diretto,2025-05-07
ORD-04083,CL-021,diretto,2025-05-07
ORD-04084,CL-023,diretto,2025-05-07
ORD-04085,CL-023,diretto,2025-05-07
ORD-04086,CL-026,diretto,2025-05-07
ORD-04087,CL-027,diretto,2025-05-07
ORD-04088,CL-029,diretto,2025-05-07
ORD-04089,CL-029,diretto,2025-05-07
ORD-04090,CL-059,diretto,2025-05-07
ORD-04091,CL-067,diretto,2025-05-07
ORD-04092,CL-067,diretto,2025-05-07
ORD-04093,CL-075,diretto,2025-05-07
ORD-04094,CL-077,diretto,2025-05-07
ORD-04095,CL-099,diretto,2025-05-07
ORD-04096,CL-106,diretto,2025-05-07
ORD-04097,CL-202,diretto,2025-05-07
ORD-04098,CL-210,diretto,2025-05-07
ORD-04099,CL-223,distributori,2025-05-07
ORD-04100,CL-224,distributori,2025-05-07
ORD-04101,CL-225,distributori,2025-05-07
ORD-04102,CL-226,distributori,2025-05-07
ORD-04103,CL-229,distributori,2025-05-07
ORD-04104,CL-230,distributori,2025-05-07
ORD-04105,CL-232,distributori,2025-05-07
ORD-04106,CL-232,distributori,2025-05-07
ORD-04107,CL-232,distributori,2025-05-07
ORD-04108,CL-233,distributori,2025-05-07
ORD-04109,CL-233,distributori,2025-05-07
ORD-04110,CL-234,distributori,2025-05-07
ORD-04111,CL-242,distributori,2025-05-07
ORD-04112,CL-242,distributori,2025-05-07
ORD-04113,CL-243,distributori,2025-05-07
ORD-04114,CL-244,distributori,2025-05-07
ORD-04115,CL-244,distributori,2025-05-07
ORD-04116,CL-245,distributori,2025-05-07
ORD-04117,CL-247,distributori,2025-05-07
ORD-04118,CL-249,distributori,2025-05-07
ORD-04119,CL-251,distributori,2025-05-07
ORD-04120,CL-252,distributori,2025-05-07
ORD-04121,CL-252,distributori,2025-05-07
ORD-04122,CL-252,distributori,2025-05-07
ORD-04123,CL-252,distributori,2025-05-07
ORD-04124,CL-252,distributori,2025-05-07
ORD-04125,CL-252,distributori,2025-05-07
ORD-04126,CL-254,distributori,2025-05-07
ORD-04127,CL-254,distributori,2025-05-07
ORD-04128,CL-256,distributori,2025-05-07
ORD-04129,CL-258,distributori,2025-05-07
ORD-04130,CL-258,distributori,2025-05-07
ORD-04131,CL-004,diretto,2025-05-08
ORD-04132,CL-013,diretto,2025-05-08
ORD-04133,CL-014,diretto,2025-05-08
ORD-04134,CL-016,diretto,2025-05-08
ORD-04135,CL-016,diretto,2025-05-08
ORD-04136,CL-017,diretto,2025-05-08
ORD-04137,CL-023,diretto,2025-05-08
ORD-04138,CL-024,diretto,2025-05-08
ORD-04139,CL-027,diretto,2025-05-08
ORD-04140,CL-030,diretto,2025-05-08
ORD-04141,CL-032,diretto,2025-05-08
ORD-04142,CL-055,diretto,2025-05-08
ORD-04143,CL-080,diretto,2025-05-08
ORD-04144,CL-087,diretto,2025-05-08
ORD-04145,CL-103,diretto,2025-05-08
ORD-04146,CL-113,diretto,2025-05-08
ORD-04147,CL-134,diretto,2025-05-08
ORD-04148,CL-142,diretto,2025-05-08
ORD-04149,CL-194,diretto,2025-05-08
ORD-04150,CL-195,diretto,2025-05-08
ORD-04151,CL-202,diretto,2025-05-08
ORD-04152,CL-221,distributori,2025-05-08
ORD-04153,CL-225,distributori,2025-05-08
ORD-04154,CL-226,distributori,2025-05-08
ORD-04155,CL-229,distributori,2025-05-08
ORD-04156,CL-232,distributori,2025-05-08
ORD-04157,CL-233,distributori,2025-05-08
ORD-04158,CL-233,distributori,2025-05-08
ORD-04159,CL-234,distributori,2025-05-08
ORD-04160,CL-235,distributori,2025-05-08
ORD-04161,CL-235,distributori,2025-05-08
ORD-04162,CL-238,distributori,2025-05-08
ORD-04163,CL-239,distributori,2025-05-08
ORD-04164,CL-243,distributori,2025-05-08
ORD-04165,CL-244,distributori,2025-05-08
ORD-04166,CL-244,distributori,2025-05-08
ORD-04167,CL-247,distributori,2025-05-08
ORD-04168,CL-247,distributori,2025-05-08
ORD-04169,CL-249,distributori,2025-05-08
ORD-04170,CL-250,distributori,2025-05-08
ORD-04171,CL-252,distributori,2025-05-08
ORD-04172,CL-006,diretto,2025-05-09
ORD-04173,CL-014,diretto,2025-05-09
ORD-04174,CL-018,diretto,2025-05-09
ORD-04175,CL-021,diretto,2025-05-09
ORD-04176,CL-025,diretto,2025-05-09
ORD-04177,CL-031,diretto,2025-05-09
ORD-04178,CL-046,diretto,2025-05-09
ORD-04179,CL-054,diretto,2025-05-09
ORD-04180,CL-065,diretto,2025-05-09
ORD-04181,CL-103,diretto,2025-05-09
ORD-04182,CL-125,diretto,2025-05-09
ORD-04183,CL-128,diretto,2025-05-09
ORD-04184,CL-158,diretto,2025-05-09
ORD-04185,CL-169,diretto,2025-05-09
ORD-04186,CL-174,diretto,2025-05-09
ORD-04187,CL-212,diretto,2025-05-09
ORD-04188,CL-221,distributori,2025-05-09
ORD-04189,CL-224,distributori,2025-05-09
ORD-04190,CL-226,distributori,2025-05-09
ORD-04191,CL-226,distributori,2025-05-09
ORD-04192,CL-228,distributori,2025-05-09
ORD-04193,CL-230,distributori,2025-05-09
ORD-04194,CL-230,distributori,2025-05-09
ORD-04195,CL-232,distributori,2025-05-09
ORD-04196,CL-233,distributori,2025-05-09
ORD-04197,CL-234,distributori,2025-05-09
ORD-04198,CL-234,distributori,2025-05-09
ORD-04199,CL-236,distributori,2025-05-09
ORD-04200,CL-236,distributori,2025-05-09
ORD-04201,CL-238,distributori,2025-05-09
ORD-04202,CL-238,distributori,2025-05-09
ORD-04203,CL-239,distributori,2025-05-09
ORD-04204,CL-242,distributori,2025-05-09
ORD-04205,CL-245,distributori,2025-05-09
ORD-04206,CL-248,distributori,2025-05-09
ORD-04207,CL-249,distributori,2025-05-09
ORD-04208,CL-250,distributori,2025-05-09
ORD-04209,CL-251,distributori,2025-05-09
ORD-04210,CL-251,distributori,2025-05-09
ORD-04211,CL-252,distributori,2025-05-09
ORD-04212,CL-254,distributori,2025-05-09
ORD-04213,CL-254,distributori,2025-05-09
ORD-04214,CL-257,distributori,2025-05-09
ORD-04215,CL-004,diretto,2025-05-12
ORD-04216,CL-004,diretto,2025-05-12
ORD-04217,CL-005,diretto,2025-05-12
ORD-04218,CL-007,diretto,2025-05-12
ORD-04219,CL-014,diretto,2025-05-12
ORD-04220,CL-024,diretto,2025-05-12
ORD-04221,CL-025,diretto,2025-05-12
ORD-04222,CL-043,diretto,2025-05-12
ORD-04223,CL-043,diretto,2025-05-12
ORD-04224,CL-062,diretto,2025-05-12
ORD-04225,CL-068,diretto,2025-05-12
ORD-04226,CL-077,diretto,2025-05-12
ORD-04227,CL-108,diretto,2025-05-12
ORD-04228,CL-119,diretto,2025-05-12
ORD-04229,CL-132,diretto,2025-05-12
ORD-04230,CL-162,diretto,2025-05-12
ORD-04231,CL-190,diretto,2025-05-12
ORD-04232,CL-209,diretto,2025-05-12
ORD-04233,CL-220,distributori,2025-05-12
ORD-04234,CL-221,distributori,2025-05-12
ORD-04235,CL-221,distributori,2025-05-12
ORD-04236,CL-224,distributori,2025-05-12
ORD-04237,CL-224,distributori,2025-05-12
ORD-04238,CL-225,distributori,2025-05-12
ORD-04239,CL-226,distributori,2025-05-12
ORD-04240,CL-230,distributori,2025-05-12
ORD-04241,CL-232,distributori,2025-05-12
ORD-04242,CL-235,distributori,2025-05-12
ORD-04243,CL-237,distributori,2025-05-12
ORD-04244,CL-237,distributori,2025-05-12
ORD-04245,CL-239,distributori,2025-05-12
ORD-04246,CL-240,distributori,2025-05-12
ORD-04247,CL-240,distributori,2025-05-12
ORD-04248,CL-242,distributori,2025-05-12
ORD-04249,CL-242,distributori,2025-05-12
ORD-04250,CL-242,distributori,2025-05-12
ORD-04251,CL-242,distributori,2025-05-12
ORD-04252,CL-243,distributori,2025-05-12
ORD-04253,CL-244,distributori,2025-05-12
ORD-04254,CL-245,distributori,2025-05-12
ORD-04255,CL-245,distributori,2025-05-12
ORD-04256,CL-246,distributori,2025-05-12
ORD-04257,CL-246,distributori,2025-05-12
ORD-04258,CL-002,diretto,2025-05-13
ORD-04259,CL-007,diretto,2025-05-13
ORD-04260,CL-009,diretto,2025-05-13
ORD-04261,CL-010,diretto,2025-05-13
ORD-04262,CL-011,diretto,2025-05-13
ORD-04263,CL-014,diretto,2025-05-13
ORD-04264,CL-014,diretto,2025-05-13
ORD-04265,CL-027,diretto,2025-05-13
ORD-04266,CL-027,diretto,2025-05-13
ORD-04267,CL-030,diretto,2025-05-13
ORD-04268,CL-034,diretto,2025-05-13
ORD-04269,CL-043,diretto,2025-05-13
ORD-04270,CL-069,diretto,2025-05-13
ORD-04271,CL-084,diretto,2025-05-13
ORD-04272,CL-121,diretto,2025-05-13
ORD-04273,CL-125,diretto,2025-05-13
ORD-04274,CL-126,diretto,2025-05-13
ORD-04275,CL-129,diretto,2025-05-13
ORD-04276,CL-134,diretto,2025-05-13
ORD-04277,CL-134,diretto,2025-05-13
ORD-04278,CL-186,diretto,2025-05-13
ORD-04279,CL-190,diretto,2025-05-13
ORD-04280,CL-195,diretto,2025-05-13
ORD-04281,CL-220,distributori,2025-05-13
ORD-04282,CL-222,distributori,2025-05-13
ORD-04283,CL-224,distributori,2025-05-13
ORD-04284,CL-226,distributori,2025-05-13
ORD-04285,CL-228,distributori,2025-05-13
ORD-04286,CL-236,distributori,2025-05-13
ORD-04287,CL-240,distributori,2025-05-13
ORD-04288,CL-241,distributori,2025-05-13
ORD-04289,CL-242,distributori,2025-05-13
ORD-04290,CL-245,distributori,2025-05-13
ORD-04291,CL-246,distributori,2025-05-13
ORD-04292,CL-247,distributori,2025-05-13
ORD-04293,CL-250,distributori,2025-05-13
ORD-04294,CL-252,distributori,2025-05-13
ORD-04295,CL-252,distributori,2025-05-13
ORD-04296,CL-253,distributori,2025-05-13
ORD-04297,CL-255,distributori,2025-05-13
ORD-04298,CL-256,distributori,2025-05-13
ORD-04299,CL-258,distributori,2025-05-13
ORD-04300,CL-004,diretto,2025-05-14
ORD-04301,CL-006,diretto,2025-05-14
ORD-04302,CL-007,diretto,2025-05-14
ORD-04303,CL-013,diretto,2025-05-14
ORD-04304,CL-013,diretto,2025-05-14
ORD-04305,CL-016,diretto,2025-05-14
ORD-04306,CL-018,diretto,2025-05-14
ORD-04307,CL-023,diretto,2025-05-14
ORD-04308,CL-024,diretto,2025-05-14
ORD-04309,CL-026,diretto,2025-05-14
ORD-04310,CL-032,diretto,2025-05-14
ORD-04311,CL-034,diretto,2025-05-14
ORD-04312,CL-040,diretto,2025-05-14
ORD-04313,CL-045,diretto,2025-05-14
ORD-04314,CL-050,diretto,2025-05-14
ORD-04315,CL-113,diretto,2025-05-14
ORD-04316,CL-160,diretto,2025-05-14
ORD-04317,CL-180,diretto,2025-05-14
ORD-04318,CL-213,diretto,2025-05-14
ORD-04319,CL-214,diretto,2025-05-14
ORD-04320,CL-215,diretto,2025-05-14
ORD-04321,CL-219,distributori,2025-05-14
ORD-04322,CL-221,distributori,2025-05-14
ORD-04323,CL-222,distributori,2025-05-14
ORD-04324,CL-222,distributori,2025-05-14
ORD-04325,CL-223,distributori,2025-05-14
ORD-04326,CL-224,distributori,2025-05-14
ORD-04327,CL-224,distributori,2025-05-14
ORD-04328,CL-224,distributori,2025-05-14
ORD-04329,CL-224,distributori,2025-05-14
ORD-04330,CL-225,distributori,2025-05-14
ORD-04331,CL-226,distributori,2025-05-14
ORD-04332,CL-228,distributori,2025-05-14
ORD-04333,CL-229,distributori,2025-05-14
ORD-04334,CL-232,distributori,2025-05-14
ORD-04335,CL-233,distributori,2025-05-14
ORD-04336,CL-236,distributori,2025-05-14
ORD-04337,CL-237,distributori,2025-05-14
ORD-04338,CL-238,distributori,2025-05-14
ORD-04339,CL-238,distributori,2025-05-14
ORD-04340,CL-239,distributori,2025-05-14
ORD-04341,CL-239,distributori,2025-05-14
ORD-04342,CL-250,distributori,2025-05-14
ORD-04343,CL-250,distributori,2025-05-14
ORD-04344,CL-252,distributori,2025-05-14
ORD-04345,CL-252,distributori,2025-05-14
ORD-04346,CL-257,distributori,2025-05-14
ORD-04347,CL-005,diretto,2025-05-15
ORD-04348,CL-006,diretto,2025-05-15
ORD-04349,CL-008,diretto,2025-05-15
ORD-04350,CL-009,diretto,2025-05-15
ORD-04351,CL-012,diretto,2025-05-15
ORD-04352,CL-014,diretto,2025-05-15
ORD-04353,CL-014,diretto,2025-05-15
ORD-04354,CL-014,diretto,2025-05-15
ORD-04355,CL-014,diretto,2025-05-15
ORD-04356,CL-014,diretto,2025-05-15
ORD-04357,CL-015,diretto,2025-05-15
ORD-04358,CL-015,diretto,2025-05-15
ORD-04359,CL-015,diretto,2025-05-15
ORD-04360,CL-018,diretto,2025-05-15
ORD-04361,CL-019,diretto,2025-05-15
ORD-04362,CL-021,diretto,2025-05-15
ORD-04363,CL-070,diretto,2025-05-15
ORD-04364,CL-077,diretto,2025-05-15
ORD-04365,CL-099,diretto,2025-05-15
ORD-04366,CL-135,diretto,2025-05-15
ORD-04367,CL-147,diretto,2025-05-15
ORD-04368,CL-155,diretto,2025-05-15
ORD-04369,CL-199,diretto,2025-05-15
ORD-04370,CL-221,distributori,2025-05-15
ORD-04371,CL-224,distributori,2025-05-15
ORD-04372,CL-224,distributori,2025-05-15
ORD-04373,CL-224,distributori,2025-05-15
ORD-04374,CL-225,distributori,2025-05-15
ORD-04375,CL-230,distributori,2025-05-15
ORD-04376,CL-230,distributori,2025-05-15
ORD-04377,CL-230,distributori,2025-05-15
ORD-04378,CL-232,distributori,2025-05-15
ORD-04379,CL-232,distributori,2025-05-15
ORD-04380,CL-233,distributori,2025-05-15
ORD-04381,CL-234,distributori,2025-05-15
ORD-04382,CL-235,distributori,2025-05-15
ORD-04383,CL-235,distributori,2025-05-15
ORD-04384,CL-236,distributori,2025-05-15
ORD-04385,CL-239,distributori,2025-05-15
ORD-04386,CL-239,distributori,2025-05-15
ORD-04387,CL-242,distributori,2025-05-15
ORD-04388,CL-243,distributori,2025-05-15
ORD-04389,CL-244,distributori,2025-05-15
ORD-04390,CL-245,distributori,2025-05-15
ORD-04391,CL-246,distributori,2025-05-15
ORD-04392,CL-247,distributori,2025-05-15
ORD-04393,CL-249,distributori,2025-05-15
ORD-04394,CL-252,distributori,2025-05-15
ORD-04395,CL-255,distributori,2025-05-15
ORD-04396,CL-256,distributori,2025-05-15
ORD-04397,CL-258,distributori,2025-05-15
ORD-04398,CL-005,diretto,2025-05-16
ORD-04399,CL-005,diretto,2025-05-16
ORD-04400,CL-009,diretto,2025-05-16
ORD-04401,CL-009,diretto,2025-05-16
ORD-04402,CL-014,diretto,2025-05-16
ORD-04403,CL-014,diretto,2025-05-16
ORD-04404,CL-014,diretto,2025-05-16
ORD-04405,CL-014,diretto,2025-05-16
ORD-04406,CL-014,diretto,2025-05-16
ORD-04407,CL-015,diretto,2025-05-16
ORD-04408,CL-015,diretto,2025-05-16
ORD-04409,CL-018,diretto,2025-05-16
ORD-04410,CL-024,diretto,2025-05-16
ORD-04411,CL-027,diretto,2025-05-16
ORD-04412,CL-031,diretto,2025-05-16
ORD-04413,CL-043,diretto,2025-05-16
ORD-04414,CL-064,diretto,2025-05-16
ORD-04415,CL-143,diretto,2025-05-16
ORD-04416,CL-145,diretto,2025-05-16
ORD-04417,CL-161,diretto,2025-05-16
ORD-04418,CL-161,diretto,2025-05-16
ORD-04419,CL-205,diretto,2025-05-16
ORD-04420,CL-209,diretto,2025-05-16
ORD-04421,CL-213,diretto,2025-05-16
ORD-04422,CL-221,distributori,2025-05-16
ORD-04423,CL-223,distributori,2025-05-16
ORD-04424,CL-224,distributori,2025-05-16
ORD-04425,CL-224,distributori,2025-05-16
ORD-04426,CL-224,distributori,2025-05-16
ORD-04427,CL-226,distributori,2025-05-16
ORD-04428,CL-229,distributori,2025-05-16
ORD-04429,CL-229,distributori,2025-05-16
ORD-04430,CL-229,distributori,2025-05-16
ORD-04431,CL-230,distributori,2025-05-16
ORD-04432,CL-232,distributori,2025-05-16
ORD-04433,CL-235,distributori,2025-05-16
ORD-04434,CL-238,distributori,2025-05-16
ORD-04435,CL-239,distributori,2025-05-16
ORD-04436,CL-240,distributori,2025-05-16
ORD-04437,CL-249,distributori,2025-05-16
ORD-04438,CL-250,distributori,2025-05-16
ORD-04439,CL-251,distributori,2025-05-16
ORD-04440,CL-254,distributori,2025-05-16
ORD-04441,CL-255,distributori,2025-05-16
ORD-04442,CL-255,distributori,2025-05-16
ORD-04443,CL-256,distributori,2025-05-16
ORD-04444,CL-258,distributori,2025-05-16
ORD-04445,CL-002,diretto,2025-05-19
ORD-04446,CL-003,diretto,2025-05-19
ORD-04447,CL-003,diretto,2025-05-19
ORD-04448,CL-010,diretto,2025-05-19
ORD-04449,CL-014,diretto,2025-05-19
ORD-04450,CL-014,diretto,2025-05-19
ORD-04451,CL-014,diretto,2025-05-19
ORD-04452,CL-022,diretto,2025-05-19
ORD-04453,CL-031,diretto,2025-05-19
ORD-04454,CL-068,diretto,2025-05-19
ORD-04455,CL-069,diretto,2025-05-19
ORD-04456,CL-087,diretto,2025-05-19
ORD-04457,CL-122,diretto,2025-05-19
ORD-04458,CL-153,diretto,2025-05-19
ORD-04459,CL-158,diretto,2025-05-19
ORD-04460,CL-177,diretto,2025-05-19
ORD-04461,CL-182,diretto,2025-05-19
ORD-04462,CL-192,diretto,2025-05-19
ORD-04463,CL-200,diretto,2025-05-19
ORD-04464,CL-212,diretto,2025-05-19
ORD-04465,CL-219,distributori,2025-05-19
ORD-04466,CL-221,distributori,2025-05-19
ORD-04467,CL-221,distributori,2025-05-19
ORD-04468,CL-223,distributori,2025-05-19
ORD-04469,CL-224,distributori,2025-05-19
ORD-04470,CL-224,distributori,2025-05-19
ORD-04471,CL-225,distributori,2025-05-19
ORD-04472,CL-229,distributori,2025-05-19
ORD-04473,CL-236,distributori,2025-05-19
ORD-04474,CL-239,distributori,2025-05-19
ORD-04475,CL-245,distributori,2025-05-19
ORD-04476,CL-246,distributori,2025-05-19
ORD-04477,CL-252,distributori,2025-05-19
ORD-04478,CL-255,distributori,2025-05-19
ORD-04479,CL-256,distributori,2025-05-19
ORD-04480,CL-004,diretto,2025-05-20
ORD-04481,CL-005,diretto,2025-05-20
ORD-04482,CL-008,diretto,2025-05-20
ORD-04483,CL-014,diretto,2025-05-20
ORD-04484,CL-014,diretto,2025-05-20
ORD-04485,CL-014,diretto,2025-05-20
ORD-04486,CL-019,diretto,2025-05-20
ORD-04487,CL-020,diretto,2025-05-20
ORD-04488,CL-026,diretto,2025-05-20
ORD-04489,CL-027,diretto,2025-05-20
ORD-04490,CL-028,diretto,2025-05-20
ORD-04491,CL-028,diretto,2025-05-20
ORD-04492,CL-032,diretto,2025-05-20
ORD-04493,CL-032,diretto,2025-05-20
ORD-04494,CL-054,diretto,2025-05-20
ORD-04495,CL-070,diretto,2025-05-20
ORD-04496,CL-076,diretto,2025-05-20
ORD-04497,CL-091,diretto,2025-05-20
ORD-04498,CL-098,diretto,2025-05-20
ORD-04499,CL-132,diretto,2025-05-20
ORD-04500,CL-140,diretto,2025-05-20
ORD-04501,CL-162,diretto,2025-05-20
ORD-04502,CL-164,diretto,2025-05-20
ORD-04503,CL-185,diretto,2025-05-20
ORD-04504,CL-206,diretto,2025-05-20
ORD-04505,CL-219,distributori,2025-05-20
ORD-04506,CL-222,distributori,2025-05-20
ORD-04507,CL-225,distributori,2025-05-20
ORD-04508,CL-229,distributori,2025-05-20
ORD-04509,CL-229,distributori,2025-05-20
ORD-04510,CL-230,distributori,2025-05-20
ORD-04511,CL-236,distributori,2025-05-20
ORD-04512,CL-237,distributori,2025-05-20
ORD-04513,CL-240,distributori,2025-05-20
ORD-04514,CL-245,distributori,2025-05-20
ORD-04515,CL-247,distributori,2025-05-20
ORD-04516,CL-251,distributori,2025-05-20
ORD-04517,CL-251,distributori,2025-05-20
ORD-04518,CL-252,distributori,2025-05-20
ORD-04519,CL-255,distributori,2025-05-20
ORD-04520,CL-258,distributori,2025-05-20
ORD-04521,CL-002,diretto,2025-05-21
ORD-04522,CL-006,diretto,2025-05-21
ORD-04523,CL-007,diretto,2025-05-21
ORD-04524,CL-008,diretto,2025-05-21
ORD-04525,CL-014,diretto,2025-05-21
ORD-04526,CL-014,diretto,2025-05-21
ORD-04527,CL-014,diretto,2025-05-21
ORD-04528,CL-021,diretto,2025-05-21
ORD-04529,CL-023,diretto,2025-05-21
ORD-04530,CL-030,diretto,2025-05-21
ORD-04531,CL-032,diretto,2025-05-21
ORD-04532,CL-034,diretto,2025-05-21
ORD-04533,CL-034,diretto,2025-05-21
ORD-04534,CL-082,diretto,2025-05-21
ORD-04535,CL-098,diretto,2025-05-21
ORD-04536,CL-103,diretto,2025-05-21
ORD-04537,CL-146,diretto,2025-05-21
ORD-04538,CL-150,diretto,2025-05-21
ORD-04539,CL-153,diretto,2025-05-21
ORD-04540,CL-156,diretto,2025-05-21
ORD-04541,CL-157,diretto,2025-05-21
ORD-04542,CL-158,diretto,2025-05-21
ORD-04543,CL-171,diretto,2025-05-21
ORD-04544,CL-177,diretto,2025-05-21
ORD-04545,CL-181,diretto,2025-05-21
ORD-04546,CL-190,diretto,2025-05-21
ORD-04547,CL-203,diretto,2025-05-21
ORD-04548,CL-208,diretto,2025-05-21
ORD-04549,CL-219,distributori,2025-05-21
ORD-04550,CL-220,distributori,2025-05-21
ORD-04551,CL-222,distributori,2025-05-21
ORD-04552,CL-224,distributori,2025-05-21
ORD-04553,CL-227,distributori,2025-05-21
ORD-04554,CL-232,distributori,2025-05-21
ORD-04555,CL-232,distributori,2025-05-21
ORD-04556,CL-234,distributori,2025-05-21
ORD-04557,CL-235,distributori,2025-05-21
ORD-04558,CL-235,distributori,2025-05-21
ORD-04559,CL-236,distributori,2025-05-21
ORD-04560,CL-236,distributori,2025-05-21
ORD-04561,CL-238,distributori,2025-05-21
ORD-04562,CL-239,distributori,2025-05-21
ORD-04563,CL-241,distributori,2025-05-21
ORD-04564,CL-241,distributori,2025-05-21
ORD-04565,CL-243,distributori,2025-05-21
ORD-04566,CL-243,distributori,2025-05-21
ORD-04567,CL-243,distributori,2025-05-21
ORD-04568,CL-246,distributori,2025-05-21
ORD-04569,CL-246,distributori,2025-05-21
ORD-04570,CL-246,distributori,2025-05-21
ORD-04571,CL-246,distributori,2025-05-21
ORD-04572,CL-252,distributori,2025-05-21
ORD-04573,CL-254,distributori,2025-05-21
ORD-04574,CL-254,distributori,2025-05-21
ORD-04575,CL-254,distributori,2025-05-21
ORD-04576,CL-257,distributori,2025-05-21
ORD-04577,CL-002,diretto,2025-05-22
ORD-04578,CL-002,diretto,2025-05-22
ORD-04579,CL-004,diretto,2025-05-22
ORD-04580,CL-012,diretto,2025-05-22
ORD-04581,CL-014,diretto,2025-05-22
ORD-04582,CL-014,diretto,2025-05-22
ORD-04583,CL-014,diretto,2025-05-22
ORD-04584,CL-014,diretto,2025-05-22
ORD-04585,CL-016,diretto,2025-05-22
ORD-04586,CL-018,diretto,2025-05-22
ORD-04587,CL-019,diretto,2025-05-22
ORD-04588,CL-026,diretto,2025-05-22
ORD-04589,CL-027,diretto,2025-05-22
ORD-04590,CL-027,diretto,2025-05-22
ORD-04591,CL-027,diretto,2025-05-22
ORD-04592,CL-028,diretto,2025-05-22
ORD-04593,CL-031,diretto,2025-05-22
ORD-04594,CL-038,diretto,2025-05-22
ORD-04595,CL-044,diretto,2025-05-22
ORD-04596,CL-054,diretto,2025-05-22
ORD-04597,CL-058,diretto,2025-05-22
ORD-04598,CL-072,diretto,2025-05-22
ORD-04599,CL-081,diretto,2025-05-22
ORD-04600,CL-086,diretto,2025-05-22
ORD-04601,CL-103,diretto,2025-05-22
ORD-04602,CL-116,diretto,2025-05-22
ORD-04603,CL-124,diretto,2025-05-22
ORD-04604,CL-140,diretto,2025-05-22
ORD-04605,CL-141,diretto,2025-05-22
ORD-04606,CL-143,diretto,2025-05-22
ORD-04607,CL-146,diretto,2025-05-22
ORD-04608,CL-164,diretto,2025-05-22
ORD-04609,CL-184,diretto,2025-05-22
ORD-04610,CL-195,diretto,2025-05-22
ORD-04611,CL-222,distributori,2025-05-22
ORD-04612,CL-228,distributori,2025-05-22
ORD-04613,CL-230,distributori,2025-05-22
ORD-04614,CL-234,distributori,2025-05-22
ORD-04615,CL-237,distributori,2025-05-22
ORD-04616,CL-237,distributori,2025-05-22
ORD-04617,CL-238,distributori,2025-05-22
ORD-04618,CL-243,distributori,2025-05-22
ORD-04619,CL-243,distributori,2025-05-22
ORD-04620,CL-246,distributori,2025-05-22
ORD-04621,CL-249,distributori,2025-05-22
ORD-04622,CL-250,distributori,2025-05-22
ORD-04623,CL-252,distributori,2025-05-22
ORD-04624,CL-252,distributori,2025-05-22
ORD-04625,CL-256,distributori,2025-05-22
ORD-04626,CL-256,distributori,2025-05-22
ORD-04627,CL-257,distributori,2025-05-22
ORD-04628,CL-004,diretto,2025-05-23
ORD-04629,CL-008,diretto,2025-05-23
ORD-04630,CL-010,diretto,2025-05-23
ORD-04631,CL-014,diretto,2025-05-23
ORD-04632,CL-016,diretto,2025-05-23
ORD-04633,CL-021,diretto,2025-05-23
ORD-04634,CL-025,diretto,2025-05-23
ORD-04635,CL-027,diretto,2025-05-23
ORD-04636,CL-032,diretto,2025-05-23
ORD-04637,CL-034,diretto,2025-05-23
ORD-04638,CL-034,diretto,2025-05-23
ORD-04639,CL-055,diretto,2025-05-23
ORD-04640,CL-055,diretto,2025-05-23
ORD-04641,CL-080,diretto,2025-05-23
ORD-04642,CL-108,diretto,2025-05-23
ORD-04643,CL-110,diretto,2025-05-23
ORD-04644,CL-148,diretto,2025-05-23
ORD-04645,CL-156,diretto,2025-05-23
ORD-04646,CL-160,diretto,2025-05-23
ORD-04647,CL-165,diretto,2025-05-23
ORD-04648,CL-170,diretto,2025-05-23
ORD-04649,CL-220,distributori,2025-05-23
ORD-04650,CL-224,distributori,2025-05-23
ORD-04651,CL-224,distributori,2025-05-23
ORD-04652,CL-224,distributori,2025-05-23
ORD-04653,CL-224,distributori,2025-05-23
ORD-04654,CL-225,distributori,2025-05-23
ORD-04655,CL-230,distributori,2025-05-23
ORD-04656,CL-230,distributori,2025-05-23
ORD-04657,CL-231,distributori,2025-05-23
ORD-04658,CL-232,distributori,2025-05-23
ORD-04659,CL-234,distributori,2025-05-23
ORD-04660,CL-236,distributori,2025-05-23
ORD-04661,CL-238,distributori,2025-05-23
ORD-04662,CL-239,distributori,2025-05-23
ORD-04663,CL-239,distributori,2025-05-23
ORD-04664,CL-239,distributori,2025-05-23
ORD-04665,CL-241,distributori,2025-05-23
ORD-04666,CL-242,distributori,2025-05-23
ORD-04667,CL-245,distributori,2025-05-23
ORD-04668,CL-246,distributori,2025-05-23
ORD-04669,CL-253,distributori,2025-05-23
ORD-04670,CL-253,distributori,2025-05-23
ORD-04671,CL-254,distributori,2025-05-23
ORD-04672,CL-254,distributori,2025-05-23
ORD-04673,CL-258,distributori,2025-05-23
ORD-04674,CL-003,diretto,2025-05-26
ORD-04675,CL-004,diretto,2025-05-26
ORD-04676,CL-004,diretto,2025-05-26
ORD-04677,CL-014,diretto,2025-05-26
ORD-04678,CL-014,diretto,2025-05-26
ORD-04679,CL-016,diretto,2025-05-26
ORD-04680,CL-018,diretto,2025-05-26
ORD-04681,CL-026,diretto,2025-05-26
ORD-04682,CL-026,diretto,2025-05-26
ORD-04683,CL-026,diretto,2025-05-26
ORD-04684,CL-027,diretto,2025-05-26
ORD-04685,CL-032,diretto,2025-05-26
ORD-04686,CL-033,diretto,2025-05-26
ORD-04687,CL-034,diretto,2025-05-26
ORD-04688,CL-034,diretto,2025-05-26
ORD-04689,CL-110,diretto,2025-05-26
ORD-04690,CL-158,diretto,2025-05-26
ORD-04691,CL-159,diretto,2025-05-26
ORD-04692,CL-160,diretto,2025-05-26
ORD-04693,CL-168,diretto,2025-05-26
ORD-04694,CL-176,diretto,2025-05-26
ORD-04695,CL-184,diretto,2025-05-26
ORD-04696,CL-205,diretto,2025-05-26
ORD-04697,CL-206,diretto,2025-05-26
ORD-04698,CL-219,distributori,2025-05-26
ORD-04699,CL-224,distributori,2025-05-26
ORD-04700,CL-225,distributori,2025-05-26
ORD-04701,CL-228,distributori,2025-05-26
ORD-04702,CL-228,distributori,2025-05-26
ORD-04703,CL-229,distributori,2025-05-26
ORD-04704,CL-231,distributori,2025-05-26
ORD-04705,CL-235,distributori,2025-05-26
ORD-04706,CL-237,distributori,2025-05-26
ORD-04707,CL-237,distributori,2025-05-26
ORD-04708,CL-239,distributori,2025-05-26
ORD-04709,CL-242,distributori,2025-05-26
ORD-04710,CL-246,distributori,2025-05-26
ORD-04711,CL-249,distributori,2025-05-26
ORD-04712,CL-252,distributori,2025-05-26
ORD-04713,CL-252,distributori,2025-05-26
ORD-04714,CL-252,distributori,2025-05-26
ORD-04715,CL-254,distributori,2025-05-26
ORD-04716,CL-254,distributori,2025-05-26
ORD-04717,CL-258,distributori,2025-05-26
ORD-04718,CL-014,diretto,2025-05-27
ORD-04719,CL-014,diretto,2025-05-27
ORD-04720,CL-014,diretto,2025-05-27
ORD-04721,CL-014,diretto,2025-05-27
ORD-04722,CL-017,diretto,2025-05-27
ORD-04723,CL-017,diretto,2025-05-27
ORD-04724,CL-021,diretto,2025-05-27
ORD-04725,CL-024,diretto,2025-05-27
ORD-04726,CL-026,diretto,2025-05-27
ORD-04727,CL-027,diretto,2025-05-27
ORD-04728,CL-028,diretto,2025-05-27
ORD-04729,CL-031,diretto,2025-05-27
ORD-04730,CL-037,diretto,2025-05-27
ORD-04731,CL-038,diretto,2025-05-27
ORD-04732,CL-070,diretto,2025-05-27
ORD-04733,CL-084,diretto,2025-05-27
ORD-04734,CL-084,diretto,2025-05-27
ORD-04735,CL-084,diretto,2025-05-27
ORD-04736,CL-085,diretto,2025-05-27
ORD-04737,CL-087,diretto,2025-05-27
ORD-04738,CL-093,diretto,2025-05-27
ORD-04739,CL-099,diretto,2025-05-27
ORD-04740,CL-102,diretto,2025-05-27
ORD-04741,CL-108,diretto,2025-05-27
ORD-04742,CL-125,diretto,2025-05-27
ORD-04743,CL-159,diretto,2025-05-27
ORD-04744,CL-162,diretto,2025-05-27
ORD-04745,CL-199,diretto,2025-05-27
ORD-04746,CL-220,distributori,2025-05-27
ORD-04747,CL-220,distributori,2025-05-27
ORD-04748,CL-223,distributori,2025-05-27
ORD-04749,CL-224,distributori,2025-05-27
ORD-04750,CL-224,distributori,2025-05-27
ORD-04751,CL-228,distributori,2025-05-27
ORD-04752,CL-228,distributori,2025-05-27
ORD-04753,CL-229,distributori,2025-05-27
ORD-04754,CL-230,distributori,2025-05-27
ORD-04755,CL-232,distributori,2025-05-27
ORD-04756,CL-235,distributori,2025-05-27
ORD-04757,CL-244,distributori,2025-05-27
ORD-04758,CL-245,distributori,2025-05-27
ORD-04759,CL-249,distributori,2025-05-27
ORD-04760,CL-249,distributori,2025-05-27
ORD-04761,CL-251,distributori,2025-05-27
ORD-04762,CL-255,distributori,2025-05-27
ORD-04763,CL-006,diretto,2025-05-28
ORD-04764,CL-008,diretto,2025-05-28
ORD-04765,CL-010,diretto,2025-05-28
ORD-04766,CL-013,diretto,2025-05-28
ORD-04767,CL-014,diretto,2025-05-28
ORD-04768,CL-015,diretto,2025-05-28
ORD-04769,CL-019,diretto,2025-05-28
ORD-04770,CL-020,diretto,2025-05-28
ORD-04771,CL-025,diretto,2025-05-28
ORD-04772,CL-026,diretto,2025-05-28
ORD-04773,CL-026,diretto,2025-05-28
ORD-04774,CL-033,diretto,2025-05-28
ORD-04775,CL-042,diretto,2025-05-28
ORD-04776,CL-043,diretto,2025-05-28
ORD-04777,CL-044,diretto,2025-05-28
ORD-04778,CL-048,diretto,2025-05-28
ORD-04779,CL-054,diretto,2025-05-28
ORD-04780,CL-070,diretto,2025-05-28
ORD-04781,CL-128,diretto,2025-05-28
ORD-04782,CL-131,diretto,2025-05-28
ORD-04783,CL-161,diretto,2025-05-28
ORD-04784,CL-183,diretto,2025-05-28
ORD-04785,CL-219,distributori,2025-05-28
ORD-04786,CL-220,distributori,2025-05-28
ORD-04787,CL-221,distributori,2025-05-28
ORD-04788,CL-226,distributori,2025-05-28
ORD-04789,CL-227,distributori,2025-05-28
ORD-04790,CL-228,distributori,2025-05-28
ORD-04791,CL-229,distributori,2025-05-28
ORD-04792,CL-230,distributori,2025-05-28
ORD-04793,CL-230,distributori,2025-05-28
ORD-04794,CL-231,distributori,2025-05-28
ORD-04795,CL-233,distributori,2025-05-28
ORD-04796,CL-235,distributori,2025-05-28
ORD-04797,CL-236,distributori,2025-05-28
ORD-04798,CL-238,distributori,2025-05-28
ORD-04799,CL-239,distributori,2025-05-28
ORD-04800,CL-239,distributori,2025-05-28
ORD-04801,CL-239,distributori,2025-05-28
ORD-04802,CL-242,distributori,2025-05-28
ORD-04803,CL-243,distributori,2025-05-28
ORD-04804,CL-243,distributori,2025-05-28
ORD-04805,CL-244,distributori,2025-05-28
ORD-04806,CL-245,distributori,2025-05-28
ORD-04807,CL-246,distributori,2025-05-28
ORD-04808,CL-246,distributori,2025-05-28
ORD-04809,CL-246,distributori,2025-05-28
ORD-04810,CL-246,distributori,2025-05-28
ORD-04811,CL-247,distributori,2025-05-28
ORD-04812,CL-249,distributori,2025-05-28
ORD-04813,CL-251,distributori,2025-05-28
ORD-04814,CL-257,distributori,2025-05-28
ORD-04815,CL-257,distributori,2025-05-28
ORD-04816,CL-258,distributori,2025-05-28
ORD-04817,CL-009,diretto,2025-05-29
ORD-04818,CL-014,diretto,2025-05-29
ORD-04819,CL-014,diretto,2025-05-29
ORD-04820,CL-014,diretto,2025-05-29
ORD-04821,CL-018,diretto,2025-05-29
ORD-04822,CL-021,diretto,2025-05-29
ORD-04823,CL-027,diretto,2025-05-29
ORD-04824,CL-031,diretto,2025-05-29
ORD-04825,CL-044,diretto,2025-05-29
ORD-04826,CL-046,diretto,2025-05-29
ORD-04827,CL-049,diretto,2025-05-29
ORD-04828,CL-062,diretto,2025-05-29
ORD-04829,CL-069,diretto,2025-05-29
ORD-04830,CL-085,diretto,2025-05-29
ORD-04831,CL-092,diretto,2025-05-29
ORD-04832,CL-103,diretto,2025-05-29
ORD-04833,CL-104,diretto,2025-05-29
ORD-04834,CL-125,diretto,2025-05-29
ORD-04835,CL-143,diretto,2025-05-29
ORD-04836,CL-143,diretto,2025-05-29
ORD-04837,CL-158,diretto,2025-05-29
ORD-04838,CL-179,diretto,2025-05-29
ORD-04839,CL-194,diretto,2025-05-29
ORD-04840,CL-213,diretto,2025-05-29
ORD-04841,CL-219,distributori,2025-05-29
ORD-04842,CL-221,distributori,2025-05-29
ORD-04843,CL-222,distributori,2025-05-29
ORD-04844,CL-222,distributori,2025-05-29
ORD-04845,CL-223,distributori,2025-05-29
ORD-04846,CL-230,distributori,2025-05-29
ORD-04847,CL-230,distributori,2025-05-29
ORD-04848,CL-233,distributori,2025-05-29
ORD-04849,CL-233,distributori,2025-05-29
ORD-04850,CL-235,distributori,2025-05-29
ORD-04851,CL-236,distributori,2025-05-29
ORD-04852,CL-237,distributori,2025-05-29
ORD-04853,CL-238,distributori,2025-05-29
ORD-04854,CL-242,distributori,2025-05-29
ORD-04855,CL-243,distributori,2025-05-29
ORD-04856,CL-245,distributori,2025-05-29
ORD-04857,CL-246,distributori,2025-05-29
ORD-04858,CL-247,distributori,2025-05-29
ORD-04859,CL-251,distributori,2025-05-29
ORD-04860,CL-252,distributori,2025-05-29
ORD-04861,CL-252,distributori,2025-05-29
ORD-04862,CL-255,distributori,2025-05-29
ORD-04863,CL-255,distributori,2025-05-29
ORD-04864,CL-255,distributori,2025-05-29
ORD-04865,CL-258,distributori,2025-05-29
ORD-04866,CL-002,diretto,2025-05-30
ORD-04867,CL-003,diretto,2025-05-30
ORD-04868,CL-008,diretto,2025-05-30
ORD-04869,CL-009,diretto,2025-05-30
ORD-04870,CL-014,diretto,2025-05-30
ORD-04871,CL-014,diretto,2025-05-30
ORD-04872,CL-016,diretto,2025-05-30
ORD-04873,CL-021,diretto,2025-05-30
ORD-04874,CL-023,diretto,2025-05-30
ORD-04875,CL-023,diretto,2025-05-30
ORD-04876,CL-028,diretto,2025-05-30
ORD-04877,CL-043,diretto,2025-05-30
ORD-04878,CL-092,diretto,2025-05-30
ORD-04879,CL-117,diretto,2025-05-30
ORD-04880,CL-158,diretto,2025-05-30
ORD-04881,CL-179,diretto,2025-05-30
ORD-04882,CL-185,diretto,2025-05-30
ORD-04883,CL-202,diretto,2025-05-30
ORD-04884,CL-219,distributori,2025-05-30
ORD-04885,CL-220,distributori,2025-05-30
ORD-04886,CL-221,distributori,2025-05-30
ORD-04887,CL-223,distributori,2025-05-30
ORD-04888,CL-227,distributori,2025-05-30
ORD-04889,CL-229,distributori,2025-05-30
ORD-04890,CL-230,distributori,2025-05-30
ORD-04891,CL-230,distributori,2025-05-30
ORD-04892,CL-231,distributori,2025-05-30
ORD-04893,CL-233,distributori,2025-05-30
ORD-04894,CL-235,distributori,2025-05-30
ORD-04895,CL-237,distributori,2025-05-30
ORD-04896,CL-238,distributori,2025-05-30
ORD-04897,CL-238,distributori,2025-05-30
ORD-04898,CL-238,distributori,2025-05-30
ORD-04899,CL-243,distributori,2025-05-30
ORD-04900,CL-243,distributori,2025-05-30
ORD-04901,CL-244,distributori,2025-05-30
ORD-04902,CL-245,distributori,2025-05-30
ORD-04903,CL-251,distributori,2025-05-30
ORD-04904,CL-251,distributori,2025-05-30
ORD-04905,CL-252,distributori,2025-05-30
ORD-04906,CL-252,distributori,2025-05-30
ORD-04907,CL-004,diretto,2025-06-03
ORD-04908,CL-005,diretto,2025-06-03
ORD-04909,CL-005,diretto,2025-06-03
ORD-04910,CL-013,diretto,2025-06-03
ORD-04911,CL-014,diretto,2025-06-03
ORD-04912,CL-014,diretto,2025-06-03
ORD-04913,CL-014,diretto,2025-06-03
ORD-04914,CL-018,diretto,2025-06-03
ORD-04915,CL-021,diretto,2025-06-03
ORD-04916,CL-023,diretto,2025-06-03
ORD-04917,CL-028,diretto,2025-06-03
ORD-04918,CL-029,diretto,2025-06-03
ORD-04919,CL-030,diretto,2025-06-03
ORD-04920,CL-034,diretto,2025-06-03
ORD-04921,CL-042,diretto,2025-06-03
ORD-04922,CL-050,diretto,2025-06-03
ORD-04923,CL-063,diretto,2025-06-03
ORD-04924,CL-067,diretto,2025-06-03
ORD-04925,CL-067,diretto,2025-06-03
ORD-04926,CL-070,diretto,2025-06-03
ORD-04927,CL-090,diretto,2025-06-03
ORD-04928,CL-100,diretto,2025-06-03
ORD-04929,CL-112,diretto,2025-06-03
ORD-04930,CL-148,diretto,2025-06-03
ORD-04931,CL-168,diretto,2025-06-03
ORD-04932,CL-221,distributori,2025-06-03
ORD-04933,CL-224,distributori,2025-06-03
ORD-04934,CL-225,distributori,2025-06-03
ORD-04935,CL-225,distributori,2025-06-03
ORD-04936,CL-225,distributori,2025-06-03
ORD-04937,CL-227,distributori,2025-06-03
ORD-04938,CL-228,distributori,2025-06-03
ORD-04939,CL-230,distributori,2025-06-03
ORD-04940,CL-234,distributori,2025-06-03
ORD-04941,CL-237,distributori,2025-06-03
ORD-04942,CL-239,distributori,2025-06-03
ORD-04943,CL-239,distributori,2025-06-03
ORD-04944,CL-239,distributori,2025-06-03
ORD-04945,CL-240,distributori,2025-06-03
ORD-04946,CL-246,distributori,2025-06-03
ORD-04947,CL-246,distributori,2025-06-03
ORD-04948,CL-246,distributori,2025-06-03
ORD-04949,CL-249,distributori,2025-06-03
ORD-04950,CL-251,distributori,2025-06-03
ORD-04951,CL-252,distributori,2025-06-03
ORD-04952,CL-252,distributori,2025-06-03
ORD-04953,CL-256,distributori,2025-06-03
ORD-04954,CL-001,diretto,2025-06-04
ORD-04955,CL-002,diretto,2025-06-04
ORD-04956,CL-007,diretto,2025-06-04
ORD-04957,CL-009,diretto,2025-06-04
ORD-04958,CL-011,diretto,2025-06-04
ORD-04959,CL-012,diretto,2025-06-04
ORD-04960,CL-014,diretto,2025-06-04
ORD-04961,CL-014,diretto,2025-06-04
ORD-04962,CL-015,diretto,2025-06-04
ORD-04963,CL-018,diretto,2025-06-04
ORD-04964,CL-019,diretto,2025-06-04
ORD-04965,CL-022,diretto,2025-06-04
ORD-04966,CL-024,diretto,2025-06-04
ORD-04967,CL-027,diretto,2025-06-04
ORD-04968,CL-064,diretto,2025-06-04
ORD-04969,CL-065,diretto,2025-06-04
ORD-04970,CL-077,diretto,2025-06-04
ORD-04971,CL-106,diretto,2025-06-04
ORD-04972,CL-109,diretto,2025-06-04
ORD-04973,CL-131,diretto,2025-06-04
ORD-04974,CL-134,diretto,2025-06-04
ORD-04975,CL-136,diretto,2025-06-04
ORD-04976,CL-138,diretto,2025-06-04
ORD-04977,CL-142,diretto,2025-06-04
ORD-04978,CL-144,diretto,2025-06-04
ORD-04979,CL-172,diretto,2025-06-04
ORD-04980,CL-176,diretto,2025-06-04
ORD-04981,CL-224,distributori,2025-06-04
ORD-04982,CL-225,distributori,2025-06-04
ORD-04983,CL-227,distributori,2025-06-04
ORD-04984,CL-228,distributori,2025-06-04
ORD-04985,CL-230,distributori,2025-06-04
ORD-04986,CL-230,distributori,2025-06-04
ORD-04987,CL-235,distributori,2025-06-04
ORD-04988,CL-236,distributori,2025-06-04
ORD-04989,CL-237,distributori,2025-06-04
ORD-04990,CL-241,distributori,2025-06-04
ORD-04991,CL-242,distributori,2025-06-04
ORD-04992,CL-245,distributori,2025-06-04
ORD-04993,CL-245,distributori,2025-06-04
ORD-04994,CL-249,distributori,2025-06-04
ORD-04995,CL-252,distributori,2025-06-04
ORD-04996,CL-252,distributori,2025-06-04
ORD-04997,CL-252,distributori,2025-06-04
ORD-04998,CL-255,distributori,2025-06-04
ORD-04999,CL-257,distributori,2025-06-04
ORD-05000,CL-258,distributori,2025-06-04
ORD-05001,CL-008,diretto,2025-06-05
ORD-05002,CL-008,diretto,2025-06-05
ORD-05003,CL-008,diretto,2025-06-05
ORD-05004,CL-010,diretto,2025-06-05
ORD-05005,CL-014,diretto,2025-06-05
ORD-05006,CL-023,diretto,2025-06-05
ORD-05007,CL-024,diretto,2025-06-05
ORD-05008,CL-026,diretto,2025-06-05
ORD-05009,CL-026,diretto,2025-06-05
ORD-05010,CL-026,diretto,2025-06-05
ORD-05011,CL-026,diretto,2025-06-05
ORD-05012,CL-026,diretto,2025-06-05
ORD-05013,CL-033,diretto,2025-06-05
ORD-05014,CL-034,diretto,2025-06-05
ORD-05015,CL-042,diretto,2025-06-05
ORD-05016,CL-047,diretto,2025-06-05
ORD-05017,CL-090,diretto,2025-06-05
ORD-05018,CL-097,diretto,2025-06-05
ORD-05019,CL-114,diretto,2025-06-05
ORD-05020,CL-123,diretto,2025-06-05
ORD-05021,CL-141,diretto,2025-06-05
ORD-05022,CL-144,diretto,2025-06-05
ORD-05023,CL-162,diretto,2025-06-05
ORD-05024,CL-168,diretto,2025-06-05
ORD-05025,CL-219,distributori,2025-06-05
ORD-05026,CL-219,distributori,2025-06-05
ORD-05027,CL-221,distributori,2025-06-05
ORD-05028,CL-222,distributori,2025-06-05
ORD-05029,CL-224,distributori,2025-06-05
ORD-05030,CL-226,distributori,2025-06-05
ORD-05031,CL-228,distributori,2025-06-05
ORD-05032,CL-229,distributori,2025-06-05
ORD-05033,CL-230,distributori,2025-06-05
ORD-05034,CL-230,distributori,2025-06-05
ORD-05035,CL-230,distributori,2025-06-05
ORD-05036,CL-232,distributori,2025-06-05
ORD-05037,CL-232,distributori,2025-06-05
ORD-05038,CL-232,distributori,2025-06-05
ORD-05039,CL-235,distributori,2025-06-05
ORD-05040,CL-242,distributori,2025-06-05
ORD-05041,CL-242,distributori,2025-06-05
ORD-05042,CL-242,distributori,2025-06-05
ORD-05043,CL-242,distributori,2025-06-05
ORD-05044,CL-243,distributori,2025-06-05
ORD-05045,CL-243,distributori,2025-06-05
ORD-05046,CL-245,distributori,2025-06-05
ORD-05047,CL-246,distributori,2025-06-05
ORD-05048,CL-247,distributori,2025-06-05
ORD-05049,CL-249,distributori,2025-06-05
ORD-05050,CL-250,distributori,2025-06-05
ORD-05051,CL-250,distributori,2025-06-05
ORD-05052,CL-252,distributori,2025-06-05
ORD-05053,CL-253,distributori,2025-06-05
ORD-05054,CL-254,distributori,2025-06-05
ORD-05055,CL-254,distributori,2025-06-05
ORD-05056,CL-257,distributori,2025-06-05
ORD-05057,CL-001,diretto,2025-06-06
ORD-05058,CL-003,diretto,2025-06-06
ORD-05059,CL-005,diretto,2025-06-06
ORD-05060,CL-008,diretto,2025-06-06
ORD-05061,CL-011,diretto,2025-06-06
ORD-05062,CL-013,diretto,2025-06-06
ORD-05063,CL-014,diretto,2025-06-06
ORD-05064,CL-014,diretto,2025-06-06
ORD-05065,CL-018,diretto,2025-06-06
ORD-05066,CL-020,diretto,2025-06-06
ORD-05067,CL-021,diretto,2025-06-06
ORD-05068,CL-024,diretto,2025-06-06
ORD-05069,CL-025,diretto,2025-06-06
ORD-05070,CL-026,diretto,2025-06-06
ORD-05071,CL-026,diretto,2025-06-06
ORD-05072,CL-027,diretto,2025-06-06
ORD-05073,CL-055,diretto,2025-06-06
ORD-05074,CL-104,diretto,2025-06-06
ORD-05075,CL-119,diretto,2025-06-06
ORD-05076,CL-180,diretto,2025-06-06
ORD-05077,CL-192,diretto,2025-06-06
ORD-05078,CL-218,diretto,2025-06-06
ORD-05079,CL-224,distributori,2025-06-06
ORD-05080,CL-225,distributori,2025-06-06
ORD-05081,CL-226,distributori,2025-06-06
ORD-05082,CL-228,distributori,2025-06-06
ORD-05083,CL-228,distributori,2025-06-06
ORD-05084,CL-229,distributori,2025-06-06
ORD-05085,CL-229,distributori,2025-06-06
ORD-05086,CL-229,distributori,2025-06-06
ORD-05087,CL-230,distributori,2025-06-06
ORD-05088,CL-230,distributori,2025-06-06
ORD-05089,CL-230,distributori,2025-06-06
ORD-05090,CL-232,distributori,2025-06-06
ORD-05091,CL-232,distributori,2025-06-06
ORD-05092,CL-234,distributori,2025-06-06
ORD-05093,CL-235,distributori,2025-06-06
ORD-05094,CL-237,distributori,2025-06-06
ORD-05095,CL-237,distributori,2025-06-06
ORD-05096,CL-242,distributori,2025-06-06
ORD-05097,CL-243,distributori,2025-06-06
ORD-05098,CL-244,distributori,2025-06-06
ORD-05099,CL-244,distributori,2025-06-06
ORD-05100,CL-246,distributori,2025-06-06
ORD-05101,CL-246,distributori,2025-06-06
ORD-05102,CL-249,distributori,2025-06-06
ORD-05103,CL-250,distributori,2025-06-06
ORD-05104,CL-252,distributori,2025-06-06
ORD-05105,CL-253,distributori,2025-06-06
ORD-05106,CL-255,distributori,2025-06-06
ORD-05107,CL-256,distributori,2025-06-06
ORD-05108,CL-256,distributori,2025-06-06
ORD-05109,CL-257,distributori,2025-06-06
ORD-05110,CL-003,diretto,2025-06-09
ORD-05111,CL-005,diretto,2025-06-09
ORD-05112,CL-006,diretto,2025-06-09
ORD-05113,CL-006,diretto,2025-06-09
ORD-05114,CL-014,diretto,2025-06-09
ORD-05115,CL-014,diretto,2025-06-09
ORD-05116,CL-014,diretto,2025-06-09
ORD-05117,CL-014,diretto,2025-06-09
ORD-05118,CL-015,diretto,2025-06-09
ORD-05119,CL-022,diretto,2025-06-09
ORD-05120,CL-026,diretto,2025-06-09
ORD-05121,CL-039,diretto,2025-06-09
ORD-05122,CL-062,diretto,2025-06-09
ORD-05123,CL-072,diretto,2025-06-09
ORD-05124,CL-089,diretto,2025-06-09
ORD-05125,CL-108,diretto,2025-06-09
ORD-05126,CL-109,diretto,2025-06-09
ORD-05127,CL-125,diretto,2025-06-09
ORD-05128,CL-143,diretto,2025-06-09
ORD-05129,CL-152,diretto,2025-06-09
ORD-05130,CL-168,diretto,2025-06-09
ORD-05131,CL-169,diretto,2025-06-09
ORD-05132,CL-185,diretto,2025-06-09
ORD-05133,CL-217,diretto,2025-06-09
ORD-05134,CL-220,distributori,2025-06-09
ORD-05135,CL-221,distributori,2025-06-09
ORD-05136,CL-223,distributori,2025-06-09
ORD-05137,CL-224,distributori,2025-06-09
ORD-05138,CL-224,distributori,2025-06-09
ORD-05139,CL-227,distributori,2025-06-09
ORD-05140,CL-228,distributori,2025-06-09
ORD-05141,CL-230,distributori,2025-06-09
ORD-05142,CL-232,distributori,2025-06-09
ORD-05143,CL-234,distributori,2025-06-09
ORD-05144,CL-235,distributori,2025-06-09
ORD-05145,CL-235,distributori,2025-06-09
ORD-05146,CL-235,distributori,2025-06-09
ORD-05147,CL-237,distributori,2025-06-09
ORD-05148,CL-238,distributori,2025-06-09
ORD-05149,CL-239,distributori,2025-06-09
ORD-05150,CL-246,distributori,2025-06-09
ORD-05151,CL-246,distributori,2025-06-09
ORD-05152,CL-247,distributori,2025-06-09
ORD-05153,CL-248,distributori,2025-06-09
ORD-05154,CL-250,distributori,2025-06-09
ORD-05155,CL-252,distributori,2025-06-09
ORD-05156,CL-258,distributori,2025-06-09
ORD-05157,CL-002,diretto,2025-06-10
ORD-05158,CL-002,diretto,2025-06-10
ORD-05159,CL-008,diretto,2025-06-10
ORD-05160,CL-013,diretto,2025-06-10
ORD-05161,CL-014,diretto,2025-06-10
ORD-05162,CL-018,diretto,2025-06-10
ORD-05163,CL-021,diretto,2025-06-10
ORD-05164,CL-024,diretto,2025-06-10
ORD-05165,CL-026,diretto,2025-06-10
ORD-05166,CL-026,diretto,2025-06-10
ORD-05167,CL-028,diretto,2025-06-10
ORD-05168,CL-031,diretto,2025-06-10
ORD-05169,CL-043,diretto,2025-06-10
ORD-05170,CL-050,diretto,2025-06-10
ORD-05171,CL-069,diretto,2025-06-10
ORD-05172,CL-128,diretto,2025-06-10
ORD-05173,CL-133,diretto,2025-06-10
ORD-05174,CL-164,diretto,2025-06-10
ORD-05175,CL-180,diretto,2025-06-10
ORD-05176,CL-183,diretto,2025-06-10
ORD-05177,CL-186,diretto,2025-06-10
ORD-05178,CL-195,diretto,2025-06-10
ORD-05179,CL-198,diretto,2025-06-10
ORD-05180,CL-224,distributori,2025-06-10
ORD-05181,CL-224,distributori,2025-06-10
ORD-05182,CL-228,distributori,2025-06-10
ORD-05183,CL-228,distributori,2025-06-10
ORD-05184,CL-229,distributori,2025-06-10
ORD-05185,CL-229,distributori,2025-06-10
ORD-05186,CL-232,distributori,2025-06-10
ORD-05187,CL-234,distributori,2025-06-10
ORD-05188,CL-238,distributori,2025-06-10
ORD-05189,CL-238,distributori,2025-06-10
ORD-05190,CL-238,distributori,2025-06-10
ORD-05191,CL-241,distributori,2025-06-10
ORD-05192,CL-242,distributori,2025-06-10
ORD-05193,CL-243,distributori,2025-06-10
ORD-05194,CL-244,distributori,2025-06-10
ORD-05195,CL-244,distributori,2025-06-10
ORD-05196,CL-246,distributori,2025-06-10
ORD-05197,CL-252,distributori,2025-06-10
ORD-05198,CL-255,distributori,2025-06-10
ORD-05199,CL-257,distributori,2025-06-10
ORD-05200,CL-258,distributori,2025-06-10
ORD-05201,CL-001,diretto,2025-06-11
ORD-05202,CL-002,diretto,2025-06-11
ORD-05203,CL-002,diretto,2025-06-11
ORD-05204,CL-003,diretto,2025-06-11
ORD-05205,CL-003,diretto,2025-06-11
ORD-05206,CL-005,diretto,2025-06-11
ORD-05207,CL-006,diretto,2025-06-11
ORD-05208,CL-014,diretto,2025-06-11
ORD-05209,CL-016,diretto,2025-06-11
ORD-05210,CL-027,diretto,2025-06-11
ORD-05211,CL-028,diretto,2025-06-11
ORD-05212,CL-032,diretto,2025-06-11
ORD-05213,CL-045,diretto,2025-06-11
ORD-05214,CL-058,diretto,2025-06-11
ORD-05215,CL-101,diretto,2025-06-11
ORD-05216,CL-114,diretto,2025-06-11
ORD-05217,CL-120,diretto,2025-06-11
ORD-05218,CL-132,diretto,2025-06-11
ORD-05219,CL-132,diretto,2025-06-11
ORD-05220,CL-180,diretto,2025-06-11
ORD-05221,CL-219,distributori,2025-06-11
ORD-05222,CL-220,distributori,2025-06-11
ORD-05223,CL-221,distributori,2025-06-11
ORD-05224,CL-224,distributori,2025-06-11
ORD-05225,CL-224,distributori,2025-06-11
ORD-05226,CL-226,distributori,2025-06-11
ORD-05227,CL-226,distributori,2025-06-11
ORD-05228,CL-228,distributori,2025-06-11
ORD-05229,CL-228,distributori,2025-06-11
ORD-05230,CL-232,distributori,2025-06-11
ORD-05231,CL-233,distributori,2025-06-11
ORD-05232,CL-233,distributori,2025-06-11
ORD-05233,CL-235,distributori,2025-06-11
ORD-05234,CL-236,distributori,2025-06-11
ORD-05235,CL-241,distributori,2025-06-11
ORD-05236,CL-242,distributori,2025-06-11
ORD-05237,CL-243,distributori,2025-06-11
ORD-05238,CL-245,distributori,2025-06-11
ORD-05239,CL-246,distributori,2025-06-11
ORD-05240,CL-247,distributori,2025-06-11
ORD-05241,CL-250,distributori,2025-06-11
ORD-05242,CL-252,distributori,2025-06-11
ORD-05243,CL-252,distributori,2025-06-11
ORD-05244,CL-252,distributori,2025-06-11
ORD-05245,CL-252,distributori,2025-06-11
ORD-05246,CL-253,distributori,2025-06-11
ORD-05247,CL-256,distributori,2025-06-11
ORD-05248,CL-258,distributori,2025-06-11
ORD-05249,CL-003,diretto,2025-06-12
ORD-05250,CL-003,diretto,2025-06-12
ORD-05251,CL-007,diretto,2025-06-12
ORD-05252,CL-007,diretto,2025-06-12
ORD-05253,CL-014,diretto,2025-06-12
ORD-05254,CL-020,diretto,2025-06-12
ORD-05255,CL-026,diretto,2025-06-12
ORD-05256,CL-027,diretto,2025-06-12
ORD-05257,CL-038,diretto,2025-06-12
ORD-05258,CL-050,diretto,2025-06-12
ORD-05259,CL-052,diretto,2025-06-12
ORD-05260,CL-057,diretto,2025-06-12
ORD-05261,CL-063,diretto,2025-06-12
ORD-05262,CL-065,diretto,2025-06-12
ORD-05263,CL-076,diretto,2025-06-12
ORD-05264,CL-113,diretto,2025-06-12
ORD-05265,CL-116,diretto,2025-06-12
ORD-05266,CL-120,diretto,2025-06-12
ORD-05267,CL-126,diretto,2025-06-12
ORD-05268,CL-139,diretto,2025-06-12
ORD-05269,CL-144,diretto,2025-06-12
ORD-05270,CL-157,diretto,2025-06-12
ORD-05271,CL-172,diretto,2025-06-12
ORD-05272,CL-183,diretto,2025-06-12
ORD-05273,CL-209,diretto,2025-06-12
ORD-05274,CL-218,diretto,2025-06-12
ORD-05275,CL-219,distributori,2025-06-12
ORD-05276,CL-229,distributori,2025-06-12
ORD-05277,CL-233,distributori,2025-06-12
ORD-05278,CL-233,distributori,2025-06-12
ORD-05279,CL-237,distributori,2025-06-12
ORD-05280,CL-238,distributori,2025-06-12
ORD-05281,CL-239,distributori,2025-06-12
ORD-05282,CL-239,distributori,2025-06-12
ORD-05283,CL-241,distributori,2025-06-12
ORD-05284,CL-242,distributori,2025-06-12
ORD-05285,CL-243,distributori,2025-06-12
ORD-05286,CL-243,distributori,2025-06-12
ORD-05287,CL-246,distributori,2025-06-12
ORD-05288,CL-247,distributori,2025-06-12
ORD-05289,CL-250,distributori,2025-06-12
ORD-05290,CL-251,distributori,2025-06-12
ORD-05291,CL-252,distributori,2025-06-12
ORD-05292,CL-252,distributori,2025-06-12
ORD-05293,CL-253,distributori,2025-06-12
ORD-05294,CL-009,diretto,2025-06-13
ORD-05295,CL-014,diretto,2025-06-13
ORD-05296,CL-014,diretto,2025-06-13
ORD-05297,CL-014,diretto,2025-06-13
ORD-05298,CL-029,diretto,2025-06-13
ORD-05299,CL-034,diretto,2025-06-13
ORD-05300,CL-055,diretto,2025-06-13
ORD-05301,CL-060,diretto,2025-06-13
ORD-05302,CL-069,diretto,2025-06-13
ORD-05303,CL-074,diretto,2025-06-13
ORD-05304,CL-079,diretto,2025-06-13
ORD-05305,CL-088,diretto,2025-06-13
ORD-05306,CL-092,diretto,2025-06-13
ORD-05307,CL-093,diretto,2025-06-13
ORD-05308,CL-128,diretto,2025-06-13
ORD-05309,CL-133,diretto,2025-06-13
ORD-05310,CL-141,diretto,2025-06-13
ORD-05311,CL-152,diretto,2025-06-13
ORD-05312,CL-172,diretto,2025-06-13
ORD-05313,CL-198,diretto,2025-06-13
ORD-05314,CL-219,distributori,2025-06-13
ORD-05315,CL-221,distributori,2025-06-13
ORD-05316,CL-222,distributori,2025-06-13
ORD-05317,CL-224,distributori,2025-06-13
ORD-05318,CL-224,distributori,2025-06-13
ORD-05319,CL-226,distributori,2025-06-13
ORD-05320,CL-226,distributori,2025-06-13
ORD-05321,CL-229,distributori,2025-06-13
ORD-05322,CL-230,distributori,2025-06-13
ORD-05323,CL-235,distributori,2025-06-13
ORD-05324,CL-236,distributori,2025-06-13
ORD-05325,CL-236,distributori,2025-06-13
ORD-05326,CL-236,distributori,2025-06-13
ORD-05327,CL-240,distributori,2025-06-13
ORD-05328,CL-241,distributori,2025-06-13
ORD-05329,CL-242,distributori,2025-06-13
ORD-05330,CL-244,distributori,2025-06-13
ORD-05331,CL-244,distributori,2025-06-13
ORD-05332,CL-246,distributori,2025-06-13
ORD-05333,CL-246,distributori,2025-06-13
ORD-05334,CL-247,distributori,2025-06-13
ORD-05335,CL-252,distributori,2025-06-13
ORD-05336,CL-252,distributori,2025-06-13
ORD-05337,CL-253,distributori,2025-06-13
ORD-05338,CL-258,distributori,2025-06-13
ORD-05339,CL-011,diretto,2025-06-16
ORD-05340,CL-014,diretto,2025-06-16
ORD-05341,CL-018,diretto,2025-06-16
ORD-05342,CL-019,diretto,2025-06-16
ORD-05343,CL-020,diretto,2025-06-16
ORD-05344,CL-031,diretto,2025-06-16
ORD-05345,CL-031,diretto,2025-06-16
ORD-05346,CL-033,diretto,2025-06-16
ORD-05347,CL-054,diretto,2025-06-16
ORD-05348,CL-060,diretto,2025-06-16
ORD-05349,CL-097,diretto,2025-06-16
ORD-05350,CL-099,diretto,2025-06-16
ORD-05351,CL-100,diretto,2025-06-16
ORD-05352,CL-107,diretto,2025-06-16
ORD-05353,CL-116,diretto,2025-06-16
ORD-05354,CL-158,diretto,2025-06-16
ORD-05355,CL-169,diretto,2025-06-16
ORD-05356,CL-172,diretto,2025-06-16
ORD-05357,CL-176,diretto,2025-06-16
ORD-05358,CL-179,diretto,2025-06-16
ORD-05359,CL-200,diretto,2025-06-16
ORD-05360,CL-220,distributori,2025-06-16
ORD-05361,CL-223,distributori,2025-06-16
ORD-05362,CL-224,distributori,2025-06-16
ORD-05363,CL-226,distributori,2025-06-16
ORD-05364,CL-227,distributori,2025-06-16
ORD-05365,CL-228,distributori,2025-06-16
ORD-05366,CL-228,distributori,2025-06-16
ORD-05367,CL-230,distributori,2025-06-16
ORD-05368,CL-236,distributori,2025-06-16
ORD-05369,CL-238,distributori,2025-06-16
ORD-05370,CL-238,distributori,2025-06-16
ORD-05371,CL-240,distributori,2025-06-16
ORD-05372,CL-242,distributori,2025-06-16
ORD-05373,CL-242,distributori,2025-06-16
ORD-05374,CL-242,distributori,2025-06-16
ORD-05375,CL-245,distributori,2025-06-16
ORD-05376,CL-246,distributori,2025-06-16
ORD-05377,CL-250,distributori,2025-06-16
ORD-05378,CL-251,distributori,2025-06-16
ORD-05379,CL-252,distributori,2025-06-16
ORD-05380,CL-252,distributori,2025-06-16
ORD-05381,CL-252,distributori,2025-06-16
ORD-05382,CL-258,distributori,2025-06-16
ORD-05383,CL-001,diretto,2025-06-17
ORD-05384,CL-002,diretto,2025-06-17
ORD-05385,CL-009,diretto,2025-06-17
ORD-05386,CL-014,diretto,2025-06-17
ORD-05387,CL-014,diretto,2025-06-17
ORD-05388,CL-014,diretto,2025-06-17
ORD-05389,CL-014,diretto,2025-06-17
ORD-05390,CL-014,diretto,2025-06-17
ORD-05391,CL-016,diretto,2025-06-17
ORD-05392,CL-016,diretto,2025-06-17
ORD-05393,CL-018,diretto,2025-06-17
ORD-05394,CL-019,diretto,2025-06-17
ORD-05395,CL-022,diretto,2025-06-17
ORD-05396,CL-024,diretto,2025-06-17
ORD-05397,CL-027,diretto,2025-06-17
ORD-05398,CL-030,diretto,2025-06-17
ORD-05399,CL-032,diretto,2025-06-17
ORD-05400,CL-034,diretto,2025-06-17
ORD-05401,CL-041,diretto,2025-06-17
ORD-05402,CL-044,diretto,2025-06-17
ORD-05403,CL-057,diretto,2025-06-17
ORD-05404,CL-063,diretto,2025-06-17
ORD-05405,CL-084,diretto,2025-06-17
ORD-05406,CL-123,diretto,2025-06-17
ORD-05407,CL-137,diretto,2025-06-17
ORD-05408,CL-157,diretto,2025-06-17
ORD-05409,CL-158,diretto,2025-06-17
ORD-05410,CL-164,diretto,2025-06-17
ORD-05411,CL-199,diretto,2025-06-17
ORD-05412,CL-204,diretto,2025-06-17
ORD-05413,CL-209,diretto,2025-06-17
ORD-05414,CL-209,diretto,2025-06-17
ORD-05415,CL-209,diretto,2025-06-17
ORD-05416,CL-222,distributori,2025-06-17
ORD-05417,CL-224,distributori,2025-06-17
ORD-05418,CL-225,distributori,2025-06-17
ORD-05419,CL-228,distributori,2025-06-17
ORD-05420,CL-228,distributori,2025-06-17
ORD-05421,CL-228,distributori,2025-06-17
ORD-05422,CL-229,distributori,2025-06-17
ORD-05423,CL-230,distributori,2025-06-17
ORD-05424,CL-232,distributori,2025-06-17
ORD-05425,CL-234,distributori,2025-06-17
ORD-05426,CL-234,distributori,2025-06-17
ORD-05427,CL-235,distributori,2025-06-17
ORD-05428,CL-236,distributori,2025-06-17
ORD-05429,CL-237,distributori,2025-06-17
ORD-05430,CL-239,distributori,2025-06-17
ORD-05431,CL-240,distributori,2025-06-17
ORD-05432,CL-241,distributori,2025-06-17
ORD-05433,CL-242,distributori,2025-06-17
ORD-05434,CL-242,distributori,2025-06-17
ORD-05435,CL-243,distributori,2025-06-17
ORD-05436,CL-243,distributori,2025-06-17
ORD-05437,CL-249,distributori,2025-06-17
ORD-05438,CL-250,distributori,2025-06-17
ORD-05439,CL-250,distributori,2025-06-17
ORD-05440,CL-252,distributori,2025-06-17
ORD-05441,CL-252,distributori,2025-06-17
ORD-05442,CL-252,distributori,2025-06-17
ORD-05443,CL-253,distributori,2025-06-17
ORD-05444,CL-001,diretto,2025-06-18
ORD-05445,CL-014,diretto,2025-06-18
ORD-05446,CL-014,diretto,2025-06-18
ORD-05447,CL-018,diretto,2025-06-18
ORD-05448,CL-019,diretto,2025-06-18
ORD-05449,CL-020,diretto,2025-06-18
ORD-05450,CL-025,diretto,2025-06-18
ORD-05451,CL-027,diretto,2025-06-18
ORD-05452,CL-031,diretto,2025-06-18
ORD-05453,CL-032,diretto,2025-06-18
ORD-05454,CL-044,diretto,2025-06-18
ORD-05455,CL-055,diretto,2025-06-18
ORD-05456,CL-073,diretto,2025-06-18
ORD-05457,CL-084,diretto,2025-06-18
ORD-05458,CL-090,diretto,2025-06-18
ORD-05459,CL-100,diretto,2025-06-18
ORD-05460,CL-112,diretto,2025-06-18
ORD-05461,CL-113,diretto,2025-06-18
ORD-05462,CL-117,diretto,2025-06-18
ORD-05463,CL-125,diretto,2025-06-18
ORD-05464,CL-127,diretto,2025-06-18
ORD-05465,CL-135,diretto,2025-06-18
ORD-05466,CL-139,diretto,2025-06-18
ORD-05467,CL-144,diretto,2025-06-18
ORD-05468,CL-175,diretto,2025-06-18
ORD-05469,CL-183,diretto,2025-06-18
ORD-05470,CL-196,diretto,2025-06-18
ORD-05471,CL-214,diretto,2025-06-18
ORD-05472,CL-219,distributori,2025-06-18
ORD-05473,CL-219,distributori,2025-06-18
ORD-05474,CL-220,distributori,2025-06-18
ORD-05475,CL-221,distributori,2025-06-18
ORD-05476,CL-226,distributori,2025-06-18
ORD-05477,CL-228,distributori,2025-06-18
ORD-05478,CL-229,distributori,2025-06-18
ORD-05479,CL-229,distributori,2025-06-18
ORD-05480,CL-230,distributori,2025-06-18
ORD-05481,CL-233,distributori,2025-06-18
ORD-05482,CL-237,distributori,2025-06-18
ORD-05483,CL-239,distributori,2025-06-18
ORD-05484,CL-239,distributori,2025-06-18
ORD-05485,CL-241,distributori,2025-06-18
ORD-05486,CL-241,distributori,2025-06-18
ORD-05487,CL-242,distributori,2025-06-18
ORD-05488,CL-243,distributori,2025-06-18
ORD-05489,CL-243,distributori,2025-06-18
ORD-05490,CL-243,distributori,2025-06-18
ORD-05491,CL-252,distributori,2025-06-18
ORD-05492,CL-252,distributori,2025-06-18
ORD-05493,CL-258,distributori,2025-06-18
ORD-05494,CL-003,diretto,2025-06-19
ORD-05495,CL-007,diretto,2025-06-19
ORD-05496,CL-008,diretto,2025-06-19
ORD-05497,CL-014,diretto,2025-06-19
ORD-05498,CL-020,diretto,2025-06-19
ORD-05499,CL-027,diretto,2025-06-19
ORD-05500,CL-028,diretto,2025-06-19
ORD-05501,CL-039,diretto,2025-06-19
ORD-05502,CL-040,diretto,2025-06-19
ORD-05503,CL-041,diretto,2025-06-19
ORD-05504,CL-051,diretto,2025-06-19
ORD-05505,CL-062,diretto,2025-06-19
ORD-05506,CL-088,diretto,2025-06-19
ORD-05507,CL-106,diretto,2025-06-19
ORD-05508,CL-129,diretto,2025-06-19
ORD-05509,CL-131,diretto,2025-06-19
ORD-05510,CL-147,diretto,2025-06-19
ORD-05511,CL-186,diretto,2025-06-19
ORD-05512,CL-213,diretto,2025-06-19
ORD-05513,CL-218,diretto,2025-06-19
ORD-05514,CL-219,distributori,2025-06-19
ORD-05515,CL-219,distributori,2025-06-19
ORD-05516,CL-225,distributori,2025-06-19
ORD-05517,CL-228,distributori,2025-06-19
ORD-05518,CL-232,distributori,2025-06-19
ORD-05519,CL-235,distributori,2025-06-19
ORD-05520,CL-236,distributori,2025-06-19
ORD-05521,CL-236,distributori,2025-06-19
ORD-05522,CL-236,distributori,2025-06-19
ORD-05523,CL-237,distributori,2025-06-19
ORD-05524,CL-242,distributori,2025-06-19
ORD-05525,CL-242,distributori,2025-06-19
ORD-05526,CL-244,distributori,2025-06-19
ORD-05527,CL-246,distributori,2025-06-19
ORD-05528,CL-246,distributori,2025-06-19
ORD-05529,CL-251,distributori,2025-06-19
ORD-05530,CL-252,distributori,2025-06-19
ORD-05531,CL-252,distributori,2025-06-19
ORD-05532,CL-253,distributori,2025-06-19
ORD-05533,CL-254,distributori,2025-06-19
ORD-05534,CL-256,distributori,2025-06-19
ORD-05535,CL-001,diretto,2025-06-20
ORD-05536,CL-002,diretto,2025-06-20
ORD-05537,CL-004,diretto,2025-06-20
ORD-05538,CL-005,diretto,2025-06-20
ORD-05539,CL-008,diretto,2025-06-20
ORD-05540,CL-009,diretto,2025-06-20
ORD-05541,CL-014,diretto,2025-06-20
ORD-05542,CL-014,diretto,2025-06-20
ORD-05543,CL-014,diretto,2025-06-20
ORD-05544,CL-014,diretto,2025-06-20
ORD-05545,CL-014,diretto,2025-06-20
ORD-05546,CL-023,diretto,2025-06-20
ORD-05547,CL-026,diretto,2025-06-20
ORD-05548,CL-026,diretto,2025-06-20
ORD-05549,CL-028,diretto,2025-06-20
ORD-05550,CL-032,diretto,2025-06-20
ORD-05551,CL-091,diretto,2025-06-20
ORD-05552,CL-102,diretto,2025-06-20
ORD-05553,CL-108,diretto,2025-06-20
ORD-05554,CL-117,diretto,2025-06-20
ORD-05555,CL-122,diretto,2025-06-20
ORD-05556,CL-131,diretto,2025-06-20
ORD-05557,CL-138,diretto,2025-06-20
ORD-05558,CL-165,diretto,2025-06-20
ORD-05559,CL-168,diretto,2025-06-20
ORD-05560,CL-202,diretto,2025-06-20
ORD-05561,CL-205,diretto,2025-06-20
ORD-05562,CL-219,distributori,2025-06-20
ORD-05563,CL-222,distributori,2025-06-20
ORD-05564,CL-223,distributori,2025-06-20
ORD-05565,CL-224,distributori,2025-06-20
ORD-05566,CL-224,distributori,2025-06-20
ORD-05567,CL-224,distributori,2025-06-20
ORD-05568,CL-224,distributori,2025-06-20
ORD-05569,CL-225,distributori,2025-06-20
ORD-05570,CL-225,distributori,2025-06-20
ORD-05571,CL-227,distributori,2025-06-20
ORD-05572,CL-229,distributori,2025-06-20
ORD-05573,CL-229,distributori,2025-06-20
ORD-05574,CL-229,distributori,2025-06-20
ORD-05575,CL-230,distributori,2025-06-20
ORD-05576,CL-231,distributori,2025-06-20
ORD-05577,CL-231,distributori,2025-06-20
ORD-05578,CL-232,distributori,2025-06-20
ORD-05579,CL-232,distributori,2025-06-20
ORD-05580,CL-237,distributori,2025-06-20
ORD-05581,CL-241,distributori,2025-06-20
ORD-05582,CL-242,distributori,2025-06-20
ORD-05583,CL-242,distributori,2025-06-20
ORD-05584,CL-243,distributori,2025-06-20
ORD-05585,CL-245,distributori,2025-06-20
ORD-05586,CL-251,distributori,2025-06-20
ORD-05587,CL-252,distributori,2025-06-20
ORD-05588,CL-252,distributori,2025-06-20
ORD-05589,CL-253,distributori,2025-06-20
ORD-05590,CL-255,distributori,2025-06-20
ORD-05591,CL-256,distributori,2025-06-20
ORD-05592,CL-258,distributori,2025-06-20
ORD-05593,CL-258,distributori,2025-06-20
ORD-05594,CL-001,diretto,2025-06-23
ORD-05595,CL-007,diretto,2025-06-23
ORD-05596,CL-014,diretto,2025-06-23
ORD-05597,CL-014,diretto,2025-06-23
ORD-05598,CL-014,diretto,2025-06-23
ORD-05599,CL-014,diretto,2025-06-23
ORD-05600,CL-019,diretto,2025-06-23
ORD-05601,CL-020,diretto,2025-06-23
ORD-05602,CL-021,diretto,2025-06-23
ORD-05603,CL-026,diretto,2025-06-23
ORD-05604,CL-026,diretto,2025-06-23
ORD-05605,CL-058,diretto,2025-06-23
ORD-05606,CL-103,diretto,2025-06-23
ORD-05607,CL-106,diretto,2025-06-23
ORD-05608,CL-117,diretto,2025-06-23
ORD-05609,CL-122,diretto,2025-06-23
ORD-05610,CL-192,diretto,2025-06-23
ORD-05611,CL-209,diretto,2025-06-23
ORD-05612,CL-221,distributori,2025-06-23
ORD-05613,CL-222,distributori,2025-06-23
ORD-05614,CL-223,distributori,2025-06-23
ORD-05615,CL-225,distributori,2025-06-23
ORD-05616,CL-226,distributori,2025-06-23
ORD-05617,CL-226,distributori,2025-06-23
ORD-05618,CL-228,distributori,2025-06-23
ORD-05619,CL-229,distributori,2025-06-23
ORD-05620,CL-231,distributori,2025-06-23
ORD-05621,CL-243,distributori,2025-06-23
ORD-05622,CL-243,distributori,2025-06-23
ORD-05623,CL-243,distributori,2025-06-23
ORD-05624,CL-243,distributori,2025-06-23
ORD-05625,CL-245,distributori,2025-06-23
ORD-05626,CL-245,distributori,2025-06-23
ORD-05627,CL-249,distributori,2025-06-23
ORD-05628,CL-252,distributori,2025-06-23
ORD-05629,CL-255,distributori,2025-06-23
ORD-05630,CL-003,diretto,2025-06-24
ORD-05631,CL-014,diretto,2025-06-24
ORD-05632,CL-014,diretto,2025-06-24
ORD-05633,CL-014,diretto,2025-06-24
ORD-05634,CL-015,diretto,2025-06-24
ORD-05635,CL-024,diretto,2025-06-24
ORD-05636,CL-025,diretto,2025-06-24
ORD-05637,CL-026,diretto,2025-06-24
ORD-05638,CL-033,diretto,2025-06-24
ORD-05639,CL-078,diretto,2025-06-24
ORD-05640,CL-160,diretto,2025-06-24
ORD-05641,CL-171,diretto,2025-06-24
ORD-05642,CL-181,diretto,2025-06-24
ORD-05643,CL-194,diretto,2025-06-24
ORD-05644,CL-198,diretto,2025-06-24
ORD-05645,CL-219,distributori,2025-06-24
ORD-05646,CL-221,distributori,2025-06-24
ORD-05647,CL-224,distributori,2025-06-24
ORD-05648,CL-226,distributori,2025-06-24
ORD-05649,CL-226,distributori,2025-06-24
ORD-05650,CL-228,distributori,2025-06-24
ORD-05651,CL-229,distributori,2025-06-24
ORD-05652,CL-230,distributori,2025-06-24
ORD-05653,CL-230,distributori,2025-06-24
ORD-05654,CL-232,distributori,2025-06-24
ORD-05655,CL-233,distributori,2025-06-24
ORD-05656,CL-233,distributori,2025-06-24
ORD-05657,CL-234,distributori,2025-06-24
ORD-05658,CL-236,distributori,2025-06-24
ORD-05659,CL-236,distributori,2025-06-24
ORD-05660,CL-238,distributori,2025-06-24
ORD-05661,CL-239,distributori,2025-06-24
ORD-05662,CL-240,distributori,2025-06-24
ORD-05663,CL-243,distributori,2025-06-24
ORD-05664,CL-244,distributori,2025-06-24
ORD-05665,CL-246,distributori,2025-06-24
ORD-05666,CL-247,distributori,2025-06-24
ORD-05667,CL-249,distributori,2025-06-24
ORD-05668,CL-250,distributori,2025-06-24
ORD-05669,CL-250,distributori,2025-06-24
ORD-05670,CL-251,distributori,2025-06-24
ORD-05671,CL-252,distributori,2025-06-24
ORD-05672,CL-252,distributori,2025-06-24
ORD-05673,CL-254,distributori,2025-06-24
ORD-05674,CL-257,distributori,2025-06-24
ORD-05675,CL-004,diretto,2025-06-25
ORD-05676,CL-014,diretto,2025-06-25
ORD-05677,CL-014,diretto,2025-06-25
ORD-05678,CL-014,diretto,2025-06-25
ORD-05679,CL-014,diretto,2025-06-25
ORD-05680,CL-018,diretto,2025-06-25
ORD-05681,CL-026,diretto,2025-06-25
ORD-05682,CL-027,diretto,2025-06-25
ORD-05683,CL-028,diretto,2025-06-25
ORD-05684,CL-028,diretto,2025-06-25
ORD-05685,CL-046,diretto,2025-06-25
ORD-05686,CL-048,diretto,2025-06-25
ORD-05687,CL-056,diretto,2025-06-25
ORD-05688,CL-067,diretto,2025-06-25
ORD-05689,CL-076,diretto,2025-06-25
ORD-05690,CL-105,diretto,2025-06-25
ORD-05691,CL-116,diretto,2025-06-25
ORD-05692,CL-117,diretto,2025-06-25
ORD-05693,CL-120,diretto,2025-06-25
ORD-05694,CL-150,diretto,2025-06-25
ORD-05695,CL-169,diretto,2025-06-25
ORD-05696,CL-185,diretto,2025-06-25
ORD-05697,CL-188,diretto,2025-06-25
ORD-05698,CL-192,diretto,2025-06-25
ORD-05699,CL-192,diretto,2025-06-25
ORD-05700,CL-194,diretto,2025-06-25
ORD-05701,CL-206,diretto,2025-06-25
ORD-05702,CL-216,diretto,2025-06-25
ORD-05703,CL-218,diretto,2025-06-25
ORD-05704,CL-222,distributori,2025-06-25
ORD-05705,CL-224,distributori,2025-06-25
ORD-05706,CL-228,distributori,2025-06-25
ORD-05707,CL-228,distributori,2025-06-25
ORD-05708,CL-230,distributori,2025-06-25
ORD-05709,CL-230,distributori,2025-06-25
ORD-05710,CL-230,distributori,2025-06-25
ORD-05711,CL-230,distributori,2025-06-25
ORD-05712,CL-230,distributori,2025-06-25
ORD-05713,CL-237,distributori,2025-06-25
ORD-05714,CL-240,distributori,2025-06-25
ORD-05715,CL-243,distributori,2025-06-25
ORD-05716,CL-243,distributori,2025-06-25
ORD-05717,CL-246,distributori,2025-06-25
ORD-05718,CL-251,distributori,2025-06-25
ORD-05719,CL-252,distributori,2025-06-25
ORD-05720,CL-252,distributori,2025-06-25
ORD-05721,CL-258,distributori,2025-06-25
ORD-05722,CL-007,diretto,2025-06-26
ORD-05723,CL-010,diretto,2025-06-26
ORD-05724,CL-012,diretto,2025-06-26
ORD-05725,CL-014,diretto,2025-06-26
ORD-05726,CL-025,diretto,2025-06-26
ORD-05727,CL-028,diretto,2025-06-26
ORD-05728,CL-037,diretto,2025-06-26
ORD-05729,CL-039,diretto,2025-06-26
ORD-05730,CL-045,diretto,2025-06-26
ORD-05731,CL-071,diretto,2025-06-26
ORD-05732,CL-075,diretto,2025-06-26
ORD-05733,CL-075,diretto,2025-06-26
ORD-05734,CL-078,diretto,2025-06-26
ORD-05735,CL-091,diretto,2025-06-26
ORD-05736,CL-182,diretto,2025-06-26
ORD-05737,CL-191,diretto,2025-06-26
ORD-05738,CL-194,diretto,2025-06-26
ORD-05739,CL-218,diretto,2025-06-26
ORD-05740,CL-220,distributori,2025-06-26
ORD-05741,CL-220,distributori,2025-06-26
ORD-05742,CL-228,distributori,2025-06-26
ORD-05743,CL-231,distributori,2025-06-26
ORD-05744,CL-232,distributori,2025-06-26
ORD-05745,CL-233,distributori,2025-06-26
ORD-05746,CL-233,distributori,2025-06-26
ORD-05747,CL-235,distributori,2025-06-26
ORD-05748,CL-235,distributori,2025-06-26
ORD-05749,CL-238,distributori,2025-06-26
ORD-05750,CL-243,distributori,2025-06-26
ORD-05751,CL-246,distributori,2025-06-26
ORD-05752,CL-250,distributori,2025-06-26
ORD-05753,CL-252,distributori,2025-06-26
ORD-05754,CL-252,distributori,2025-06-26
ORD-05755,CL-253,distributori,2025-06-26
ORD-05756,CL-254,distributori,2025-06-26
ORD-05757,CL-257,distributori,2025-06-26
ORD-05758,CL-001,diretto,2025-06-27
ORD-05759,CL-013,diretto,2025-06-27
ORD-05760,CL-014,diretto,2025-06-27
ORD-05761,CL-014,diretto,2025-06-27
ORD-05762,CL-014,diretto,2025-06-27
ORD-05763,CL-015,diretto,2025-06-27
ORD-05764,CL-017,diretto,2025-06-27
ORD-05765,CL-017,diretto,2025-06-27
ORD-05766,CL-022,diretto,2025-06-27
ORD-05767,CL-025,diretto,2025-06-27
ORD-05768,CL-027,diretto,2025-06-27
ORD-05769,CL-028,diretto,2025-06-27
ORD-05770,CL-034,diretto,2025-06-27
ORD-05771,CL-048,diretto,2025-06-27
ORD-05772,CL-072,diretto,2025-06-27
ORD-05773,CL-081,diretto,2025-06-27
ORD-05774,CL-104,diretto,2025-06-27
ORD-05775,CL-106,diretto,2025-06-27
ORD-05776,CL-110,diretto,2025-06-27
ORD-05777,CL-126,diretto,2025-06-27
ORD-05778,CL-147,diretto,2025-06-27
ORD-05779,CL-153,diretto,2025-06-27
ORD-05780,CL-174,diretto,2025-06-27
ORD-05781,CL-175,diretto,2025-06-27
ORD-05782,CL-207,diretto,2025-06-27
ORD-05783,CL-219,distributori,2025-06-27
ORD-05784,CL-224,distributori,2025-06-27
ORD-05785,CL-224,distributori,2025-06-27
ORD-05786,CL-227,distributori,2025-06-27
ORD-05787,CL-228,distributori,2025-06-27
ORD-05788,CL-229,distributori,2025-06-27
ORD-05789,CL-236,distributori,2025-06-27
ORD-05790,CL-237,distributori,2025-06-27
ORD-05791,CL-242,distributori,2025-06-27
ORD-05792,CL-244,distributori,2025-06-27
ORD-05793,CL-245,distributori,2025-06-27
ORD-05794,CL-245,distributori,2025-06-27
ORD-05795,CL-246,distributori,2025-06-27
ORD-05796,CL-252,distributori,2025-06-27
ORD-05797,CL-253,distributori,2025-06-27
ORD-05798,CL-257,distributori,2025-06-27
ORD-05799,CL-258,distributori,2025-06-27
ORD-05800,CL-002,diretto,2025-06-30
ORD-05801,CL-004,diretto,2025-06-30
ORD-05802,CL-004,diretto,2025-06-30
ORD-05803,CL-010,diretto,2025-06-30
ORD-05804,CL-014,diretto,2025-06-30
ORD-05805,CL-014,diretto,2025-06-30
ORD-05806,CL-019,diretto,2025-06-30
ORD-05807,CL-032,diretto,2025-06-30
ORD-05808,CL-054,diretto,2025-06-30
ORD-05809,CL-081,diretto,2025-06-30
ORD-05810,CL-114,diretto,2025-06-30
ORD-05811,CL-122,diretto,2025-06-30
ORD-05812,CL-132,diretto,2025-06-30
ORD-05813,CL-156,diretto,2025-06-30
ORD-05814,CL-157,diretto,2025-06-30
ORD-05815,CL-187,diretto,2025-06-30
ORD-05816,CL-195,diretto,2025-06-30
ORD-05817,CL-201,diretto,2025-06-30
ORD-05818,CL-205,diretto,2025-06-30
ORD-05819,CL-224,distributori,2025-06-30
ORD-05820,CL-224,distributori,2025-06-30
ORD-05821,CL-226,distributori,2025-06-30
ORD-05822,CL-228,distributori,2025-06-30
ORD-05823,CL-228,distributori,2025-06-30
ORD-05824,CL-229,distributori,2025-06-30
ORD-05825,CL-230,distributori,2025-06-30
ORD-05826,CL-230,distributori,2025-06-30
ORD-05827,CL-231,distributori,2025-06-30
ORD-05828,CL-233,distributori,2025-06-30
ORD-05829,CL-235,distributori,2025-06-30
ORD-05830,CL-235,distributori,2025-06-30
ORD-05831,CL-238,distributori,2025-06-30
ORD-05832,CL-239,distributori,2025-06-30
ORD-05833,CL-240,distributori,2025-06-30
ORD-05834,CL-242,distributori,2025-06-30
ORD-05835,CL-243,distributori,2025-06-30
ORD-05836,CL-246,distributori,2025-06-30
ORD-05837,CL-249,distributori,2025-06-30
ORD-05838,CL-251,distributori,2025-06-30
ORD-05839,CL-002,diretto,2025-07-01
ORD-05840,CL-002,diretto,2025-07-01
ORD-05841,CL-002,diretto,2025-07-01
ORD-05842,CL-003,diretto,2025-07-01
ORD-05843,CL-011,diretto,2025-07-01
ORD-05844,CL-014,diretto,2025-07-01
ORD-05845,CL-018,diretto,2025-07-01
ORD-05846,CL-019,diretto,2025-07-01
ORD-05847,CL-019,diretto,2025-07-01
ORD-05848,CL-020,diretto,2025-07-01
ORD-05849,CL-025,diretto,2025-07-01
ORD-05850,CL-027,diretto,2025-07-01
ORD-05851,CL-058,diretto,2025-07-01
ORD-05852,CL-070,diretto,2025-07-01
ORD-05853,CL-071,diretto,2025-07-01
ORD-05854,CL-085,diretto,2025-07-01
ORD-05855,CL-152,diretto,2025-07-01
ORD-05856,CL-165,diretto,2025-07-01
ORD-05857,CL-175,diretto,2025-07-01
ORD-05858,CL-194,diretto,2025-07-01
ORD-05859,CL-219,distributori,2025-07-01
ORD-05860,CL-222,distributori,2025-07-01
ORD-05861,CL-224,distributori,2025-07-01
ORD-05862,CL-224,distributori,2025-07-01
ORD-05863,CL-225,distributori,2025-07-01
ORD-05864,CL-225,distributori,2025-07-01
ORD-05865,CL-229,distributori,2025-07-01
ORD-05866,CL-230,distributori,2025-07-01
ORD-05867,CL-233,distributori,2025-07-01
ORD-05868,CL-236,distributori,2025-07-01
ORD-05869,CL-237,distributori,2025-07-01
ORD-05870,CL-238,distributori,2025-07-01
ORD-05871,CL-241,distributori,2025-07-01
ORD-05872,CL-241,distributori,2025-07-01
ORD-05873,CL-242,distributori,2025-07-01
ORD-05874,CL-243,distributori,2025-07-01
ORD-05875,CL-243,distributori,2025-07-01
ORD-05876,CL-244,distributori,2025-07-01
ORD-05877,CL-246,distributori,2025-07-01
ORD-05878,CL-246,distributori,2025-07-01
ORD-05879,CL-250,distributori,2025-07-01
ORD-05880,CL-251,distributori,2025-07-01
ORD-05881,CL-252,distributori,2025-07-01
ORD-05882,CL-253,distributori,2025-07-01
ORD-05883,CL-253,distributori,2025-07-01
ORD-05884,CL-258,distributori,2025-07-01
ORD-05885,CL-004,diretto,2025-07-02
ORD-05886,CL-005,diretto,2025-07-02
ORD-05887,CL-006,diretto,2025-07-02
ORD-05888,CL-008,diretto,2025-07-02
ORD-05889,CL-008,diretto,2025-07-02
ORD-05890,CL-009,diretto,2025-07-02
ORD-05891,CL-010,diretto,2025-07-02
ORD-05892,CL-013,diretto,2025-07-02
ORD-05893,CL-015,diretto,2025-07-02
ORD-05894,CL-019,diretto,2025-07-02
ORD-05895,CL-029,diretto,2025-07-02
ORD-05896,CL-032,diretto,2025-07-02
ORD-05897,CL-059,diretto,2025-07-02
ORD-05898,CL-061,diretto,2025-07-02
ORD-05899,CL-081,diretto,2025-07-02
ORD-05900,CL-102,diretto,2025-07-02
ORD-05901,CL-108,diretto,2025-07-02
ORD-05902,CL-125,diretto,2025-07-02
ORD-05903,CL-135,diretto,2025-07-02
ORD-05904,CL-187,diretto,2025-07-02
ORD-05905,CL-190,diretto,2025-07-02
ORD-05906,CL-219,distributori,2025-07-02
ORD-05907,CL-224,distributori,2025-07-02
ORD-05908,CL-228,distributori,2025-07-02
ORD-05909,CL-229,distributori,2025-07-02
ORD-05910,CL-230,distributori,2025-07-02
ORD-05911,CL-231,distributori,2025-07-02
ORD-05912,CL-232,distributori,2025-07-02
ORD-05913,CL-234,distributori,2025-07-02
ORD-05914,CL-235,distributori,2025-07-02
ORD-05915,CL-235,distributori,2025-07-02
ORD-05916,CL-236,distributori,2025-07-02
ORD-05917,CL-237,distributori,2025-07-02
ORD-05918,CL-239,distributori,2025-07-02
ORD-05919,CL-239,distributori,2025-07-02
ORD-05920,CL-240,distributori,2025-07-02
ORD-05921,CL-240,distributori,2025-07-02
ORD-05922,CL-241,distributori,2025-07-02
ORD-05923,CL-243,distributori,2025-07-02
ORD-05924,CL-243,distributori,2025-07-02
ORD-05925,CL-244,distributori,2025-07-02
ORD-05926,CL-246,distributori,2025-07-02
ORD-05927,CL-246,distributori,2025-07-02
ORD-05928,CL-249,distributori,2025-07-02
ORD-05929,CL-249,distributori,2025-07-02
ORD-05930,CL-250,distributori,2025-07-02
ORD-05931,CL-252,distributori,2025-07-02
ORD-05932,CL-253,distributori,2025-07-02
ORD-05933,CL-258,distributori,2025-07-02
ORD-05934,CL-006,diretto,2025-07-03
ORD-05935,CL-013,diretto,2025-07-03
ORD-05936,CL-014,diretto,2025-07-03
ORD-05937,CL-014,diretto,2025-07-03
ORD-05938,CL-014,diretto,2025-07-03
ORD-05939,CL-014,diretto,2025-07-03
ORD-05940,CL-014,diretto,2025-07-03
ORD-05941,CL-014,diretto,2025-07-03
ORD-05942,CL-014,diretto,2025-07-03
ORD-05943,CL-014,diretto,2025-07-03
ORD-05944,CL-018,diretto,2025-07-03
ORD-05945,CL-020,diretto,2025-07-03
ORD-05946,CL-021,diretto,2025-07-03
ORD-05947,CL-027,diretto,2025-07-03
ORD-05948,CL-028,diretto,2025-07-03
ORD-05949,CL-032,diretto,2025-07-03
ORD-05950,CL-067,diretto,2025-07-03
ORD-05951,CL-076,diretto,2025-07-03
ORD-05952,CL-107,diretto,2025-07-03
ORD-05953,CL-111,diretto,2025-07-03
ORD-05954,CL-114,diretto,2025-07-03
ORD-05955,CL-114,diretto,2025-07-03
ORD-05956,CL-160,diretto,2025-07-03
ORD-05957,CL-175,diretto,2025-07-03
ORD-05958,CL-195,diretto,2025-07-03
ORD-05959,CL-219,distributori,2025-07-03
ORD-05960,CL-219,distributori,2025-07-03
ORD-05961,CL-221,distributori,2025-07-03
ORD-05962,CL-221,distributori,2025-07-03
ORD-05963,CL-221,distributori,2025-07-03
ORD-05964,CL-223,distributori,2025-07-03
ORD-05965,CL-224,distributori,2025-07-03
ORD-05966,CL-226,distributori,2025-07-03
ORD-05967,CL-226,distributori,2025-07-03
ORD-05968,CL-229,distributori,2025-07-03
ORD-05969,CL-233,distributori,2025-07-03
ORD-05970,CL-234,distributori,2025-07-03
ORD-05971,CL-236,distributori,2025-07-03
ORD-05972,CL-237,distributori,2025-07-03
ORD-05973,CL-238,distributori,2025-07-03
ORD-05974,CL-241,distributori,2025-07-03
ORD-05975,CL-241,distributori,2025-07-03
ORD-05976,CL-242,distributori,2025-07-03
ORD-05977,CL-243,distributori,2025-07-03
ORD-05978,CL-244,distributori,2025-07-03
ORD-05979,CL-246,distributori,2025-07-03
ORD-05980,CL-246,distributori,2025-07-03
ORD-05981,CL-247,distributori,2025-07-03
ORD-05982,CL-252,distributori,2025-07-03
ORD-05983,CL-252,distributori,2025-07-03
ORD-05984,CL-252,distributori,2025-07-03
ORD-05985,CL-254,distributori,2025-07-03
ORD-05986,CL-256,distributori,2025-07-03
ORD-05987,CL-256,distributori,2025-07-03
ORD-05988,CL-256,distributori,2025-07-03
ORD-05989,CL-257,distributori,2025-07-03
ORD-05990,CL-004,diretto,2025-07-04
ORD-05991,CL-007,diretto,2025-07-04
ORD-05992,CL-007,diretto,2025-07-04
ORD-05993,CL-014,diretto,2025-07-04
ORD-05994,CL-014,diretto,2025-07-04
ORD-05995,CL-014,diretto,2025-07-04
ORD-05996,CL-016,diretto,2025-07-04
ORD-05997,CL-017,diretto,2025-07-04
ORD-05998,CL-022,diretto,2025-07-04
ORD-05999,CL-024,diretto,2025-07-04
ORD-06000,CL-033,diretto,2025-07-04
ORD-06001,CL-043,diretto,2025-07-04
ORD-06002,CL-077,diretto,2025-07-04
ORD-06003,CL-093,diretto,2025-07-04
ORD-06004,CL-100,diretto,2025-07-04
ORD-06005,CL-118,diretto,2025-07-04
ORD-06006,CL-118,diretto,2025-07-04
ORD-06007,CL-119,diretto,2025-07-04
ORD-06008,CL-147,diretto,2025-07-04
ORD-06009,CL-156,diretto,2025-07-04
ORD-06010,CL-158,diretto,2025-07-04
ORD-06011,CL-162,diretto,2025-07-04
ORD-06012,CL-164,diretto,2025-07-04
ORD-06013,CL-165,diretto,2025-07-04
ORD-06014,CL-178,diretto,2025-07-04
ORD-06015,CL-194,diretto,2025-07-04
ORD-06016,CL-198,diretto,2025-07-04
ORD-06017,CL-212,diretto,2025-07-04
ORD-06018,CL-218,diretto,2025-07-04
ORD-06019,CL-223,distributori,2025-07-04
ORD-06020,CL-223,distributori,2025-07-04
ORD-06021,CL-224,distributori,2025-07-04
ORD-06022,CL-224,distributori,2025-07-04
ORD-06023,CL-224,distributori,2025-07-04
ORD-06024,CL-224,distributori,2025-07-04
ORD-06025,CL-224,distributori,2025-07-04
ORD-06026,CL-225,distributori,2025-07-04
ORD-06027,CL-226,distributori,2025-07-04
ORD-06028,CL-228,distributori,2025-07-04
ORD-06029,CL-228,distributori,2025-07-04
ORD-06030,CL-228,distributori,2025-07-04
ORD-06031,CL-229,distributori,2025-07-04
ORD-06032,CL-230,distributori,2025-07-04
ORD-06033,CL-231,distributori,2025-07-04
ORD-06034,CL-235,distributori,2025-07-04
ORD-06035,CL-236,distributori,2025-07-04
ORD-06036,CL-238,distributori,2025-07-04
ORD-06037,CL-242,distributori,2025-07-04
ORD-06038,CL-243,distributori,2025-07-04
ORD-06039,CL-244,distributori,2025-07-04
ORD-06040,CL-246,distributori,2025-07-04
ORD-06041,CL-246,distributori,2025-07-04
ORD-06042,CL-250,distributori,2025-07-04
ORD-06043,CL-252,distributori,2025-07-04
ORD-06044,CL-252,distributori,2025-07-04
ORD-06045,CL-253,distributori,2025-07-04
ORD-06046,CL-258,distributori,2025-07-04
ORD-06047,CL-002,diretto,2025-07-07
ORD-06048,CL-008,diretto,2025-07-07
ORD-06049,CL-010,diretto,2025-07-07
ORD-06050,CL-010,diretto,2025-07-07
ORD-06051,CL-014,diretto,2025-07-07
ORD-06052,CL-014,diretto,2025-07-07
ORD-06053,CL-014,diretto,2025-07-07
ORD-06054,CL-018,diretto,2025-07-07
ORD-06055,CL-026,diretto,2025-07-07
ORD-06056,CL-026,diretto,2025-07-07
ORD-06057,CL-027,diretto,2025-07-07
ORD-06058,CL-029,diretto,2025-07-07
ORD-06059,CL-031,diretto,2025-07-07
ORD-06060,CL-032,diretto,2025-07-07
ORD-06061,CL-033,diretto,2025-07-07
ORD-06062,CL-034,diretto,2025-07-07
ORD-06063,CL-055,diretto,2025-07-07
ORD-06064,CL-114,diretto,2025-07-07
ORD-06065,CL-120,diretto,2025-07-07
ORD-06066,CL-122,diretto,2025-07-07
ORD-06067,CL-136,diretto,2025-07-07
ORD-06068,CL-165,diretto,2025-07-07
ORD-06069,CL-194,diretto,2025-07-07
ORD-06070,CL-197,diretto,2025-07-07
ORD-06071,CL-205,diretto,2025-07-07
ORD-06072,CL-215,diretto,2025-07-07
ORD-06073,CL-223,distributori,2025-07-07
ORD-06074,CL-224,distributori,2025-07-07
ORD-06075,CL-224,distributori,2025-07-07
ORD-06076,CL-226,distributori,2025-07-07
ORD-06077,CL-229,distributori,2025-07-07
ORD-06078,CL-232,distributori,2025-07-07
ORD-06079,CL-234,distributori,2025-07-07
ORD-06080,CL-236,distributori,2025-07-07
ORD-06081,CL-236,distributori,2025-07-07
ORD-06082,CL-239,distributori,2025-07-07
ORD-06083,CL-239,distributori,2025-07-07
ORD-06084,CL-239,distributori,2025-07-07
ORD-06085,CL-245,distributori,2025-07-07
ORD-06086,CL-246,distributori,2025-07-07
ORD-06087,CL-249,distributori,2025-07-07
ORD-06088,CL-251,distributori,2025-07-07
ORD-06089,CL-252,distributori,2025-07-07
ORD-06090,CL-252,distributori,2025-07-07
ORD-06091,CL-252,distributori,2025-07-07
ORD-06092,CL-252,distributori,2025-07-07
ORD-06093,CL-258,distributori,2025-07-07
ORD-06094,CL-002,diretto,2025-07-08
ORD-06095,CL-003,diretto,2025-07-08
ORD-06096,CL-009,diretto,2025-07-08
ORD-06097,CL-011,diretto,2025-07-08
ORD-06098,CL-014,diretto,2025-07-08
ORD-06099,CL-014,diretto,2025-07-08
ORD-06100,CL-014,diretto,2025-07-08
ORD-06101,CL-017,diretto,2025-07-08
ORD-06102,CL-022,diretto,2025-07-08
ORD-06103,CL-023,diretto,2025-07-08
ORD-06104,CL-023,diretto,2025-07-08
ORD-06105,CL-025,diretto,2025-07-08
ORD-06106,CL-026,diretto,2025-07-08
ORD-06107,CL-027,diretto,2025-07-08
ORD-06108,CL-028,diretto,2025-07-08
ORD-06109,CL-028,diretto,2025-07-08
ORD-06110,CL-034,diretto,2025-07-08
ORD-06111,CL-040,diretto,2025-07-08
ORD-06112,CL-045,diretto,2025-07-08
ORD-06113,CL-088,diretto,2025-07-08
ORD-06114,CL-092,diretto,2025-07-08
ORD-06115,CL-120,diretto,2025-07-08
ORD-06116,CL-125,diretto,2025-07-08
ORD-06117,CL-140,diretto,2025-07-08
ORD-06118,CL-150,diretto,2025-07-08
ORD-06119,CL-200,diretto,2025-07-08
ORD-06120,CL-209,diretto,2025-07-08
ORD-06121,CL-219,distributori,2025-07-08
ORD-06122,CL-222,distributori,2025-07-08
ORD-06123,CL-224,distributori,2025-07-08
ORD-06124,CL-225,distributori,2025-07-08
ORD-06125,CL-228,distributori,2025-07-08
ORD-06126,CL-230,distributori,2025-07-08
ORD-06127,CL-232,distributori,2025-07-08
ORD-06128,CL-233,distributori,2025-07-08
ORD-06129,CL-236,distributori,2025-07-08
ORD-06130,CL-237,distributori,2025-07-08
ORD-06131,CL-238,distributori,2025-07-08
ORD-06132,CL-238,distributori,2025-07-08
ORD-06133,CL-240,distributori,2025-07-08
ORD-06134,CL-241,distributori,2025-07-08
ORD-06135,CL-242,distributori,2025-07-08
ORD-06136,CL-244,distributori,2025-07-08
ORD-06137,CL-244,distributori,2025-07-08
ORD-06138,CL-246,distributori,2025-07-08
ORD-06139,CL-246,distributori,2025-07-08
ORD-06140,CL-252,distributori,2025-07-08
ORD-06141,CL-252,distributori,2025-07-08
ORD-06142,CL-255,distributori,2025-07-08
ORD-06143,CL-255,distributori,2025-07-08
ORD-06144,CL-257,distributori,2025-07-08
ORD-06145,CL-257,distributori,2025-07-08
ORD-06146,CL-257,distributori,2025-07-08
ORD-06147,CL-258,distributori,2025-07-08
ORD-06148,CL-002,diretto,2025-07-09
ORD-06149,CL-002,diretto,2025-07-09
ORD-06150,CL-007,diretto,2025-07-09
ORD-06151,CL-009,diretto,2025-07-09
ORD-06152,CL-014,diretto,2025-07-09
ORD-06153,CL-018,diretto,2025-07-09
ORD-06154,CL-025,diretto,2025-07-09
ORD-06155,CL-026,diretto,2025-07-09
ORD-06156,CL-026,diretto,2025-07-09
ORD-06157,CL-035,diretto,2025-07-09
ORD-06158,CL-043,diretto,2025-07-09
ORD-06159,CL-043,diretto,2025-07-09
ORD-06160,CL-043,diretto,2025-07-09
ORD-06161,CL-057,diretto,2025-07-09
ORD-06162,CL-113,diretto,2025-07-09
ORD-06163,CL-113,diretto,2025-07-09
ORD-06164,CL-115,diretto,2025-07-09
ORD-06165,CL-119,diretto,2025-07-09
ORD-06166,CL-141,diretto,2025-07-09
ORD-06167,CL-146,diretto,2025-07-09
ORD-06168,CL-157,diretto,2025-07-09
ORD-06169,CL-175,diretto,2025-07-09
ORD-06170,CL-193,diretto,2025-07-09
ORD-06171,CL-211,diretto,2025-07-09
ORD-06172,CL-212,diretto,2025-07-09
ORD-06173,CL-225,distributori,2025-07-09
ORD-06174,CL-226,distributori,2025-07-09
ORD-06175,CL-226,distributori,2025-07-09
ORD-06176,CL-227,distributori,2025-07-09
ORD-06177,CL-228,distributori,2025-07-09
ORD-06178,CL-228,distributori,2025-07-09
ORD-06179,CL-230,distributori,2025-07-09
ORD-06180,CL-230,distributori,2025-07-09
ORD-06181,CL-231,distributori,2025-07-09
ORD-06182,CL-235,distributori,2025-07-09
ORD-06183,CL-237,distributori,2025-07-09
ORD-06184,CL-237,distributori,2025-07-09
ORD-06185,CL-237,distributori,2025-07-09
ORD-06186,CL-238,distributori,2025-07-09
ORD-06187,CL-241,distributori,2025-07-09
ORD-06188,CL-244,distributori,2025-07-09
ORD-06189,CL-244,distributori,2025-07-09
ORD-06190,CL-250,distributori,2025-07-09
ORD-06191,CL-252,distributori,2025-07-09
ORD-06192,CL-252,distributori,2025-07-09
ORD-06193,CL-252,distributori,2025-07-09
ORD-06194,CL-254,distributori,2025-07-09
ORD-06195,CL-258,distributori,2025-07-09
ORD-06196,CL-006,diretto,2025-07-10
ORD-06197,CL-008,diretto,2025-07-10
ORD-06198,CL-016,diretto,2025-07-10
ORD-06199,CL-020,diretto,2025-07-10
ORD-06200,CL-027,diretto,2025-07-10
ORD-06201,CL-034,diretto,2025-07-10
ORD-06202,CL-055,diretto,2025-07-10
ORD-06203,CL-066,diretto,2025-07-10
ORD-06204,CL-088,diretto,2025-07-10
ORD-06205,CL-119,diretto,2025-07-10
ORD-06206,CL-120,diretto,2025-07-10
ORD-06207,CL-123,diretto,2025-07-10
ORD-06208,CL-132,diretto,2025-07-10
ORD-06209,CL-170,diretto,2025-07-10
ORD-06210,CL-178,diretto,2025-07-10
ORD-06211,CL-194,diretto,2025-07-10
ORD-06212,CL-213,diretto,2025-07-10
ORD-06213,CL-219,distributori,2025-07-10
ORD-06214,CL-223,distributori,2025-07-10
ORD-06215,CL-228,distributori,2025-07-10
ORD-06216,CL-229,distributori,2025-07-10
ORD-06217,CL-231,distributori,2025-07-10
ORD-06218,CL-233,distributori,2025-07-10
ORD-06219,CL-238,distributori,2025-07-10
ORD-06220,CL-238,distributori,2025-07-10
ORD-06221,CL-238,distributori,2025-07-10
ORD-06222,CL-238,distributori,2025-07-10
ORD-06223,CL-239,distributori,2025-07-10
ORD-06224,CL-242,distributori,2025-07-10
ORD-06225,CL-242,distributori,2025-07-10
ORD-06226,CL-242,distributori,2025-07-10
ORD-06227,CL-242,distributori,2025-07-10
ORD-06228,CL-243,distributori,2025-07-10
ORD-06229,CL-243,distributori,2025-07-10
ORD-06230,CL-246,distributori,2025-07-10
ORD-06231,CL-247,distributori,2025-07-10
ORD-06232,CL-249,distributori,2025-07-10
ORD-06233,CL-252,distributori,2025-07-10
ORD-06234,CL-254,distributori,2025-07-10
ORD-06235,CL-255,distributori,2025-07-10
ORD-06236,CL-258,distributori,2025-07-10
ORD-06237,CL-002,diretto,2025-07-11
ORD-06238,CL-002,diretto,2025-07-11
ORD-06239,CL-003,diretto,2025-07-11
ORD-06240,CL-005,diretto,2025-07-11
ORD-06241,CL-008,diretto,2025-07-11
ORD-06242,CL-009,diretto,2025-07-11
ORD-06243,CL-014,diretto,2025-07-11
ORD-06244,CL-014,diretto,2025-07-11
ORD-06245,CL-014,diretto,2025-07-11
ORD-06246,CL-026,diretto,2025-07-11
ORD-06247,CL-026,diretto,2025-07-11
ORD-06248,CL-033,diretto,2025-07-11
ORD-06249,CL-034,diretto,2025-07-11
ORD-06250,CL-036,diretto,2025-07-11
ORD-06251,CL-054,diretto,2025-07-11
ORD-06252,CL-099,diretto,2025-07-11
ORD-06253,CL-107,diretto,2025-07-11
ORD-06254,CL-120,diretto,2025-07-11
ORD-06255,CL-121,diretto,2025-07-11
ORD-06256,CL-139,diretto,2025-07-11
ORD-06257,CL-144,diretto,2025-07-11
ORD-06258,CL-144,diretto,2025-07-11
ORD-06259,CL-159,diretto,2025-07-11
ORD-06260,CL-164,diretto,2025-07-11
ORD-06261,CL-179,diretto,2025-07-11
ORD-06262,CL-186,diretto,2025-07-11
ORD-06263,CL-205,diretto,2025-07-11
ORD-06264,CL-206,diretto,2025-07-11
ORD-06265,CL-207,diretto,2025-07-11
ORD-06266,CL-210,diretto,2025-07-11
ORD-06267,CL-223,distributori,2025-07-11
ORD-06268,CL-224,distributori,2025-07-11
ORD-06269,CL-224,distributori,2025-07-11
ORD-06270,CL-225,distributori,2025-07-11
ORD-06271,CL-228,distributori,2025-07-11
ORD-06272,CL-228,distributori,2025-07-11
ORD-06273,CL-229,distributori,2025-07-11
ORD-06274,CL-230,distributori,2025-07-11
ORD-06275,CL-233,distributori,2025-07-11
ORD-06276,CL-234,distributori,2025-07-11
ORD-06277,CL-236,distributori,2025-07-11
ORD-06278,CL-236,distributori,2025-07-11
ORD-06279,CL-239,distributori,2025-07-11
ORD-06280,CL-239,distributori,2025-07-11
ORD-06281,CL-240,distributori,2025-07-11
ORD-06282,CL-241,distributori,2025-07-11
ORD-06283,CL-243,distributori,2025-07-11
ORD-06284,CL-247,distributori,2025-07-11
ORD-06285,CL-249,distributori,2025-07-11
ORD-06286,CL-251,distributori,2025-07-11
ORD-06287,CL-252,distributori,2025-07-11
ORD-06288,CL-252,distributori,2025-07-11
ORD-06289,CL-255,distributori,2025-07-11
ORD-06290,CL-002,diretto,2025-07-14
ORD-06291,CL-002,diretto,2025-07-14
ORD-06292,CL-008,diretto,2025-07-14
ORD-06293,CL-009,diretto,2025-07-14
ORD-06294,CL-014,diretto,2025-07-14
ORD-06295,CL-016,diretto,2025-07-14
ORD-06296,CL-021,diretto,2025-07-14
ORD-06297,CL-024,diretto,2025-07-14
ORD-06298,CL-029,diretto,2025-07-14
ORD-06299,CL-040,diretto,2025-07-14
ORD-06300,CL-070,diretto,2025-07-14
ORD-06301,CL-094,diretto,2025-07-14
ORD-06302,CL-121,diretto,2025-07-14
ORD-06303,CL-148,diretto,2025-07-14
ORD-06304,CL-149,diretto,2025-07-14
ORD-06305,CL-152,diretto,2025-07-14
ORD-06306,CL-155,diretto,2025-07-14
ORD-06307,CL-219,distributori,2025-07-14
ORD-06308,CL-223,distributori,2025-07-14
ORD-06309,CL-225,distributori,2025-07-14
ORD-06310,CL-225,distributori,2025-07-14
ORD-06311,CL-225,distributori,2025-07-14
ORD-06312,CL-228,distributori,2025-07-14
ORD-06313,CL-229,distributori,2025-07-14
ORD-06314,CL-232,distributori,2025-07-14
ORD-06315,CL-234,distributori,2025-07-14
ORD-06316,CL-238,distributori,2025-07-14
ORD-06317,CL-239,distributori,2025-07-14
ORD-06318,CL-239,distributori,2025-07-14
ORD-06319,CL-240,distributori,2025-07-14
ORD-06320,CL-240,distributori,2025-07-14
ORD-06321,CL-240,distributori,2025-07-14
ORD-06322,CL-242,distributori,2025-07-14
ORD-06323,CL-242,distributori,2025-07-14
ORD-06324,CL-243,distributori,2025-07-14
ORD-06325,CL-244,distributori,2025-07-14
ORD-06326,CL-245,distributori,2025-07-14
ORD-06327,CL-245,distributori,2025-07-14
ORD-06328,CL-245,distributori,2025-07-14
ORD-06329,CL-246,distributori,2025-07-14
ORD-06330,CL-246,distributori,2025-07-14
ORD-06331,CL-248,distributori,2025-07-14
ORD-06332,CL-249,distributori,2025-07-14
ORD-06333,CL-249,distributori,2025-07-14
ORD-06334,CL-250,distributori,2025-07-14
ORD-06335,CL-251,distributori,2025-07-14
ORD-06336,CL-251,distributori,2025-07-14
ORD-06337,CL-251,distributori,2025-07-14
ORD-06338,CL-252,distributori,2025-07-14
ORD-06339,CL-002,diretto,2025-07-15
ORD-06340,CL-002,diretto,2025-07-15
ORD-06341,CL-014,diretto,2025-07-15
ORD-06342,CL-014,diretto,2025-07-15
ORD-06343,CL-014,diretto,2025-07-15
ORD-06344,CL-020,diretto,2025-07-15
ORD-06345,CL-028,diretto,2025-07-15
ORD-06346,CL-029,diretto,2025-07-15
ORD-06347,CL-031,diretto,2025-07-15
ORD-06348,CL-034,diretto,2025-07-15
ORD-06349,CL-036,diretto,2025-07-15
ORD-06350,CL-040,diretto,2025-07-15
ORD-06351,CL-042,diretto,2025-07-15
ORD-06352,CL-063,diretto,2025-07-15
ORD-06353,CL-066,diretto,2025-07-15
ORD-06354,CL-088,diretto,2025-07-15
ORD-06355,CL-089,diretto,2025-07-15
ORD-06356,CL-097,diretto,2025-07-15
ORD-06357,CL-144,diretto,2025-07-15
ORD-06358,CL-178,diretto,2025-07-15
ORD-06359,CL-191,diretto,2025-07-15
ORD-06360,CL-193,diretto,2025-07-15
ORD-06361,CL-197,diretto,2025-07-15
ORD-06362,CL-202,diretto,2025-07-15
ORD-06363,CL-207,diretto,2025-07-15
ORD-06364,CL-209,diretto,2025-07-15
ORD-06365,CL-220,distributori,2025-07-15
ORD-06366,CL-222,distributori,2025-07-15
ORD-06367,CL-224,distributori,2025-07-15
ORD-06368,CL-226,distributori,2025-07-15
ORD-06369,CL-226,distributori,2025-07-15
ORD-06370,CL-229,distributori,2025-07-15
ORD-06371,CL-230,distributori,2025-07-15
ORD-06372,CL-234,distributori,2025-07-15
ORD-06373,CL-235,distributori,2025-07-15
ORD-06374,CL-238,distributori,2025-07-15
ORD-06375,CL-243,distributori,2025-07-15
ORD-06376,CL-244,distributori,2025-07-15
ORD-06377,CL-244,distributori,2025-07-15
ORD-06378,CL-246,distributori,2025-07-15
ORD-06379,CL-249,distributori,2025-07-15
ORD-06380,CL-249,distributori,2025-07-15
ORD-06381,CL-251,distributori,2025-07-15
ORD-06382,CL-252,distributori,2025-07-15
ORD-06383,CL-253,distributori,2025-07-15
ORD-06384,CL-254,distributori,2025-07-15
ORD-06385,CL-257,distributori,2025-07-15
ORD-06386,CL-258,distributori,2025-07-15
ORD-06387,CL-008,diretto,2025-07-16
ORD-06388,CL-008,diretto,2025-07-16
ORD-06389,CL-014,diretto,2025-07-16
ORD-06390,CL-014,diretto,2025-07-16
ORD-06391,CL-014,diretto,2025-07-16
ORD-06392,CL-015,diretto,2025-07-16
ORD-06393,CL-020,diretto,2025-07-16
ORD-06394,CL-025,diretto,2025-07-16
ORD-06395,CL-026,diretto,2025-07-16
ORD-06396,CL-072,diretto,2025-07-16
ORD-06397,CL-098,diretto,2025-07-16
ORD-06398,CL-105,diretto,2025-07-16
ORD-06399,CL-109,diretto,2025-07-16
ORD-06400,CL-133,diretto,2025-07-16
ORD-06401,CL-140,diretto,2025-07-16
ORD-06402,CL-145,diretto,2025-07-16
ORD-06403,CL-146,diretto,2025-07-16
ORD-06404,CL-160,diretto,2025-07-16
ORD-06405,CL-198,diretto,2025-07-16
ORD-06406,CL-219,distributori,2025-07-16
ORD-06407,CL-219,distributori,2025-07-16
ORD-06408,CL-220,distributori,2025-07-16
ORD-06409,CL-224,distributori,2025-07-16
ORD-06410,CL-225,distributori,2025-07-16
ORD-06411,CL-226,distributori,2025-07-16
ORD-06412,CL-226,distributori,2025-07-16
ORD-06413,CL-228,distributori,2025-07-16
ORD-06414,CL-229,distributori,2025-07-16
ORD-06415,CL-232,distributori,2025-07-16
ORD-06416,CL-235,distributori,2025-07-16
ORD-06417,CL-237,distributori,2025-07-16
ORD-06418,CL-238,distributori,2025-07-16
ORD-06419,CL-238,distributori,2025-07-16
ORD-06420,CL-238,distributori,2025-07-16
ORD-06421,CL-240,distributori,2025-07-16
ORD-06422,CL-241,distributori,2025-07-16
ORD-06423,CL-242,distributori,2025-07-16
ORD-06424,CL-242,distributori,2025-07-16
ORD-06425,CL-243,distributori,2025-07-16
ORD-06426,CL-246,distributori,2025-07-16
ORD-06427,CL-247,distributori,2025-07-16
ORD-06428,CL-249,distributori,2025-07-16
ORD-06429,CL-251,distributori,2025-07-16
ORD-06430,CL-002,diretto,2025-07-17
ORD-06431,CL-002,diretto,2025-07-17
ORD-06432,CL-003,diretto,2025-07-17
ORD-06433,CL-008,diretto,2025-07-17
ORD-06434,CL-009,diretto,2025-07-17
ORD-06435,CL-009,diretto,2025-07-17
ORD-06436,CL-010,diretto,2025-07-17
ORD-06437,CL-014,diretto,2025-07-17
ORD-06438,CL-014,diretto,2025-07-17
ORD-06439,CL-014,diretto,2025-07-17
ORD-06440,CL-015,diretto,2025-07-17
ORD-06441,CL-016,diretto,2025-07-17
ORD-06442,CL-032,diretto,2025-07-17
ORD-06443,CL-032,diretto,2025-07-17
ORD-06444,CL-043,diretto,2025-07-17
ORD-06445,CL-062,diretto,2025-07-17
ORD-06446,CL-099,diretto,2025-07-17
ORD-06447,CL-109,diretto,2025-07-17
ORD-06448,CL-136,diretto,2025-07-17
ORD-06449,CL-143,diretto,2025-07-17
ORD-06450,CL-155,diretto,2025-07-17
ORD-06451,CL-156,diretto,2025-07-17
ORD-06452,CL-193,diretto,2025-07-17
ORD-06453,CL-203,diretto,2025-07-17
ORD-06454,CL-212,diretto,2025-07-17
ORD-06455,CL-219,distributori,2025-07-17
ORD-06456,CL-221,distributori,2025-07-17
ORD-06457,CL-221,distributori,2025-07-17
ORD-06458,CL-223,distributori,2025-07-17
ORD-06459,CL-223,distributori,2025-07-17
ORD-06460,CL-224,distributori,2025-07-17
ORD-06461,CL-224,distributori,2025-07-17
ORD-06462,CL-226,distributori,2025-07-17
ORD-06463,CL-228,distributori,2025-07-17
ORD-06464,CL-229,distributori,2025-07-17
ORD-06465,CL-231,distributori,2025-07-17
ORD-06466,CL-233,distributori,2025-07-17
ORD-06467,CL-235,distributori,2025-07-17
ORD-06468,CL-236,distributori,2025-07-17
ORD-06469,CL-237,distributori,2025-07-17
ORD-06470,CL-237,distributori,2025-07-17
ORD-06471,CL-238,distributori,2025-07-17
ORD-06472,CL-241,distributori,2025-07-17
ORD-06473,CL-241,distributori,2025-07-17
ORD-06474,CL-244,distributori,2025-07-17
ORD-06475,CL-249,distributori,2025-07-17
ORD-06476,CL-249,distributori,2025-07-17
ORD-06477,CL-251,distributori,2025-07-17
ORD-06478,CL-251,distributori,2025-07-17
ORD-06479,CL-252,distributori,2025-07-17
ORD-06480,CL-252,distributori,2025-07-17
ORD-06481,CL-256,distributori,2025-07-17
ORD-06482,CL-004,diretto,2025-07-18
ORD-06483,CL-013,diretto,2025-07-18
ORD-06484,CL-014,diretto,2025-07-18
ORD-06485,CL-014,diretto,2025-07-18
ORD-06486,CL-014,diretto,2025-07-18
ORD-06487,CL-018,diretto,2025-07-18
ORD-06488,CL-022,diretto,2025-07-18
ORD-06489,CL-023,diretto,2025-07-18
ORD-06490,CL-027,diretto,2025-07-18
ORD-06491,CL-031,diretto,2025-07-18
ORD-06492,CL-040,diretto,2025-07-18
ORD-06493,CL-043,diretto,2025-07-18
ORD-06494,CL-046,diretto,2025-07-18
ORD-06495,CL-065,diretto,2025-07-18
ORD-06496,CL-068,diretto,2025-07-18
ORD-06497,CL-071,diretto,2025-07-18
ORD-06498,CL-119,diretto,2025-07-18
ORD-06499,CL-137,diretto,2025-07-18
ORD-06500,CL-142,diretto,2025-07-18
ORD-06501,CL-144,diretto,2025-07-18
ORD-06502,CL-166,diretto,2025-07-18
ORD-06503,CL-194,diretto,2025-07-18
ORD-06504,CL-199,diretto,2025-07-18
ORD-06505,CL-219,distributori,2025-07-18
ORD-06506,CL-220,distributori,2025-07-18
ORD-06507,CL-221,distributori,2025-07-18
ORD-06508,CL-223,distributori,2025-07-18
ORD-06509,CL-224,distributori,2025-07-18
ORD-06510,CL-224,distributori,2025-07-18
ORD-06511,CL-224,distributori,2025-07-18
ORD-06512,CL-226,distributori,2025-07-18
ORD-06513,CL-229,distributori,2025-07-18
ORD-06514,CL-230,distributori,2025-07-18
ORD-06515,CL-232,distributori,2025-07-18
ORD-06516,CL-232,distributori,2025-07-18
ORD-06517,CL-235,distributori,2025-07-18
ORD-06518,CL-236,distributori,2025-07-18
ORD-06519,CL-239,distributori,2025-07-18
ORD-06520,CL-239,distributori,2025-07-18
ORD-06521,CL-240,distributori,2025-07-18
ORD-06522,CL-242,distributori,2025-07-18
ORD-06523,CL-242,distributori,2025-07-18
ORD-06524,CL-252,distributori,2025-07-18
ORD-06525,CL-252,distributori,2025-07-18
ORD-06526,CL-252,distributori,2025-07-18
ORD-06527,CL-252,distributori,2025-07-18
ORD-06528,CL-254,distributori,2025-07-18
ORD-06529,CL-008,diretto,2025-07-21
ORD-06530,CL-010,diretto,2025-07-21
ORD-06531,CL-014,diretto,2025-07-21
ORD-06532,CL-014,diretto,2025-07-21
ORD-06533,CL-014,diretto,2025-07-21
ORD-06534,CL-014,diretto,2025-07-21
ORD-06535,CL-020,diretto,2025-07-21
ORD-06536,CL-020,diretto,2025-07-21
ORD-06537,CL-026,diretto,2025-07-21
ORD-06538,CL-028,diretto,2025-07-21
ORD-06539,CL-028,diretto,2025-07-21
ORD-06540,CL-050,diretto,2025-07-21
ORD-06541,CL-062,diretto,2025-07-21
ORD-06542,CL-076,diretto,2025-07-21
ORD-06543,CL-089,diretto,2025-07-21
ORD-06544,CL-108,diretto,2025-07-21
ORD-06545,CL-112,diretto,2025-07-21
ORD-06546,CL-155,diretto,2025-07-21
ORD-06547,CL-176,diretto,2025-07-21
ORD-06548,CL-183,diretto,2025-07-21
ORD-06549,CL-184,diretto,2025-07-21
ORD-06550,CL-208,diretto,2025-07-21
ORD-06551,CL-209,diretto,2025-07-21
ORD-06552,CL-209,diretto,2025-07-21
ORD-06553,CL-218,diretto,2025-07-21
ORD-06554,CL-224,distributori,2025-07-21
ORD-06555,CL-224,distributori,2025-07-21
ORD-06556,CL-228,distributori,2025-07-21
ORD-06557,CL-230,distributori,2025-07-21
ORD-06558,CL-230,distributori,2025-07-21
ORD-06559,CL-236,distributori,2025-07-21
ORD-06560,CL-237,distributori,2025-07-21
ORD-06561,CL-238,distributori,2025-07-21
ORD-06562,CL-240,distributori,2025-07-21
ORD-06563,CL-242,distributori,2025-07-21
ORD-06564,CL-243,distributori,2025-07-21
ORD-06565,CL-245,distributori,2025-07-21
ORD-06566,CL-248,distributori,2025-07-21
ORD-06567,CL-250,distributori,2025-07-21
ORD-06568,CL-251,distributori,2025-07-21
ORD-06569,CL-252,distributori,2025-07-21
ORD-06570,CL-252,distributori,2025-07-21
ORD-06571,CL-252,distributori,2025-07-21
ORD-06572,CL-257,distributori,2025-07-21
ORD-06573,CL-001,diretto,2025-07-22
ORD-06574,CL-002,diretto,2025-07-22
ORD-06575,CL-005,diretto,2025-07-22
ORD-06576,CL-009,diretto,2025-07-22
ORD-06577,CL-009,diretto,2025-07-22
ORD-06578,CL-011,diretto,2025-07-22
ORD-06579,CL-013,diretto,2025-07-22
ORD-06580,CL-014,diretto,2025-07-22
ORD-06581,CL-017,diretto,2025-07-22
ORD-06582,CL-019,diretto,2025-07-22
ORD-06583,CL-021,diretto,2025-07-22
ORD-06584,CL-025,diretto,2025-07-22
ORD-06585,CL-027,diretto,2025-07-22
ORD-06586,CL-027,diretto,2025-07-22
ORD-06587,CL-027,diretto,2025-07-22
ORD-06588,CL-072,diretto,2025-07-22
ORD-06589,CL-084,diretto,2025-07-22
ORD-06590,CL-116,diretto,2025-07-22
ORD-06591,CL-130,diretto,2025-07-22
ORD-06592,CL-133,diretto,2025-07-22
ORD-06593,CL-159,diretto,2025-07-22
ORD-06594,CL-160,diretto,2025-07-22
ORD-06595,CL-165,diretto,2025-07-22
ORD-06596,CL-170,diretto,2025-07-22
ORD-06597,CL-176,diretto,2025-07-22
ORD-06598,CL-177,diretto,2025-07-22
ORD-06599,CL-182,diretto,2025-07-22
ORD-06600,CL-198,diretto,2025-07-22
ORD-06601,CL-209,diretto,2025-07-22
ORD-06602,CL-219,distributori,2025-07-22
ORD-06603,CL-219,distributori,2025-07-22
ORD-06604,CL-224,distributori,2025-07-22
ORD-06605,CL-228,distributori,2025-07-22
ORD-06606,CL-229,distributori,2025-07-22
ORD-06607,CL-229,distributori,2025-07-22
ORD-06608,CL-232,distributori,2025-07-22
ORD-06609,CL-234,distributori,2025-07-22
ORD-06610,CL-234,distributori,2025-07-22
ORD-06611,CL-235,distributori,2025-07-22
ORD-06612,CL-235,distributori,2025-07-22
ORD-06613,CL-235,distributori,2025-07-22
ORD-06614,CL-237,distributori,2025-07-22
ORD-06615,CL-238,distributori,2025-07-22
ORD-06616,CL-240,distributori,2025-07-22
ORD-06617,CL-241,distributori,2025-07-22
ORD-06618,CL-242,distributori,2025-07-22
ORD-06619,CL-242,distributori,2025-07-22
ORD-06620,CL-244,distributori,2025-07-22
ORD-06621,CL-245,distributori,2025-07-22
ORD-06622,CL-247,distributori,2025-07-22
ORD-06623,CL-249,distributori,2025-07-22
ORD-06624,CL-249,distributori,2025-07-22
ORD-06625,CL-252,distributori,2025-07-22
ORD-06626,CL-254,distributori,2025-07-22
ORD-06627,CL-002,diretto,2025-07-23
ORD-06628,CL-014,diretto,2025-07-23
ORD-06629,CL-014,diretto,2025-07-23
ORD-06630,CL-017,diretto,2025-07-23
ORD-06631,CL-017,diretto,2025-07-23
ORD-06632,CL-019,diretto,2025-07-23
ORD-06633,CL-020,diretto,2025-07-23
ORD-06634,CL-022,diretto,2025-07-23
ORD-06635,CL-024,diretto,2025-07-23
ORD-06636,CL-026,diretto,2025-07-23
ORD-06637,CL-027,diretto,2025-07-23
ORD-06638,CL-027,diretto,2025-07-23
ORD-06639,CL-028,diretto,2025-07-23
ORD-06640,CL-045,diretto,2025-07-23
ORD-06641,CL-098,diretto,2025-07-23
ORD-06642,CL-103,diretto,2025-07-23
ORD-06643,CL-132,diretto,2025-07-23
ORD-06644,CL-143,diretto,2025-07-23
ORD-06645,CL-168,diretto,2025-07-23
ORD-06646,CL-173,diretto,2025-07-23
ORD-06647,CL-197,diretto,2025-07-23
ORD-06648,CL-219,distributori,2025-07-23
ORD-06649,CL-220,distributori,2025-07-23
ORD-06650,CL-223,distributori,2025-07-23
ORD-06651,CL-226,distributori,2025-07-23
ORD-06652,CL-226,distributori,2025-07-23
ORD-06653,CL-228,distributori,2025-07-23
ORD-06654,CL-229,distributori,2025-07-23
ORD-06655,CL-230,distributori,2025-07-23
ORD-06656,CL-230,distributori,2025-07-23
ORD-06657,CL-233,distributori,2025-07-23
ORD-06658,CL-233,distributori,2025-07-23
ORD-06659,CL-234,distributori,2025-07-23
ORD-06660,CL-234,distributori,2025-07-23
ORD-06661,CL-238,distributori,2025-07-23
ORD-06662,CL-238,distributori,2025-07-23
ORD-06663,CL-245,distributori,2025-07-23
ORD-06664,CL-246,distributori,2025-07-23
ORD-06665,CL-249,distributori,2025-07-23
ORD-06666,CL-252,distributori,2025-07-23
ORD-06667,CL-252,distributori,2025-07-23
ORD-06668,CL-252,distributori,2025-07-23
ORD-06669,CL-253,distributori,2025-07-23
ORD-06670,CL-253,distributori,2025-07-23
ORD-06671,CL-254,distributori,2025-07-23
ORD-06672,CL-258,distributori,2025-07-23
ORD-06673,CL-005,diretto,2025-07-24
ORD-06674,CL-009,diretto,2025-07-24
ORD-06675,CL-013,diretto,2025-07-24
ORD-06676,CL-014,diretto,2025-07-24
ORD-06677,CL-014,diretto,2025-07-24
ORD-06678,CL-014,diretto,2025-07-24
ORD-06679,CL-014,diretto,2025-07-24
ORD-06680,CL-020,diretto,2025-07-24
ORD-06681,CL-020,diretto,2025-07-24
ORD-06682,CL-023,diretto,2025-07-24
ORD-06683,CL-026,diretto,2025-07-24
ORD-06684,CL-031,diretto,2025-07-24
ORD-06685,CL-032,diretto,2025-07-24
ORD-06686,CL-035,diretto,2025-07-24
ORD-06687,CL-064,diretto,2025-07-24
ORD-06688,CL-077,diretto,2025-07-24
ORD-06689,CL-099,diretto,2025-07-24
ORD-06690,CL-106,diretto,2025-07-24
ORD-06691,CL-109,diretto,2025-07-24
ORD-06692,CL-119,diretto,2025-07-24
ORD-06693,CL-144,diretto,2025-07-24
ORD-06694,CL-158,diretto,2025-07-24
ORD-06695,CL-165,diretto,2025-07-24
ORD-06696,CL-191,diretto,2025-07-24
ORD-06697,CL-191,diretto,2025-07-24
ORD-06698,CL-193,diretto,2025-07-24
ORD-06699,CL-209,diretto,2025-07-24
ORD-06700,CL-221,distributori,2025-07-24
ORD-06701,CL-224,distributori,2025-07-24
ORD-06702,CL-225,distributori,2025-07-24
ORD-06703,CL-226,distributori,2025-07-24
ORD-06704,CL-226,distributori,2025-07-24
ORD-06705,CL-226,distributori,2025-07-24
ORD-06706,CL-229,distributori,2025-07-24
ORD-06707,CL-229,distributori,2025-07-24
ORD-06708,CL-232,distributori,2025-07-24
ORD-06709,CL-232,distributori,2025-07-24
ORD-06710,CL-232,distributori,2025-07-24
ORD-06711,CL-233,distributori,2025-07-24
ORD-06712,CL-235,distributori,2025-07-24
ORD-06713,CL-236,distributori,2025-07-24
ORD-06714,CL-236,distributori,2025-07-24
ORD-06715,CL-237,distributori,2025-07-24
ORD-06716,CL-238,distributori,2025-07-24
ORD-06717,CL-239,distributori,2025-07-24
ORD-06718,CL-240,distributori,2025-07-24
ORD-06719,CL-241,distributori,2025-07-24
ORD-06720,CL-245,distributori,2025-07-24
ORD-06721,CL-245,distributori,2025-07-24
ORD-06722,CL-251,distributori,2025-07-24
ORD-06723,CL-252,distributori,2025-07-24
ORD-06724,CL-252,distributori,2025-07-24
ORD-06725,CL-252,distributori,2025-07-24
ORD-06726,CL-252,distributori,2025-07-24
ORD-06727,CL-252,distributori,2025-07-24
ORD-06728,CL-007,diretto,2025-07-25
ORD-06729,CL-014,diretto,2025-07-25
ORD-06730,CL-016,diretto,2025-07-25
ORD-06731,CL-020,diretto,2025-07-25
ORD-06732,CL-026,diretto,2025-07-25
ORD-06733,CL-027,diretto,2025-07-25
ORD-06734,CL-031,diretto,2025-07-25
ORD-06735,CL-033,diretto,2025-07-25
ORD-06736,CL-034,diretto,2025-07-25
ORD-06737,CL-045,diretto,2025-07-25
ORD-06738,CL-062,diretto,2025-07-25
ORD-06739,CL-089,diretto,2025-07-25
ORD-06740,CL-103,diretto,2025-07-25
ORD-06741,CL-120,diretto,2025-07-25
ORD-06742,CL-122,diretto,2025-07-25
ORD-06743,CL-124,diretto,2025-07-25
ORD-06744,CL-134,diretto,2025-07-25
ORD-06745,CL-138,diretto,2025-07-25
ORD-06746,CL-166,diretto,2025-07-25
ORD-06747,CL-174,diretto,2025-07-25
ORD-06748,CL-186,diretto,2025-07-25
ORD-06749,CL-192,diretto,2025-07-25
ORD-06750,CL-203,diretto,2025-07-25
ORD-06751,CL-203,diretto,2025-07-25
ORD-06752,CL-213,diretto,2025-07-25
ORD-06753,CL-217,diretto,2025-07-25
ORD-06754,CL-225,distributori,2025-07-25
ORD-06755,CL-225,distributori,2025-07-25
ORD-06756,CL-228,distributori,2025-07-25
ORD-06757,CL-228,distributori,2025-07-25
ORD-06758,CL-230,distributori,2025-07-25
ORD-06759,CL-232,distributori,2025-07-25
ORD-06760,CL-237,distributori,2025-07-25
ORD-06761,CL-238,distributori,2025-07-25
ORD-06762,CL-239,distributori,2025-07-25
ORD-06763,CL-242,distributori,2025-07-25
ORD-06764,CL-243,distributori,2025-07-25
ORD-06765,CL-250,distributori,2025-07-25
ORD-06766,CL-252,distributori,2025-07-25
ORD-06767,CL-252,distributori,2025-07-25
ORD-06768,CL-252,distributori,2025-07-25
ORD-06769,CL-252,distributori,2025-07-25
ORD-06770,CL-252,distributori,2025-07-25
ORD-06771,CL-253,distributori,2025-07-25
ORD-06772,CL-258,distributori,2025-07-25
ORD-06773,CL-001,diretto,2025-07-28
ORD-06774,CL-002,diretto,2025-07-28
ORD-06775,CL-003,diretto,2025-07-28
ORD-06776,CL-007,diretto,2025-07-28
ORD-06777,CL-009,diretto,2025-07-28
ORD-06778,CL-023,diretto,2025-07-28
ORD-06779,CL-065,diretto,2025-07-28
ORD-06780,CL-070,diretto,2025-07-28
ORD-06781,CL-079,diretto,2025-07-28
ORD-06782,CL-088,diretto,2025-07-28
ORD-06783,CL-106,diretto,2025-07-28
ORD-06784,CL-111,diretto,2025-07-28
ORD-06785,CL-113,diretto,2025-07-28
ORD-06786,CL-130,diretto,2025-07-28
ORD-06787,CL-133,diretto,2025-07-28
ORD-06788,CL-157,diretto,2025-07-28
ORD-06789,CL-162,diretto,2025-07-28
ORD-06790,CL-166,diretto,2025-07-28
ORD-06791,CL-170,diretto,2025-07-28
ORD-06792,CL-192,diretto,2025-07-28
ORD-06793,CL-196,diretto,2025-07-28
ORD-06794,CL-221,distributori,2025-07-28
ORD-06795,CL-224,distributori,2025-07-28
ORD-06796,CL-224,distributori,2025-07-28
ORD-06797,CL-225,distributori,2025-07-28
ORD-06798,CL-226,distributori,2025-07-28
ORD-06799,CL-229,distributori,2025-07-28
ORD-06800,CL-232,distributori,2025-07-28
ORD-06801,CL-232,distributori,2025-07-28
ORD-06802,CL-234,distributori,2025-07-28
ORD-06803,CL-235,distributori,2025-07-28
ORD-06804,CL-239,distributori,2025-07-28
ORD-06805,CL-242,distributori,2025-07-28
ORD-06806,CL-243,distributori,2025-07-28
ORD-06807,CL-244,distributori,2025-07-28
ORD-06808,CL-245,distributori,2025-07-28
ORD-06809,CL-249,distributori,2025-07-28
ORD-06810,CL-250,distributori,2025-07-28
ORD-06811,CL-251,distributori,2025-07-28
ORD-06812,CL-251,distributori,2025-07-28
ORD-06813,CL-252,distributori,2025-07-28
ORD-06814,CL-252,distributori,2025-07-28
ORD-06815,CL-252,distributori,2025-07-28
ORD-06816,CL-258,distributori,2025-07-28
ORD-06817,CL-258,distributori,2025-07-28
ORD-06818,CL-002,diretto,2025-07-29
ORD-06819,CL-003,diretto,2025-07-29
ORD-06820,CL-006,diretto,2025-07-29
ORD-06821,CL-009,diretto,2025-07-29
ORD-06822,CL-009,diretto,2025-07-29
ORD-06823,CL-013,diretto,2025-07-29
ORD-06824,CL-014,diretto,2025-07-29
ORD-06825,CL-014,diretto,2025-07-29
ORD-06826,CL-014,diretto,2025-07-29
ORD-06827,CL-018,diretto,2025-07-29
ORD-06828,CL-027,diretto,2025-07-29
ORD-06829,CL-029,diretto,2025-07-29
ORD-06830,CL-030,diretto,2025-07-29
ORD-06831,CL-053,diretto,2025-07-29
ORD-06832,CL-073,diretto,2025-07-29
ORD-06833,CL-092,diretto,2025-07-29
ORD-06834,CL-096,diretto,2025-07-29
ORD-06835,CL-098,diretto,2025-07-29
ORD-06836,CL-109,diretto,2025-07-29
ORD-06837,CL-160,diretto,2025-07-29
ORD-06838,CL-184,diretto,2025-07-29
ORD-06839,CL-194,diretto,2025-07-29
ORD-06840,CL-205,diretto,2025-07-29
ORD-06841,CL-205,diretto,2025-07-29
ORD-06842,CL-210,diretto,2025-07-29
ORD-06843,CL-219,distributori,2025-07-29
ORD-06844,CL-222,distributori,2025-07-29
ORD-06845,CL-222,distributori,2025-07-29
ORD-06846,CL-223,distributori,2025-07-29
ORD-06847,CL-224,distributori,2025-07-29
ORD-06848,CL-224,distributori,2025-07-29
ORD-06849,CL-225,distributori,2025-07-29
ORD-06850,CL-225,distributori,2025-07-29
ORD-06851,CL-226,distributori,2025-07-29
ORD-06852,CL-228,distributori,2025-07-29
ORD-06853,CL-229,distributori,2025-07-29
ORD-06854,CL-229,distributori,2025-07-29
ORD-06855,CL-230,distributori,2025-07-29
ORD-06856,CL-230,distributori,2025-07-29
ORD-06857,CL-230,distributori,2025-07-29
ORD-06858,CL-233,distributori,2025-07-29
ORD-06859,CL-235,distributori,2025-07-29
ORD-06860,CL-236,distributori,2025-07-29
ORD-06861,CL-237,distributori,2025-07-29
ORD-06862,CL-237,distributori,2025-07-29
ORD-06863,CL-238,distributori,2025-07-29
ORD-06864,CL-241,distributori,2025-07-29
ORD-06865,CL-249,distributori,2025-07-29
ORD-06866,CL-250,distributori,2025-07-29
ORD-06867,CL-250,distributori,2025-07-29
ORD-06868,CL-250,distributori,2025-07-29
ORD-06869,CL-251,distributori,2025-07-29
ORD-06870,CL-252,distributori,2025-07-29
ORD-06871,CL-252,distributori,2025-07-29
ORD-06872,CL-252,distributori,2025-07-29
ORD-06873,CL-253,distributori,2025-07-29
ORD-06874,CL-253,distributori,2025-07-29
ORD-06875,CL-258,distributori,2025-07-29
ORD-06876,CL-003,diretto,2025-07-30
ORD-06877,CL-004,diretto,2025-07-30
ORD-06878,CL-018,diretto,2025-07-30
ORD-06879,CL-020,diretto,2025-07-30
ORD-06880,CL-025,diretto,2025-07-30
ORD-06881,CL-027,diretto,2025-07-30
ORD-06882,CL-032,diretto,2025-07-30
ORD-06883,CL-040,diretto,2025-07-30
ORD-06884,CL-043,diretto,2025-07-30
ORD-06885,CL-052,diretto,2025-07-30
ORD-06886,CL-060,diretto,2025-07-30
ORD-06887,CL-062,diretto,2025-07-30
ORD-06888,CL-080,diretto,2025-07-30
ORD-06889,CL-104,diretto,2025-07-30
ORD-06890,CL-104,diretto,2025-07-30
ORD-06891,CL-110,diretto,2025-07-30
ORD-06892,CL-147,diretto,2025-07-30
ORD-06893,CL-154,diretto,2025-07-30
ORD-06894,CL-162,diretto,2025-07-30
ORD-06895,CL-163,diretto,2025-07-30
ORD-06896,CL-170,diretto,2025-07-30
ORD-06897,CL-190,diretto,2025-07-30
ORD-06898,CL-205,diretto,2025-07-30
ORD-06899,CL-213,diretto,2025-07-30
ORD-06900,CL-213,diretto,2025-07-30
ORD-06901,CL-225,distributori,2025-07-30
ORD-06902,CL-226,distributori,2025-07-30
ORD-06903,CL-229,distributori,2025-07-30
ORD-06904,CL-232,distributori,2025-07-30
ORD-06905,CL-232,distributori,2025-07-30
ORD-06906,CL-235,distributori,2025-07-30
ORD-06907,CL-237,distributori,2025-07-30
ORD-06908,CL-239,distributori,2025-07-30
ORD-06909,CL-243,distributori,2025-07-30
ORD-06910,CL-244,distributori,2025-07-30
ORD-06911,CL-246,distributori,2025-07-30
ORD-06912,CL-250,distributori,2025-07-30
ORD-06913,CL-252,distributori,2025-07-30
ORD-06914,CL-252,distributori,2025-07-30
ORD-06915,CL-254,distributori,2025-07-30
ORD-06916,CL-255,distributori,2025-07-30
ORD-06917,CL-256,distributori,2025-07-30
ORD-06918,CL-002,diretto,2025-07-31
ORD-06919,CL-002,diretto,2025-07-31
ORD-06920,CL-007,diretto,2025-07-31
ORD-06921,CL-008,diretto,2025-07-31
ORD-06922,CL-009,diretto,2025-07-31
ORD-06923,CL-014,diretto,2025-07-31
ORD-06924,CL-020,diretto,2025-07-31
ORD-06925,CL-040,diretto,2025-07-31
ORD-06926,CL-068,diretto,2025-07-31
ORD-06927,CL-094,diretto,2025-07-31
ORD-06928,CL-108,diretto,2025-07-31
ORD-06929,CL-171,diretto,2025-07-31
ORD-06930,CL-211,diretto,2025-07-31
ORD-06931,CL-217,diretto,2025-07-31
ORD-06932,CL-222,distributori,2025-07-31
ORD-06933,CL-223,distributori,2025-07-31
ORD-06934,CL-224,distributori,2025-07-31
ORD-06935,CL-224,distributori,2025-07-31
ORD-06936,CL-226,distributori,2025-07-31
ORD-06937,CL-226,distributori,2025-07-31
ORD-06938,CL-228,distributori,2025-07-31
ORD-06939,CL-228,distributori,2025-07-31
ORD-06940,CL-228,distributori,2025-07-31
ORD-06941,CL-229,distributori,2025-07-31
ORD-06942,CL-229,distributori,2025-07-31
ORD-06943,CL-229,distributori,2025-07-31
ORD-06944,CL-229,distributori,2025-07-31
ORD-06945,CL-230,distributori,2025-07-31
ORD-06946,CL-232,distributori,2025-07-31
ORD-06947,CL-237,distributori,2025-07-31
ORD-06948,CL-238,distributori,2025-07-31
ORD-06949,CL-238,distributori,2025-07-31
ORD-06950,CL-239,distributori,2025-07-31
ORD-06951,CL-239,distributori,2025-07-31
ORD-06952,CL-239,distributori,2025-07-31
ORD-06953,CL-241,distributori,2025-07-31
ORD-06954,CL-242,distributori,2025-07-31
ORD-06955,CL-242,distributori,2025-07-31
ORD-06956,CL-242,distributori,2025-07-31
ORD-06957,CL-243,distributori,2025-07-31
ORD-06958,CL-243,distributori,2025-07-31
ORD-06959,CL-244,distributori,2025-07-31
ORD-06960,CL-245,distributori,2025-07-31
ORD-06961,CL-245,distributori,2025-07-31
ORD-06962,CL-246,distributori,2025-07-31
ORD-06963,CL-246,distributori,2025-07-31
ORD-06964,CL-248,distributori,2025-07-31
ORD-06965,CL-249,distributori,2025-07-31
ORD-06966,CL-253,distributori,2025-07-31
ORD-06967,CL-254,distributori,2025-07-31
ORD-06968,CL-258,distributori,2025-07-31
ORD-06969,CL-009,diretto,2025-08-01
ORD-06970,CL-014,diretto,2025-08-01
ORD-06971,CL-014,diretto,2025-08-01
ORD-06972,CL-018,diretto,2025-08-01
ORD-06973,CL-026,diretto,2025-08-01
ORD-06974,CL-026,diretto,2025-08-01
ORD-06975,CL-027,diretto,2025-08-01
ORD-06976,CL-027,diretto,2025-08-01
ORD-06977,CL-033,diretto,2025-08-01
ORD-06978,CL-060,diretto,2025-08-01
ORD-06979,CL-061,diretto,2025-08-01
ORD-06980,CL-069,diretto,2025-08-01
ORD-06981,CL-083,diretto,2025-08-01
ORD-06982,CL-086,diretto,2025-08-01
ORD-06983,CL-087,diretto,2025-08-01
ORD-06984,CL-089,diretto,2025-08-01
ORD-06985,CL-103,diretto,2025-08-01
ORD-06986,CL-159,diretto,2025-08-01
ORD-06987,CL-159,diretto,2025-08-01
ORD-06988,CL-169,diretto,2025-08-01
ORD-06989,CL-172,diretto,2025-08-01
ORD-06990,CL-178,diretto,2025-08-01
ORD-06991,CL-194,diretto,2025-08-01
ORD-06992,CL-203,diretto,2025-08-01
ORD-06993,CL-209,diretto,2025-08-01
ORD-06994,CL-212,diretto,2025-08-01
ORD-06995,CL-212,diretto,2025-08-01
ORD-06996,CL-213,diretto,2025-08-01
ORD-06997,CL-224,distributori,2025-08-01
ORD-06998,CL-225,distributori,2025-08-01
ORD-06999,CL-226,distributori,2025-08-01
ORD-07000,CL-228,distributori,2025-08-01
ORD-07001,CL-228,distributori,2025-08-01
ORD-07002,CL-230,distributori,2025-08-01
ORD-07003,CL-230,distributori,2025-08-01
ORD-07004,CL-231,distributori,2025-08-01
ORD-07005,CL-233,distributori,2025-08-01
ORD-07006,CL-234,distributori,2025-08-01
ORD-07007,CL-234,distributori,2025-08-01
ORD-07008,CL-236,distributori,2025-08-01
ORD-07009,CL-236,distributori,2025-08-01
ORD-07010,CL-236,distributori,2025-08-01
ORD-07011,CL-237,distributori,2025-08-01
ORD-07012,CL-238,distributori,2025-08-01
ORD-07013,CL-238,distributori,2025-08-01
ORD-07014,CL-243,distributori,2025-08-01
ORD-07015,CL-243,distributori,2025-08-01
ORD-07016,CL-243,distributori,2025-08-01
ORD-07017,CL-244,distributori,2025-08-01
ORD-07018,CL-244,distributori,2025-08-01
ORD-07019,CL-246,distributori,2025-08-01
ORD-07020,CL-246,distributori,2025-08-01
ORD-07021,CL-249,distributori,2025-08-01
ORD-07022,CL-250,distributori,2025-08-01
ORD-07023,CL-254,distributori,2025-08-01
ORD-07024,CL-255,distributori,2025-08-01
ORD-07025,CL-255,distributori,2025-08-01
ORD-07026,CL-257,distributori,2025-08-01
ORD-07027,CL-001,diretto,2025-08-04
ORD-07028,CL-005,diretto,2025-08-04
ORD-07029,CL-005,diretto,2025-08-04
ORD-07030,CL-008,diretto,2025-08-04
ORD-07031,CL-014,diretto,2025-08-04
ORD-07032,CL-014,diretto,2025-08-04
ORD-07033,CL-014,diretto,2025-08-04
ORD-07034,CL-016,diretto,2025-08-04
ORD-07035,CL-024,diretto,2025-08-04
ORD-07036,CL-027,diretto,2025-08-04
ORD-07037,CL-029,diretto,2025-08-04
ORD-07038,CL-035,diretto,2025-08-04
ORD-07039,CL-043,diretto,2025-08-04
ORD-07040,CL-054,diretto,2025-08-04
ORD-07041,CL-069,diretto,2025-08-04
ORD-07042,CL-069,diretto,2025-08-04
ORD-07043,CL-088,diretto,2025-08-04
ORD-07044,CL-098,diretto,2025-08-04
ORD-07045,CL-112,diretto,2025-08-04
ORD-07046,CL-160,diretto,2025-08-04
ORD-07047,CL-190,diretto,2025-08-04
ORD-07048,CL-219,distributori,2025-08-04
ORD-07049,CL-221,distributori,2025-08-04
ORD-07050,CL-224,distributori,2025-08-04
ORD-07051,CL-224,distributori,2025-08-04
ORD-07052,CL-228,distributori,2025-08-04
ORD-07053,CL-230,distributori,2025-08-04
ORD-07054,CL-231,distributori,2025-08-04
ORD-07055,CL-232,distributori,2025-08-04
ORD-07056,CL-233,distributori,2025-08-04
ORD-07057,CL-234,distributori,2025-08-04
ORD-07058,CL-235,distributori,2025-08-04
ORD-07059,CL-236,distributori,2025-08-04
ORD-07060,CL-238,distributori,2025-08-04
ORD-07061,CL-239,distributori,2025-08-04
ORD-07062,CL-242,distributori,2025-08-04
ORD-07063,CL-243,distributori,2025-08-04
ORD-07064,CL-245,distributori,2025-08-04
ORD-07065,CL-246,distributori,2025-08-04
ORD-07066,CL-251,distributori,2025-08-04
ORD-07067,CL-252,distributori,2025-08-04
ORD-07068,CL-252,distributori,2025-08-04
ORD-07069,CL-252,distributori,2025-08-04
ORD-07070,CL-252,distributori,2025-08-04
ORD-07071,CL-253,distributori,2025-08-04
ORD-07072,CL-253,distributori,2025-08-04
ORD-07073,CL-005,diretto,2025-08-05
ORD-07074,CL-006,diretto,2025-08-05
ORD-07075,CL-007,diretto,2025-08-05
ORD-07076,CL-009,diretto,2025-08-05
ORD-07077,CL-009,diretto,2025-08-05
ORD-07078,CL-010,diretto,2025-08-05
ORD-07079,CL-014,diretto,2025-08-05
ORD-07080,CL-018,diretto,2025-08-05
ORD-07081,CL-018,diretto,2025-08-05
ORD-07082,CL-020,diretto,2025-08-05
ORD-07083,CL-026,diretto,2025-08-05
ORD-07084,CL-028,diretto,2025-08-05
ORD-07085,CL-029,diretto,2025-08-05
ORD-07086,CL-032,diretto,2025-08-05
ORD-07087,CL-053,diretto,2025-08-05
ORD-07088,CL-104,diretto,2025-08-05
ORD-07089,CL-146,diretto,2025-08-05
ORD-07090,CL-194,diretto,2025-08-05
ORD-07091,CL-206,diretto,2025-08-05
ORD-07092,CL-209,diretto,2025-08-05
ORD-07093,CL-213,diretto,2025-08-05
ORD-07094,CL-219,distributori,2025-08-05
ORD-07095,CL-219,distributori,2025-08-05
ORD-07096,CL-223,distributori,2025-08-05
ORD-07097,CL-223,distributori,2025-08-05
ORD-07098,CL-224,distributori,2025-08-05
ORD-07099,CL-226,distributori,2025-08-05
ORD-07100,CL-226,distributori,2025-08-05
ORD-07101,CL-226,distributori,2025-08-05
ORD-07102,CL-228,distributori,2025-08-05
ORD-07103,CL-230,distributori,2025-08-05
ORD-07104,CL-234,distributori,2025-08-05
ORD-07105,CL-236,distributori,2025-08-05
ORD-07106,CL-236,distributori,2025-08-05
ORD-07107,CL-237,distributori,2025-08-05
ORD-07108,CL-238,distributori,2025-08-05
ORD-07109,CL-242,distributori,2025-08-05
ORD-07110,CL-243,distributori,2025-08-05
ORD-07111,CL-246,distributori,2025-08-05
ORD-07112,CL-250,distributori,2025-08-05
ORD-07113,CL-252,distributori,2025-08-05
ORD-07114,CL-256,distributori,2025-08-05
ORD-07115,CL-002,diretto,2025-08-06
ORD-07116,CL-013,diretto,2025-08-06
ORD-07117,CL-014,diretto,2025-08-06
ORD-07118,CL-018,diretto,2025-08-06
ORD-07119,CL-018,diretto,2025-08-06
ORD-07120,CL-018,diretto,2025-08-06
ORD-07121,CL-019,diretto,2025-08-06
ORD-07122,CL-024,diretto,2025-08-06
ORD-07123,CL-027,diretto,2025-08-06
ORD-07124,CL-027,diretto,2025-08-06
ORD-07125,CL-031,diretto,2025-08-06
ORD-07126,CL-034,diretto,2025-08-06
ORD-07127,CL-034,diretto,2025-08-06
ORD-07128,CL-037,diretto,2025-08-06
ORD-07129,CL-038,diretto,2025-08-06
ORD-07130,CL-061,diretto,2025-08-06
ORD-07131,CL-082,diretto,2025-08-06
ORD-07132,CL-088,diretto,2025-08-06
ORD-07133,CL-113,diretto,2025-08-06
ORD-07134,CL-161,diretto,2025-08-06
ORD-07135,CL-173,diretto,2025-08-06
ORD-07136,CL-181,diretto,2025-08-06
ORD-07137,CL-219,distributori,2025-08-06
ORD-07138,CL-220,distributori,2025-08-06
ORD-07139,CL-221,distributori,2025-08-06
ORD-07140,CL-230,distributori,2025-08-06
ORD-07141,CL-233,distributori,2025-08-06
ORD-07142,CL-234,distributori,2025-08-06
ORD-07143,CL-235,distributori,2025-08-06
ORD-07144,CL-236,distributori,2025-08-06
ORD-07145,CL-238,distributori,2025-08-06
ORD-07146,CL-241,distributori,2025-08-06
ORD-07147,CL-242,distributori,2025-08-06
ORD-07148,CL-243,distributori,2025-08-06
ORD-07149,CL-244,distributori,2025-08-06
ORD-07150,CL-247,distributori,2025-08-06
ORD-07151,CL-250,distributori,2025-08-06
ORD-07152,CL-251,distributori,2025-08-06
ORD-07153,CL-253,distributori,2025-08-06
ORD-07154,CL-254,distributori,2025-08-06
ORD-07155,CL-256,distributori,2025-08-06
ORD-07156,CL-003,diretto,2025-08-07
ORD-07157,CL-003,diretto,2025-08-07
ORD-07158,CL-006,diretto,2025-08-07
ORD-07159,CL-010,diretto,2025-08-07
ORD-07160,CL-014,diretto,2025-08-07
ORD-07161,CL-014,diretto,2025-08-07
ORD-07162,CL-022,diretto,2025-08-07
ORD-07163,CL-023,diretto,2025-08-07
ORD-07164,CL-024,diretto,2025-08-07
ORD-07165,CL-024,diretto,2025-08-07
ORD-07166,CL-025,diretto,2025-08-07
ORD-07167,CL-026,diretto,2025-08-07
ORD-07168,CL-027,diretto,2025-08-07
ORD-07169,CL-028,diretto,2025-08-07
ORD-07170,CL-087,diretto,2025-08-07
ORD-07171,CL-109,diretto,2025-08-07
ORD-07172,CL-110,diretto,2025-08-07
ORD-07173,CL-141,diretto,2025-08-07
ORD-07174,CL-169,diretto,2025-08-07
ORD-07175,CL-170,diretto,2025-08-07
ORD-07176,CL-170,diretto,2025-08-07
ORD-07177,CL-176,diretto,2025-08-07
ORD-07178,CL-187,diretto,2025-08-07
ORD-07179,CL-194,diretto,2025-08-07
ORD-07180,CL-196,diretto,2025-08-07
ORD-07181,CL-221,distributori,2025-08-07
ORD-07182,CL-228,distributori,2025-08-07
ORD-07183,CL-229,distributori,2025-08-07
ORD-07184,CL-230,distributori,2025-08-07
ORD-07185,CL-232,distributori,2025-08-07
ORD-07186,CL-235,distributori,2025-08-07
ORD-07187,CL-238,distributori,2025-08-07
ORD-07188,CL-239,distributori,2025-08-07
ORD-07189,CL-242,distributori,2025-08-07
ORD-07190,CL-242,distributori,2025-08-07
ORD-07191,CL-246,distributori,2025-08-07
ORD-07192,CL-248,distributori,2025-08-07
ORD-07193,CL-250,distributori,2025-08-07
ORD-07194,CL-252,distributori,2025-08-07
ORD-07195,CL-252,distributori,2025-08-07
ORD-07196,CL-253,distributori,2025-08-07
ORD-07197,CL-254,distributori,2025-08-07
ORD-07198,CL-256,distributori,2025-08-07
ORD-07199,CL-258,distributori,2025-08-07
ORD-07200,CL-011,diretto,2025-08-08
ORD-07201,CL-012,diretto,2025-08-08
ORD-07202,CL-014,diretto,2025-08-08
ORD-07203,CL-017,diretto,2025-08-08
ORD-07204,CL-021,diretto,2025-08-08
ORD-07205,CL-023,diretto,2025-08-08
ORD-07206,CL-049,diretto,2025-08-08
ORD-07207,CL-065,diretto,2025-08-08
ORD-07208,CL-066,diretto,2025-08-08
ORD-07209,CL-070,diretto,2025-08-08
ORD-07210,CL-072,diretto,2025-08-08
ORD-07211,CL-079,diretto,2025-08-08
ORD-07212,CL-079,diretto,2025-08-08
ORD-07213,CL-109,diretto,2025-08-08
ORD-07214,CL-121,diretto,2025-08-08
ORD-07215,CL-128,diretto,2025-08-08
ORD-07216,CL-132,diretto,2025-08-08
ORD-07217,CL-147,diretto,2025-08-08
ORD-07218,CL-153,diretto,2025-08-08
ORD-07219,CL-168,diretto,2025-08-08
ORD-07220,CL-173,diretto,2025-08-08
ORD-07221,CL-174,diretto,2025-08-08
ORD-07222,CL-174,diretto,2025-08-08
ORD-07223,CL-189,diretto,2025-08-08
ORD-07224,CL-194,diretto,2025-08-08
ORD-07225,CL-219,distributori,2025-08-08
ORD-07226,CL-220,distributori,2025-08-08
ORD-07227,CL-221,distributori,2025-08-08
ORD-07228,CL-221,distributori,2025-08-08
ORD-07229,CL-224,distributori,2025-08-08
ORD-07230,CL-224,distributori,2025-08-08
ORD-07231,CL-225,distributori,2025-08-08
ORD-07232,CL-225,distributori,2025-08-08
ORD-07233,CL-228,distributori,2025-08-08
ORD-07234,CL-229,distributori,2025-08-08
ORD-07235,CL-229,distributori,2025-08-08
ORD-07236,CL-230,distributori,2025-08-08
ORD-07237,CL-235,distributori,2025-08-08
ORD-07238,CL-237,distributori,2025-08-08
ORD-07239,CL-237,distributori,2025-08-08
ORD-07240,CL-239,distributori,2025-08-08
ORD-07241,CL-239,distributori,2025-08-08
ORD-07242,CL-240,distributori,2025-08-08
ORD-07243,CL-246,distributori,2025-08-08
ORD-07244,CL-249,distributori,2025-08-08
ORD-07245,CL-252,distributori,2025-08-08
ORD-07246,CL-252,distributori,2025-08-08
ORD-07247,CL-252,distributori,2025-08-08
ORD-07248,CL-252,distributori,2025-08-08
ORD-07249,CL-254,distributori,2025-08-08
ORD-07250,CL-255,distributori,2025-08-08
ORD-07251,CL-256,distributori,2025-08-08
ORD-07252,CL-258,distributori,2025-08-08
ORD-07253,CL-003,diretto,2025-08-11
ORD-07254,CL-009,diretto,2025-08-11
ORD-07255,CL-013,diretto,2025-08-11
ORD-07256,CL-013,diretto,2025-08-11
ORD-07257,CL-014,diretto,2025-08-11
ORD-07258,CL-014,diretto,2025-08-11
ORD-07259,CL-017,diretto,2025-08-11
ORD-07260,CL-018,diretto,2025-08-11
ORD-07261,CL-020,diretto,2025-08-11
ORD-07262,CL-020,diretto,2025-08-11
ORD-07263,CL-026,diretto,2025-08-11
ORD-07264,CL-026,diretto,2025-08-11
ORD-07265,CL-028,diretto,2025-08-11
ORD-07266,CL-031,diretto,2025-08-11
ORD-07267,CL-033,diretto,2025-08-11
ORD-07268,CL-034,diretto,2025-08-11
ORD-07269,CL-049,diretto,2025-08-11
ORD-07270,CL-060,diretto,2025-08-11
ORD-07271,CL-066,diretto,2025-08-11
ORD-07272,CL-077,diretto,2025-08-11
ORD-07273,CL-081,diretto,2025-08-11
ORD-07274,CL-087,diretto,2025-08-11
ORD-07275,CL-124,diretto,2025-08-11
ORD-07276,CL-126,diretto,2025-08-11
ORD-07277,CL-147,diretto,2025-08-11
ORD-07278,CL-194,diretto,2025-08-11
ORD-07279,CL-195,diretto,2025-08-11
ORD-07280,CL-209,diretto,2025-08-11
ORD-07281,CL-216,diretto,2025-08-11
ORD-07282,CL-220,distributori,2025-08-11
ORD-07283,CL-223,distributori,2025-08-11
ORD-07284,CL-224,distributori,2025-08-11
ORD-07285,CL-233,distributori,2025-08-11
ORD-07286,CL-234,distributori,2025-08-11
ORD-07287,CL-235,distributori,2025-08-11
ORD-07288,CL-238,distributori,2025-08-11
ORD-07289,CL-239,distributori,2025-08-11
ORD-07290,CL-239,distributori,2025-08-11
ORD-07291,CL-240,distributori,2025-08-11
ORD-07292,CL-243,distributori,2025-08-11
ORD-07293,CL-243,distributori,2025-08-11
ORD-07294,CL-243,distributori,2025-08-11
ORD-07295,CL-247,distributori,2025-08-11
ORD-07296,CL-249,distributori,2025-08-11
ORD-07297,CL-249,distributori,2025-08-11
ORD-07298,CL-252,distributori,2025-08-11
ORD-07299,CL-252,distributori,2025-08-11
ORD-07300,CL-252,distributori,2025-08-11
ORD-07301,CL-252,distributori,2025-08-11
ORD-07302,CL-258,distributori,2025-08-11
ORD-07303,CL-002,diretto,2025-08-12
ORD-07304,CL-005,diretto,2025-08-12
ORD-07305,CL-007,diretto,2025-08-12
ORD-07306,CL-007,diretto,2025-08-12
ORD-07307,CL-018,diretto,2025-08-12
ORD-07308,CL-020,diretto,2025-08-12
ORD-07309,CL-024,diretto,2025-08-12
ORD-07310,CL-031,diretto,2025-08-12
ORD-07311,CL-031,diretto,2025-08-12
ORD-07312,CL-065,diretto,2025-08-12
ORD-07313,CL-113,diretto,2025-08-12
ORD-07314,CL-126,diretto,2025-08-12
ORD-07315,CL-126,diretto,2025-08-12
ORD-07316,CL-187,diretto,2025-08-12
ORD-07317,CL-187,diretto,2025-08-12
ORD-07318,CL-206,diretto,2025-08-12
ORD-07319,CL-219,distributori,2025-08-12
ORD-07320,CL-221,distributori,2025-08-12
ORD-07321,CL-224,distributori,2025-08-12
ORD-07322,CL-225,distributori,2025-08-12
ORD-07323,CL-230,distributori,2025-08-12
ORD-07324,CL-230,distributori,2025-08-12
ORD-07325,CL-232,distributori,2025-08-12
ORD-07326,CL-232,distributori,2025-08-12
ORD-07327,CL-236,distributori,2025-08-12
ORD-07328,CL-238,distributori,2025-08-12
ORD-07329,CL-241,distributori,2025-08-12
ORD-07330,CL-242,distributori,2025-08-12
ORD-07331,CL-243,distributori,2025-08-12
ORD-07332,CL-245,distributori,2025-08-12
ORD-07333,CL-245,distributori,2025-08-12
ORD-07334,CL-246,distributori,2025-08-12
ORD-07335,CL-247,distributori,2025-08-12
ORD-07336,CL-251,distributori,2025-08-12
ORD-07337,CL-251,distributori,2025-08-12
ORD-07338,CL-252,distributori,2025-08-12
ORD-07339,CL-252,distributori,2025-08-12
ORD-07340,CL-252,distributori,2025-08-12
ORD-07341,CL-252,distributori,2025-08-12
ORD-07342,CL-255,distributori,2025-08-12
ORD-07343,CL-003,diretto,2025-08-13
ORD-07344,CL-007,diretto,2025-08-13
ORD-07345,CL-011,diretto,2025-08-13
ORD-07346,CL-014,diretto,2025-08-13
ORD-07347,CL-014,diretto,2025-08-13
ORD-07348,CL-015,diretto,2025-08-13
ORD-07349,CL-017,diretto,2025-08-13
ORD-07350,CL-027,diretto,2025-08-13
ORD-07351,CL-032,diretto,2025-08-13
ORD-07352,CL-043,diretto,2025-08-13
ORD-07353,CL-063,diretto,2025-08-13
ORD-07354,CL-072,diretto,2025-08-13
ORD-07355,CL-098,diretto,2025-08-13
ORD-07356,CL-098,diretto,2025-08-13
ORD-07357,CL-112,diretto,2025-08-13
ORD-07358,CL-114,diretto,2025-08-13
ORD-07359,CL-149,diretto,2025-08-13
ORD-07360,CL-155,diretto,2025-08-13
ORD-07361,CL-174,diretto,2025-08-13
ORD-07362,CL-183,diretto,2025-08-13
ORD-07363,CL-213,diretto,2025-08-13
ORD-07364,CL-213,diretto,2025-08-13
ORD-07365,CL-219,distributori,2025-08-13
ORD-07366,CL-221,distributori,2025-08-13
ORD-07367,CL-225,distributori,2025-08-13
ORD-07368,CL-226,distributori,2025-08-13
ORD-07369,CL-226,distributori,2025-08-13
ORD-07370,CL-227,distributori,2025-08-13
ORD-07371,CL-228,distributori,2025-08-13
ORD-07372,CL-229,distributori,2025-08-13
ORD-07373,CL-229,distributori,2025-08-13
ORD-07374,CL-230,distributori,2025-08-13
ORD-07375,CL-235,distributori,2025-08-13
ORD-07376,CL-237,distributori,2025-08-13
ORD-07377,CL-237,distributori,2025-08-13
ORD-07378,CL-238,distributori,2025-08-13
ORD-07379,CL-242,distributori,2025-08-13
ORD-07380,CL-242,distributori,2025-08-13
ORD-07381,CL-243,distributori,2025-08-13
ORD-07382,CL-243,distributori,2025-08-13
ORD-07383,CL-243,distributori,2025-08-13
ORD-07384,CL-243,distributori,2025-08-13
ORD-07385,CL-243,distributori,2025-08-13
ORD-07386,CL-245,distributori,2025-08-13
ORD-07387,CL-246,distributori,2025-08-13
ORD-07388,CL-247,distributori,2025-08-13
ORD-07389,CL-247,distributori,2025-08-13
ORD-07390,CL-247,distributori,2025-08-13
ORD-07391,CL-249,distributori,2025-08-13
ORD-07392,CL-252,distributori,2025-08-13
ORD-07393,CL-252,distributori,2025-08-13
ORD-07394,CL-252,distributori,2025-08-13
ORD-07395,CL-253,distributori,2025-08-13
ORD-07396,CL-255,distributori,2025-08-13
ORD-07397,CL-256,distributori,2025-08-13
ORD-07398,CL-258,distributori,2025-08-13
ORD-07399,CL-258,distributori,2025-08-13
ORD-07400,CL-002,diretto,2025-08-14
ORD-07401,CL-003,diretto,2025-08-14
ORD-07402,CL-004,diretto,2025-08-14
ORD-07403,CL-014,diretto,2025-08-14
ORD-07404,CL-014,diretto,2025-08-14
ORD-07405,CL-014,diretto,2025-08-14
ORD-07406,CL-015,diretto,2025-08-14
ORD-07407,CL-031,diretto,2025-08-14
ORD-07408,CL-060,diretto,2025-08-14
ORD-07409,CL-070,diretto,2025-08-14
ORD-07410,CL-084,diretto,2025-08-14
ORD-07411,CL-090,diretto,2025-08-14
ORD-07412,CL-108,diretto,2025-08-14
ORD-07413,CL-116,diretto,2025-08-14
ORD-07414,CL-118,diretto,2025-08-14
ORD-07415,CL-125,diretto,2025-08-14
ORD-07416,CL-127,diretto,2025-08-14
ORD-07417,CL-146,diretto,2025-08-14
ORD-07418,CL-158,diretto,2025-08-14
ORD-07419,CL-162,diretto,2025-08-14
ORD-07420,CL-180,diretto,2025-08-14
ORD-07421,CL-206,diretto,2025-08-14
ORD-07422,CL-207,diretto,2025-08-14
ORD-07423,CL-213,diretto,2025-08-14
ORD-07424,CL-213,diretto,2025-08-14
ORD-07425,CL-220,distributori,2025-08-14
ORD-07426,CL-223,distributori,2025-08-14
ORD-07427,CL-224,distributori,2025-08-14
ORD-07428,CL-224,distributori,2025-08-14
ORD-07429,CL-224,distributori,2025-08-14
ORD-07430,CL-224,distributori,2025-08-14
ORD-07431,CL-224,distributori,2025-08-14
ORD-07432,CL-224,distributori,2025-08-14
ORD-07433,CL-224,distributori,2025-08-14
ORD-07434,CL-225,distributori,2025-08-14
ORD-07435,CL-229,distributori,2025-08-14
ORD-07436,CL-229,distributori,2025-08-14
ORD-07437,CL-230,distributori,2025-08-14
ORD-07438,CL-230,distributori,2025-08-14
ORD-07439,CL-233,distributori,2025-08-14
ORD-07440,CL-233,distributori,2025-08-14
ORD-07441,CL-235,distributori,2025-08-14
ORD-07442,CL-235,distributori,2025-08-14
ORD-07443,CL-236,distributori,2025-08-14
ORD-07444,CL-237,distributori,2025-08-14
ORD-07445,CL-239,distributori,2025-08-14
ORD-07446,CL-240,distributori,2025-08-14
ORD-07447,CL-244,distributori,2025-08-14
ORD-07448,CL-246,distributori,2025-08-14
ORD-07449,CL-246,distributori,2025-08-14
ORD-07450,CL-246,distributori,2025-08-14
ORD-07451,CL-253,distributori,2025-08-14
ORD-07452,CL-255,distributori,2025-08-14
ORD-07453,CL-257,distributori,2025-08-14
ORD-07454,CL-002,diretto,2025-08-18
ORD-07455,CL-003,diretto,2025-08-18
ORD-07456,CL-005,diretto,2025-08-18
ORD-07457,CL-014,diretto,2025-08-18
ORD-07458,CL-017,diretto,2025-08-18
ORD-07459,CL-023,diretto,2025-08-18
ORD-07460,CL-027,diretto,2025-08-18
ORD-07461,CL-027,diretto,2025-08-18
ORD-07462,CL-027,diretto,2025-08-18
ORD-07463,CL-030,diretto,2025-08-18
ORD-07464,CL-031,diretto,2025-08-18
ORD-07465,CL-031,diretto,2025-08-18
ORD-07466,CL-037,diretto,2025-08-18
ORD-07467,CL-061,diretto,2025-08-18
ORD-07468,CL-065,diretto,2025-08-18
ORD-07469,CL-069,diretto,2025-08-18
ORD-07470,CL-071,diretto,2025-08-18
ORD-07471,CL-081,diretto,2025-08-18
ORD-07472,CL-101,diretto,2025-08-18
ORD-07473,CL-118,diretto,2025-08-18
ORD-07474,CL-142,diretto,2025-08-18
ORD-07475,CL-182,diretto,2025-08-18
ORD-07476,CL-183,diretto,2025-08-18
ORD-07477,CL-194,diretto,2025-08-18
ORD-07478,CL-194,diretto,2025-08-18
ORD-07479,CL-198,diretto,2025-08-18
ORD-07480,CL-219,distributori,2025-08-18
ORD-07481,CL-226,distributori,2025-08-18
ORD-07482,CL-232,distributori,2025-08-18
ORD-07483,CL-234,distributori,2025-08-18
ORD-07484,CL-234,distributori,2025-08-18
ORD-07485,CL-236,distributori,2025-08-18
ORD-07486,CL-237,distributori,2025-08-18
ORD-07487,CL-237,distributori,2025-08-18
ORD-07488,CL-238,distributori,2025-08-18
ORD-07489,CL-238,distributori,2025-08-18
ORD-07490,CL-242,distributori,2025-08-18
ORD-07491,CL-244,distributori,2025-08-18
ORD-07492,CL-245,distributori,2025-08-18
ORD-07493,CL-252,distributori,2025-08-18
ORD-07494,CL-252,distributori,2025-08-18
ORD-07495,CL-252,distributori,2025-08-18
ORD-07496,CL-252,distributori,2025-08-18
ORD-07497,CL-256,distributori,2025-08-18
ORD-07498,CL-256,distributori,2025-08-18
ORD-07499,CL-257,distributori,2025-08-18
ORD-07500,CL-258,distributori,2025-08-18
ORD-07501,CL-258,distributori,2025-08-18
ORD-07502,CL-003,diretto,2025-08-19
ORD-07503,CL-004,diretto,2025-08-19
ORD-07504,CL-007,diretto,2025-08-19
ORD-07505,CL-008,diretto,2025-08-19
ORD-07506,CL-010,diretto,2025-08-19
ORD-07507,CL-014,diretto,2025-08-19
ORD-07508,CL-014,diretto,2025-08-19
ORD-07509,CL-014,diretto,2025-08-19
ORD-07510,CL-014,diretto,2025-08-19
ORD-07511,CL-017,diretto,2025-08-19
ORD-07512,CL-018,diretto,2025-08-19
ORD-07513,CL-019,diretto,2025-08-19
ORD-07514,CL-020,diretto,2025-08-19
ORD-07515,CL-026,diretto,2025-08-19
ORD-07516,CL-027,diretto,2025-08-19
ORD-07517,CL-028,diretto,2025-08-19
ORD-07518,CL-029,diretto,2025-08-19
ORD-07519,CL-037,diretto,2025-08-19
ORD-07520,CL-046,diretto,2025-08-19
ORD-07521,CL-070,diretto,2025-08-19
ORD-07522,CL-087,diretto,2025-08-19
ORD-07523,CL-102,diretto,2025-08-19
ORD-07524,CL-102,diretto,2025-08-19
ORD-07525,CL-114,diretto,2025-08-19
ORD-07526,CL-119,diretto,2025-08-19
ORD-07527,CL-134,diretto,2025-08-19
ORD-07528,CL-144,diretto,2025-08-19
ORD-07529,CL-176,diretto,2025-08-19
ORD-07530,CL-183,diretto,2025-08-19
ORD-07531,CL-191,diretto,2025-08-19
ORD-07532,CL-193,diretto,2025-08-19
ORD-07533,CL-212,diretto,2025-08-19
ORD-07534,CL-217,diretto,2025-08-19
ORD-07535,CL-221,distributori,2025-08-19
ORD-07536,CL-224,distributori,2025-08-19
ORD-07537,CL-226,distributori,2025-08-19
ORD-07538,CL-230,distributori,2025-08-19
ORD-07539,CL-230,distributori,2025-08-19
ORD-07540,CL-232,distributori,2025-08-19
ORD-07541,CL-234,distributori,2025-08-19
ORD-07542,CL-235,distributori,2025-08-19
ORD-07543,CL-235,distributori,2025-08-19
ORD-07544,CL-237,distributori,2025-08-19
ORD-07545,CL-238,distributori,2025-08-19
ORD-07546,CL-242,distributori,2025-08-19
ORD-07547,CL-243,distributori,2025-08-19
ORD-07548,CL-246,distributori,2025-08-19
ORD-07549,CL-246,distributori,2025-08-19
ORD-07550,CL-247,distributori,2025-08-19
ORD-07551,CL-250,distributori,2025-08-19
ORD-07552,CL-252,distributori,2025-08-19
ORD-07553,CL-252,distributori,2025-08-19
ORD-07554,CL-252,distributori,2025-08-19
ORD-07555,CL-014,diretto,2025-08-20
ORD-07556,CL-014,diretto,2025-08-20
ORD-07557,CL-014,diretto,2025-08-20
ORD-07558,CL-020,diretto,2025-08-20
ORD-07559,CL-025,diretto,2025-08-20
ORD-07560,CL-032,diretto,2025-08-20
ORD-07561,CL-036,diretto,2025-08-20
ORD-07562,CL-044,diretto,2025-08-20
ORD-07563,CL-069,diretto,2025-08-20
ORD-07564,CL-114,diretto,2025-08-20
ORD-07565,CL-148,diretto,2025-08-20
ORD-07566,CL-159,diretto,2025-08-20
ORD-07567,CL-174,diretto,2025-08-20
ORD-07568,CL-188,diretto,2025-08-20
ORD-07569,CL-194,diretto,2025-08-20
ORD-07570,CL-219,distributori,2025-08-20
ORD-07571,CL-220,distributori,2025-08-20
ORD-07572,CL-223,distributori,2025-08-20
ORD-07573,CL-225,distributori,2025-08-20
ORD-07574,CL-229,distributori,2025-08-20
ORD-07575,CL-229,distributori,2025-08-20
ORD-07576,CL-229,distributori,2025-08-20
ORD-07577,CL-230,distributori,2025-08-20
ORD-07578,CL-234,distributori,2025-08-20
ORD-07579,CL-235,distributori,2025-08-20
ORD-07580,CL-236,distributori,2025-08-20
ORD-07581,CL-236,distributori,2025-08-20
ORD-07582,CL-241,distributori,2025-08-20
ORD-07583,CL-241,distributori,2025-08-20
ORD-07584,CL-242,distributori,2025-08-20
ORD-07585,CL-244,distributori,2025-08-20
ORD-07586,CL-244,distributori,2025-08-20
ORD-07587,CL-245,distributori,2025-08-20
ORD-07588,CL-246,distributori,2025-08-20
ORD-07589,CL-246,distributori,2025-08-20
ORD-07590,CL-246,distributori,2025-08-20
ORD-07591,CL-247,distributori,2025-08-20
ORD-07592,CL-248,distributori,2025-08-20
ORD-07593,CL-251,distributori,2025-08-20
ORD-07594,CL-251,distributori,2025-08-20
ORD-07595,CL-251,distributori,2025-08-20
ORD-07596,CL-252,distributori,2025-08-20
ORD-07597,CL-253,distributori,2025-08-20
ORD-07598,CL-255,distributori,2025-08-20
ORD-07599,CL-002,diretto,2025-08-21
ORD-07600,CL-002,diretto,2025-08-21
ORD-07601,CL-004,diretto,2025-08-21
ORD-07602,CL-005,diretto,2025-08-21
ORD-07603,CL-008,diretto,2025-08-21
ORD-07604,CL-009,diretto,2025-08-21
ORD-07605,CL-014,diretto,2025-08-21
ORD-07606,CL-014,diretto,2025-08-21
ORD-07607,CL-017,diretto,2025-08-21
ORD-07608,CL-018,diretto,2025-08-21
ORD-07609,CL-019,diretto,2025-08-21
ORD-07610,CL-020,diretto,2025-08-21
ORD-07611,CL-022,diretto,2025-08-21
ORD-07612,CL-022,diretto,2025-08-21
ORD-07613,CL-026,diretto,2025-08-21
ORD-07614,CL-027,diretto,2025-08-21
ORD-07615,CL-030,diretto,2025-08-21
ORD-07616,CL-043,diretto,2025-08-21
ORD-07617,CL-059,diretto,2025-08-21
ORD-07618,CL-066,diretto,2025-08-21
ORD-07619,CL-070,diretto,2025-08-21
ORD-07620,CL-074,diretto,2025-08-21
ORD-07621,CL-087,diretto,2025-08-21
ORD-07622,CL-091,diretto,2025-08-21
ORD-07623,CL-125,diretto,2025-08-21
ORD-07624,CL-131,diretto,2025-08-21
ORD-07625,CL-131,diretto,2025-08-21
ORD-07626,CL-142,diretto,2025-08-21
ORD-07627,CL-148,diretto,2025-08-21
ORD-07628,CL-158,diretto,2025-08-21
ORD-07629,CL-159,diretto,2025-08-21
ORD-07630,CL-192,diretto,2025-08-21
ORD-07631,CL-207,diretto,2025-08-21
ORD-07632,CL-219,distributori,2025-08-21
ORD-07633,CL-219,distributori,2025-08-21
ORD-07634,CL-220,distributori,2025-08-21
ORD-07635,CL-226,distributori,2025-08-21
ORD-07636,CL-226,distributori,2025-08-21
ORD-07637,CL-228,distributori,2025-08-21
ORD-07638,CL-229,distributori,2025-08-21
ORD-07639,CL-234,distributori,2025-08-21
ORD-07640,CL-235,distributori,2025-08-21
ORD-07641,CL-236,distributori,2025-08-21
ORD-07642,CL-236,distributori,2025-08-21
ORD-07643,CL-237,distributori,2025-08-21
ORD-07644,CL-238,distributori,2025-08-21
ORD-07645,CL-238,distributori,2025-08-21
ORD-07646,CL-241,distributori,2025-08-21
ORD-07647,CL-246,distributori,2025-08-21
ORD-07648,CL-249,distributori,2025-08-21
ORD-07649,CL-249,distributori,2025-08-21
ORD-07650,CL-251,distributori,2025-08-21
ORD-07651,CL-252,distributori,2025-08-21
ORD-07652,CL-252,distributori,2025-08-21
ORD-07653,CL-252,distributori,2025-08-21
ORD-07654,CL-253,distributori,2025-08-21
ORD-07655,CL-255,distributori,2025-08-21
ORD-07656,CL-255,distributori,2025-08-21
ORD-07657,CL-256,distributori,2025-08-21
ORD-07658,CL-007,diretto,2025-08-22
ORD-07659,CL-007,diretto,2025-08-22
ORD-07660,CL-014,diretto,2025-08-22
ORD-07661,CL-014,diretto,2025-08-22
ORD-07662,CL-018,diretto,2025-08-22
ORD-07663,CL-021,diretto,2025-08-22
ORD-07664,CL-021,diretto,2025-08-22
ORD-07665,CL-027,diretto,2025-08-22
ORD-07666,CL-031,diretto,2025-08-22
ORD-07667,CL-032,diretto,2025-08-22
ORD-07668,CL-035,diretto,2025-08-22
ORD-07669,CL-035,diretto,2025-08-22
ORD-07670,CL-040,diretto,2025-08-22
ORD-07671,CL-052,diretto,2025-08-22
ORD-07672,CL-056,diretto,2025-08-22
ORD-07673,CL-060,diretto,2025-08-22
ORD-07674,CL-060,diretto,2025-08-22
ORD-07675,CL-070,diretto,2025-08-22
ORD-07676,CL-103,diretto,2025-08-22
ORD-07677,CL-108,diretto,2025-08-22
ORD-07678,CL-112,diretto,2025-08-22
ORD-07679,CL-122,diretto,2025-08-22
ORD-07680,CL-123,diretto,2025-08-22
ORD-07681,CL-163,diretto,2025-08-22
ORD-07682,CL-168,diretto,2025-08-22
ORD-07683,CL-207,diretto,2025-08-22
ORD-07684,CL-210,diretto,2025-08-22
ORD-07685,CL-218,diretto,2025-08-22
ORD-07686,CL-221,distributori,2025-08-22
ORD-07687,CL-222,distributori,2025-08-22
ORD-07688,CL-223,distributori,2025-08-22
ORD-07689,CL-226,distributori,2025-08-22
ORD-07690,CL-227,distributori,2025-08-22
ORD-07691,CL-229,distributori,2025-08-22
ORD-07692,CL-229,distributori,2025-08-22
ORD-07693,CL-229,distributori,2025-08-22
ORD-07694,CL-238,distributori,2025-08-22
ORD-07695,CL-238,distributori,2025-08-22
ORD-07696,CL-239,distributori,2025-08-22
ORD-07697,CL-240,distributori,2025-08-22
ORD-07698,CL-243,distributori,2025-08-22
ORD-07699,CL-243,distributori,2025-08-22
ORD-07700,CL-244,distributori,2025-08-22
ORD-07701,CL-246,distributori,2025-08-22
ORD-07702,CL-249,distributori,2025-08-22
ORD-07703,CL-249,distributori,2025-08-22
ORD-07704,CL-251,distributori,2025-08-22
ORD-07705,CL-252,distributori,2025-08-22
ORD-07706,CL-252,distributori,2025-08-22
ORD-07707,CL-252,distributori,2025-08-22
ORD-07708,CL-252,distributori,2025-08-22
ORD-07709,CL-252,distributori,2025-08-22
ORD-07710,CL-003,diretto,2025-08-25
ORD-07711,CL-005,diretto,2025-08-25
ORD-07712,CL-006,diretto,2025-08-25
ORD-07713,CL-011,diretto,2025-08-25
ORD-07714,CL-011,diretto,2025-08-25
ORD-07715,CL-011,diretto,2025-08-25
ORD-07716,CL-014,diretto,2025-08-25
ORD-07717,CL-020,diretto,2025-08-25
ORD-07718,CL-020,diretto,2025-08-25
ORD-07719,CL-026,diretto,2025-08-25
ORD-07720,CL-027,diretto,2025-08-25
ORD-07721,CL-057,diretto,2025-08-25
ORD-07722,CL-068,diretto,2025-08-25
ORD-07723,CL-079,diretto,2025-08-25
ORD-07724,CL-088,diretto,2025-08-25
ORD-07725,CL-098,diretto,2025-08-25
ORD-07726,CL-099,diretto,2025-08-25
ORD-07727,CL-115,diretto,2025-08-25
ORD-07728,CL-118,diretto,2025-08-25
ORD-07729,CL-139,diretto,2025-08-25
ORD-07730,CL-157,diretto,2025-08-25
ORD-07731,CL-158,diretto,2025-08-25
ORD-07732,CL-199,diretto,2025-08-25
ORD-07733,CL-219,distributori,2025-08-25
ORD-07734,CL-219,distributori,2025-08-25
ORD-07735,CL-223,distributori,2025-08-25
ORD-07736,CL-226,distributori,2025-08-25
ORD-07737,CL-226,distributori,2025-08-25
ORD-07738,CL-228,distributori,2025-08-25
ORD-07739,CL-228,distributori,2025-08-25
ORD-07740,CL-230,distributori,2025-08-25
ORD-07741,CL-232,distributori,2025-08-25
ORD-07742,CL-237,distributori,2025-08-25
ORD-07743,CL-238,distributori,2025-08-25
ORD-07744,CL-242,distributori,2025-08-25
ORD-07745,CL-242,distributori,2025-08-25
ORD-07746,CL-244,distributori,2025-08-25
ORD-07747,CL-246,distributori,2025-08-25
ORD-07748,CL-246,distributori,2025-08-25
ORD-07749,CL-251,distributori,2025-08-25
ORD-07750,CL-252,distributori,2025-08-25
ORD-07751,CL-255,distributori,2025-08-25
ORD-07752,CL-255,distributori,2025-08-25
ORD-07753,CL-008,diretto,2025-08-26
ORD-07754,CL-008,diretto,2025-08-26
ORD-07755,CL-010,diretto,2025-08-26
ORD-07756,CL-014,diretto,2025-08-26
ORD-07757,CL-014,diretto,2025-08-26
ORD-07758,CL-014,diretto,2025-08-26
ORD-07759,CL-014,diretto,2025-08-26
ORD-07760,CL-017,diretto,2025-08-26
ORD-07761,CL-026,diretto,2025-08-26
ORD-07762,CL-027,diretto,2025-08-26
ORD-07763,CL-027,diretto,2025-08-26
ORD-07764,CL-028,diretto,2025-08-26
ORD-07765,CL-028,diretto,2025-08-26
ORD-07766,CL-030,diretto,2025-08-26
ORD-07767,CL-032,diretto,2025-08-26
ORD-07768,CL-032,diretto,2025-08-26
ORD-07769,CL-039,diretto,2025-08-26
ORD-07770,CL-054,diretto,2025-08-26
ORD-07771,CL-083,diretto,2025-08-26
ORD-07772,CL-084,diretto,2025-08-26
ORD-07773,CL-118,diretto,2025-08-26
ORD-07774,CL-137,diretto,2025-08-26
ORD-07775,CL-143,diretto,2025-08-26
ORD-07776,CL-158,diretto,2025-08-26
ORD-07777,CL-165,diretto,2025-08-26
ORD-07778,CL-198,diretto,2025-08-26
ORD-07779,CL-205,diretto,2025-08-26
ORD-07780,CL-206,diretto,2025-08-26
ORD-07781,CL-210,diretto,2025-08-26
ORD-07782,CL-213,diretto,2025-08-26
ORD-07783,CL-219,distributori,2025-08-26
ORD-07784,CL-219,distributori,2025-08-26
ORD-07785,CL-220,distributori,2025-08-26
ORD-07786,CL-221,distributori,2025-08-26
ORD-07787,CL-221,distributori,2025-08-26
ORD-07788,CL-222,distributori,2025-08-26
ORD-07789,CL-224,distributori,2025-08-26
ORD-07790,CL-225,distributori,2025-08-26
ORD-07791,CL-226,distributori,2025-08-26
ORD-07792,CL-226,distributori,2025-08-26
ORD-07793,CL-226,distributori,2025-08-26
ORD-07794,CL-228,distributori,2025-08-26
ORD-07795,CL-234,distributori,2025-08-26
ORD-07796,CL-237,distributori,2025-08-26
ORD-07797,CL-237,distributori,2025-08-26
ORD-07798,CL-238,distributori,2025-08-26
ORD-07799,CL-241,distributori,2025-08-26
ORD-07800,CL-243,distributori,2025-08-26
ORD-07801,CL-243,distributori,2025-08-26
ORD-07802,CL-243,distributori,2025-08-26
ORD-07803,CL-244,distributori,2025-08-26
ORD-07804,CL-245,distributori,2025-08-26
ORD-07805,CL-246,distributori,2025-08-26
ORD-07806,CL-246,distributori,2025-08-26
ORD-07807,CL-251,distributori,2025-08-26
ORD-07808,CL-252,distributori,2025-08-26
ORD-07809,CL-252,distributori,2025-08-26
ORD-07810,CL-253,distributori,2025-08-26
ORD-07811,CL-253,distributori,2025-08-26
ORD-07812,CL-254,distributori,2025-08-26
ORD-07813,CL-257,distributori,2025-08-26
ORD-07814,CL-003,diretto,2025-08-27
ORD-07815,CL-003,diretto,2025-08-27
ORD-07816,CL-006,diretto,2025-08-27
ORD-07817,CL-007,diretto,2025-08-27
ORD-07818,CL-007,diretto,2025-08-27
ORD-07819,CL-009,diretto,2025-08-27
ORD-07820,CL-011,diretto,2025-08-27
ORD-07821,CL-018,diretto,2025-08-27
ORD-07822,CL-018,diretto,2025-08-27
ORD-07823,CL-029,diretto,2025-08-27
ORD-07824,CL-031,diretto,2025-08-27
ORD-07825,CL-034,diretto,2025-08-27
ORD-07826,CL-066,diretto,2025-08-27
ORD-07827,CL-066,diretto,2025-08-27
ORD-07828,CL-068,diretto,2025-08-27
ORD-07829,CL-074,diretto,2025-08-27
ORD-07830,CL-111,diretto,2025-08-27
ORD-07831,CL-132,diretto,2025-08-27
ORD-07832,CL-132,diretto,2025-08-27
ORD-07833,CL-152,diretto,2025-08-27
ORD-07834,CL-163,diretto,2025-08-27
ORD-07835,CL-184,diretto,2025-08-27
ORD-07836,CL-199,diretto,2025-08-27
ORD-07837,CL-200,diretto,2025-08-27
ORD-07838,CL-212,diretto,2025-08-27
ORD-07839,CL-213,diretto,2025-08-27
ORD-07840,CL-223,distributori,2025-08-27
ORD-07841,CL-225,distributori,2025-08-27
ORD-07842,CL-225,distributori,2025-08-27
ORD-07843,CL-235,distributori,2025-08-27
ORD-07844,CL-236,distributori,2025-08-27
ORD-07845,CL-236,distributori,2025-08-27
ORD-07846,CL-237,distributori,2025-08-27
ORD-07847,CL-242,distributori,2025-08-27
ORD-07848,CL-242,distributori,2025-08-27
ORD-07849,CL-246,distributori,2025-08-27
ORD-07850,CL-246,distributori,2025-08-27
ORD-07851,CL-247,distributori,2025-08-27
ORD-07852,CL-251,distributori,2025-08-27
ORD-07853,CL-251,distributori,2025-08-27
ORD-07854,CL-251,distributori,2025-08-27
ORD-07855,CL-252,distributori,2025-08-27
ORD-07856,CL-254,distributori,2025-08-27
ORD-07857,CL-007,diretto,2025-08-28
ORD-07858,CL-007,diretto,2025-08-28
ORD-07859,CL-008,diretto,2025-08-28
ORD-07860,CL-009,diretto,2025-08-28
ORD-07861,CL-010,diretto,2025-08-28
ORD-07862,CL-011,diretto,2025-08-28
ORD-07863,CL-012,diretto,2025-08-28
ORD-07864,CL-014,diretto,2025-08-28
ORD-07865,CL-014,diretto,2025-08-28
ORD-07866,CL-014,diretto,2025-08-28
ORD-07867,CL-014,diretto,2025-08-28
ORD-07868,CL-018,diretto,2025-08-28
ORD-07869,CL-018,diretto,2025-08-28
ORD-07870,CL-020,diretto,2025-08-28
ORD-07871,CL-021,diretto,2025-08-28
ORD-07872,CL-024,diretto,2025-08-28
ORD-07873,CL-027,diretto,2025-08-28
ORD-07874,CL-027,diretto,2025-08-28
ORD-07875,CL-028,diretto,2025-08-28
ORD-07876,CL-029,diretto,2025-08-28
ORD-07877,CL-039,diretto,2025-08-28
ORD-07878,CL-062,diretto,2025-08-28
ORD-07879,CL-066,diretto,2025-08-28
ORD-07880,CL-088,diretto,2025-08-28
ORD-07881,CL-098,diretto,2025-08-28
ORD-07882,CL-102,diretto,2025-08-28
ORD-07883,CL-110,diretto,2025-08-28
ORD-07884,CL-114,diretto,2025-08-28
ORD-07885,CL-120,diretto,2025-08-28
ORD-07886,CL-140,diretto,2025-08-28
ORD-07887,CL-154,diretto,2025-08-28
ORD-07888,CL-170,diretto,2025-08-28
ORD-07889,CL-183,diretto,2025-08-28
ORD-07890,CL-198,diretto,2025-08-28
ORD-07891,CL-223,distributori,2025-08-28
ORD-07892,CL-224,distributori,2025-08-28
ORD-07893,CL-225,distributori,2025-08-28
ORD-07894,CL-225,distributori,2025-08-28
ORD-07895,CL-226,distributori,2025-08-28
ORD-07896,CL-226,distributori,2025-08-28
ORD-07897,CL-228,distributori,2025-08-28
ORD-07898,CL-230,distributori,2025-08-28
ORD-07899,CL-235,distributori,2025-08-28
ORD-07900,CL-235,distributori,2025-08-28
ORD-07901,CL-236,distributori,2025-08-28
ORD-07902,CL-237,distributori,2025-08-28
ORD-07903,CL-238,distributori,2025-08-28
ORD-07904,CL-239,distributori,2025-08-28
ORD-07905,CL-241,distributori,2025-08-28
ORD-07906,CL-242,distributori,2025-08-28
ORD-07907,CL-243,distributori,2025-08-28
ORD-07908,CL-244,distributori,2025-08-28
ORD-07909,CL-246,distributori,2025-08-28
ORD-07910,CL-248,distributori,2025-08-28
ORD-07911,CL-249,distributori,2025-08-28
ORD-07912,CL-250,distributori,2025-08-28
ORD-07913,CL-251,distributori,2025-08-28
ORD-07914,CL-253,distributori,2025-08-28
ORD-07915,CL-003,diretto,2025-08-29
ORD-07916,CL-007,diretto,2025-08-29
ORD-07917,CL-007,diretto,2025-08-29
ORD-07918,CL-014,diretto,2025-08-29
ORD-07919,CL-019,diretto,2025-08-29
ORD-07920,CL-021,diretto,2025-08-29
ORD-07921,CL-022,diretto,2025-08-29
ORD-07922,CL-026,diretto,2025-08-29
ORD-07923,CL-026,diretto,2025-08-29
ORD-07924,CL-031,diretto,2025-08-29
ORD-07925,CL-043,diretto,2025-08-29
ORD-07926,CL-043,diretto,2025-08-29
ORD-07927,CL-052,diretto,2025-08-29
ORD-07928,CL-066,diretto,2025-08-29
ORD-07929,CL-104,diretto,2025-08-29
ORD-07930,CL-114,diretto,2025-08-29
ORD-07931,CL-125,diretto,2025-08-29
ORD-07932,CL-140,diretto,2025-08-29
ORD-07933,CL-153,diretto,2025-08-29
ORD-07934,CL-167,diretto,2025-08-29
ORD-07935,CL-177,diretto,2025-08-29
ORD-07936,CL-187,diretto,2025-08-29
ORD-07937,CL-187,diretto,2025-08-29
ORD-07938,CL-194,diretto,2025-08-29
ORD-07939,CL-200,diretto,2025-08-29
ORD-07940,CL-202,diretto,2025-08-29
ORD-07941,CL-220,distributori,2025-08-29
ORD-07942,CL-221,distributori,2025-08-29
ORD-07943,CL-224,distributori,2025-08-29
ORD-07944,CL-224,distributori,2025-08-29
ORD-07945,CL-224,distributori,2025-08-29
ORD-07946,CL-229,distributori,2025-08-29
ORD-07947,CL-229,distributori,2025-08-29
ORD-07948,CL-230,distributori,2025-08-29
ORD-07949,CL-233,distributori,2025-08-29
ORD-07950,CL-236,distributori,2025-08-29
ORD-07951,CL-236,distributori,2025-08-29
ORD-07952,CL-237,distributori,2025-08-29
ORD-07953,CL-237,distributori,2025-08-29
ORD-07954,CL-242,distributori,2025-08-29
ORD-07955,CL-243,distributori,2025-08-29
ORD-07956,CL-243,distributori,2025-08-29
ORD-07957,CL-249,distributori,2025-08-29
ORD-07958,CL-251,distributori,2025-08-29
ORD-07959,CL-251,distributori,2025-08-29
ORD-07960,CL-255,distributori,2025-08-29
ORD-07961,CL-010,diretto,2025-09-01
ORD-07962,CL-011,diretto,2025-09-01
ORD-07963,CL-013,diretto,2025-09-01
ORD-07964,CL-014,diretto,2025-09-01
ORD-07965,CL-016,diretto,2025-09-01
ORD-07966,CL-017,diretto,2025-09-01
ORD-07967,CL-020,diretto,2025-09-01
ORD-07968,CL-027,diretto,2025-09-01
ORD-07969,CL-027,diretto,2025-09-01
ORD-07970,CL-031,diretto,2025-09-01
ORD-07971,CL-034,diretto,2025-09-01
ORD-07972,CL-043,diretto,2025-09-01
ORD-07973,CL-053,diretto,2025-09-01
ORD-07974,CL-091,diretto,2025-09-01
ORD-07975,CL-092,diretto,2025-09-01
ORD-07976,CL-113,diretto,2025-09-01
ORD-07977,CL-114,diretto,2025-09-01
ORD-07978,CL-141,diretto,2025-09-01
ORD-07979,CL-147,diretto,2025-09-01
ORD-07980,CL-161,diretto,2025-09-01
ORD-07981,CL-172,diretto,2025-09-01
ORD-07982,CL-175,diretto,2025-09-01
ORD-07983,CL-186,diretto,2025-09-01
ORD-07984,CL-193,diretto,2025-09-01
ORD-07985,CL-198,diretto,2025-09-01
ORD-07986,CL-212,diretto,2025-09-01
ORD-07987,CL-212,diretto,2025-09-01
ORD-07988,CL-219,distributori,2025-09-01
ORD-07989,CL-219,distributori,2025-09-01
ORD-07990,CL-219,distributori,2025-09-01
ORD-07991,CL-223,distributori,2025-09-01
ORD-07992,CL-228,distributori,2025-09-01
ORD-07993,CL-233,distributori,2025-09-01
ORD-07994,CL-235,distributori,2025-09-01
ORD-07995,CL-236,distributori,2025-09-01
ORD-07996,CL-236,distributori,2025-09-01
ORD-07997,CL-238,distributori,2025-09-01
ORD-07998,CL-238,distributori,2025-09-01
ORD-07999,CL-243,distributori,2025-09-01
ORD-08000,CL-245,distributori,2025-09-01
ORD-08001,CL-245,distributori,2025-09-01
ORD-08002,CL-246,distributori,2025-09-01
ORD-08003,CL-249,distributori,2025-09-01
ORD-08004,CL-251,distributori,2025-09-01
ORD-08005,CL-252,distributori,2025-09-01
ORD-08006,CL-252,distributori,2025-09-01
ORD-08007,CL-253,distributori,2025-09-01
ORD-08008,CL-257,distributori,2025-09-01
ORD-08009,CL-258,distributori,2025-09-01
ORD-08010,CL-003,diretto,2025-09-02
ORD-08011,CL-014,diretto,2025-09-02
ORD-08012,CL-014,diretto,2025-09-02
ORD-08013,CL-017,diretto,2025-09-02
ORD-08014,CL-026,diretto,2025-09-02
ORD-08015,CL-028,diretto,2025-09-02
ORD-08016,CL-029,diretto,2025-09-02
ORD-08017,CL-031,diretto,2025-09-02
ORD-08018,CL-042,diretto,2025-09-02
ORD-08019,CL-042,diretto,2025-09-02
ORD-08020,CL-043,diretto,2025-09-02
ORD-08021,CL-046,diretto,2025-09-02
ORD-08022,CL-069,diretto,2025-09-02
ORD-08023,CL-077,diretto,2025-09-02
ORD-08024,CL-100,diretto,2025-09-02
ORD-08025,CL-109,diretto,2025-09-02
ORD-08026,CL-127,diretto,2025-09-02
ORD-08027,CL-151,diretto,2025-09-02
ORD-08028,CL-177,diretto,2025-09-02
ORD-08029,CL-191,diretto,2025-09-02
ORD-08030,CL-211,diretto,2025-09-02
ORD-08031,CL-219,distributori,2025-09-02
ORD-08032,CL-219,distributori,2025-09-02
ORD-08033,CL-219,distributori,2025-09-02
ORD-08034,CL-220,distributori,2025-09-02
ORD-08035,CL-223,distributori,2025-09-02
ORD-08036,CL-224,distributori,2025-09-02
ORD-08037,CL-224,distributori,2025-09-02
ORD-08038,CL-224,distributori,2025-09-02
ORD-08039,CL-228,distributori,2025-09-02
ORD-08040,CL-229,distributori,2025-09-02
ORD-08041,CL-230,distributori,2025-09-02
ORD-08042,CL-230,distributori,2025-09-02
ORD-08043,CL-231,distributori,2025-09-02
ORD-08044,CL-231,distributori,2025-09-02
ORD-08045,CL-233,distributori,2025-09-02
ORD-08046,CL-236,distributori,2025-09-02
ORD-08047,CL-238,distributori,2025-09-02
ORD-08048,CL-242,distributori,2025-09-02
ORD-08049,CL-245,distributori,2025-09-02
ORD-08050,CL-246,distributori,2025-09-02
ORD-08051,CL-246,distributori,2025-09-02
ORD-08052,CL-249,distributori,2025-09-02
ORD-08053,CL-249,distributori,2025-09-02
ORD-08054,CL-252,distributori,2025-09-02
ORD-08055,CL-252,distributori,2025-09-02
ORD-08056,CL-252,distributori,2025-09-02
ORD-08057,CL-252,distributori,2025-09-02
ORD-08058,CL-253,distributori,2025-09-02
ORD-08059,CL-254,distributori,2025-09-02
ORD-08060,CL-258,distributori,2025-09-02
ORD-08061,CL-258,distributori,2025-09-02
ORD-08062,CL-009,diretto,2025-09-03
ORD-08063,CL-010,diretto,2025-09-03
ORD-08064,CL-014,diretto,2025-09-03
ORD-08065,CL-014,diretto,2025-09-03
ORD-08066,CL-014,diretto,2025-09-03
ORD-08067,CL-014,diretto,2025-09-03
ORD-08068,CL-019,diretto,2025-09-03
ORD-08069,CL-026,diretto,2025-09-03
ORD-08070,CL-030,diretto,2025-09-03
ORD-08071,CL-031,diretto,2025-09-03
ORD-08072,CL-031,diretto,2025-09-03
ORD-08073,CL-041,diretto,2025-09-03
ORD-08074,CL-054,diretto,2025-09-03
ORD-08075,CL-099,diretto,2025-09-03
ORD-08076,CL-107,diretto,2025-09-03
ORD-08077,CL-124,diretto,2025-09-03
ORD-08078,CL-127,diretto,2025-09-03
ORD-08079,CL-157,diretto,2025-09-03
ORD-08080,CL-172,diretto,2025-09-03
ORD-08081,CL-174,diretto,2025-09-03
ORD-08082,CL-177,diretto,2025-09-03
ORD-08083,CL-205,diretto,2025-09-03
ORD-08084,CL-218,diretto,2025-09-03
ORD-08085,CL-219,distributori,2025-09-03
ORD-08086,CL-223,distributori,2025-09-03
ORD-08087,CL-224,distributori,2025-09-03
ORD-08088,CL-225,distributori,2025-09-03
ORD-08089,CL-226,distributori,2025-09-03
ORD-08090,CL-226,distributori,2025-09-03
ORD-08091,CL-228,distributori,2025-09-03
ORD-08092,CL-229,distributori,2025-09-03
ORD-08093,CL-232,distributori,2025-09-03
ORD-08094,CL-233,distributori,2025-09-03
ORD-08095,CL-234,distributori,2025-09-03
ORD-08096,CL-235,distributori,2025-09-03
ORD-08097,CL-235,distributori,2025-09-03
ORD-08098,CL-235,distributori,2025-09-03
ORD-08099,CL-238,distributori,2025-09-03
ORD-08100,CL-239,distributori,2025-09-03
ORD-08101,CL-241,distributori,2025-09-03
ORD-08102,CL-243,distributori,2025-09-03
ORD-08103,CL-243,distributori,2025-09-03
ORD-08104,CL-244,distributori,2025-09-03
ORD-08105,CL-244,distributori,2025-09-03
ORD-08106,CL-244,distributori,2025-09-03
ORD-08107,CL-245,distributori,2025-09-03
ORD-08108,CL-246,distributori,2025-09-03
ORD-08109,CL-247,distributori,2025-09-03
ORD-08110,CL-250,distributori,2025-09-03
ORD-08111,CL-252,distributori,2025-09-03
ORD-08112,CL-252,distributori,2025-09-03
ORD-08113,CL-257,distributori,2025-09-03
ORD-08114,CL-002,diretto,2025-09-04
ORD-08115,CL-002,diretto,2025-09-04
ORD-08116,CL-004,diretto,2025-09-04
ORD-08117,CL-006,diretto,2025-09-04
ORD-08118,CL-012,diretto,2025-09-04
ORD-08119,CL-014,diretto,2025-09-04
ORD-08120,CL-014,diretto,2025-09-04
ORD-08121,CL-014,diretto,2025-09-04
ORD-08122,CL-016,diretto,2025-09-04
ORD-08123,CL-020,diretto,2025-09-04
ORD-08124,CL-021,diretto,2025-09-04
ORD-08125,CL-061,diretto,2025-09-04
ORD-08126,CL-062,diretto,2025-09-04
ORD-08127,CL-077,diretto,2025-09-04
ORD-08128,CL-078,diretto,2025-09-04
ORD-08129,CL-087,diretto,2025-09-04
ORD-08130,CL-090,diretto,2025-09-04
ORD-08131,CL-158,diretto,2025-09-04
ORD-08132,CL-162,diretto,2025-09-04
ORD-08133,CL-178,diretto,2025-09-04
ORD-08134,CL-180,diretto,2025-09-04
ORD-08135,CL-205,diretto,2025-09-04
ORD-08136,CL-205,diretto,2025-09-04
ORD-08137,CL-207,diretto,2025-09-04
ORD-08138,CL-209,diretto,2025-09-04
ORD-08139,CL-220,distributori,2025-09-04
ORD-08140,CL-224,distributori,2025-09-04
ORD-08141,CL-233,distributori,2025-09-04
ORD-08142,CL-235,distributori,2025-09-04
ORD-08143,CL-237,distributori,2025-09-04
ORD-08144,CL-238,distributori,2025-09-04
ORD-08145,CL-239,distributori,2025-09-04
ORD-08146,CL-242,distributori,2025-09-04
ORD-08147,CL-242,distributori,2025-09-04
ORD-08148,CL-242,distributori,2025-09-04
ORD-08149,CL-242,distributori,2025-09-04
ORD-08150,CL-242,distributori,2025-09-04
ORD-08151,CL-243,distributori,2025-09-04
ORD-08152,CL-243,distributori,2025-09-04
ORD-08153,CL-246,distributori,2025-09-04
ORD-08154,CL-246,distributori,2025-09-04
ORD-08155,CL-247,distributori,2025-09-04
ORD-08156,CL-252,distributori,2025-09-04
ORD-08157,CL-252,distributori,2025-09-04
ORD-08158,CL-252,distributori,2025-09-04
ORD-08159,CL-002,diretto,2025-09-05
ORD-08160,CL-002,diretto,2025-09-05
ORD-08161,CL-003,diretto,2025-09-05
ORD-08162,CL-004,diretto,2025-09-05
ORD-08163,CL-005,diretto,2025-09-05
ORD-08164,CL-014,diretto,2025-09-05
ORD-08165,CL-014,diretto,2025-09-05
ORD-08166,CL-014,diretto,2025-09-05
ORD-08167,CL-014,diretto,2025-09-05
ORD-08168,CL-019,diretto,2025-09-05
ORD-08169,CL-020,diretto,2025-09-05
ORD-08170,CL-032,diretto,2025-09-05
ORD-08171,CL-034,diretto,2025-09-05
ORD-08172,CL-039,diretto,2025-09-05
ORD-08173,CL-049,diretto,2025-09-05
ORD-08174,CL-066,diretto,2025-09-05
ORD-08175,CL-075,diretto,2025-09-05
ORD-08176,CL-082,diretto,2025-09-05
ORD-08177,CL-084,diretto,2025-09-05
ORD-08178,CL-098,diretto,2025-09-05
ORD-08179,CL-102,diretto,2025-09-05
ORD-08180,CL-109,diretto,2025-09-05
ORD-08181,CL-110,diretto,2025-09-05
ORD-08182,CL-116,diretto,2025-09-05
ORD-08183,CL-163,diretto,2025-09-05
ORD-08184,CL-169,diretto,2025-09-05
ORD-08185,CL-213,diretto,2025-09-05
ORD-08186,CL-219,distributori,2025-09-05
ORD-08187,CL-224,distributori,2025-09-05
ORD-08188,CL-228,distributori,2025-09-05
ORD-08189,CL-234,distributori,2025-09-05
ORD-08190,CL-234,distributori,2025-09-05
ORD-08191,CL-237,distributori,2025-09-05
ORD-08192,CL-240,distributori,2025-09-05
ORD-08193,CL-242,distributori,2025-09-05
ORD-08194,CL-242,distributori,2025-09-05
ORD-08195,CL-242,distributori,2025-09-05
ORD-08196,CL-243,distributori,2025-09-05
ORD-08197,CL-243,distributori,2025-09-05
ORD-08198,CL-243,distributori,2025-09-05
ORD-08199,CL-245,distributori,2025-09-05
ORD-08200,CL-246,distributori,2025-09-05
ORD-08201,CL-248,distributori,2025-09-05
ORD-08202,CL-249,distributori,2025-09-05
ORD-08203,CL-249,distributori,2025-09-05
ORD-08204,CL-250,distributori,2025-09-05
ORD-08205,CL-250,distributori,2025-09-05
ORD-08206,CL-252,distributori,2025-09-05
ORD-08207,CL-255,distributori,2025-09-05
ORD-08208,CL-255,distributori,2025-09-05
ORD-08209,CL-004,diretto,2025-09-08
ORD-08210,CL-008,diretto,2025-09-08
ORD-08211,CL-008,diretto,2025-09-08
ORD-08212,CL-008,diretto,2025-09-08
ORD-08213,CL-010,diretto,2025-09-08
ORD-08214,CL-013,diretto,2025-09-08
ORD-08215,CL-014,diretto,2025-09-08
ORD-08216,CL-014,diretto,2025-09-08
ORD-08217,CL-016,diretto,2025-09-08
ORD-08218,CL-020,diretto,2025-09-08
ORD-08219,CL-020,diretto,2025-09-08
ORD-08220,CL-027,diretto,2025-09-08
ORD-08221,CL-027,diretto,2025-09-08
ORD-08222,CL-027,diretto,2025-09-08
ORD-08223,CL-027,diretto,2025-09-08
ORD-08224,CL-032,diretto,2025-09-08
ORD-08225,CL-034,diretto,2025-09-08
ORD-08226,CL-041,diretto,2025-09-08
ORD-08227,CL-055,diretto,2025-09-08
ORD-08228,CL-078,diretto,2025-09-08
ORD-08229,CL-104,diretto,2025-09-08
ORD-08230,CL-177,diretto,2025-09-08
ORD-08231,CL-205,diretto,2025-09-08
ORD-08232,CL-217,diretto,2025-09-08
ORD-08233,CL-222,distributori,2025-09-08
ORD-08234,CL-223,distributori,2025-09-08
ORD-08235,CL-224,distributori,2025-09-08
ORD-08236,CL-224,distributori,2025-09-08
ORD-08237,CL-225,distributori,2025-09-08
ORD-08238,CL-226,distributori,2025-09-08
ORD-08239,CL-228,distributori,2025-09-08
ORD-08240,CL-230,distributori,2025-09-08
ORD-08241,CL-230,distributori,2025-09-08
ORD-08242,CL-230,distributori,2025-09-08
ORD-08243,CL-231,distributori,2025-09-08
ORD-08244,CL-236,distributori,2025-09-08
ORD-08245,CL-237,distributori,2025-09-08
ORD-08246,CL-238,distributori,2025-09-08
ORD-08247,CL-238,distributori,2025-09-08
ORD-08248,CL-239,distributori,2025-09-08
ORD-08249,CL-239,distributori,2025-09-08
ORD-08250,CL-241,distributori,2025-09-08
ORD-08251,CL-242,distributori,2025-09-08
ORD-08252,CL-242,distributori,2025-09-08
ORD-08253,CL-243,distributori,2025-09-08
ORD-08254,CL-244,distributori,2025-09-08
ORD-08255,CL-245,distributori,2025-09-08
ORD-08256,CL-249,distributori,2025-09-08
ORD-08257,CL-250,distributori,2025-09-08
ORD-08258,CL-252,distributori,2025-09-08
ORD-08259,CL-252,distributori,2025-09-08
ORD-08260,CL-002,diretto,2025-09-09
ORD-08261,CL-005,diretto,2025-09-09
ORD-08262,CL-008,diretto,2025-09-09
ORD-08263,CL-014,diretto,2025-09-09
ORD-08264,CL-014,diretto,2025-09-09
ORD-08265,CL-017,diretto,2025-09-09
ORD-08266,CL-026,diretto,2025-09-09
ORD-08267,CL-026,diretto,2025-09-09
ORD-08268,CL-069,diretto,2025-09-09
ORD-08269,CL-077,diretto,2025-09-09
ORD-08270,CL-117,diretto,2025-09-09
ORD-08271,CL-170,diretto,2025-09-09
ORD-08272,CL-174,diretto,2025-09-09
ORD-08273,CL-175,diretto,2025-09-09
ORD-08274,CL-205,diretto,2025-09-09
ORD-08275,CL-213,diretto,2025-09-09
ORD-08276,CL-224,distributori,2025-09-09
ORD-08277,CL-229,distributori,2025-09-09
ORD-08278,CL-232,distributori,2025-09-09
ORD-08279,CL-233,distributori,2025-09-09
ORD-08280,CL-236,distributori,2025-09-09
ORD-08281,CL-236,distributori,2025-09-09
ORD-08282,CL-236,distributori,2025-09-09
ORD-08283,CL-237,distributori,2025-09-09
ORD-08284,CL-238,distributori,2025-09-09
ORD-08285,CL-238,distributori,2025-09-09
ORD-08286,CL-239,distributori,2025-09-09
ORD-08287,CL-241,distributori,2025-09-09
ORD-08288,CL-241,distributori,2025-09-09
ORD-08289,CL-242,distributori,2025-09-09
ORD-08290,CL-243,distributori,2025-09-09
ORD-08291,CL-245,distributori,2025-09-09
ORD-08292,CL-245,distributori,2025-09-09
ORD-08293,CL-246,distributori,2025-09-09
ORD-08294,CL-247,distributori,2025-09-09
ORD-08295,CL-250,distributori,2025-09-09
ORD-08296,CL-252,distributori,2025-09-09
ORD-08297,CL-253,distributori,2025-09-09
ORD-08298,CL-254,distributori,2025-09-09
ORD-08299,CL-257,distributori,2025-09-09
ORD-08300,CL-003,diretto,2025-09-10
ORD-08301,CL-005,diretto,2025-09-10
ORD-08302,CL-005,diretto,2025-09-10
ORD-08303,CL-011,diretto,2025-09-10
ORD-08304,CL-012,diretto,2025-09-10
ORD-08305,CL-014,diretto,2025-09-10
ORD-08306,CL-014,diretto,2025-09-10
ORD-08307,CL-014,diretto,2025-09-10
ORD-08308,CL-014,diretto,2025-09-10
ORD-08309,CL-014,diretto,2025-09-10
ORD-08310,CL-028,diretto,2025-09-10
ORD-08311,CL-031,diretto,2025-09-10
ORD-08312,CL-033,diretto,2025-09-10
ORD-08313,CL-034,diretto,2025-09-10
ORD-08314,CL-036,diretto,2025-09-10
ORD-08315,CL-046,diretto,2025-09-10
ORD-08316,CL-049,diretto,2025-09-10
ORD-08317,CL-050,diretto,2025-09-10
ORD-08318,CL-084,diretto,2025-09-10
ORD-08319,CL-109,diretto,2025-09-10
ORD-08320,CL-114,diretto,2025-09-10
ORD-08321,CL-114,diretto,2025-09-10
ORD-08322,CL-123,diretto,2025-09-10
ORD-08323,CL-128,diretto,2025-09-10
ORD-08324,CL-142,diretto,2025-09-10
ORD-08325,CL-177,diretto,2025-09-10
ORD-08326,CL-187,diretto,2025-09-10
ORD-08327,CL-204,diretto,2025-09-10
ORD-08328,CL-214,diretto,2025-09-10
ORD-08329,CL-219,distributori,2025-09-10
ORD-08330,CL-224,distributori,2025-09-10
ORD-08331,CL-225,distributori,2025-09-10
ORD-08332,CL-226,distributori,2025-09-10
ORD-08333,CL-227,distributori,2025-09-10
ORD-08334,CL-230,distributori,2025-09-10
ORD-08335,CL-237,distributori,2025-09-10
ORD-08336,CL-238,distributori,2025-09-10
ORD-08337,CL-239,distributori,2025-09-10
ORD-08338,CL-241,distributori,2025-09-10
ORD-08339,CL-243,distributori,2025-09-10
ORD-08340,CL-243,distributori,2025-09-10
ORD-08341,CL-244,distributori,2025-09-10
ORD-08342,CL-246,distributori,2025-09-10
ORD-08343,CL-247,distributori,2025-09-10
ORD-08344,CL-248,distributori,2025-09-10
ORD-08345,CL-248,distributori,2025-09-10
ORD-08346,CL-250,distributori,2025-09-10
ORD-08347,CL-250,distributori,2025-09-10
ORD-08348,CL-251,distributori,2025-09-10
ORD-08349,CL-251,distributori,2025-09-10
ORD-08350,CL-252,distributori,2025-09-10
ORD-08351,CL-252,distributori,2025-09-10
ORD-08352,CL-256,distributori,2025-09-10
ORD-08353,CL-002,diretto,2025-09-11
ORD-08354,CL-006,diretto,2025-09-11
ORD-08355,CL-013,diretto,2025-09-11
ORD-08356,CL-014,diretto,2025-09-11
ORD-08357,CL-014,diretto,2025-09-11
ORD-08358,CL-014,diretto,2025-09-11
ORD-08359,CL-014,diretto,2025-09-11
ORD-08360,CL-014,diretto,2025-09-11
ORD-08361,CL-014,diretto,2025-09-11
ORD-08362,CL-015,diretto,2025-09-11
ORD-08363,CL-015,diretto,2025-09-11
ORD-08364,CL-020,diretto,2025-09-11
ORD-08365,CL-022,diretto,2025-09-11
ORD-08366,CL-023,diretto,2025-09-11
ORD-08367,CL-026,diretto,2025-09-11
ORD-08368,CL-027,diretto,2025-09-11
ORD-08369,CL-032,diretto,2025-09-11
ORD-08370,CL-062,diretto,2025-09-11
ORD-08371,CL-112,diretto,2025-09-11
ORD-08372,CL-121,diretto,2025-09-11
ORD-08373,CL-159,diretto,2025-09-11
ORD-08374,CL-174,diretto,2025-09-11
ORD-08375,CL-194,diretto,2025-09-11
ORD-08376,CL-224,distributori,2025-09-11
ORD-08377,CL-230,distributori,2025-09-11
ORD-08378,CL-230,distributori,2025-09-11
ORD-08379,CL-231,distributori,2025-09-11
ORD-08380,CL-231,distributori,2025-09-11
ORD-08381,CL-231,distributori,2025-09-11
ORD-08382,CL-233,distributori,2025-09-11
ORD-08383,CL-236,distributori,2025-09-11
ORD-08384,CL-237,distributori,2025-09-11
ORD-08385,CL-238,distributori,2025-09-11
ORD-08386,CL-239,distributori,2025-09-11
ORD-08387,CL-240,distributori,2025-09-11
ORD-08388,CL-241,distributori,2025-09-11
ORD-08389,CL-241,distributori,2025-09-11
ORD-08390,CL-243,distributori,2025-09-11
ORD-08391,CL-243,distributori,2025-09-11
ORD-08392,CL-244,distributori,2025-09-11
ORD-08393,CL-244,distributori,2025-09-11
ORD-08394,CL-248,distributori,2025-09-11
ORD-08395,CL-248,distributori,2025-09-11
ORD-08396,CL-249,distributori,2025-09-11
ORD-08397,CL-250,distributori,2025-09-11
ORD-08398,CL-252,distributori,2025-09-11
ORD-08399,CL-252,distributori,2025-09-11
ORD-08400,CL-252,distributori,2025-09-11
ORD-08401,CL-253,distributori,2025-09-11
ORD-08402,CL-005,diretto,2025-09-12
ORD-08403,CL-014,diretto,2025-09-12
ORD-08404,CL-014,diretto,2025-09-12
ORD-08405,CL-014,diretto,2025-09-12
ORD-08406,CL-015,diretto,2025-09-12
ORD-08407,CL-018,diretto,2025-09-12
ORD-08408,CL-018,diretto,2025-09-12
ORD-08409,CL-020,diretto,2025-09-12
ORD-08410,CL-022,diretto,2025-09-12
ORD-08411,CL-025,diretto,2025-09-12
ORD-08412,CL-026,diretto,2025-09-12
ORD-08413,CL-026,diretto,2025-09-12
ORD-08414,CL-028,diretto,2025-09-12
ORD-08415,CL-031,diretto,2025-09-12
ORD-08416,CL-036,diretto,2025-09-12
ORD-08417,CL-040,diretto,2025-09-12
ORD-08418,CL-068,diretto,2025-09-12
ORD-08419,CL-079,diretto,2025-09-12
ORD-08420,CL-092,diretto,2025-09-12
ORD-08421,CL-147,diretto,2025-09-12
ORD-08422,CL-172,diretto,2025-09-12
ORD-08423,CL-185,diretto,2025-09-12
ORD-08424,CL-209,diretto,2025-09-12
ORD-08425,CL-213,diretto,2025-09-12
ORD-08426,CL-216,diretto,2025-09-12
ORD-08427,CL-219,distributori,2025-09-12
ORD-08428,CL-223,distributori,2025-09-12
ORD-08429,CL-224,distributori,2025-09-12
ORD-08430,CL-226,distributori,2025-09-12
ORD-08431,CL-229,distributori,2025-09-12
ORD-08432,CL-229,distributori,2025-09-12
ORD-08433,CL-233,distributori,2025-09-12
ORD-08434,CL-237,distributori,2025-09-12
ORD-08435,CL-238,distributori,2025-09-12
ORD-08436,CL-240,distributori,2025-09-12
ORD-08437,CL-242,distributori,2025-09-12
ORD-08438,CL-242,distributori,2025-09-12
ORD-08439,CL-243,distributori,2025-09-12
ORD-08440,CL-243,distributori,2025-09-12
ORD-08441,CL-244,distributori,2025-09-12
ORD-08442,CL-252,distributori,2025-09-12
ORD-08443,CL-252,distributori,2025-09-12
ORD-08444,CL-252,distributori,2025-09-12
ORD-08445,CL-252,distributori,2025-09-12
ORD-08446,CL-255,distributori,2025-09-12
ORD-08447,CL-256,distributori,2025-09-12
ORD-08448,CL-004,diretto,2025-09-15
ORD-08449,CL-005,diretto,2025-09-15
ORD-08450,CL-007,diretto,2025-09-15
ORD-08451,CL-010,diretto,2025-09-15
ORD-08452,CL-014,diretto,2025-09-15
ORD-08453,CL-014,diretto,2025-09-15
ORD-08454,CL-014,diretto,2025-09-15
ORD-08455,CL-015,diretto,2025-09-15
ORD-08456,CL-017,diretto,2025-09-15
ORD-08457,CL-022,diretto,2025-09-15
ORD-08458,CL-023,diretto,2025-09-15
ORD-08459,CL-027,diretto,2025-09-15
ORD-08460,CL-028,diretto,2025-09-15
ORD-08461,CL-055,diretto,2025-09-15
ORD-08462,CL-057,diretto,2025-09-15
ORD-08463,CL-078,diretto,2025-09-15
ORD-08464,CL-125,diretto,2025-09-15
ORD-08465,CL-157,diretto,2025-09-15
ORD-08466,CL-176,diretto,2025-09-15
ORD-08467,CL-191,diretto,2025-09-15
ORD-08468,CL-198,diretto,2025-09-15
ORD-08469,CL-205,diretto,2025-09-15
ORD-08470,CL-219,distributori,2025-09-15
ORD-08471,CL-219,distributori,2025-09-15
ORD-08472,CL-220,distributori,2025-09-15
ORD-08473,CL-221,distributori,2025-09-15
ORD-08474,CL-224,distributori,2025-09-15
ORD-08475,CL-225,distributori,2025-09-15
ORD-08476,CL-228,distributori,2025-09-15
ORD-08477,CL-229,distributori,2025-09-15
ORD-08478,CL-240,distributori,2025-09-15
ORD-08479,CL-240,distributori,2025-09-15
ORD-08480,CL-240,distributori,2025-09-15
ORD-08481,CL-243,distributori,2025-09-15
ORD-08482,CL-243,distributori,2025-09-15
ORD-08483,CL-245,distributori,2025-09-15
ORD-08484,CL-246,distributori,2025-09-15
ORD-08485,CL-246,distributori,2025-09-15
ORD-08486,CL-250,distributori,2025-09-15
ORD-08487,CL-252,distributori,2025-09-15
ORD-08488,CL-253,distributori,2025-09-15
ORD-08489,CL-002,diretto,2025-09-16
ORD-08490,CL-006,diretto,2025-09-16
ORD-08491,CL-006,diretto,2025-09-16
ORD-08492,CL-008,diretto,2025-09-16
ORD-08493,CL-009,diretto,2025-09-16
ORD-08494,CL-010,diretto,2025-09-16
ORD-08495,CL-012,diretto,2025-09-16
ORD-08496,CL-014,diretto,2025-09-16
ORD-08497,CL-014,diretto,2025-09-16
ORD-08498,CL-019,diretto,2025-09-16
ORD-08499,CL-020,diretto,2025-09-16
ORD-08500,CL-026,diretto,2025-09-16
ORD-08501,CL-027,diretto,2025-09-16
ORD-08502,CL-029,diretto,2025-09-16
ORD-08503,CL-033,diretto,2025-09-16
ORD-08504,CL-053,diretto,2025-09-16
ORD-08505,CL-055,diretto,2025-09-16
ORD-08506,CL-057,diretto,2025-09-16
ORD-08507,CL-087,diretto,2025-09-16
ORD-08508,CL-159,diretto,2025-09-16
ORD-08509,CL-169,diretto,2025-09-16
ORD-08510,CL-184,diretto,2025-09-16
ORD-08511,CL-190,diretto,2025-09-16
ORD-08512,CL-203,diretto,2025-09-16
ORD-08513,CL-209,diretto,2025-09-16
ORD-08514,CL-220,distributori,2025-09-16
ORD-08515,CL-221,distributori,2025-09-16
ORD-08516,CL-223,distributori,2025-09-16
ORD-08517,CL-225,distributori,2025-09-16
ORD-08518,CL-226,distributori,2025-09-16
ORD-08519,CL-228,distributori,2025-09-16
ORD-08520,CL-229,distributori,2025-09-16
ORD-08521,CL-230,distributori,2025-09-16
ORD-08522,CL-230,distributori,2025-09-16
ORD-08523,CL-231,distributori,2025-09-16
ORD-08524,CL-231,distributori,2025-09-16
ORD-08525,CL-232,distributori,2025-09-16
ORD-08526,CL-233,distributori,2025-09-16
ORD-08527,CL-233,distributori,2025-09-16
ORD-08528,CL-235,distributori,2025-09-16
ORD-08529,CL-236,distributori,2025-09-16
ORD-08530,CL-236,distributori,2025-09-16
ORD-08531,CL-238,distributori,2025-09-16
ORD-08532,CL-240,distributori,2025-09-16
ORD-08533,CL-241,distributori,2025-09-16
ORD-08534,CL-242,distributori,2025-09-16
ORD-08535,CL-242,distributori,2025-09-16
ORD-08536,CL-245,distributori,2025-09-16
ORD-08537,CL-245,distributori,2025-09-16
ORD-08538,CL-245,distributori,2025-09-16
ORD-08539,CL-246,distributori,2025-09-16
ORD-08540,CL-246,distributori,2025-09-16
ORD-08541,CL-246,distributori,2025-09-16
ORD-08542,CL-248,distributori,2025-09-16
ORD-08543,CL-248,distributori,2025-09-16
ORD-08544,CL-252,distributori,2025-09-16
ORD-08545,CL-253,distributori,2025-09-16
ORD-08546,CL-253,distributori,2025-09-16
ORD-08547,CL-253,distributori,2025-09-16
ORD-08548,CL-254,distributori,2025-09-16
ORD-08549,CL-254,distributori,2025-09-16
ORD-08550,CL-255,distributori,2025-09-16
ORD-08551,CL-258,distributori,2025-09-16
ORD-08552,CL-009,diretto,2025-09-17
ORD-08553,CL-014,diretto,2025-09-17
ORD-08554,CL-014,diretto,2025-09-17
ORD-08555,CL-027,diretto,2025-09-17
ORD-08556,CL-030,diretto,2025-09-17
ORD-08557,CL-032,diretto,2025-09-17
ORD-08558,CL-043,diretto,2025-09-17
ORD-08559,CL-044,diretto,2025-09-17
ORD-08560,CL-055,diretto,2025-09-17
ORD-08561,CL-057,diretto,2025-09-17
ORD-08562,CL-070,diretto,2025-09-17
ORD-08563,CL-095,diretto,2025-09-17
ORD-08564,CL-095,diretto,2025-09-17
ORD-08565,CL-102,diretto,2025-09-17
ORD-08566,CL-135,diretto,2025-09-17
ORD-08567,CL-175,diretto,2025-09-17
ORD-08568,CL-175,diretto,2025-09-17
ORD-08569,CL-186,diretto,2025-09-17
ORD-08570,CL-194,diretto,2025-09-17
ORD-08571,CL-202,diretto,2025-09-17
ORD-08572,CL-219,distributori,2025-09-17
ORD-08573,CL-220,distributori,2025-09-17
ORD-08574,CL-221,distributori,2025-09-17
ORD-08575,CL-228,distributori,2025-09-17
ORD-08576,CL-228,distributori,2025-09-17
ORD-08577,CL-229,distributori,2025-09-17
ORD-08578,CL-230,distributori,2025-09-17
ORD-08579,CL-233,distributori,2025-09-17
ORD-08580,CL-233,distributori,2025-09-17
ORD-08581,CL-235,distributori,2025-09-17
ORD-08582,CL-236,distributori,2025-09-17
ORD-08583,CL-236,distributori,2025-09-17
ORD-08584,CL-238,distributori,2025-09-17
ORD-08585,CL-241,distributori,2025-09-17
ORD-08586,CL-242,distributori,2025-09-17
ORD-08587,CL-243,distributori,2025-09-17
ORD-08588,CL-243,distributori,2025-09-17
ORD-08589,CL-248,distributori,2025-09-17
ORD-08590,CL-249,distributori,2025-09-17
ORD-08591,CL-250,distributori,2025-09-17
ORD-08592,CL-251,distributori,2025-09-17
ORD-08593,CL-252,distributori,2025-09-17
ORD-08594,CL-252,distributori,2025-09-17
ORD-08595,CL-253,distributori,2025-09-17
ORD-08596,CL-002,diretto,2025-09-18
ORD-08597,CL-007,diretto,2025-09-18
ORD-08598,CL-010,diretto,2025-09-18
ORD-08599,CL-010,diretto,2025-09-18
ORD-08600,CL-010,diretto,2025-09-18
ORD-08601,CL-012,diretto,2025-09-18
ORD-08602,CL-014,diretto,2025-09-18
ORD-08603,CL-018,diretto,2025-09-18
ORD-08604,CL-020,diretto,2025-09-18
ORD-08605,CL-021,diretto,2025-09-18
ORD-08606,CL-023,diretto,2025-09-18
ORD-08607,CL-025,diretto,2025-09-18
ORD-08608,CL-026,diretto,2025-09-18
ORD-08609,CL-026,diretto,2025-09-18
ORD-08610,CL-030,diretto,2025-09-18
ORD-08611,CL-033,diretto,2025-09-18
ORD-08612,CL-040,diretto,2025-09-18
ORD-08613,CL-061,diretto,2025-09-18
ORD-08614,CL-062,diretto,2025-09-18
ORD-08615,CL-085,diretto,2025-09-18
ORD-08616,CL-123,diretto,2025-09-18
ORD-08617,CL-141,diretto,2025-09-18
ORD-08618,CL-160,diretto,2025-09-18
ORD-08619,CL-165,diretto,2025-09-18
ORD-08620,CL-219,distributori,2025-09-18
ORD-08621,CL-219,distributori,2025-09-18
ORD-08622,CL-220,distributori,2025-09-18
ORD-08623,CL-224,distributori,2025-09-18
ORD-08624,CL-225,distributori,2025-09-18
ORD-08625,CL-226,distributori,2025-09-18
ORD-08626,CL-228,distributori,2025-09-18
ORD-08627,CL-233,distributori,2025-09-18
ORD-08628,CL-237,distributori,2025-09-18
ORD-08629,CL-238,distributori,2025-09-18
ORD-08630,CL-240,distributori,2025-09-18
ORD-08631,CL-242,distributori,2025-09-18
ORD-08632,CL-242,distributori,2025-09-18
ORD-08633,CL-246,distributori,2025-09-18
ORD-08634,CL-246,distributori,2025-09-18
ORD-08635,CL-247,distributori,2025-09-18
ORD-08636,CL-250,distributori,2025-09-18
ORD-08637,CL-250,distributori,2025-09-18
ORD-08638,CL-252,distributori,2025-09-18
ORD-08639,CL-252,distributori,2025-09-18
ORD-08640,CL-252,distributori,2025-09-18
ORD-08641,CL-252,distributori,2025-09-18
ORD-08642,CL-252,distributori,2025-09-18
ORD-08643,CL-253,distributori,2025-09-18
ORD-08644,CL-253,distributori,2025-09-18
ORD-08645,CL-258,distributori,2025-09-18
ORD-08646,CL-258,distributori,2025-09-18
ORD-08647,CL-007,diretto,2025-09-19
ORD-08648,CL-007,diretto,2025-09-19
ORD-08649,CL-008,diretto,2025-09-19
ORD-08650,CL-009,diretto,2025-09-19
ORD-08651,CL-009,diretto,2025-09-19
ORD-08652,CL-009,diretto,2025-09-19
ORD-08653,CL-011,diretto,2025-09-19
ORD-08654,CL-014,diretto,2025-09-19
ORD-08655,CL-020,diretto,2025-09-19
ORD-08656,CL-027,diretto,2025-09-19
ORD-08657,CL-028,diretto,2025-09-19
ORD-08658,CL-031,diretto,2025-09-19
ORD-08659,CL-033,diretto,2025-09-19
ORD-08660,CL-060,diretto,2025-09-19
ORD-08661,CL-084,diretto,2025-09-19
ORD-08662,CL-087,diretto,2025-09-19
ORD-08663,CL-110,diretto,2025-09-19
ORD-08664,CL-111,diretto,2025-09-19
ORD-08665,CL-159,diretto,2025-09-19
ORD-08666,CL-169,diretto,2025-09-19
ORD-08667,CL-172,diretto,2025-09-19
ORD-08668,CL-187,diretto,2025-09-19
ORD-08669,CL-191,diretto,2025-09-19
ORD-08670,CL-198,diretto,2025-09-19
ORD-08671,CL-207,diretto,2025-09-19
ORD-08672,CL-209,diretto,2025-09-19
ORD-08673,CL-223,distributori,2025-09-19
ORD-08674,CL-224,distributori,2025-09-19
ORD-08675,CL-224,distributori,2025-09-19
ORD-08676,CL-224,distributori,2025-09-19
ORD-08677,CL-227,distributori,2025-09-19
ORD-08678,CL-228,distributori,2025-09-19
ORD-08679,CL-229,distributori,2025-09-19
ORD-08680,CL-231,distributori,2025-09-19
ORD-08681,CL-237,distributori,2025-09-19
ORD-08682,CL-237,distributori,2025-09-19
ORD-08683,CL-238,distributori,2025-09-19
ORD-08684,CL-242,distributori,2025-09-19
ORD-08685,CL-244,distributori,2025-09-19
ORD-08686,CL-245,distributori,2025-09-19
ORD-08687,CL-245,distributori,2025-09-19
ORD-08688,CL-249,distributori,2025-09-19
ORD-08689,CL-250,distributori,2025-09-19
ORD-08690,CL-251,distributori,2025-09-19
ORD-08691,CL-251,distributori,2025-09-19
ORD-08692,CL-252,distributori,2025-09-19
ORD-08693,CL-257,distributori,2025-09-19
ORD-08694,CL-258,distributori,2025-09-19
ORD-08695,CL-258,distributori,2025-09-19
ORD-08696,CL-002,diretto,2025-09-22
ORD-08697,CL-011,diretto,2025-09-22
ORD-08698,CL-014,diretto,2025-09-22
ORD-08699,CL-014,diretto,2025-09-22
ORD-08700,CL-014,diretto,2025-09-22
ORD-08701,CL-014,diretto,2025-09-22
ORD-08702,CL-025,diretto,2025-09-22
ORD-08703,CL-027,diretto,2025-09-22
ORD-08704,CL-027,diretto,2025-09-22
ORD-08705,CL-032,diretto,2025-09-22
ORD-08706,CL-033,diretto,2025-09-22
ORD-08707,CL-046,diretto,2025-09-22
ORD-08708,CL-055,diretto,2025-09-22
ORD-08709,CL-059,diretto,2025-09-22
ORD-08710,CL-063,diretto,2025-09-22
ORD-08711,CL-069,diretto,2025-09-22
ORD-08712,CL-088,diretto,2025-09-22
ORD-08713,CL-111,diretto,2025-09-22
ORD-08714,CL-119,diretto,2025-09-22
ORD-08715,CL-179,diretto,2025-09-22
ORD-08716,CL-192,diretto,2025-09-22
ORD-08717,CL-202,diretto,2025-09-22
ORD-08718,CL-206,diretto,2025-09-22
ORD-08719,CL-218,diretto,2025-09-22
ORD-08720,CL-222,distributori,2025-09-22
ORD-08721,CL-224,distributori,2025-09-22
ORD-08722,CL-224,distributori,2025-09-22
ORD-08723,CL-226,distributori,2025-09-22
ORD-08724,CL-228,distributori,2025-09-22
ORD-08725,CL-228,distributori,2025-09-22
ORD-08726,CL-229,distributori,2025-09-22
ORD-08727,CL-229,distributori,2025-09-22
ORD-08728,CL-230,distributori,2025-09-22
ORD-08729,CL-235,distributori,2025-09-22
ORD-08730,CL-239,distributori,2025-09-22
ORD-08731,CL-241,distributori,2025-09-22
ORD-08732,CL-241,distributori,2025-09-22
ORD-08733,CL-242,distributori,2025-09-22
ORD-08734,CL-243,distributori,2025-09-22
ORD-08735,CL-243,distributori,2025-09-22
ORD-08736,CL-244,distributori,2025-09-22
ORD-08737,CL-244,distributori,2025-09-22
ORD-08738,CL-247,distributori,2025-09-22
ORD-08739,CL-249,distributori,2025-09-22
ORD-08740,CL-251,distributori,2025-09-22
ORD-08741,CL-252,distributori,2025-09-22
ORD-08742,CL-252,distributori,2025-09-22
ORD-08743,CL-257,distributori,2025-09-22
ORD-08744,CL-258,distributori,2025-09-22
ORD-08745,CL-001,diretto,2025-09-23
ORD-08746,CL-008,diretto,2025-09-23
ORD-08747,CL-009,diretto,2025-09-23
ORD-08748,CL-010,diretto,2025-09-23
ORD-08749,CL-014,diretto,2025-09-23
ORD-08750,CL-014,diretto,2025-09-23
ORD-08751,CL-014,diretto,2025-09-23
ORD-08752,CL-014,diretto,2025-09-23
ORD-08753,CL-016,diretto,2025-09-23
ORD-08754,CL-020,diretto,2025-09-23
ORD-08755,CL-026,diretto,2025-09-23
ORD-08756,CL-029,diretto,2025-09-23
ORD-08757,CL-043,diretto,2025-09-23
ORD-08758,CL-044,diretto,2025-09-23
ORD-08759,CL-072,diretto,2025-09-23
ORD-08760,CL-104,diretto,2025-09-23
ORD-08761,CL-109,diretto,2025-09-23
ORD-08762,CL-122,diretto,2025-09-23
ORD-08763,CL-129,diretto,2025-09-23
ORD-08764,CL-147,diretto,2025-09-23
ORD-08765,CL-180,diretto,2025-09-23
ORD-08766,CL-202,diretto,2025-09-23
ORD-08767,CL-212,diretto,2025-09-23
ORD-08768,CL-220,distributori,2025-09-23
ORD-08769,CL-224,distributori,2025-09-23
ORD-08770,CL-224,distributori,2025-09-23
ORD-08771,CL-226,distributori,2025-09-23
ORD-08772,CL-228,distributori,2025-09-23
ORD-08773,CL-228,distributori,2025-09-23
ORD-08774,CL-228,distributori,2025-09-23
ORD-08775,CL-229,distributori,2025-09-23
ORD-08776,CL-229,distributori,2025-09-23
ORD-08777,CL-230,distributori,2025-09-23
ORD-08778,CL-236,distributori,2025-09-23
ORD-08779,CL-239,distributori,2025-09-23
ORD-08780,CL-239,distributori,2025-09-23
ORD-08781,CL-239,distributori,2025-09-23
ORD-08782,CL-240,distributori,2025-09-23
ORD-08783,CL-241,distributori,2025-09-23
ORD-08784,CL-242,distributori,2025-09-23
ORD-08785,CL-244,distributori,2025-09-23
ORD-08786,CL-245,distributori,2025-09-23
ORD-08787,CL-245,distributori,2025-09-23
ORD-08788,CL-246,distributori,2025-09-23
ORD-08789,CL-252,distributori,2025-09-23
ORD-08790,CL-252,distributori,2025-09-23
ORD-08791,CL-252,distributori,2025-09-23
ORD-08792,CL-252,distributori,2025-09-23
ORD-08793,CL-257,distributori,2025-09-23
ORD-08794,CL-002,diretto,2025-09-24
ORD-08795,CL-009,diretto,2025-09-24
ORD-08796,CL-013,diretto,2025-09-24
ORD-08797,CL-014,diretto,2025-09-24
ORD-08798,CL-014,diretto,2025-09-24
ORD-08799,CL-016,diretto,2025-09-24
ORD-08800,CL-018,diretto,2025-09-24
ORD-08801,CL-020,diretto,2025-09-24
ORD-08802,CL-023,diretto,2025-09-24
ORD-08803,CL-023,diretto,2025-09-24
ORD-08804,CL-026,diretto,2025-09-24
ORD-08805,CL-028,diretto,2025-09-24
ORD-08806,CL-040,diretto,2025-09-24
ORD-08807,CL-067,diretto,2025-09-24
ORD-08808,CL-068,diretto,2025-09-24
ORD-08809,CL-087,diretto,2025-09-24
ORD-08810,CL-091,diretto,2025-09-24
ORD-08811,CL-133,diretto,2025-09-24
ORD-08812,CL-143,diretto,2025-09-24
ORD-08813,CL-168,diretto,2025-09-24
ORD-08814,CL-193,diretto,2025-09-24
ORD-08815,CL-209,diretto,2025-09-24
ORD-08816,CL-214,diretto,2025-09-24
ORD-08817,CL-219,distributori,2025-09-24
ORD-08818,CL-219,distributori,2025-09-24
ORD-08819,CL-220,distributori,2025-09-24
ORD-08820,CL-222,distributori,2025-09-24
ORD-08821,CL-222,distributori,2025-09-24
ORD-08822,CL-232,distributori,2025-09-24
ORD-08823,CL-235,distributori,2025-09-24
ORD-08824,CL-238,distributori,2025-09-24
ORD-08825,CL-238,distributori,2025-09-24
ORD-08826,CL-238,distributori,2025-09-24
ORD-08827,CL-244,distributori,2025-09-24
ORD-08828,CL-244,distributori,2025-09-24
ORD-08829,CL-244,distributori,2025-09-24
ORD-08830,CL-244,distributori,2025-09-24
ORD-08831,CL-245,distributori,2025-09-24
ORD-08832,CL-246,distributori,2025-09-24
ORD-08833,CL-248,distributori,2025-09-24
ORD-08834,CL-249,distributori,2025-09-24
ORD-08835,CL-250,distributori,2025-09-24
ORD-08836,CL-251,distributori,2025-09-24
ORD-08837,CL-252,distributori,2025-09-24
ORD-08838,CL-254,distributori,2025-09-24
ORD-08839,CL-255,distributori,2025-09-24
ORD-08840,CL-006,diretto,2025-09-25
ORD-08841,CL-007,diretto,2025-09-25
ORD-08842,CL-020,diretto,2025-09-25
ORD-08843,CL-029,diretto,2025-09-25
ORD-08844,CL-032,diretto,2025-09-25
ORD-08845,CL-034,diretto,2025-09-25
ORD-08846,CL-043,diretto,2025-09-25
ORD-08847,CL-047,diretto,2025-09-25
ORD-08848,CL-077,diretto,2025-09-25
ORD-08849,CL-099,diretto,2025-09-25
ORD-08850,CL-111,diretto,2025-09-25
ORD-08851,CL-140,diretto,2025-09-25
ORD-08852,CL-183,diretto,2025-09-25
ORD-08853,CL-216,diretto,2025-09-25
ORD-08854,CL-224,distributori,2025-09-25
ORD-08855,CL-224,distributori,2025-09-25
ORD-08856,CL-226,distributori,2025-09-25
ORD-08857,CL-229,distributori,2025-09-25
ORD-08858,CL-230,distributori,2025-09-25
ORD-08859,CL-231,distributori,2025-09-25
ORD-08860,CL-235,distributori,2025-09-25
ORD-08861,CL-238,distributori,2025-09-25
ORD-08862,CL-238,distributori,2025-09-25
ORD-08863,CL-242,distributori,2025-09-25
ORD-08864,CL-243,distributori,2025-09-25
ORD-08865,CL-243,distributori,2025-09-25
ORD-08866,CL-243,distributori,2025-09-25
ORD-08867,CL-245,distributori,2025-09-25
ORD-08868,CL-245,distributori,2025-09-25
ORD-08869,CL-246,distributori,2025-09-25
ORD-08870,CL-246,distributori,2025-09-25
ORD-08871,CL-247,distributori,2025-09-25
ORD-08872,CL-250,distributori,2025-09-25
ORD-08873,CL-251,distributori,2025-09-25
ORD-08874,CL-252,distributori,2025-09-25
ORD-08875,CL-252,distributori,2025-09-25
ORD-08876,CL-252,distributori,2025-09-25
ORD-08877,CL-254,distributori,2025-09-25
ORD-08878,CL-008,diretto,2025-09-26
ORD-08879,CL-008,diretto,2025-09-26
ORD-08880,CL-008,diretto,2025-09-26
ORD-08881,CL-009,diretto,2025-09-26
ORD-08882,CL-014,diretto,2025-09-26
ORD-08883,CL-014,diretto,2025-09-26
ORD-08884,CL-014,diretto,2025-09-26
ORD-08885,CL-018,diretto,2025-09-26
ORD-08886,CL-019,diretto,2025-09-26
ORD-08887,CL-020,diretto,2025-09-26
ORD-08888,CL-026,diretto,2025-09-26
ORD-08889,CL-026,diretto,2025-09-26
ORD-08890,CL-027,diretto,2025-09-26
ORD-08891,CL-027,diretto,2025-09-26
ORD-08892,CL-044,diretto,2025-09-26
ORD-08893,CL-055,diretto,2025-09-26
ORD-08894,CL-064,diretto,2025-09-26
ORD-08895,CL-077,diretto,2025-09-26
ORD-08896,CL-084,diretto,2025-09-26
ORD-08897,CL-089,diretto,2025-09-26
ORD-08898,CL-098,diretto,2025-09-26
ORD-08899,CL-103,diretto,2025-09-26
ORD-08900,CL-131,diretto,2025-09-26
ORD-08901,CL-156,diretto,2025-09-26
ORD-08902,CL-156,diretto,2025-09-26
ORD-08903,CL-162,diretto,2025-09-26
ORD-08904,CL-170,diretto,2025-09-26
ORD-08905,CL-202,diretto,2025-09-26
ORD-08906,CL-203,diretto,2025-09-26
ORD-08907,CL-211,diretto,2025-09-26
ORD-08908,CL-219,distributori,2025-09-26
ORD-08909,CL-219,distributori,2025-09-26
ORD-08910,CL-222,distributori,2025-09-26
ORD-08911,CL-225,distributori,2025-09-26
ORD-08912,CL-228,distributori,2025-09-26
ORD-08913,CL-230,distributori,2025-09-26
ORD-08914,CL-230,distributori,2025-09-26
ORD-08915,CL-232,distributori,2025-09-26
ORD-08916,CL-234,distributori,2025-09-26
ORD-08917,CL-234,distributori,2025-09-26
ORD-08918,CL-239,distributori,2025-09-26
ORD-08919,CL-242,distributori,2025-09-26
ORD-08920,CL-243,distributori,2025-09-26
ORD-08921,CL-243,distributori,2025-09-26
ORD-08922,CL-245,distributori,2025-09-26
ORD-08923,CL-247,distributori,2025-09-26
ORD-08924,CL-248,distributori,2025-09-26
ORD-08925,CL-249,distributori,2025-09-26
ORD-08926,CL-249,distributori,2025-09-26
ORD-08927,CL-252,distributori,2025-09-26
ORD-08928,CL-253,distributori,2025-09-26
ORD-08929,CL-253,distributori,2025-09-26
ORD-08930,CL-002,diretto,2025-09-29
ORD-08931,CL-012,diretto,2025-09-29
ORD-08932,CL-014,diretto,2025-09-29
ORD-08933,CL-014,diretto,2025-09-29
ORD-08934,CL-014,diretto,2025-09-29
ORD-08935,CL-015,diretto,2025-09-29
ORD-08936,CL-027,diretto,2025-09-29
ORD-08937,CL-027,diretto,2025-09-29
ORD-08938,CL-042,diretto,2025-09-29
ORD-08939,CL-062,diretto,2025-09-29
ORD-08940,CL-099,diretto,2025-09-29
ORD-08941,CL-108,diretto,2025-09-29
ORD-08942,CL-109,diretto,2025-09-29
ORD-08943,CL-110,diretto,2025-09-29
ORD-08944,CL-124,diretto,2025-09-29
ORD-08945,CL-184,diretto,2025-09-29
ORD-08946,CL-201,diretto,2025-09-29
ORD-08947,CL-212,diretto,2025-09-29
ORD-08948,CL-216,diretto,2025-09-29
ORD-08949,CL-219,distributori,2025-09-29
ORD-08950,CL-222,distributori,2025-09-29
ORD-08951,CL-223,distributori,2025-09-29
ORD-08952,CL-224,distributori,2025-09-29
ORD-08953,CL-226,distributori,2025-09-29
ORD-08954,CL-230,distributori,2025-09-29
ORD-08955,CL-232,distributori,2025-09-29
ORD-08956,CL-235,distributori,2025-09-29
ORD-08957,CL-236,distributori,2025-09-29
ORD-08958,CL-238,distributori,2025-09-29
ORD-08959,CL-241,distributori,2025-09-29
ORD-08960,CL-242,distributori,2025-09-29
ORD-08961,CL-243,distributori,2025-09-29
ORD-08962,CL-243,distributori,2025-09-29
ORD-08963,CL-243,distributori,2025-09-29
ORD-08964,CL-246,distributori,2025-09-29
ORD-08965,CL-246,distributori,2025-09-29
ORD-08966,CL-250,distributori,2025-09-29
ORD-08967,CL-250,distributori,2025-09-29
ORD-08968,CL-251,distributori,2025-09-29
ORD-08969,CL-252,distributori,2025-09-29
ORD-08970,CL-253,distributori,2025-09-29
ORD-08971,CL-258,distributori,2025-09-29
ORD-08972,CL-258,distributori,2025-09-29
ORD-08973,CL-258,distributori,2025-09-29
ORD-08974,CL-004,diretto,2025-09-30
ORD-08975,CL-008,diretto,2025-09-30
ORD-08976,CL-009,diretto,2025-09-30
ORD-08977,CL-014,diretto,2025-09-30
ORD-08978,CL-014,diretto,2025-09-30
ORD-08979,CL-014,diretto,2025-09-30
ORD-08980,CL-014,diretto,2025-09-30
ORD-08981,CL-018,diretto,2025-09-30
ORD-08982,CL-018,diretto,2025-09-30
ORD-08983,CL-020,diretto,2025-09-30
ORD-08984,CL-023,diretto,2025-09-30
ORD-08985,CL-027,diretto,2025-09-30
ORD-08986,CL-027,diretto,2025-09-30
ORD-08987,CL-041,diretto,2025-09-30
ORD-08988,CL-061,diretto,2025-09-30
ORD-08989,CL-077,diretto,2025-09-30
ORD-08990,CL-091,diretto,2025-09-30
ORD-08991,CL-103,diretto,2025-09-30
ORD-08992,CL-123,diretto,2025-09-30
ORD-08993,CL-134,diretto,2025-09-30
ORD-08994,CL-161,diretto,2025-09-30
ORD-08995,CL-165,diretto,2025-09-30
ORD-08996,CL-182,diretto,2025-09-30
ORD-08997,CL-183,diretto,2025-09-30
ORD-08998,CL-187,diretto,2025-09-30
ORD-08999,CL-199,diretto,2025-09-30
ORD-09000,CL-209,diretto,2025-09-30
ORD-09001,CL-224,distributori,2025-09-30
ORD-09002,CL-224,distributori,2025-09-30
ORD-09003,CL-225,distributori,2025-09-30
ORD-09004,CL-230,distributori,2025-09-30
ORD-09005,CL-232,distributori,2025-09-30
ORD-09006,CL-233,distributori,2025-09-30
ORD-09007,CL-233,distributori,2025-09-30
ORD-09008,CL-237,distributori,2025-09-30
ORD-09009,CL-239,distributori,2025-09-30
ORD-09010,CL-240,distributori,2025-09-30
ORD-09011,CL-243,distributori,2025-09-30
ORD-09012,CL-244,distributori,2025-09-30
ORD-09013,CL-245,distributori,2025-09-30
ORD-09014,CL-246,distributori,2025-09-30
ORD-09015,CL-246,distributori,2025-09-30
ORD-09016,CL-249,distributori,2025-09-30
ORD-09017,CL-251,distributori,2025-09-30
ORD-09018,CL-252,distributori,2025-09-30
ORD-09019,CL-252,distributori,2025-09-30
ORD-09020,CL-252,distributori,2025-09-30
ORD-09021,CL-253,distributori,2025-09-30
ORD-09022,CL-258,distributori,2025-09-30
ORD-09023,CL-003,diretto,2025-10-01
ORD-09024,CL-007,diretto,2025-10-01
ORD-09025,CL-008,diretto,2025-10-01
ORD-09026,CL-011,diretto,2025-10-01
ORD-09027,CL-014,diretto,2025-10-01
ORD-09028,CL-014,diretto,2025-10-01
ORD-09029,CL-015,diretto,2025-10-01
ORD-09030,CL-026,diretto,2025-10-01
ORD-09031,CL-026,diretto,2025-10-01
ORD-09032,CL-030,diretto,2025-10-01
ORD-09033,CL-031,diretto,2025-10-01
ORD-09034,CL-034,diretto,2025-10-01
ORD-09035,CL-061,diretto,2025-10-01
ORD-09036,CL-082,diretto,2025-10-01
ORD-09037,CL-098,diretto,2025-10-01
ORD-09038,CL-107,diretto,2025-10-01
ORD-09039,CL-120,diretto,2025-10-01
ORD-09040,CL-141,diretto,2025-10-01
ORD-09041,CL-162,diretto,2025-10-01
ORD-09042,CL-167,diretto,2025-10-01
ORD-09043,CL-171,diretto,2025-10-01
ORD-09044,CL-184,diretto,2025-10-01
ORD-09045,CL-191,diretto,2025-10-01
ORD-09046,CL-205,diretto,2025-10-01
ORD-09047,CL-221,distributori,2025-10-01
ORD-09048,CL-223,distributori,2025-10-01
ORD-09049,CL-224,distributori,2025-10-01
ORD-09050,CL-226,distributori,2025-10-01
ORD-09051,CL-226,distributori,2025-10-01
ORD-09052,CL-226,distributori,2025-10-01
ORD-09053,CL-229,distributori,2025-10-01
ORD-09054,CL-232,distributori,2025-10-01
ORD-09055,CL-236,distributori,2025-10-01
ORD-09056,CL-237,distributori,2025-10-01
ORD-09057,CL-237,distributori,2025-10-01
ORD-09058,CL-238,distributori,2025-10-01
ORD-09059,CL-240,distributori,2025-10-01
ORD-09060,CL-240,distributori,2025-10-01
ORD-09061,CL-243,distributori,2025-10-01
ORD-09062,CL-249,distributori,2025-10-01
ORD-09063,CL-250,distributori,2025-10-01
ORD-09064,CL-252,distributori,2025-10-01
ORD-09065,CL-252,distributori,2025-10-01
ORD-09066,CL-002,diretto,2025-10-02
ORD-09067,CL-002,diretto,2025-10-02
ORD-09068,CL-002,diretto,2025-10-02
ORD-09069,CL-008,diretto,2025-10-02
ORD-09070,CL-010,diretto,2025-10-02
ORD-09071,CL-012,diretto,2025-10-02
ORD-09072,CL-014,diretto,2025-10-02
ORD-09073,CL-014,diretto,2025-10-02
ORD-09074,CL-014,diretto,2025-10-02
ORD-09075,CL-020,diretto,2025-10-02
ORD-09076,CL-021,diretto,2025-10-02
ORD-09077,CL-028,diretto,2025-10-02
ORD-09078,CL-031,diretto,2025-10-02
ORD-09079,CL-031,diretto,2025-10-02
ORD-09080,CL-033,diretto,2025-10-02
ORD-09081,CL-047,diretto,2025-10-02
ORD-09082,CL-050,diretto,2025-10-02
ORD-09083,CL-069,diretto,2025-10-02
ORD-09084,CL-077,diretto,2025-10-02
ORD-09085,CL-092,diretto,2025-10-02
ORD-09086,CL-093,diretto,2025-10-02
ORD-09087,CL-137,diretto,2025-10-02
ORD-09088,CL-181,diretto,2025-10-02
ORD-09089,CL-193,diretto,2025-10-02
ORD-09090,CL-207,diretto,2025-10-02
ORD-09091,CL-219,distributori,2025-10-02
ORD-09092,CL-219,distributori,2025-10-02
ORD-09093,CL-221,distributori,2025-10-02
ORD-09094,CL-223,distributori,2025-10-02
ORD-09095,CL-229,distributori,2025-10-02
ORD-09096,CL-229,distributori,2025-10-02
ORD-09097,CL-230,distributori,2025-10-02
ORD-09098,CL-230,distributori,2025-10-02
ORD-09099,CL-230,distributori,2025-10-02
ORD-09100,CL-232,distributori,2025-10-02
ORD-09101,CL-234,distributori,2025-10-02
ORD-09102,CL-237,distributori,2025-10-02
ORD-09103,CL-239,distributori,2025-10-02
ORD-09104,CL-246,distributori,2025-10-02
ORD-09105,CL-246,distributori,2025-10-02
ORD-09106,CL-247,distributori,2025-10-02
ORD-09107,CL-248,distributori,2025-10-02
ORD-09108,CL-249,distributori,2025-10-02
ORD-09109,CL-251,distributori,2025-10-02
ORD-09110,CL-252,distributori,2025-10-02
ORD-09111,CL-252,distributori,2025-10-02
ORD-09112,CL-253,distributori,2025-10-02
ORD-09113,CL-255,distributori,2025-10-02
ORD-09114,CL-255,distributori,2025-10-02
ORD-09115,CL-258,distributori,2025-10-02
ORD-09116,CL-003,diretto,2025-10-03
ORD-09117,CL-003,diretto,2025-10-03
ORD-09118,CL-007,diretto,2025-10-03
ORD-09119,CL-008,diretto,2025-10-03
ORD-09120,CL-008,diretto,2025-10-03
ORD-09121,CL-009,diretto,2025-10-03
ORD-09122,CL-014,diretto,2025-10-03
ORD-09123,CL-023,diretto,2025-10-03
ORD-09124,CL-024,diretto,2025-10-03
ORD-09125,CL-028,diretto,2025-10-03
ORD-09126,CL-031,diretto,2025-10-03
ORD-09127,CL-032,diretto,2025-10-03
ORD-09128,CL-068,diretto,2025-10-03
ORD-09129,CL-070,diretto,2025-10-03
ORD-09130,CL-071,diretto,2025-10-03
ORD-09131,CL-076,diretto,2025-10-03
ORD-09132,CL-080,diretto,2025-10-03
ORD-09133,CL-087,diretto,2025-10-03
ORD-09134,CL-095,diretto,2025-10-03
ORD-09135,CL-146,diretto,2025-10-03
ORD-09136,CL-180,diretto,2025-10-03
ORD-09137,CL-198,diretto,2025-10-03
ORD-09138,CL-213,diretto,2025-10-03
ORD-09139,CL-220,distributori,2025-10-03
ORD-09140,CL-220,distributori,2025-10-03
ORD-09141,CL-223,distributori,2025-10-03
ORD-09142,CL-224,distributori,2025-10-03
ORD-09143,CL-224,distributori,2025-10-03
ORD-09144,CL-225,distributori,2025-10-03
ORD-09145,CL-226,distributori,2025-10-03
ORD-09146,CL-226,distributori,2025-10-03
ORD-09147,CL-226,distributori,2025-10-03
ORD-09148,CL-227,distributori,2025-10-03
ORD-09149,CL-229,distributori,2025-10-03
ORD-09150,CL-229,distributori,2025-10-03
ORD-09151,CL-232,distributori,2025-10-03
ORD-09152,CL-233,distributori,2025-10-03
ORD-09153,CL-233,distributori,2025-10-03
ORD-09154,CL-237,distributori,2025-10-03
ORD-09155,CL-238,distributori,2025-10-03
ORD-09156,CL-240,distributori,2025-10-03
ORD-09157,CL-242,distributori,2025-10-03
ORD-09158,CL-243,distributori,2025-10-03
ORD-09159,CL-243,distributori,2025-10-03
ORD-09160,CL-244,distributori,2025-10-03
ORD-09161,CL-246,distributori,2025-10-03
ORD-09162,CL-249,distributori,2025-10-03
ORD-09163,CL-253,distributori,2025-10-03
ORD-09164,CL-258,distributori,2025-10-03
ORD-09165,CL-258,distributori,2025-10-03
ORD-09166,CL-005,diretto,2025-10-06
ORD-09167,CL-007,diretto,2025-10-06
ORD-09168,CL-013,diretto,2025-10-06
ORD-09169,CL-014,diretto,2025-10-06
ORD-09170,CL-014,diretto,2025-10-06
ORD-09171,CL-014,diretto,2025-10-06
ORD-09172,CL-016,diretto,2025-10-06
ORD-09173,CL-020,diretto,2025-10-06
ORD-09174,CL-021,diretto,2025-10-06
ORD-09175,CL-027,diretto,2025-10-06
ORD-09176,CL-029,diretto,2025-10-06
ORD-09177,CL-029,diretto,2025-10-06
ORD-09178,CL-031,diretto,2025-10-06
ORD-09179,CL-038,diretto,2025-10-06
ORD-09180,CL-091,diretto,2025-10-06
ORD-09181,CL-109,diretto,2025-10-06
ORD-09182,CL-134,diretto,2025-10-06
ORD-09183,CL-137,diretto,2025-10-06
ORD-09184,CL-147,diretto,2025-10-06
ORD-09185,CL-150,diretto,2025-10-06
ORD-09186,CL-161,diretto,2025-10-06
ORD-09187,CL-191,diretto,2025-10-06
ORD-09188,CL-200,diretto,2025-10-06
ORD-09189,CL-202,diretto,2025-10-06
ORD-09190,CL-220,distributori,2025-10-06
ORD-09191,CL-220,distributori,2025-10-06
ORD-09192,CL-221,distributori,2025-10-06
ORD-09193,CL-226,distributori,2025-10-06
ORD-09194,CL-228,distributori,2025-10-06
ORD-09195,CL-229,distributori,2025-10-06
ORD-09196,CL-232,distributori,2025-10-06
ORD-09197,CL-236,distributori,2025-10-06
ORD-09198,CL-236,distributori,2025-10-06
ORD-09199,CL-237,distributori,2025-10-06
ORD-09200,CL-238,distributori,2025-10-06
ORD-09201,CL-242,distributori,2025-10-06
ORD-09202,CL-246,distributori,2025-10-06
ORD-09203,CL-246,distributori,2025-10-06
ORD-09204,CL-250,distributori,2025-10-06
ORD-09205,CL-251,distributori,2025-10-06
ORD-09206,CL-252,distributori,2025-10-06
ORD-09207,CL-252,distributori,2025-10-06
ORD-09208,CL-252,distributori,2025-10-06
ORD-09209,CL-255,distributori,2025-10-06
ORD-09210,CL-255,distributori,2025-10-06
ORD-09211,CL-255,distributori,2025-10-06
ORD-09212,CL-257,distributori,2025-10-06
ORD-09213,CL-257,distributori,2025-10-06
ORD-09214,CL-002,diretto,2025-10-07
ORD-09215,CL-004,diretto,2025-10-07
ORD-09216,CL-014,diretto,2025-10-07
ORD-09217,CL-014,diretto,2025-10-07
ORD-09218,CL-014,diretto,2025-10-07
ORD-09219,CL-016,diretto,2025-10-07
ORD-09220,CL-020,diretto,2025-10-07
ORD-09221,CL-020,diretto,2025-10-07
ORD-09222,CL-022,diretto,2025-10-07
ORD-09223,CL-022,diretto,2025-10-07
ORD-09224,CL-027,diretto,2025-10-07
ORD-09225,CL-027,diretto,2025-10-07
ORD-09226,CL-028,diretto,2025-10-07
ORD-09227,CL-055,diretto,2025-10-07
ORD-09228,CL-088,diretto,2025-10-07
ORD-09229,CL-104,diretto,2025-10-07
ORD-09230,CL-117,diretto,2025-10-07
ORD-09231,CL-123,diretto,2025-10-07
ORD-09232,CL-125,diretto,2025-10-07
ORD-09233,CL-127,diretto,2025-10-07
ORD-09234,CL-142,diretto,2025-10-07
ORD-09235,CL-157,diretto,2025-10-07
ORD-09236,CL-206,diretto,2025-10-07
ORD-09237,CL-221,distributori,2025-10-07
ORD-09238,CL-221,distributori,2025-10-07
ORD-09239,CL-223,distributori,2025-10-07
ORD-09240,CL-228,distributori,2025-10-07
ORD-09241,CL-228,distributori,2025-10-07
ORD-09242,CL-230,distributori,2025-10-07
ORD-09243,CL-231,distributori,2025-10-07
ORD-09244,CL-233,distributori,2025-10-07
ORD-09245,CL-233,distributori,2025-10-07
ORD-09246,CL-233,distributori,2025-10-07
ORD-09247,CL-236,distributori,2025-10-07
ORD-09248,CL-239,distributori,2025-10-07
ORD-09249,CL-242,distributori,2025-10-07
ORD-09250,CL-246,distributori,2025-10-07
ORD-09251,CL-246,distributori,2025-10-07
ORD-09252,CL-246,distributori,2025-10-07
ORD-09253,CL-247,distributori,2025-10-07
ORD-09254,CL-251,distributori,2025-10-07
ORD-09255,CL-252,distributori,2025-10-07
ORD-09256,CL-252,distributori,2025-10-07
ORD-09257,CL-002,diretto,2025-10-08
ORD-09258,CL-003,diretto,2025-10-08
ORD-09259,CL-006,diretto,2025-10-08
ORD-09260,CL-007,diretto,2025-10-08
ORD-09261,CL-009,diretto,2025-10-08
ORD-09262,CL-012,diretto,2025-10-08
ORD-09263,CL-013,diretto,2025-10-08
ORD-09264,CL-014,diretto,2025-10-08
ORD-09265,CL-014,diretto,2025-10-08
ORD-09266,CL-014,diretto,2025-10-08
ORD-09267,CL-014,diretto,2025-10-08
ORD-09268,CL-014,diretto,2025-10-08
ORD-09269,CL-023,diretto,2025-10-08
ORD-09270,CL-026,diretto,2025-10-08
ORD-09271,CL-032,diretto,2025-10-08
ORD-09272,CL-034,diretto,2025-10-08
ORD-09273,CL-041,diretto,2025-10-08
ORD-09274,CL-056,diretto,2025-10-08
ORD-09275,CL-103,diretto,2025-10-08
ORD-09276,CL-106,diretto,2025-10-08
ORD-09277,CL-164,diretto,2025-10-08
ORD-09278,CL-191,diretto,2025-10-08
ORD-09279,CL-198,diretto,2025-10-08
ORD-09280,CL-215,diretto,2025-10-08
ORD-09281,CL-224,distributori,2025-10-08
ORD-09282,CL-224,distributori,2025-10-08
ORD-09283,CL-225,distributori,2025-10-08
ORD-09284,CL-225,distributori,2025-10-08
ORD-09285,CL-229,distributori,2025-10-08
ORD-09286,CL-230,distributori,2025-10-08
ORD-09287,CL-230,distributori,2025-10-08
ORD-09288,CL-230,distributori,2025-10-08
ORD-09289,CL-230,distributori,2025-10-08
ORD-09290,CL-231,distributori,2025-10-08
ORD-09291,CL-233,distributori,2025-10-08
ORD-09292,CL-240,distributori,2025-10-08
ORD-09293,CL-243,distributori,2025-10-08
ORD-09294,CL-243,distributori,2025-10-08
ORD-09295,CL-243,distributori,2025-10-08
ORD-09296,CL-250,distributori,2025-10-08
ORD-09297,CL-252,distributori,2025-10-08
ORD-09298,CL-252,distributori,2025-10-08
ORD-09299,CL-252,distributori,2025-10-08
ORD-09300,CL-252,distributori,2025-10-08
ORD-09301,CL-255,distributori,2025-10-08
ORD-09302,CL-002,diretto,2025-10-09
ORD-09303,CL-014,diretto,2025-10-09
ORD-09304,CL-018,diretto,2025-10-09
ORD-09305,CL-024,diretto,2025-10-09
ORD-09306,CL-030,diretto,2025-10-09
ORD-09307,CL-031,diretto,2025-10-09
ORD-09308,CL-033,diretto,2025-10-09
ORD-09309,CL-040,diretto,2025-10-09
ORD-09310,CL-046,diretto,2025-10-09
ORD-09311,CL-050,diretto,2025-10-09
ORD-09312,CL-084,diretto,2025-10-09
ORD-09313,CL-091,diretto,2025-10-09
ORD-09314,CL-106,diretto,2025-10-09
ORD-09315,CL-116,diretto,2025-10-09
ORD-09316,CL-116,diretto,2025-10-09
ORD-09317,CL-125,diretto,2025-10-09
ORD-09318,CL-133,diretto,2025-10-09
ORD-09319,CL-142,diretto,2025-10-09
ORD-09320,CL-146,diretto,2025-10-09
ORD-09321,CL-159,diretto,2025-10-09
ORD-09322,CL-174,diretto,2025-10-09
ORD-09323,CL-184,diretto,2025-10-09
ORD-09324,CL-204,diretto,2025-10-09
ORD-09325,CL-219,distributori,2025-10-09
ORD-09326,CL-219,distributori,2025-10-09
ORD-09327,CL-219,distributori,2025-10-09
ORD-09328,CL-223,distributori,2025-10-09
ORD-09329,CL-224,distributori,2025-10-09
ORD-09330,CL-226,distributori,2025-10-09
ORD-09331,CL-226,distributori,2025-10-09
ORD-09332,CL-233,distributori,2025-10-09
ORD-09333,CL-233,distributori,2025-10-09
ORD-09334,CL-235,distributori,2025-10-09
ORD-09335,CL-237,distributori,2025-10-09
ORD-09336,CL-239,distributori,2025-10-09
ORD-09337,CL-241,distributori,2025-10-09
ORD-09338,CL-242,distributori,2025-10-09
ORD-09339,CL-246,distributori,2025-10-09
ORD-09340,CL-246,distributori,2025-10-09
ORD-09341,CL-249,distributori,2025-10-09
ORD-09342,CL-253,distributori,2025-10-09
ORD-09343,CL-257,distributori,2025-10-09
ORD-09344,CL-005,diretto,2025-10-10
ORD-09345,CL-008,diretto,2025-10-10
ORD-09346,CL-009,diretto,2025-10-10
ORD-09347,CL-014,diretto,2025-10-10
ORD-09348,CL-014,diretto,2025-10-10
ORD-09349,CL-014,diretto,2025-10-10
ORD-09350,CL-015,diretto,2025-10-10
ORD-09351,CL-019,diretto,2025-10-10
ORD-09352,CL-027,diretto,2025-10-10
ORD-09353,CL-028,diretto,2025-10-10
ORD-09354,CL-028,diretto,2025-10-10
ORD-09355,CL-030,diretto,2025-10-10
ORD-09356,CL-034,diretto,2025-10-10
ORD-09357,CL-060,diretto,2025-10-10
ORD-09358,CL-081,diretto,2025-10-10
ORD-09359,CL-105,diretto,2025-10-10
ORD-09360,CL-117,diretto,2025-10-10
ORD-09361,CL-164,diretto,2025-10-10
ORD-09362,CL-177,diretto,2025-10-10
ORD-09363,CL-181,diretto,2025-10-10
ORD-09364,CL-193,diretto,2025-10-10
ORD-09365,CL-202,diretto,2025-10-10
ORD-09366,CL-220,distributori,2025-10-10
ORD-09367,CL-223,distributori,2025-10-10
ORD-09368,CL-224,distributori,2025-10-10
ORD-09369,CL-228,distributori,2025-10-10
ORD-09370,CL-230,distributori,2025-10-10
ORD-09371,CL-230,distributori,2025-10-10
ORD-09372,CL-233,distributori,2025-10-10
ORD-09373,CL-238,distributori,2025-10-10
ORD-09374,CL-241,distributori,2025-10-10
ORD-09375,CL-242,distributori,2025-10-10
ORD-09376,CL-242,distributori,2025-10-10
ORD-09377,CL-243,distributori,2025-10-10
ORD-09378,CL-245,distributori,2025-10-10
ORD-09379,CL-246,distributori,2025-10-10
ORD-09380,CL-247,distributori,2025-10-10
ORD-09381,CL-251,distributori,2025-10-10
ORD-09382,CL-251,distributori,2025-10-10
ORD-09383,CL-252,distributori,2025-10-10
ORD-09384,CL-252,distributori,2025-10-10
ORD-09385,CL-253,distributori,2025-10-10
ORD-09386,CL-255,distributori,2025-10-10
ORD-09387,CL-258,distributori,2025-10-10
ORD-09388,CL-002,diretto,2025-10-13
ORD-09389,CL-008,diretto,2025-10-13
ORD-09390,CL-008,diretto,2025-10-13
ORD-09391,CL-014,diretto,2025-10-13
ORD-09392,CL-018,diretto,2025-10-13
ORD-09393,CL-020,diretto,2025-10-13
ORD-09394,CL-020,diretto,2025-10-13
ORD-09395,CL-026,diretto,2025-10-13
ORD-09396,CL-026,diretto,2025-10-13
ORD-09397,CL-027,diretto,2025-10-13
ORD-09398,CL-029,diretto,2025-10-13
ORD-09399,CL-032,diretto,2025-10-13
ORD-09400,CL-058,diretto,2025-10-13
ORD-09401,CL-073,diretto,2025-10-13
ORD-09402,CL-074,diretto,2025-10-13
ORD-09403,CL-152,diretto,2025-10-13
ORD-09404,CL-158,diretto,2025-10-13
ORD-09405,CL-159,diretto,2025-10-13
ORD-09406,CL-161,diretto,2025-10-13
ORD-09407,CL-166,diretto,2025-10-13
ORD-09408,CL-170,diretto,2025-10-13
ORD-09409,CL-194,diretto,2025-10-13
ORD-09410,CL-200,diretto,2025-10-13
ORD-09411,CL-209,diretto,2025-10-13
ORD-09412,CL-220,distributori,2025-10-13
ORD-09413,CL-221,distributori,2025-10-13
ORD-09414,CL-223,distributori,2025-10-13
ORD-09415,CL-224,distributori,2025-10-13
ORD-09416,CL-224,distributori,2025-10-13
ORD-09417,CL-226,distributori,2025-10-13
ORD-09418,CL-228,distributori,2025-10-13
ORD-09419,CL-229,distributori,2025-10-13
ORD-09420,CL-229,distributori,2025-10-13
ORD-09421,CL-230,distributori,2025-10-13
ORD-09422,CL-230,distributori,2025-10-13
ORD-09423,CL-236,distributori,2025-10-13
ORD-09424,CL-237,distributori,2025-10-13
ORD-09425,CL-237,distributori,2025-10-13
ORD-09426,CL-237,distributori,2025-10-13
ORD-09427,CL-242,distributori,2025-10-13
ORD-09428,CL-243,distributori,2025-10-13
ORD-09429,CL-243,distributori,2025-10-13
ORD-09430,CL-245,distributori,2025-10-13
ORD-09431,CL-248,distributori,2025-10-13
ORD-09432,CL-249,distributori,2025-10-13
ORD-09433,CL-250,distributori,2025-10-13
ORD-09434,CL-256,distributori,2025-10-13
ORD-09435,CL-258,distributori,2025-10-13
ORD-09436,CL-014,diretto,2025-10-14
ORD-09437,CL-014,diretto,2025-10-14
ORD-09438,CL-020,diretto,2025-10-14
ORD-09439,CL-023,diretto,2025-10-14
ORD-09440,CL-027,diretto,2025-10-14
ORD-09441,CL-049,diretto,2025-10-14
ORD-09442,CL-054,diretto,2025-10-14
ORD-09443,CL-065,diretto,2025-10-14
ORD-09444,CL-070,diretto,2025-10-14
ORD-09445,CL-113,diretto,2025-10-14
ORD-09446,CL-141,diretto,2025-10-14
ORD-09447,CL-157,diretto,2025-10-14
ORD-09448,CL-165,diretto,2025-10-14
ORD-09449,CL-176,diretto,2025-10-14
ORD-09450,CL-187,diretto,2025-10-14
ORD-09451,CL-200,diretto,2025-10-14
ORD-09452,CL-209,diretto,2025-10-14
ORD-09453,CL-209,diretto,2025-10-14
ORD-09454,CL-222,distributori,2025-10-14
ORD-09455,CL-223,distributori,2025-10-14
ORD-09456,CL-224,distributori,2025-10-14
ORD-09457,CL-225,distributori,2025-10-14
ORD-09458,CL-225,distributori,2025-10-14
ORD-09459,CL-230,distributori,2025-10-14
ORD-09460,CL-232,distributori,2025-10-14
ORD-09461,CL-233,distributori,2025-10-14
ORD-09462,CL-235,distributori,2025-10-14
ORD-09463,CL-235,distributori,2025-10-14
ORD-09464,CL-235,distributori,2025-10-14
ORD-09465,CL-235,distributori,2025-10-14
ORD-09466,CL-236,distributori,2025-10-14
ORD-09467,CL-239,distributori,2025-10-14
ORD-09468,CL-239,distributori,2025-10-14
ORD-09469,CL-242,distributori,2025-10-14
ORD-09470,CL-242,distributori,2025-10-14
ORD-09471,CL-243,distributori,2025-10-14
ORD-09472,CL-248,distributori,2025-10-14
ORD-09473,CL-249,distributori,2025-10-14
ORD-09474,CL-250,distributori,2025-10-14
ORD-09475,CL-252,distributori,2025-10-14
ORD-09476,CL-254,distributori,2025-10-14
ORD-09477,CL-008,diretto,2025-10-15
ORD-09478,CL-009,diretto,2025-10-15
ORD-09479,CL-009,diretto,2025-10-15
ORD-09480,CL-014,diretto,2025-10-15
ORD-09481,CL-014,diretto,2025-10-15
ORD-09482,CL-014,diretto,2025-10-15
ORD-09483,CL-014,diretto,2025-10-15
ORD-09484,CL-018,diretto,2025-10-15
ORD-09485,CL-018,diretto,2025-10-15
ORD-09486,CL-020,diretto,2025-10-15
ORD-09487,CL-020,diretto,2025-10-15
ORD-09488,CL-025,diretto,2025-10-15
ORD-09489,CL-027,diretto,2025-10-15
ORD-09490,CL-027,diretto,2025-10-15
ORD-09491,CL-028,diretto,2025-10-15
ORD-09492,CL-029,diretto,2025-10-15
ORD-09493,CL-031,diretto,2025-10-15
ORD-09494,CL-041,diretto,2025-10-15
ORD-09495,CL-044,diretto,2025-10-15
ORD-09496,CL-044,diretto,2025-10-15
ORD-09497,CL-046,diretto,2025-10-15
ORD-09498,CL-064,diretto,2025-10-15
ORD-09499,CL-107,diretto,2025-10-15
ORD-09500,CL-110,diretto,2025-10-15
ORD-09501,CL-116,diretto,2025-10-15
ORD-09502,CL-147,diretto,2025-10-15
ORD-09503,CL-164,diretto,2025-10-15
ORD-09504,CL-177,diretto,2025-10-15
ORD-09505,CL-195,diretto,2025-10-15
ORD-09506,CL-198,diretto,2025-10-15
ORD-09507,CL-203,diretto,2025-10-15
ORD-09508,CL-203,diretto,2025-10-15
ORD-09509,CL-204,diretto,2025-10-15
ORD-09510,CL-219,distributori,2025-10-15
ORD-09511,CL-219,distributori,2025-10-15
ORD-09512,CL-221,distributori,2025-10-15
ORD-09513,CL-222,distributori,2025-10-15
ORD-09514,CL-223,distributori,2025-10-15
ORD-09515,CL-223,distributori,2025-10-15
ORD-09516,CL-225,distributori,2025-10-15
ORD-09517,CL-226,distributori,2025-10-15
ORD-09518,CL-226,distributori,2025-10-15
ORD-09519,CL-231,distributori,2025-10-15
ORD-09520,CL-233,distributori,2025-10-15
ORD-09521,CL-238,distributori,2025-10-15
ORD-09522,CL-239,distributori,2025-10-15
ORD-09523,CL-242,distributori,2025-10-15
ORD-09524,CL-244,distributori,2025-10-15
ORD-09525,CL-244,distributori,2025-10-15
ORD-09526,CL-246,distributori,2025-10-15
ORD-09527,CL-246,distributori,2025-10-15
ORD-09528,CL-253,distributori,2025-10-15
ORD-09529,CL-253,distributori,2025-10-15
ORD-09530,CL-254,distributori,2025-10-15
ORD-09531,CL-255,distributori,2025-10-15
ORD-09532,CL-256,distributori,2025-10-15
ORD-09533,CL-257,distributori,2025-10-15
ORD-09534,CL-258,distributori,2025-10-15
ORD-09535,CL-006,diretto,2025-10-16
ORD-09536,CL-007,diretto,2025-10-16
ORD-09537,CL-009,diretto,2025-10-16
ORD-09538,CL-014,diretto,2025-10-16
ORD-09539,CL-014,diretto,2025-10-16
ORD-09540,CL-039,diretto,2025-10-16
ORD-09541,CL-044,diretto,2025-10-16
ORD-09542,CL-045,diretto,2025-10-16
ORD-09543,CL-050,diretto,2025-10-16
ORD-09544,CL-096,diretto,2025-10-16
ORD-09545,CL-104,diretto,2025-10-16
ORD-09546,CL-115,diretto,2025-10-16
ORD-09547,CL-150,diretto,2025-10-16
ORD-09548,CL-207,diretto,2025-10-16
ORD-09549,CL-220,distributori,2025-10-16
ORD-09550,CL-221,distributori,2025-10-16
ORD-09551,CL-223,distributori,2025-10-16
ORD-09552,CL-225,distributori,2025-10-16
ORD-09553,CL-226,distributori,2025-10-16
ORD-09554,CL-229,distributori,2025-10-16
ORD-09555,CL-229,distributori,2025-10-16
ORD-09556,CL-230,distributori,2025-10-16
ORD-09557,CL-230,distributori,2025-10-16
ORD-09558,CL-233,distributori,2025-10-16
ORD-09559,CL-235,distributori,2025-10-16
ORD-09560,CL-236,distributori,2025-10-16
ORD-09561,CL-236,distributori,2025-10-16
ORD-09562,CL-238,distributori,2025-10-16
ORD-09563,CL-238,distributori,2025-10-16
ORD-09564,CL-240,distributori,2025-10-16
ORD-09565,CL-240,distributori,2025-10-16
ORD-09566,CL-240,distributori,2025-10-16
ORD-09567,CL-242,distributori,2025-10-16
ORD-09568,CL-243,distributori,2025-10-16
ORD-09569,CL-245,distributori,2025-10-16
ORD-09570,CL-245,distributori,2025-10-16
ORD-09571,CL-249,distributori,2025-10-16
ORD-09572,CL-252,distributori,2025-10-16
ORD-09573,CL-253,distributori,2025-10-16
ORD-09574,CL-002,diretto,2025-10-17
ORD-09575,CL-004,diretto,2025-10-17
ORD-09576,CL-007,diretto,2025-10-17
ORD-09577,CL-008,diretto,2025-10-17
ORD-09578,CL-009,diretto,2025-10-17
ORD-09579,CL-014,diretto,2025-10-17
ORD-09580,CL-014,diretto,2025-10-17
ORD-09581,CL-017,diretto,2025-10-17
ORD-09582,CL-024,diretto,2025-10-17
ORD-09583,CL-027,diretto,2025-10-17
ORD-09584,CL-029,diretto,2025-10-17
ORD-09585,CL-029,diretto,2025-10-17
ORD-09586,CL-030,diretto,2025-10-17
ORD-09587,CL-037,diretto,2025-10-17
ORD-09588,CL-043,diretto,2025-10-17
ORD-09589,CL-060,diretto,2025-10-17
ORD-09590,CL-069,diretto,2025-10-17
ORD-09591,CL-069,diretto,2025-10-17
ORD-09592,CL-073,diretto,2025-10-17
ORD-09593,CL-077,diretto,2025-10-17
ORD-09594,CL-077,diretto,2025-10-17
ORD-09595,CL-081,diretto,2025-10-17
ORD-09596,CL-085,diretto,2025-10-17
ORD-09597,CL-095,diretto,2025-10-17
ORD-09598,CL-107,diretto,2025-10-17
ORD-09599,CL-107,diretto,2025-10-17
ORD-09600,CL-108,diretto,2025-10-17
ORD-09601,CL-155,diretto,2025-10-17
ORD-09602,CL-160,diretto,2025-10-17
ORD-09603,CL-192,diretto,2025-10-17
ORD-09604,CL-206,diretto,2025-10-17
ORD-09605,CL-208,diretto,2025-10-17
ORD-09606,CL-219,distributori,2025-10-17
ORD-09607,CL-224,distributori,2025-10-17
ORD-09608,CL-226,distributori,2025-10-17
ORD-09609,CL-230,distributori,2025-10-17
ORD-09610,CL-234,distributori,2025-10-17
ORD-09611,CL-238,distributori,2025-10-17
ORD-09612,CL-239,distributori,2025-10-17
ORD-09613,CL-239,distributori,2025-10-17
ORD-09614,CL-239,distributori,2025-10-17
ORD-09615,CL-241,distributori,2025-10-17
ORD-09616,CL-243,distributori,2025-10-17
ORD-09617,CL-244,distributori,2025-10-17
ORD-09618,CL-244,distributori,2025-10-17
ORD-09619,CL-248,distributori,2025-10-17
ORD-09620,CL-250,distributori,2025-10-17
ORD-09621,CL-251,distributori,2025-10-17
ORD-09622,CL-252,distributori,2025-10-17
ORD-09623,CL-252,distributori,2025-10-17
ORD-09624,CL-252,distributori,2025-10-17
ORD-09625,CL-258,distributori,2025-10-17
ORD-09626,CL-002,diretto,2025-10-20
ORD-09627,CL-002,diretto,2025-10-20
ORD-09628,CL-005,diretto,2025-10-20
ORD-09629,CL-007,diretto,2025-10-20
ORD-09630,CL-010,diretto,2025-10-20
ORD-09631,CL-010,diretto,2025-10-20
ORD-09632,CL-015,diretto,2025-10-20
ORD-09633,CL-017,diretto,2025-10-20
ORD-09634,CL-018,diretto,2025-10-20
ORD-09635,CL-026,diretto,2025-10-20
ORD-09636,CL-028,diretto,2025-10-20
ORD-09637,CL-030,diretto,2025-10-20
ORD-09638,CL-033,diretto,2025-10-20
ORD-09639,CL-033,diretto,2025-10-20
ORD-09640,CL-034,diretto,2025-10-20
ORD-09641,CL-051,diretto,2025-10-20
ORD-09642,CL-055,diretto,2025-10-20
ORD-09643,CL-068,diretto,2025-10-20
ORD-09644,CL-073,diretto,2025-10-20
ORD-09645,CL-156,diretto,2025-10-20
ORD-09646,CL-156,diretto,2025-10-20
ORD-09647,CL-164,diretto,2025-10-20
ORD-09648,CL-174,diretto,2025-10-20
ORD-09649,CL-180,diretto,2025-10-20
ORD-09650,CL-188,diretto,2025-10-20
ORD-09651,CL-203,diretto,2025-10-20
ORD-09652,CL-215,diretto,2025-10-20
ORD-09653,CL-221,distributori,2025-10-20
ORD-09654,CL-224,distributori,2025-10-20
ORD-09655,CL-228,distributori,2025-10-20
ORD-09656,CL-229,distributori,2025-10-20
ORD-09657,CL-229,distributori,2025-10-20
ORD-09658,CL-235,distributori,2025-10-20
ORD-09659,CL-236,distributori,2025-10-20
ORD-09660,CL-238,distributori,2025-10-20
ORD-09661,CL-239,distributori,2025-10-20
ORD-09662,CL-243,distributori,2025-10-20
ORD-09663,CL-244,distributori,2025-10-20
ORD-09664,CL-244,distributori,2025-10-20
ORD-09665,CL-245,distributori,2025-10-20
ORD-09666,CL-249,distributori,2025-10-20
ORD-09667,CL-251,distributori,2025-10-20
ORD-09668,CL-252,distributori,2025-10-20
ORD-09669,CL-255,distributori,2025-10-20
ORD-09670,CL-258,distributori,2025-10-20
ORD-09671,CL-005,diretto,2025-10-21
ORD-09672,CL-007,diretto,2025-10-21
ORD-09673,CL-007,diretto,2025-10-21
ORD-09674,CL-012,diretto,2025-10-21
ORD-09675,CL-014,diretto,2025-10-21
ORD-09676,CL-014,diretto,2025-10-21
ORD-09677,CL-014,diretto,2025-10-21
ORD-09678,CL-020,diretto,2025-10-21
ORD-09679,CL-020,diretto,2025-10-21
ORD-09680,CL-026,diretto,2025-10-21
ORD-09681,CL-030,diretto,2025-10-21
ORD-09682,CL-033,diretto,2025-10-21
ORD-09683,CL-044,diretto,2025-10-21
ORD-09684,CL-063,diretto,2025-10-21
ORD-09685,CL-096,diretto,2025-10-21
ORD-09686,CL-099,diretto,2025-10-21
ORD-09687,CL-118,diretto,2025-10-21
ORD-09688,CL-129,diretto,2025-10-21
ORD-09689,CL-130,diretto,2025-10-21
ORD-09690,CL-140,diretto,2025-10-21
ORD-09691,CL-166,diretto,2025-10-21
ORD-09692,CL-214,diretto,2025-10-21
ORD-09693,CL-219,distributori,2025-10-21
ORD-09694,CL-224,distributori,2025-10-21
ORD-09695,CL-229,distributori,2025-10-21
ORD-09696,CL-230,distributori,2025-10-21
ORD-09697,CL-232,distributori,2025-10-21
ORD-09698,CL-235,distributori,2025-10-21
ORD-09699,CL-235,distributori,2025-10-21
ORD-09700,CL-235,distributori,2025-10-21
ORD-09701,CL-236,distributori,2025-10-21
ORD-09702,CL-238,distributori,2025-10-21
ORD-09703,CL-238,distributori,2025-10-21
ORD-09704,CL-238,distributori,2025-10-21
ORD-09705,CL-238,distributori,2025-10-21
ORD-09706,CL-240,distributori,2025-10-21
ORD-09707,CL-249,distributori,2025-10-21
ORD-09708,CL-250,distributori,2025-10-21
ORD-09709,CL-254,distributori,2025-10-21
ORD-09710,CL-258,distributori,2025-10-21
ORD-09711,CL-258,distributori,2025-10-21
ORD-09712,CL-001,diretto,2025-10-22
ORD-09713,CL-005,diretto,2025-10-22
ORD-09714,CL-008,diretto,2025-10-22
ORD-09715,CL-008,diretto,2025-10-22
ORD-09716,CL-010,diretto,2025-10-22
ORD-09717,CL-014,diretto,2025-10-22
ORD-09718,CL-014,diretto,2025-10-22
ORD-09719,CL-014,diretto,2025-10-22
ORD-09720,CL-022,diretto,2025-10-22
ORD-09721,CL-022,diretto,2025-10-22
ORD-09722,CL-022,diretto,2025-10-22
ORD-09723,CL-025,diretto,2025-10-22
ORD-09724,CL-026,diretto,2025-10-22
ORD-09725,CL-028,diretto,2025-10-22
ORD-09726,CL-028,diretto,2025-10-22
ORD-09727,CL-034,diretto,2025-10-22
ORD-09728,CL-045,diretto,2025-10-22
ORD-09729,CL-053,diretto,2025-10-22
ORD-09730,CL-073,diretto,2025-10-22
ORD-09731,CL-105,diretto,2025-10-22
ORD-09732,CL-116,diretto,2025-10-22
ORD-09733,CL-174,diretto,2025-10-22
ORD-09734,CL-180,diretto,2025-10-22
ORD-09735,CL-213,diretto,2025-10-22
ORD-09736,CL-221,distributori,2025-10-22
ORD-09737,CL-224,distributori,2025-10-22
ORD-09738,CL-224,distributori,2025-10-22
ORD-09739,CL-229,distributori,2025-10-22
ORD-09740,CL-229,distributori,2025-10-22
ORD-09741,CL-238,distributori,2025-10-22
ORD-09742,CL-240,distributori,2025-10-22
ORD-09743,CL-242,distributori,2025-10-22
ORD-09744,CL-244,distributori,2025-10-22
ORD-09745,CL-244,distributori,2025-10-22
ORD-09746,CL-244,distributori,2025-10-22
ORD-09747,CL-257,distributori,2025-10-22
ORD-09748,CL-008,diretto,2025-10-23
ORD-09749,CL-009,diretto,2025-10-23
ORD-09750,CL-014,diretto,2025-10-23
ORD-09751,CL-014,diretto,2025-10-23
ORD-09752,CL-014,diretto,2025-10-23
ORD-09753,CL-014,diretto,2025-10-23
ORD-09754,CL-014,diretto,2025-10-23
ORD-09755,CL-027,diretto,2025-10-23
ORD-09756,CL-032,diretto,2025-10-23
ORD-09757,CL-044,diretto,2025-10-23
ORD-09758,CL-060,diretto,2025-10-23
ORD-09759,CL-080,diretto,2025-10-23
ORD-09760,CL-089,diretto,2025-10-23
ORD-09761,CL-096,diretto,2025-10-23
ORD-09762,CL-103,diretto,2025-10-23
ORD-09763,CL-114,diretto,2025-10-23
ORD-09764,CL-132,diretto,2025-10-23
ORD-09765,CL-153,diretto,2025-10-23
ORD-09766,CL-173,diretto,2025-10-23
ORD-09767,CL-193,diretto,2025-10-23
ORD-09768,CL-201,diretto,2025-10-23
ORD-09769,CL-205,diretto,2025-10-23
ORD-09770,CL-224,distributori,2025-10-23
ORD-09771,CL-225,distributori,2025-10-23
ORD-09772,CL-226,distributori,2025-10-23
ORD-09773,CL-230,distributori,2025-10-23
ORD-09774,CL-233,distributori,2025-10-23
ORD-09775,CL-234,distributori,2025-10-23
ORD-09776,CL-238,distributori,2025-10-23
ORD-09777,CL-238,distributori,2025-10-23
ORD-09778,CL-238,distributori,2025-10-23
ORD-09779,CL-238,distributori,2025-10-23
ORD-09780,CL-239,distributori,2025-10-23
ORD-09781,CL-241,distributori,2025-10-23
ORD-09782,CL-243,distributori,2025-10-23
ORD-09783,CL-243,distributori,2025-10-23
ORD-09784,CL-245,distributori,2025-10-23
ORD-09785,CL-245,distributori,2025-10-23
ORD-09786,CL-247,distributori,2025-10-23
ORD-09787,CL-248,distributori,2025-10-23
ORD-09788,CL-249,distributori,2025-10-23
ORD-09789,CL-249,distributori,2025-10-23
ORD-09790,CL-251,distributori,2025-10-23
ORD-09791,CL-252,distributori,2025-10-23
ORD-09792,CL-253,distributori,2025-10-23
ORD-09793,CL-253,distributori,2025-10-23
ORD-09794,CL-253,distributori,2025-10-23
ORD-09795,CL-256,distributori,2025-10-23
ORD-09796,CL-257,distributori,2025-10-23
ORD-09797,CL-005,diretto,2025-10-24
ORD-09798,CL-009,diretto,2025-10-24
ORD-09799,CL-010,diretto,2025-10-24
ORD-09800,CL-014,diretto,2025-10-24
ORD-09801,CL-020,diretto,2025-10-24
ORD-09802,CL-020,diretto,2025-10-24
ORD-09803,CL-023,diretto,2025-10-24
ORD-09804,CL-026,diretto,2025-10-24
ORD-09805,CL-034,diretto,2025-10-24
ORD-09806,CL-041,diretto,2025-10-24
ORD-09807,CL-068,diretto,2025-10-24
ORD-09808,CL-086,diretto,2025-10-24
ORD-09809,CL-112,diretto,2025-10-24
ORD-09810,CL-129,diretto,2025-10-24
ORD-09811,CL-131,diretto,2025-10-24
ORD-09812,CL-144,diretto,2025-10-24
ORD-09813,CL-151,diretto,2025-10-24
ORD-09814,CL-160,diretto,2025-10-24
ORD-09815,CL-188,diretto,2025-10-24
ORD-09816,CL-208,diretto,2025-10-24
ORD-09817,CL-209,diretto,2025-10-24
ORD-09818,CL-220,distributori,2025-10-24
ORD-09819,CL-222,distributori,2025-10-24
ORD-09820,CL-224,distributori,2025-10-24
ORD-09821,CL-224,distributori,2025-10-24
ORD-09822,CL-227,distributori,2025-10-24
ORD-09823,CL-229,distributori,2025-10-24
ORD-09824,CL-230,distributori,2025-10-24
ORD-09825,CL-235,distributori,2025-10-24
ORD-09826,CL-236,distributori,2025-10-24
ORD-09827,CL-236,distributori,2025-10-24
ORD-09828,CL-240,distributori,2025-10-24
ORD-09829,CL-241,distributori,2025-10-24
ORD-09830,CL-241,distributori,2025-10-24
ORD-09831,CL-245,distributori,2025-10-24
ORD-09832,CL-246,distributori,2025-10-24
ORD-09833,CL-246,distributori,2025-10-24
ORD-09834,CL-247,distributori,2025-10-24
ORD-09835,CL-249,distributori,2025-10-24
ORD-09836,CL-250,distributori,2025-10-24
ORD-09837,CL-251,distributori,2025-10-24
ORD-09838,CL-256,distributori,2025-10-24
ORD-09839,CL-257,distributori,2025-10-24
ORD-09840,CL-258,distributori,2025-10-24
ORD-09841,CL-003,diretto,2025-10-27
ORD-09842,CL-003,diretto,2025-10-27
ORD-09843,CL-008,diretto,2025-10-27
ORD-09844,CL-010,diretto,2025-10-27
ORD-09845,CL-014,diretto,2025-10-27
ORD-09846,CL-014,diretto,2025-10-27
ORD-09847,CL-014,diretto,2025-10-27
ORD-09848,CL-014,diretto,2025-10-27
ORD-09849,CL-030,diretto,2025-10-27
ORD-09850,CL-046,diretto,2025-10-27
ORD-09851,CL-077,diretto,2025-10-27
ORD-09852,CL-078,diretto,2025-10-27
ORD-09853,CL-094,diretto,2025-10-27
ORD-09854,CL-117,diretto,2025-10-27
ORD-09855,CL-125,diretto,2025-10-27
ORD-09856,CL-177,diretto,2025-10-27
ORD-09857,CL-198,diretto,2025-10-27
ORD-09858,CL-209,diretto,2025-10-27
ORD-09859,CL-220,distributori,2025-10-27
ORD-09860,CL-221,distributori,2025-10-27
ORD-09861,CL-226,distributori,2025-10-27
ORD-09862,CL-228,distributori,2025-10-27
ORD-09863,CL-229,distributori,2025-10-27
ORD-09864,CL-230,distributori,2025-10-27
ORD-09865,CL-230,distributori,2025-10-27
ORD-09866,CL-230,distributori,2025-10-27
ORD-09867,CL-230,distributori,2025-10-27
ORD-09868,CL-235,distributori,2025-10-27
ORD-09869,CL-235,distributori,2025-10-27
ORD-09870,CL-239,distributori,2025-10-27
ORD-09871,CL-239,distributori,2025-10-27
ORD-09872,CL-240,distributori,2025-10-27
ORD-09873,CL-240,distributori,2025-10-27
ORD-09874,CL-242,distributori,2025-10-27
ORD-09875,CL-242,distributori,2025-10-27
ORD-09876,CL-243,distributori,2025-10-27
ORD-09877,CL-250,distributori,2025-10-27
ORD-09878,CL-252,distributori,2025-10-27
ORD-09879,CL-253,distributori,2025-10-27
ORD-09880,CL-254,distributori,2025-10-27
ORD-09881,CL-258,distributori,2025-10-27
ORD-09882,CL-258,distributori,2025-10-27
ORD-09883,CL-001,diretto,2025-10-28
ORD-09884,CL-004,diretto,2025-10-28
ORD-09885,CL-014,diretto,2025-10-28
ORD-09886,CL-014,diretto,2025-10-28
ORD-09887,CL-014,diretto,2025-10-28
ORD-09888,CL-014,diretto,2025-10-28
ORD-09889,CL-014,diretto,2025-10-28
ORD-09890,CL-020,diretto,2025-10-28
ORD-09891,CL-026,diretto,2025-10-28
ORD-09892,CL-031,diretto,2025-10-28
ORD-09893,CL-077,diretto,2025-10-28
ORD-09894,CL-088,diretto,2025-10-28
ORD-09895,CL-138,diretto,2025-10-28
ORD-09896,CL-144,diretto,2025-10-28
ORD-09897,CL-172,diretto,2025-10-28
ORD-09898,CL-186,diretto,2025-10-28
ORD-09899,CL-194,diretto,2025-10-28
ORD-09900,CL-194,diretto,2025-10-28
ORD-09901,CL-198,diretto,2025-10-28
ORD-09902,CL-206,diretto,2025-10-28
ORD-09903,CL-213,diretto,2025-10-28
ORD-09904,CL-219,distributori,2025-10-28
ORD-09905,CL-219,distributori,2025-10-28
ORD-09906,CL-219,distributori,2025-10-28
ORD-09907,CL-220,distributori,2025-10-28
ORD-09908,CL-220,distributori,2025-10-28
ORD-09909,CL-221,distributori,2025-10-28
ORD-09910,CL-221,distributori,2025-10-28
ORD-09911,CL-223,distributori,2025-10-28
ORD-09912,CL-223,distributori,2025-10-28
ORD-09913,CL-229,distributori,2025-10-28
ORD-09914,CL-230,distributori,2025-10-28
ORD-09915,CL-232,distributori,2025-10-28
ORD-09916,CL-236,distributori,2025-10-28
ORD-09917,CL-236,distributori,2025-10-28
ORD-09918,CL-236,distributori,2025-10-28
ORD-09919,CL-238,distributori,2025-10-28
ORD-09920,CL-249,distributori,2025-10-28
ORD-09921,CL-250,distributori,2025-10-28
ORD-09922,CL-252,distributori,2025-10-28
ORD-09923,CL-258,distributori,2025-10-28
ORD-09924,CL-258,distributori,2025-10-28
ORD-09925,CL-258,distributori,2025-10-28
ORD-09926,CL-002,diretto,2025-10-29
ORD-09927,CL-005,diretto,2025-10-29
ORD-09928,CL-008,diretto,2025-10-29
ORD-09929,CL-008,diretto,2025-10-29
ORD-09930,CL-010,diretto,2025-10-29
ORD-09931,CL-010,diretto,2025-10-29
ORD-09932,CL-014,diretto,2025-10-29
ORD-09933,CL-014,diretto,2025-10-29
ORD-09934,CL-016,diretto,2025-10-29
ORD-09935,CL-017,diretto,2025-10-29
ORD-09936,CL-018,diretto,2025-10-29
ORD-09937,CL-018,diretto,2025-10-29
ORD-09938,CL-028,diretto,2025-10-29
ORD-09939,CL-034,diretto,2025-10-29
ORD-09940,CL-038,diretto,2025-10-29
ORD-09941,CL-080,diretto,2025-10-29
ORD-09942,CL-086,diretto,2025-10-29
ORD-09943,CL-101,diretto,2025-10-29
ORD-09944,CL-107,diretto,2025-10-29
ORD-09945,CL-115,diretto,2025-10-29
ORD-09946,CL-120,diretto,2025-10-29
ORD-09947,CL-126,diretto,2025-10-29
ORD-09948,CL-140,diretto,2025-10-29
ORD-09949,CL-185,diretto,2025-10-29
ORD-09950,CL-194,diretto,2025-10-29
ORD-09951,CL-213,diretto,2025-10-29
ORD-09952,CL-218,diretto,2025-10-29
ORD-09953,CL-221,distributori,2025-10-29
ORD-09954,CL-224,distributori,2025-10-29
ORD-09955,CL-224,distributori,2025-10-29
ORD-09956,CL-224,distributori,2025-10-29
ORD-09957,CL-225,distributori,2025-10-29
ORD-09958,CL-225,distributori,2025-10-29
ORD-09959,CL-225,distributori,2025-10-29
ORD-09960,CL-226,distributori,2025-10-29
ORD-09961,CL-226,distributori,2025-10-29
ORD-09962,CL-229,distributori,2025-10-29
ORD-09963,CL-229,distributori,2025-10-29
ORD-09964,CL-230,distributori,2025-10-29
ORD-09965,CL-231,distributori,2025-10-29
ORD-09966,CL-233,distributori,2025-10-29
ORD-09967,CL-239,distributori,2025-10-29
ORD-09968,CL-239,distributori,2025-10-29
ORD-09969,CL-239,distributori,2025-10-29
ORD-09970,CL-239,distributori,2025-10-29
ORD-09971,CL-240,distributori,2025-10-29
ORD-09972,CL-241,distributori,2025-10-29
ORD-09973,CL-243,distributori,2025-10-29
ORD-09974,CL-244,distributori,2025-10-29
ORD-09975,CL-245,distributori,2025-10-29
ORD-09976,CL-245,distributori,2025-10-29
ORD-09977,CL-248,distributori,2025-10-29
ORD-09978,CL-252,distributori,2025-10-29
ORD-09979,CL-255,distributori,2025-10-29
ORD-09980,CL-002,diretto,2025-10-30
ORD-09981,CL-002,diretto,2025-10-30
ORD-09982,CL-004,diretto,2025-10-30
ORD-09983,CL-004,diretto,2025-10-30
ORD-09984,CL-006,diretto,2025-10-30
ORD-09985,CL-007,diretto,2025-10-30
ORD-09986,CL-008,diretto,2025-10-30
ORD-09987,CL-008,diretto,2025-10-30
ORD-09988,CL-009,diretto,2025-10-30
ORD-09989,CL-010,diretto,2025-10-30
ORD-09990,CL-014,diretto,2025-10-30
ORD-09991,CL-014,diretto,2025-10-30
ORD-09992,CL-014,diretto,2025-10-30
ORD-09993,CL-016,diretto,2025-10-30
ORD-09994,CL-018,diretto,2025-10-30
ORD-09995,CL-020,diretto,2025-10-30
ORD-09996,CL-020,diretto,2025-10-30
ORD-09997,CL-023,diretto,2025-10-30
ORD-09998,CL-026,diretto,2025-10-30
ORD-09999,CL-040,diretto,2025-10-30
ORD-10000,CL-070,diretto,2025-10-30
ORD-10001,CL-104,diretto,2025-10-30
ORD-10002,CL-194,diretto,2025-10-30
ORD-10003,CL-219,distributori,2025-10-30
ORD-10004,CL-219,distributori,2025-10-30
ORD-10005,CL-221,distributori,2025-10-30
ORD-10006,CL-221,distributori,2025-10-30
ORD-10007,CL-224,distributori,2025-10-30
ORD-10008,CL-224,distributori,2025-10-30
ORD-10009,CL-228,distributori,2025-10-30
ORD-10010,CL-229,distributori,2025-10-30
ORD-10011,CL-229,distributori,2025-10-30
ORD-10012,CL-230,distributori,2025-10-30
ORD-10013,CL-230,distributori,2025-10-30
ORD-10014,CL-236,distributori,2025-10-30
ORD-10015,CL-238,distributori,2025-10-30
ORD-10016,CL-243,distributori,2025-10-30
ORD-10017,CL-243,distributori,2025-10-30
ORD-10018,CL-245,distributori,2025-10-30
ORD-10019,CL-246,distributori,2025-10-30
ORD-10020,CL-248,distributori,2025-10-30
ORD-10021,CL-249,distributori,2025-10-30
ORD-10022,CL-251,distributori,2025-10-30
ORD-10023,CL-251,distributori,2025-10-30
ORD-10024,CL-251,distributori,2025-10-30
ORD-10025,CL-252,distributori,2025-10-30
ORD-10026,CL-252,distributori,2025-10-30
ORD-10027,CL-252,distributori,2025-10-30
ORD-10028,CL-252,distributori,2025-10-30
ORD-10029,CL-009,diretto,2025-10-31
ORD-10030,CL-014,diretto,2025-10-31
ORD-10031,CL-020,diretto,2025-10-31
ORD-10032,CL-026,diretto,2025-10-31
ORD-10033,CL-026,diretto,2025-10-31
ORD-10034,CL-026,diretto,2025-10-31
ORD-10035,CL-027,diretto,2025-10-31
ORD-10036,CL-027,diretto,2025-10-31
ORD-10037,CL-028,diretto,2025-10-31
ORD-10038,CL-053,diretto,2025-10-31
ORD-10039,CL-088,diretto,2025-10-31
ORD-10040,CL-092,diretto,2025-10-31
ORD-10041,CL-098,diretto,2025-10-31
ORD-10042,CL-127,diretto,2025-10-31
ORD-10043,CL-216,diretto,2025-10-31
ORD-10044,CL-226,distributori,2025-10-31
ORD-10045,CL-229,distributori,2025-10-31
ORD-10046,CL-229,distributori,2025-10-31
ORD-10047,CL-237,distributori,2025-10-31
ORD-10048,CL-238,distributori,2025-10-31
ORD-10049,CL-241,distributori,2025-10-31
ORD-10050,CL-242,distributori,2025-10-31
ORD-10051,CL-242,distributori,2025-10-31
ORD-10052,CL-243,distributori,2025-10-31
ORD-10053,CL-243,distributori,2025-10-31
ORD-10054,CL-243,distributori,2025-10-31
ORD-10055,CL-244,distributori,2025-10-31
ORD-10056,CL-246,distributori,2025-10-31
ORD-10057,CL-251,distributori,2025-10-31
ORD-10058,CL-252,distributori,2025-10-31
ORD-10059,CL-252,distributori,2025-10-31
ORD-10060,CL-252,distributori,2025-10-31
ORD-10061,CL-252,distributori,2025-10-31
ORD-10062,CL-252,distributori,2025-10-31
ORD-10063,CL-253,distributori,2025-10-31
ORD-10064,CL-258,distributori,2025-10-31
ORD-10065,CL-006,diretto,2025-11-03
ORD-10066,CL-007,diretto,2025-11-03
ORD-10067,CL-014,diretto,2025-11-03
ORD-10068,CL-014,diretto,2025-11-03
ORD-10069,CL-014,diretto,2025-11-03
ORD-10070,CL-014,diretto,2025-11-03
ORD-10071,CL-017,diretto,2025-11-03
ORD-10072,CL-020,diretto,2025-11-03
ORD-10073,CL-020,diretto,2025-11-03
ORD-10074,CL-023,diretto,2025-11-03
ORD-10075,CL-025,diretto,2025-11-03
ORD-10076,CL-027,diretto,2025-11-03
ORD-10077,CL-036,diretto,2025-11-03
ORD-10078,CL-046,diretto,2025-11-03
ORD-10079,CL-059,diretto,2025-11-03
ORD-10080,CL-114,diretto,2025-11-03
ORD-10081,CL-184,diretto,2025-11-03
ORD-10082,CL-190,diretto,2025-11-03
ORD-10083,CL-200,diretto,2025-11-03
ORD-10084,CL-210,diretto,2025-11-03
ORD-10085,CL-212,diretto,2025-11-03
ORD-10086,CL-213,diretto,2025-11-03
ORD-10087,CL-219,distributori,2025-11-03
ORD-10088,CL-219,distributori,2025-11-03
ORD-10089,CL-224,distributori,2025-11-03
ORD-10090,CL-226,distributori,2025-11-03
ORD-10091,CL-226,distributori,2025-11-03
ORD-10092,CL-229,distributori,2025-11-03
ORD-10093,CL-232,distributori,2025-11-03
ORD-10094,CL-235,distributori,2025-11-03
ORD-10095,CL-237,distributori,2025-11-03
ORD-10096,CL-237,distributori,2025-11-03
ORD-10097,CL-238,distributori,2025-11-03
ORD-10098,CL-238,distributori,2025-11-03
ORD-10099,CL-239,distributori,2025-11-03
ORD-10100,CL-242,distributori,2025-11-03
ORD-10101,CL-242,distributori,2025-11-03
ORD-10102,CL-243,distributori,2025-11-03
ORD-10103,CL-249,distributori,2025-11-03
ORD-10104,CL-249,distributori,2025-11-03
ORD-10105,CL-252,distributori,2025-11-03
ORD-10106,CL-253,distributori,2025-11-03
ORD-10107,CL-253,distributori,2025-11-03
ORD-10108,CL-256,distributori,2025-11-03
ORD-10109,CL-257,distributori,2025-11-03
ORD-10110,CL-257,distributori,2025-11-03
ORD-10111,CL-257,distributori,2025-11-03
ORD-10112,CL-005,diretto,2025-11-04
ORD-10113,CL-014,diretto,2025-11-04
ORD-10114,CL-014,diretto,2025-11-04
ORD-10115,CL-014,diretto,2025-11-04
ORD-10116,CL-014,diretto,2025-11-04
ORD-10117,CL-020,diretto,2025-11-04
ORD-10118,CL-020,diretto,2025-11-04
ORD-10119,CL-026,diretto,2025-11-04
ORD-10120,CL-026,diretto,2025-11-04
ORD-10121,CL-033,diretto,2025-11-04
ORD-10122,CL-034,diretto,2025-11-04
ORD-10123,CL-067,diretto,2025-11-04
ORD-10124,CL-136,diretto,2025-11-04
ORD-10125,CL-153,diretto,2025-11-04
ORD-10126,CL-154,diretto,2025-11-04
ORD-10127,CL-159,diretto,2025-11-04
ORD-10128,CL-175,diretto,2025-11-04
ORD-10129,CL-204,diretto,2025-11-04
ORD-10130,CL-219,distributori,2025-11-04
ORD-10131,CL-228,distributori,2025-11-04
ORD-10132,CL-232,distributori,2025-11-04
ORD-10133,CL-242,distributori,2025-11-04
ORD-10134,CL-244,distributori,2025-11-04
ORD-10135,CL-246,distributori,2025-11-04
ORD-10136,CL-247,distributori,2025-11-04
ORD-10137,CL-247,distributori,2025-11-04
ORD-10138,CL-247,distributori,2025-11-04
ORD-10139,CL-250,distributori,2025-11-04
ORD-10140,CL-250,distributori,2025-11-04
ORD-10141,CL-251,distributori,2025-11-04
ORD-10142,CL-252,distributori,2025-11-04
ORD-10143,CL-252,distributori,2025-11-04
ORD-10144,CL-254,distributori,2025-11-04
ORD-10145,CL-255,distributori,2025-11-04
ORD-10146,CL-258,distributori,2025-11-04
ORD-10147,CL-006,diretto,2025-11-05
ORD-10148,CL-007,diretto,2025-11-05
ORD-10149,CL-008,diretto,2025-11-05
ORD-10150,CL-008,diretto,2025-11-05
ORD-10151,CL-009,diretto,2025-11-05
ORD-10152,CL-014,diretto,2025-11-05
ORD-10153,CL-014,diretto,2025-11-05
ORD-10154,CL-015,diretto,2025-11-05
ORD-10155,CL-024,diretto,2025-11-05
ORD-10156,CL-027,diretto,2025-11-05
ORD-10157,CL-032,diretto,2025-11-05
ORD-10158,CL-043,diretto,2025-11-05
ORD-10159,CL-066,diretto,2025-11-05
ORD-10160,CL-098,diretto,2025-11-05
ORD-10161,CL-121,diretto,2025-11-05
ORD-10162,CL-122,diretto,2025-11-05
ORD-10163,CL-123,diretto,2025-11-05
ORD-10164,CL-184,diretto,2025-11-05
ORD-10165,CL-200,diretto,2025-11-05
ORD-10166,CL-206,diretto,2025-11-05
ORD-10167,CL-209,diretto,2025-11-05
ORD-10168,CL-218,diretto,2025-11-05
ORD-10169,CL-222,distributori,2025-11-05
ORD-10170,CL-224,distributori,2025-11-05
ORD-10171,CL-224,distributori,2025-11-05
ORD-10172,CL-226,distributori,2025-11-05
ORD-10173,CL-228,distributori,2025-11-05
ORD-10174,CL-228,distributori,2025-11-05
ORD-10175,CL-230,distributori,2025-11-05
ORD-10176,CL-232,distributori,2025-11-05
ORD-10177,CL-233,distributori,2025-11-05
ORD-10178,CL-234,distributori,2025-11-05
ORD-10179,CL-235,distributori,2025-11-05
ORD-10180,CL-235,distributori,2025-11-05
ORD-10181,CL-238,distributori,2025-11-05
ORD-10182,CL-239,distributori,2025-11-05
ORD-10183,CL-241,distributori,2025-11-05
ORD-10184,CL-242,distributori,2025-11-05
ORD-10185,CL-242,distributori,2025-11-05
ORD-10186,CL-245,distributori,2025-11-05
ORD-10187,CL-246,distributori,2025-11-05
ORD-10188,CL-248,distributori,2025-11-05
ORD-10189,CL-249,distributori,2025-11-05
ORD-10190,CL-252,distributori,2025-11-05
ORD-10191,CL-252,distributori,2025-11-05
ORD-10192,CL-252,distributori,2025-11-05
ORD-10193,CL-252,distributori,2025-11-05
ORD-10194,CL-252,distributori,2025-11-05
ORD-10195,CL-253,distributori,2025-11-05
ORD-10196,CL-255,distributori,2025-11-05
ORD-10197,CL-258,distributori,2025-11-05
ORD-10198,CL-258,distributori,2025-11-05
ORD-10199,CL-003,diretto,2025-11-06
ORD-10200,CL-007,diretto,2025-11-06
ORD-10201,CL-014,diretto,2025-11-06
ORD-10202,CL-017,diretto,2025-11-06
ORD-10203,CL-019,diretto,2025-11-06
ORD-10204,CL-020,diretto,2025-11-06
ORD-10205,CL-024,diretto,2025-11-06
ORD-10206,CL-029,diretto,2025-11-06
ORD-10207,CL-040,diretto,2025-11-06
ORD-10208,CL-040,diretto,2025-11-06
ORD-10209,CL-084,diretto,2025-11-06
ORD-10210,CL-087,diretto,2025-11-06
ORD-10211,CL-098,diretto,2025-11-06
ORD-10212,CL-116,diretto,2025-11-06
ORD-10213,CL-117,diretto,2025-11-06
ORD-10214,CL-119,diretto,2025-11-06
ORD-10215,CL-120,diretto,2025-11-06
ORD-10216,CL-152,diretto,2025-11-06
ORD-10217,CL-158,diretto,2025-11-06
ORD-10218,CL-158,diretto,2025-11-06
ORD-10219,CL-165,diretto,2025-11-06
ORD-10220,CL-174,diretto,2025-11-06
ORD-10221,CL-175,diretto,2025-11-06
ORD-10222,CL-178,diretto,2025-11-06
ORD-10223,CL-183,diretto,2025-11-06
ORD-10224,CL-205,diretto,2025-11-06
ORD-10225,CL-217,diretto,2025-11-06
ORD-10226,CL-219,distributori,2025-11-06
ORD-10227,CL-219,distributori,2025-11-06
ORD-10228,CL-221,distributori,2025-11-06
ORD-10229,CL-222,distributori,2025-11-06
ORD-10230,CL-222,distributori,2025-11-06
ORD-10231,CL-223,distributori,2025-11-06
ORD-10232,CL-224,distributori,2025-11-06
ORD-10233,CL-225,distributori,2025-11-06
ORD-10234,CL-228,distributori,2025-11-06
ORD-10235,CL-228,distributori,2025-11-06
ORD-10236,CL-228,distributori,2025-11-06
ORD-10237,CL-231,distributori,2025-11-06
ORD-10238,CL-235,distributori,2025-11-06
ORD-10239,CL-236,distributori,2025-11-06
ORD-10240,CL-238,distributori,2025-11-06
ORD-10241,CL-238,distributori,2025-11-06
ORD-10242,CL-239,distributori,2025-11-06
ORD-10243,CL-239,distributori,2025-11-06
ORD-10244,CL-239,distributori,2025-11-06
ORD-10245,CL-240,distributori,2025-11-06
ORD-10246,CL-242,distributori,2025-11-06
ORD-10247,CL-242,distributori,2025-11-06
ORD-10248,CL-243,distributori,2025-11-06
ORD-10249,CL-244,distributori,2025-11-06
ORD-10250,CL-246,distributori,2025-11-06
ORD-10251,CL-246,distributori,2025-11-06
ORD-10252,CL-251,distributori,2025-11-06
ORD-10253,CL-251,distributori,2025-11-06
ORD-10254,CL-251,distributori,2025-11-06
ORD-10255,CL-254,distributori,2025-11-06
ORD-10256,CL-255,distributori,2025-11-06
ORD-10257,CL-258,distributori,2025-11-06
ORD-10258,CL-002,diretto,2025-11-07
ORD-10259,CL-005,diretto,2025-11-07
ORD-10260,CL-007,diretto,2025-11-07
ORD-10261,CL-022,diretto,2025-11-07
ORD-10262,CL-023,diretto,2025-11-07
ORD-10263,CL-026,diretto,2025-11-07
ORD-10264,CL-030,diretto,2025-11-07
ORD-10265,CL-032,diretto,2025-11-07
ORD-10266,CL-032,diretto,2025-11-07
ORD-10267,CL-034,diretto,2025-11-07
ORD-10268,CL-087,diretto,2025-11-07
ORD-10269,CL-120,diretto,2025-11-07
ORD-10270,CL-169,diretto,2025-11-07
ORD-10271,CL-206,diretto,2025-11-07
ORD-10272,CL-214,diretto,2025-11-07
ORD-10273,CL-220,distributori,2025-11-07
ORD-10274,CL-225,distributori,2025-11-07
ORD-10275,CL-226,distributori,2025-11-07
ORD-10276,CL-226,distributori,2025-11-07
ORD-10277,CL-228,distributori,2025-11-07
ORD-10278,CL-234,distributori,2025-11-07
ORD-10279,CL-237,distributori,2025-11-07
ORD-10280,CL-238,distributori,2025-11-07
ORD-10281,CL-242,distributori,2025-11-07
ORD-10282,CL-242,distributori,2025-11-07
ORD-10283,CL-243,distributori,2025-11-07
ORD-10284,CL-244,distributori,2025-11-07
ORD-10285,CL-250,distributori,2025-11-07
ORD-10286,CL-253,distributori,2025-11-07
ORD-10287,CL-255,distributori,2025-11-07
ORD-10288,CL-258,distributori,2025-11-07
ORD-10289,CL-258,distributori,2025-11-07
ORD-10290,CL-007,diretto,2025-11-10
ORD-10291,CL-014,diretto,2025-11-10
ORD-10292,CL-014,diretto,2025-11-10
ORD-10293,CL-020,diretto,2025-11-10
ORD-10294,CL-021,diretto,2025-11-10
ORD-10295,CL-024,diretto,2025-11-10
ORD-10296,CL-030,diretto,2025-11-10
ORD-10297,CL-031,diretto,2025-11-10
ORD-10298,CL-041,diretto,2025-11-10
ORD-10299,CL-057,diretto,2025-11-10
ORD-10300,CL-109,diretto,2025-11-10
ORD-10301,CL-122,diretto,2025-11-10
ORD-10302,CL-129,diretto,2025-11-10
ORD-10303,CL-133,diretto,2025-11-10
ORD-10304,CL-134,diretto,2025-11-10
ORD-10305,CL-137,diretto,2025-11-10
ORD-10306,CL-148,diretto,2025-11-10
ORD-10307,CL-160,diretto,2025-11-10
ORD-10308,CL-169,diretto,2025-11-10
ORD-10309,CL-174,diretto,2025-11-10
ORD-10310,CL-190,diretto,2025-11-10
ORD-10311,CL-219,distributori,2025-11-10
ORD-10312,CL-219,distributori,2025-11-10
ORD-10313,CL-221,distributori,2025-11-10
ORD-10314,CL-221,distributori,2025-11-10
ORD-10315,CL-221,distributori,2025-11-10
ORD-10316,CL-224,distributori,2025-11-10
ORD-10317,CL-224,distributori,2025-11-10
ORD-10318,CL-226,distributori,2025-11-10
ORD-10319,CL-228,distributori,2025-11-10
ORD-10320,CL-229,distributori,2025-11-10
ORD-10321,CL-230,distributori,2025-11-10
ORD-10322,CL-232,distributori,2025-11-10
ORD-10323,CL-232,distributori,2025-11-10
ORD-10324,CL-232,distributori,2025-11-10
ORD-10325,CL-234,distributori,2025-11-10
ORD-10326,CL-235,distributori,2025-11-10
ORD-10327,CL-238,distributori,2025-11-10
ORD-10328,CL-240,distributori,2025-11-10
ORD-10329,CL-241,distributori,2025-11-10
ORD-10330,CL-241,distributori,2025-11-10
ORD-10331,CL-244,distributori,2025-11-10
ORD-10332,CL-245,distributori,2025-11-10
ORD-10333,CL-249,distributori,2025-11-10
ORD-10334,CL-251,distributori,2025-11-10
ORD-10335,CL-251,distributori,2025-11-10
ORD-10336,CL-252,distributori,2025-11-10
ORD-10337,CL-252,distributori,2025-11-10
ORD-10338,CL-252,distributori,2025-11-10
ORD-10339,CL-253,distributori,2025-11-10
ORD-10340,CL-254,distributori,2025-11-10
ORD-10341,CL-258,distributori,2025-11-10
ORD-10342,CL-002,diretto,2025-11-11
ORD-10343,CL-009,diretto,2025-11-11
ORD-10344,CL-014,diretto,2025-11-11
ORD-10345,CL-014,diretto,2025-11-11
ORD-10346,CL-014,diretto,2025-11-11
ORD-10347,CL-016,diretto,2025-11-11
ORD-10348,CL-021,diretto,2025-11-11
ORD-10349,CL-025,diretto,2025-11-11
ORD-10350,CL-026,diretto,2025-11-11
ORD-10351,CL-031,diretto,2025-11-11
ORD-10352,CL-034,diretto,2025-11-11
ORD-10353,CL-041,diretto,2025-11-11
ORD-10354,CL-047,diretto,2025-11-11
ORD-10355,CL-061,diretto,2025-11-11
ORD-10356,CL-062,diretto,2025-11-11
ORD-10357,CL-099,diretto,2025-11-11
ORD-10358,CL-174,diretto,2025-11-11
ORD-10359,CL-178,diretto,2025-11-11
ORD-10360,CL-192,diretto,2025-11-11
ORD-10361,CL-211,diretto,2025-11-11
ORD-10362,CL-213,diretto,2025-11-11
ORD-10363,CL-217,diretto,2025-11-11
ORD-10364,CL-219,distributori,2025-11-11
ORD-10365,CL-221,distributori,2025-11-11
ORD-10366,CL-228,distributori,2025-11-11
ORD-10367,CL-231,distributori,2025-11-11
ORD-10368,CL-232,distributori,2025-11-11
ORD-10369,CL-234,distributori,2025-11-11
ORD-10370,CL-235,distributori,2025-11-11
ORD-10371,CL-236,distributori,2025-11-11
ORD-10372,CL-238,distributori,2025-11-11
ORD-10373,CL-238,distributori,2025-11-11
ORD-10374,CL-242,distributori,2025-11-11
ORD-10375,CL-242,distributori,2025-11-11
ORD-10376,CL-243,distributori,2025-11-11
ORD-10377,CL-245,distributori,2025-11-11
ORD-10378,CL-246,distributori,2025-11-11
ORD-10379,CL-247,distributori,2025-11-11
ORD-10380,CL-249,distributori,2025-11-11
ORD-10381,CL-249,distributori,2025-11-11
ORD-10382,CL-249,distributori,2025-11-11
ORD-10383,CL-250,distributori,2025-11-11
ORD-10384,CL-253,distributori,2025-11-11
ORD-10385,CL-253,distributori,2025-11-11
ORD-10386,CL-253,distributori,2025-11-11
ORD-10387,CL-256,distributori,2025-11-11
ORD-10388,CL-257,distributori,2025-11-11
ORD-10389,CL-257,distributori,2025-11-11
ORD-10390,CL-258,distributori,2025-11-11
ORD-10391,CL-001,diretto,2025-11-12
ORD-10392,CL-003,diretto,2025-11-12
ORD-10393,CL-004,diretto,2025-11-12
ORD-10394,CL-005,diretto,2025-11-12
ORD-10395,CL-006,diretto,2025-11-12
ORD-10396,CL-009,diretto,2025-11-12
ORD-10397,CL-010,diretto,2025-11-12
ORD-10398,CL-011,diretto,2025-11-12
ORD-10399,CL-014,diretto,2025-11-12
ORD-10400,CL-023,diretto,2025-11-12
ORD-10401,CL-026,diretto,2025-11-12
ORD-10402,CL-027,diretto,2025-11-12
ORD-10403,CL-027,diretto,2025-11-12
ORD-10404,CL-032,diretto,2025-11-12
ORD-10405,CL-048,diretto,2025-11-12
ORD-10406,CL-070,diretto,2025-11-12
ORD-10407,CL-074,diretto,2025-11-12
ORD-10408,CL-077,diretto,2025-11-12
ORD-10409,CL-090,diretto,2025-11-12
ORD-10410,CL-125,diretto,2025-11-12
ORD-10411,CL-197,diretto,2025-11-12
ORD-10412,CL-221,distributori,2025-11-12
ORD-10413,CL-223,distributori,2025-11-12
ORD-10414,CL-224,distributori,2025-11-12
ORD-10415,CL-224,distributori,2025-11-12
ORD-10416,CL-224,distributori,2025-11-12
ORD-10417,CL-226,distributori,2025-11-12
ORD-10418,CL-226,distributori,2025-11-12
ORD-10419,CL-227,distributori,2025-11-12
ORD-10420,CL-228,distributori,2025-11-12
ORD-10421,CL-228,distributori,2025-11-12
ORD-10422,CL-229,distributori,2025-11-12
ORD-10423,CL-230,distributori,2025-11-12
ORD-10424,CL-231,distributori,2025-11-12
ORD-10425,CL-231,distributori,2025-11-12
ORD-10426,CL-233,distributori,2025-11-12
ORD-10427,CL-233,distributori,2025-11-12
ORD-10428,CL-235,distributori,2025-11-12
ORD-10429,CL-235,distributori,2025-11-12
ORD-10430,CL-235,distributori,2025-11-12
ORD-10431,CL-237,distributori,2025-11-12
ORD-10432,CL-237,distributori,2025-11-12
ORD-10433,CL-238,distributori,2025-11-12
ORD-10434,CL-238,distributori,2025-11-12
ORD-10435,CL-240,distributori,2025-11-12
ORD-10436,CL-241,distributori,2025-11-12
ORD-10437,CL-242,distributori,2025-11-12
ORD-10438,CL-242,distributori,2025-11-12
ORD-10439,CL-246,distributori,2025-11-12
ORD-10440,CL-246,distributori,2025-11-12
ORD-10441,CL-248,distributori,2025-11-12
ORD-10442,CL-249,distributori,2025-11-12
ORD-10443,CL-250,distributori,2025-11-12
ORD-10444,CL-255,distributori,2025-11-12
ORD-10445,CL-002,diretto,2025-11-13
ORD-10446,CL-002,diretto,2025-11-13
ORD-10447,CL-005,diretto,2025-11-13
ORD-10448,CL-009,diretto,2025-11-13
ORD-10449,CL-010,diretto,2025-11-13
ORD-10450,CL-012,diretto,2025-11-13
ORD-10451,CL-014,diretto,2025-11-13
ORD-10452,CL-014,diretto,2025-11-13
ORD-10453,CL-014,diretto,2025-11-13
ORD-10454,CL-014,diretto,2025-11-13
ORD-10455,CL-014,diretto,2025-11-13
ORD-10456,CL-014,diretto,2025-11-13
ORD-10457,CL-014,diretto,2025-11-13
ORD-10458,CL-030,diretto,2025-11-13
ORD-10459,CL-048,diretto,2025-11-13
ORD-10460,CL-053,diretto,2025-11-13
ORD-10461,CL-067,diretto,2025-11-13
ORD-10462,CL-068,diretto,2025-11-13
ORD-10463,CL-102,diretto,2025-11-13
ORD-10464,CL-109,diretto,2025-11-13
ORD-10465,CL-136,diretto,2025-11-13
ORD-10466,CL-152,diretto,2025-11-13
ORD-10467,CL-184,diretto,2025-11-13
ORD-10468,CL-194,diretto,2025-11-13
ORD-10469,CL-208,diretto,2025-11-13
ORD-10470,CL-219,distributori,2025-11-13
ORD-10471,CL-222,distributori,2025-11-13
ORD-10472,CL-222,distributori,2025-11-13
ORD-10473,CL-224,distributori,2025-11-13
ORD-10474,CL-229,distributori,2025-11-13
ORD-10475,CL-229,distributori,2025-11-13
ORD-10476,CL-230,distributori,2025-11-13
ORD-10477,CL-232,distributori,2025-11-13
ORD-10478,CL-233,distributori,2025-11-13
ORD-10479,CL-233,distributori,2025-11-13
ORD-10480,CL-234,distributori,2025-11-13
ORD-10481,CL-235,distributori,2025-11-13
ORD-10482,CL-236,distributori,2025-11-13
ORD-10483,CL-240,distributori,2025-11-13
ORD-10484,CL-242,distributori,2025-11-13
ORD-10485,CL-242,distributori,2025-11-13
ORD-10486,CL-242,distributori,2025-11-13
ORD-10487,CL-243,distributori,2025-11-13
ORD-10488,CL-243,distributori,2025-11-13
ORD-10489,CL-243,distributori,2025-11-13
ORD-10490,CL-243,distributori,2025-11-13
ORD-10491,CL-245,distributori,2025-11-13
ORD-10492,CL-246,distributori,2025-11-13
ORD-10493,CL-247,distributori,2025-11-13
ORD-10494,CL-248,distributori,2025-11-13
ORD-10495,CL-250,distributori,2025-11-13
ORD-10496,CL-251,distributori,2025-11-13
ORD-10497,CL-252,distributori,2025-11-13
ORD-10498,CL-256,distributori,2025-11-13
ORD-10499,CL-258,distributori,2025-11-13
ORD-10500,CL-009,diretto,2025-11-14
ORD-10501,CL-011,diretto,2025-11-14
ORD-10502,CL-014,diretto,2025-11-14
ORD-10503,CL-014,diretto,2025-11-14
ORD-10504,CL-019,diretto,2025-11-14
ORD-10505,CL-019,diretto,2025-11-14
ORD-10506,CL-020,diretto,2025-11-14
ORD-10507,CL-031,diretto,2025-11-14
ORD-10508,CL-033,diretto,2025-11-14
ORD-10509,CL-039,diretto,2025-11-14
ORD-10510,CL-045,diretto,2025-11-14
ORD-10511,CL-073,diretto,2025-11-14
ORD-10512,CL-077,diretto,2025-11-14
ORD-10513,CL-086,diretto,2025-11-14
ORD-10514,CL-108,diretto,2025-11-14
ORD-10515,CL-120,diretto,2025-11-14
ORD-10516,CL-136,diretto,2025-11-14
ORD-10517,CL-143,diretto,2025-11-14
ORD-10518,CL-144,diretto,2025-11-14
ORD-10519,CL-145,diretto,2025-11-14
ORD-10520,CL-154,diretto,2025-11-14
ORD-10521,CL-155,diretto,2025-11-14
ORD-10522,CL-162,diretto,2025-11-14
ORD-10523,CL-185,diretto,2025-11-14
ORD-10524,CL-191,diretto,2025-11-14
ORD-10525,CL-198,diretto,2025-11-14
ORD-10526,CL-228,distributori,2025-11-14
ORD-10527,CL-228,distributori,2025-11-14
ORD-10528,CL-228,distributori,2025-11-14
ORD-10529,CL-229,distributori,2025-11-14
ORD-10530,CL-229,distributori,2025-11-14
ORD-10531,CL-232,distributori,2025-11-14
ORD-10532,CL-233,distributori,2025-11-14
ORD-10533,CL-234,distributori,2025-11-14
ORD-10534,CL-235,distributori,2025-11-14
ORD-10535,CL-235,distributori,2025-11-14
ORD-10536,CL-235,distributori,2025-11-14
ORD-10537,CL-235,distributori,2025-11-14
ORD-10538,CL-243,distributori,2025-11-14
ORD-10539,CL-244,distributori,2025-11-14
ORD-10540,CL-244,distributori,2025-11-14
ORD-10541,CL-245,distributori,2025-11-14
ORD-10542,CL-246,distributori,2025-11-14
ORD-10543,CL-251,distributori,2025-11-14
ORD-10544,CL-252,distributori,2025-11-14
ORD-10545,CL-252,distributori,2025-11-14
ORD-10546,CL-253,distributori,2025-11-14
ORD-10547,CL-255,distributori,2025-11-14
ORD-10548,CL-004,diretto,2025-11-17
ORD-10549,CL-008,diretto,2025-11-17
ORD-10550,CL-009,diretto,2025-11-17
ORD-10551,CL-009,diretto,2025-11-17
ORD-10552,CL-011,diretto,2025-11-17
ORD-10553,CL-014,diretto,2025-11-17
ORD-10554,CL-014,diretto,2025-11-17
ORD-10555,CL-014,diretto,2025-11-17
ORD-10556,CL-014,diretto,2025-11-17
ORD-10557,CL-016,diretto,2025-11-17
ORD-10558,CL-017,diretto,2025-11-17
ORD-10559,CL-018,diretto,2025-11-17
ORD-10560,CL-018,diretto,2025-11-17
ORD-10561,CL-026,diretto,2025-11-17
ORD-10562,CL-027,diretto,2025-11-17
ORD-10563,CL-039,diretto,2025-11-17
ORD-10564,CL-043,diretto,2025-11-17
ORD-10565,CL-055,diretto,2025-11-17
ORD-10566,CL-066,diretto,2025-11-17
ORD-10567,CL-074,diretto,2025-11-17
ORD-10568,CL-077,diretto,2025-11-17
ORD-10569,CL-088,diretto,2025-11-17
ORD-10570,CL-107,diretto,2025-11-17
ORD-10571,CL-115,diretto,2025-11-17
ORD-10572,CL-123,diretto,2025-11-17
ORD-10573,CL-220,distributori,2025-11-17
ORD-10574,CL-221,distributori,2025-11-17
ORD-10575,CL-221,distributori,2025-11-17
ORD-10576,CL-224,distributori,2025-11-17
ORD-10577,CL-228,distributori,2025-11-17
ORD-10578,CL-229,distributori,2025-11-17
ORD-10579,CL-230,distributori,2025-11-17
ORD-10580,CL-233,distributori,2025-11-17
ORD-10581,CL-233,distributori,2025-11-17
ORD-10582,CL-236,distributori,2025-11-17
ORD-10583,CL-238,distributori,2025-11-17
ORD-10584,CL-239,distributori,2025-11-17
ORD-10585,CL-240,distributori,2025-11-17
ORD-10586,CL-242,distributori,2025-11-17
ORD-10587,CL-243,distributori,2025-11-17
ORD-10588,CL-244,distributori,2025-11-17
ORD-10589,CL-246,distributori,2025-11-17
ORD-10590,CL-246,distributori,2025-11-17
ORD-10591,CL-249,distributori,2025-11-17
ORD-10592,CL-250,distributori,2025-11-17
ORD-10593,CL-251,distributori,2025-11-17
ORD-10594,CL-252,distributori,2025-11-17
ORD-10595,CL-254,distributori,2025-11-17
ORD-10596,CL-255,distributori,2025-11-17
ORD-10597,CL-258,distributori,2025-11-17
ORD-10598,CL-258,distributori,2025-11-17
ORD-10599,CL-005,diretto,2025-11-18
ORD-10600,CL-005,diretto,2025-11-18
ORD-10601,CL-013,diretto,2025-11-18
ORD-10602,CL-014,diretto,2025-11-18
ORD-10603,CL-014,diretto,2025-11-18
ORD-10604,CL-014,diretto,2025-11-18
ORD-10605,CL-017,diretto,2025-11-18
ORD-10606,CL-019,diretto,2025-11-18
ORD-10607,CL-019,diretto,2025-11-18
ORD-10608,CL-031,diretto,2025-11-18
ORD-10609,CL-031,diretto,2025-11-18
ORD-10610,CL-043,diretto,2025-11-18
ORD-10611,CL-071,diretto,2025-11-18
ORD-10612,CL-088,diretto,2025-11-18
ORD-10613,CL-102,diretto,2025-11-18
ORD-10614,CL-104,diretto,2025-11-18
ORD-10615,CL-121,diretto,2025-11-18
ORD-10616,CL-172,diretto,2025-11-18
ORD-10617,CL-186,diretto,2025-11-18
ORD-10618,CL-187,diretto,2025-11-18
ORD-10619,CL-191,diretto,2025-11-18
ORD-10620,CL-216,diretto,2025-11-18
ORD-10621,CL-217,diretto,2025-11-18
ORD-10622,CL-224,distributori,2025-11-18
ORD-10623,CL-224,distributori,2025-11-18
ORD-10624,CL-224,distributori,2025-11-18
ORD-10625,CL-226,distributori,2025-11-18
ORD-10626,CL-229,distributori,2025-11-18
ORD-10627,CL-236,distributori,2025-11-18
ORD-10628,CL-236,distributori,2025-11-18
ORD-10629,CL-239,distributori,2025-11-18
ORD-10630,CL-240,distributori,2025-11-18
ORD-10631,CL-242,distributori,2025-11-18
ORD-10632,CL-242,distributori,2025-11-18
ORD-10633,CL-242,distributori,2025-11-18
ORD-10634,CL-243,distributori,2025-11-18
ORD-10635,CL-245,distributori,2025-11-18
ORD-10636,CL-245,distributori,2025-11-18
ORD-10637,CL-245,distributori,2025-11-18
ORD-10638,CL-245,distributori,2025-11-18
ORD-10639,CL-249,distributori,2025-11-18
ORD-10640,CL-250,distributori,2025-11-18
ORD-10641,CL-252,distributori,2025-11-18
ORD-10642,CL-252,distributori,2025-11-18
ORD-10643,CL-254,distributori,2025-11-18
ORD-10644,CL-255,distributori,2025-11-18
ORD-10645,CL-256,distributori,2025-11-18
ORD-10646,CL-256,distributori,2025-11-18
ORD-10647,CL-256,distributori,2025-11-18
ORD-10648,CL-258,distributori,2025-11-18
ORD-10649,CL-258,distributori,2025-11-18
ORD-10650,CL-008,diretto,2025-11-19
ORD-10651,CL-008,diretto,2025-11-19
ORD-10652,CL-014,diretto,2025-11-19
ORD-10653,CL-014,diretto,2025-11-19
ORD-10654,CL-014,diretto,2025-11-19
ORD-10655,CL-018,diretto,2025-11-19
ORD-10656,CL-019,diretto,2025-11-19
ORD-10657,CL-028,diretto,2025-11-19
ORD-10658,CL-033,diretto,2025-11-19
ORD-10659,CL-034,diretto,2025-11-19
ORD-10660,CL-037,diretto,2025-11-19
ORD-10661,CL-117,diretto,2025-11-19
ORD-10662,CL-124,diretto,2025-11-19
ORD-10663,CL-140,diretto,2025-11-19
ORD-10664,CL-148,diretto,2025-11-19
ORD-10665,CL-163,diretto,2025-11-19
ORD-10666,CL-175,diretto,2025-11-19
ORD-10667,CL-187,diretto,2025-11-19
ORD-10668,CL-192,diretto,2025-11-19
ORD-10669,CL-193,diretto,2025-11-19
ORD-10670,CL-194,diretto,2025-11-19
ORD-10671,CL-212,diretto,2025-11-19
ORD-10672,CL-224,distributori,2025-11-19
ORD-10673,CL-224,distributori,2025-11-19
ORD-10674,CL-226,distributori,2025-11-19
ORD-10675,CL-228,distributori,2025-11-19
ORD-10676,CL-230,distributori,2025-11-19
ORD-10677,CL-231,distributori,2025-11-19
ORD-10678,CL-231,distributori,2025-11-19
ORD-10679,CL-231,distributori,2025-11-19
ORD-10680,CL-233,distributori,2025-11-19
ORD-10681,CL-238,distributori,2025-11-19
ORD-10682,CL-241,distributori,2025-11-19
ORD-10683,CL-243,distributori,2025-11-19
ORD-10684,CL-244,distributori,2025-11-19
ORD-10685,CL-244,distributori,2025-11-19
ORD-10686,CL-247,distributori,2025-11-19
ORD-10687,CL-251,distributori,2025-11-19
ORD-10688,CL-251,distributori,2025-11-19
ORD-10689,CL-252,distributori,2025-11-19
ORD-10690,CL-253,distributori,2025-11-19
ORD-10691,CL-253,distributori,2025-11-19
ORD-10692,CL-254,distributori,2025-11-19
ORD-10693,CL-257,distributori,2025-11-19
ORD-10694,CL-258,distributori,2025-11-19
ORD-10695,CL-010,diretto,2025-11-20
ORD-10696,CL-012,diretto,2025-11-20
ORD-10697,CL-014,diretto,2025-11-20
ORD-10698,CL-018,diretto,2025-11-20
ORD-10699,CL-027,diretto,2025-11-20
ORD-10700,CL-030,diretto,2025-11-20
ORD-10701,CL-031,diretto,2025-11-20
ORD-10702,CL-033,diretto,2025-11-20
ORD-10703,CL-038,diretto,2025-11-20
ORD-10704,CL-055,diretto,2025-11-20
ORD-10705,CL-106,diretto,2025-11-20
ORD-10706,CL-112,diretto,2025-11-20
ORD-10707,CL-117,diretto,2025-11-20
ORD-10708,CL-124,diretto,2025-11-20
ORD-10709,CL-180,diretto,2025-11-20
ORD-10710,CL-196,diretto,2025-11-20
ORD-10711,CL-199,diretto,2025-11-20
ORD-10712,CL-204,diretto,2025-11-20
ORD-10713,CL-205,diretto,2025-11-20
ORD-10714,CL-220,distributori,2025-11-20
ORD-10715,CL-222,distributori,2025-11-20
ORD-10716,CL-228,distributori,2025-11-20
ORD-10717,CL-232,distributori,2025-11-20
ORD-10718,CL-232,distributori,2025-11-20
ORD-10719,CL-235,distributori,2025-11-20
ORD-10720,CL-238,distributori,2025-11-20
ORD-10721,CL-239,distributori,2025-11-20
ORD-10722,CL-239,distributori,2025-11-20
ORD-10723,CL-242,distributori,2025-11-20
ORD-10724,CL-242,distributori,2025-11-20
ORD-10725,CL-243,distributori,2025-11-20
ORD-10726,CL-244,distributori,2025-11-20
ORD-10727,CL-245,distributori,2025-11-20
ORD-10728,CL-245,distributori,2025-11-20
ORD-10729,CL-245,distributori,2025-11-20
ORD-10730,CL-245,distributori,2025-11-20
ORD-10731,CL-247,distributori,2025-11-20
ORD-10732,CL-247,distributori,2025-11-20
ORD-10733,CL-249,distributori,2025-11-20
ORD-10734,CL-250,distributori,2025-11-20
ORD-10735,CL-250,distributori,2025-11-20
ORD-10736,CL-250,distributori,2025-11-20
ORD-10737,CL-251,distributori,2025-11-20
ORD-10738,CL-252,distributori,2025-11-20
ORD-10739,CL-252,distributori,2025-11-20
ORD-10740,CL-252,distributori,2025-11-20
ORD-10741,CL-253,distributori,2025-11-20
ORD-10742,CL-255,distributori,2025-11-20
ORD-10743,CL-002,diretto,2025-11-21
ORD-10744,CL-007,diretto,2025-11-21
ORD-10745,CL-008,diretto,2025-11-21
ORD-10746,CL-009,diretto,2025-11-21
ORD-10747,CL-010,diretto,2025-11-21
ORD-10748,CL-010,diretto,2025-11-21
ORD-10749,CL-011,diretto,2025-11-21
ORD-10750,CL-014,diretto,2025-11-21
ORD-10751,CL-014,diretto,2025-11-21
ORD-10752,CL-014,diretto,2025-11-21
ORD-10753,CL-014,diretto,2025-11-21
ORD-10754,CL-015,diretto,2025-11-21
ORD-10755,CL-029,diretto,2025-11-21
ORD-10756,CL-029,diretto,2025-11-21
ORD-10757,CL-032,diretto,2025-11-21
ORD-10758,CL-072,diretto,2025-11-21
ORD-10759,CL-125,diretto,2025-11-21
ORD-10760,CL-153,diretto,2025-11-21
ORD-10761,CL-166,diretto,2025-11-21
ORD-10762,CL-171,diretto,2025-11-21
ORD-10763,CL-176,diretto,2025-11-21
ORD-10764,CL-192,diretto,2025-11-21
ORD-10765,CL-206,diretto,2025-11-21
ORD-10766,CL-207,diretto,2025-11-21
ORD-10767,CL-209,diretto,2025-11-21
ORD-10768,CL-215,diretto,2025-11-21
ORD-10769,CL-218,diretto,2025-11-21
ORD-10770,CL-224,distributori,2025-11-21
ORD-10771,CL-226,distributori,2025-11-21
ORD-10772,CL-227,distributori,2025-11-21
ORD-10773,CL-230,distributori,2025-11-21
ORD-10774,CL-235,distributori,2025-11-21
ORD-10775,CL-235,distributori,2025-11-21
ORD-10776,CL-236,distributori,2025-11-21
ORD-10777,CL-236,distributori,2025-11-21
ORD-10778,CL-239,distributori,2025-11-21
ORD-10779,CL-242,distributori,2025-11-21
ORD-10780,CL-243,distributori,2025-11-21
ORD-10781,CL-247,distributori,2025-11-21
ORD-10782,CL-248,distributori,2025-11-21
ORD-10783,CL-249,distributori,2025-11-21
ORD-10784,CL-249,distributori,2025-11-21
ORD-10785,CL-250,distributori,2025-11-21
ORD-10786,CL-257,distributori,2025-11-21
ORD-10787,CL-002,diretto,2025-11-24
ORD-10788,CL-007,diretto,2025-11-24
ORD-10789,CL-008,diretto,2025-11-24
ORD-10790,CL-009,diretto,2025-11-24
ORD-10791,CL-011,diretto,2025-11-24
ORD-10792,CL-012,diretto,2025-11-24
ORD-10793,CL-014,diretto,2025-11-24
ORD-10794,CL-016,diretto,2025-11-24
ORD-10795,CL-022,diretto,2025-11-24
ORD-10796,CL-024,diretto,2025-11-24
ORD-10797,CL-026,diretto,2025-11-24
ORD-10798,CL-027,diretto,2025-11-24
ORD-10799,CL-027,diretto,2025-11-24
ORD-10800,CL-028,diretto,2025-11-24
ORD-10801,CL-032,diretto,2025-11-24
ORD-10802,CL-056,diretto,2025-11-24
ORD-10803,CL-062,diretto,2025-11-24
ORD-10804,CL-093,diretto,2025-11-24
ORD-10805,CL-098,diretto,2025-11-24
ORD-10806,CL-114,diretto,2025-11-24
ORD-10807,CL-121,diretto,2025-11-24
ORD-10808,CL-123,diretto,2025-11-24
ORD-10809,CL-129,diretto,2025-11-24
ORD-10810,CL-137,diretto,2025-11-24
ORD-10811,CL-160,diretto,2025-11-24
ORD-10812,CL-164,diretto,2025-11-24
ORD-10813,CL-191,diretto,2025-11-24
ORD-10814,CL-199,diretto,2025-11-24
ORD-10815,CL-209,diretto,2025-11-24
ORD-10816,CL-223,distributori,2025-11-24
ORD-10817,CL-224,distributori,2025-11-24
ORD-10818,CL-225,distributori,2025-11-24
ORD-10819,CL-226,distributori,2025-11-24
ORD-10820,CL-226,distributori,2025-11-24
ORD-10821,CL-229,distributori,2025-11-24
ORD-10822,CL-230,distributori,2025-11-24
ORD-10823,CL-230,distributori,2025-11-24
ORD-10824,CL-232,distributori,2025-11-24
ORD-10825,CL-236,distributori,2025-11-24
ORD-10826,CL-236,distributori,2025-11-24
ORD-10827,CL-238,distributori,2025-11-24
ORD-10828,CL-239,distributori,2025-11-24
ORD-10829,CL-240,distributori,2025-11-24
ORD-10830,CL-242,distributori,2025-11-24
ORD-10831,CL-242,distributori,2025-11-24
ORD-10832,CL-243,distributori,2025-11-24
ORD-10833,CL-246,distributori,2025-11-24
ORD-10834,CL-248,distributori,2025-11-24
ORD-10835,CL-249,distributori,2025-11-24
ORD-10836,CL-249,distributori,2025-11-24
ORD-10837,CL-251,distributori,2025-11-24
ORD-10838,CL-252,distributori,2025-11-24
ORD-10839,CL-258,distributori,2025-11-24
ORD-10840,CL-002,diretto,2025-11-25
ORD-10841,CL-003,diretto,2025-11-25
ORD-10842,CL-006,diretto,2025-11-25
ORD-10843,CL-006,diretto,2025-11-25
ORD-10844,CL-009,diretto,2025-11-25
ORD-10845,CL-014,diretto,2025-11-25
ORD-10846,CL-014,diretto,2025-11-25
ORD-10847,CL-014,diretto,2025-11-25
ORD-10848,CL-017,diretto,2025-11-25
ORD-10849,CL-024,diretto,2025-11-25
ORD-10850,CL-024,diretto,2025-11-25
ORD-10851,CL-027,diretto,2025-11-25
ORD-10852,CL-028,diretto,2025-11-25
ORD-10853,CL-031,diretto,2025-11-25
ORD-10854,CL-036,diretto,2025-11-25
ORD-10855,CL-061,diretto,2025-11-25
ORD-10856,CL-074,diretto,2025-11-25
ORD-10857,CL-078,diretto,2025-11-25
ORD-10858,CL-080,diretto,2025-11-25
ORD-10859,CL-091,diretto,2025-11-25
ORD-10860,CL-093,diretto,2025-11-25
ORD-10861,CL-093,diretto,2025-11-25
ORD-10862,CL-094,diretto,2025-11-25
ORD-10863,CL-119,diretto,2025-11-25
ORD-10864,CL-130,diretto,2025-11-25
ORD-10865,CL-145,diretto,2025-11-25
ORD-10866,CL-157,diretto,2025-11-25
ORD-10867,CL-189,diretto,2025-11-25
ORD-10868,CL-220,distributori,2025-11-25
ORD-10869,CL-221,distributori,2025-11-25
ORD-10870,CL-223,distributori,2025-11-25
ORD-10871,CL-224,distributori,2025-11-25
ORD-10872,CL-224,distributori,2025-11-25
ORD-10873,CL-224,distributori,2025-11-25
ORD-10874,CL-225,distributori,2025-11-25
ORD-10875,CL-229,distributori,2025-11-25
ORD-10876,CL-232,distributori,2025-11-25
ORD-10877,CL-237,distributori,2025-11-25
ORD-10878,CL-240,distributori,2025-11-25
ORD-10879,CL-242,distributori,2025-11-25
ORD-10880,CL-244,distributori,2025-11-25
ORD-10881,CL-246,distributori,2025-11-25
ORD-10882,CL-248,distributori,2025-11-25
ORD-10883,CL-249,distributori,2025-11-25
ORD-10884,CL-252,distributori,2025-11-25
ORD-10885,CL-252,distributori,2025-11-25
ORD-10886,CL-255,distributori,2025-11-25
ORD-10887,CL-258,distributori,2025-11-25
ORD-10888,CL-004,diretto,2025-11-26
ORD-10889,CL-006,diretto,2025-11-26
ORD-10890,CL-009,diretto,2025-11-26
ORD-10891,CL-016,diretto,2025-11-26
ORD-10892,CL-018,diretto,2025-11-26
ORD-10893,CL-023,diretto,2025-11-26
ORD-10894,CL-024,diretto,2025-11-26
ORD-10895,CL-025,diretto,2025-11-26
ORD-10896,CL-026,diretto,2025-11-26
ORD-10897,CL-027,diretto,2025-11-26
ORD-10898,CL-027,diretto,2025-11-26
ORD-10899,CL-028,diretto,2025-11-26
ORD-10900,CL-029,diretto,2025-11-26
ORD-10901,CL-029,diretto,2025-11-26
ORD-10902,CL-031,diretto,2025-11-26
ORD-10903,CL-032,diretto,2025-11-26
ORD-10904,CL-057,diretto,2025-11-26
ORD-10905,CL-076,diretto,2025-11-26
ORD-10906,CL-091,diretto,2025-11-26
ORD-10907,CL-094,diretto,2025-11-26
ORD-10908,CL-101,diretto,2025-11-26
ORD-10909,CL-109,diretto,2025-11-26
ORD-10910,CL-137,diretto,2025-11-26
ORD-10911,CL-139,diretto,2025-11-26
ORD-10912,CL-139,diretto,2025-11-26
ORD-10913,CL-147,diretto,2025-11-26
ORD-10914,CL-158,diretto,2025-11-26
ORD-10915,CL-177,diretto,2025-11-26
ORD-10916,CL-180,diretto,2025-11-26
ORD-10917,CL-205,diretto,2025-11-26
ORD-10918,CL-212,diretto,2025-11-26
ORD-10919,CL-213,diretto,2025-11-26
ORD-10920,CL-213,diretto,2025-11-26
ORD-10921,CL-219,distributori,2025-11-26
ORD-10922,CL-222,distributori,2025-11-26
ORD-10923,CL-224,distributori,2025-11-26
ORD-10924,CL-224,distributori,2025-11-26
ORD-10925,CL-226,distributori,2025-11-26
ORD-10926,CL-228,distributori,2025-11-26
ORD-10927,CL-232,distributori,2025-11-26
ORD-10928,CL-237,distributori,2025-11-26
ORD-10929,CL-237,distributori,2025-11-26
ORD-10930,CL-238,distributori,2025-11-26
ORD-10931,CL-239,distributori,2025-11-26
ORD-10932,CL-241,distributori,2025-11-26
ORD-10933,CL-245,distributori,2025-11-26
ORD-10934,CL-245,distributori,2025-11-26
ORD-10935,CL-250,distributori,2025-11-26
ORD-10936,CL-252,distributori,2025-11-26
ORD-10937,CL-254,distributori,2025-11-26
ORD-10938,CL-002,diretto,2025-11-27
ORD-10939,CL-004,diretto,2025-11-27
ORD-10940,CL-007,diretto,2025-11-27
ORD-10941,CL-007,diretto,2025-11-27
ORD-10942,CL-013,diretto,2025-11-27
ORD-10943,CL-014,diretto,2025-11-27
ORD-10944,CL-014,diretto,2025-11-27
ORD-10945,CL-018,diretto,2025-11-27
ORD-10946,CL-020,diretto,2025-11-27
ORD-10947,CL-020,diretto,2025-11-27
ORD-10948,CL-032,diretto,2025-11-27
ORD-10949,CL-032,diretto,2025-11-27
ORD-10950,CL-032,diretto,2025-11-27
ORD-10951,CL-033,diretto,2025-11-27
ORD-10952,CL-042,diretto,2025-11-27
ORD-10953,CL-070,diretto,2025-11-27
ORD-10954,CL-072,diretto,2025-11-27
ORD-10955,CL-109,diretto,2025-11-27
ORD-10956,CL-112,diretto,2025-11-27
ORD-10957,CL-118,diretto,2025-11-27
ORD-10958,CL-119,diretto,2025-11-27
ORD-10959,CL-124,diretto,2025-11-27
ORD-10960,CL-125,diretto,2025-11-27
ORD-10961,CL-131,diretto,2025-11-27
ORD-10962,CL-216,diretto,2025-11-27
ORD-10963,CL-220,distributori,2025-11-27
ORD-10964,CL-224,distributori,2025-11-27
ORD-10965,CL-225,distributori,2025-11-27
ORD-10966,CL-228,distributori,2025-11-27
ORD-10967,CL-228,distributori,2025-11-27
ORD-10968,CL-230,distributori,2025-11-27
ORD-10969,CL-231,distributori,2025-11-27
ORD-10970,CL-236,distributori,2025-11-27
ORD-10971,CL-237,distributori,2025-11-27
ORD-10972,CL-238,distributori,2025-11-27
ORD-10973,CL-239,distributori,2025-11-27
ORD-10974,CL-241,distributori,2025-11-27
ORD-10975,CL-244,distributori,2025-11-27
ORD-10976,CL-244,distributori,2025-11-27
ORD-10977,CL-246,distributori,2025-11-27
ORD-10978,CL-251,distributori,2025-11-27
ORD-10979,CL-252,distributori,2025-11-27
ORD-10980,CL-252,distributori,2025-11-27
ORD-10981,CL-255,distributori,2025-11-27
ORD-10982,CL-256,distributori,2025-11-27
ORD-10983,CL-003,diretto,2025-11-28
ORD-10984,CL-004,diretto,2025-11-28
ORD-10985,CL-011,diretto,2025-11-28
ORD-10986,CL-014,diretto,2025-11-28
ORD-10987,CL-014,diretto,2025-11-28
ORD-10988,CL-014,diretto,2025-11-28
ORD-10989,CL-023,diretto,2025-11-28
ORD-10990,CL-023,diretto,2025-11-28
ORD-10991,CL-023,diretto,2025-11-28
ORD-10992,CL-039,diretto,2025-11-28
ORD-10993,CL-061,diretto,2025-11-28
ORD-10994,CL-068,diretto,2025-11-28
ORD-10995,CL-112,diretto,2025-11-28
ORD-10996,CL-128,diretto,2025-11-28
ORD-10997,CL-144,diretto,2025-11-28
ORD-10998,CL-161,diretto,2025-11-28
ORD-10999,CL-178,diretto,2025-11-28
ORD-11000,CL-190,diretto,2025-11-28
ORD-11001,CL-204,diretto,2025-11-28
ORD-11002,CL-224,distributori,2025-11-28
ORD-11003,CL-226,distributori,2025-11-28
ORD-11004,CL-226,distributori,2025-11-28
ORD-11005,CL-226,distributori,2025-11-28
ORD-11006,CL-227,distributori,2025-11-28
ORD-11007,CL-228,distributori,2025-11-28
ORD-11008,CL-229,distributori,2025-11-28
ORD-11009,CL-232,distributori,2025-11-28
ORD-11010,CL-236,distributori,2025-11-28
ORD-11011,CL-238,distributori,2025-11-28
ORD-11012,CL-244,distributori,2025-11-28
ORD-11013,CL-244,distributori,2025-11-28
ORD-11014,CL-244,distributori,2025-11-28
ORD-11015,CL-245,distributori,2025-11-28
ORD-11016,CL-249,distributori,2025-11-28
ORD-11017,CL-250,distributori,2025-11-28
ORD-11018,CL-252,distributori,2025-11-28
ORD-11019,CL-254,distributori,2025-11-28
ORD-11020,CL-257,distributori,2025-11-28
ORD-11021,CL-003,diretto,2025-12-01
ORD-11022,CL-003,diretto,2025-12-01
ORD-11023,CL-004,diretto,2025-12-01
ORD-11024,CL-005,diretto,2025-12-01
ORD-11025,CL-008,diretto,2025-12-01
ORD-11026,CL-008,diretto,2025-12-01
ORD-11027,CL-013,diretto,2025-12-01
ORD-11028,CL-019,diretto,2025-12-01
ORD-11029,CL-021,diretto,2025-12-01
ORD-11030,CL-028,diretto,2025-12-01
ORD-11031,CL-030,diretto,2025-12-01
ORD-11032,CL-032,diretto,2025-12-01
ORD-11033,CL-054,diretto,2025-12-01
ORD-11034,CL-103,diretto,2025-12-01
ORD-11035,CL-105,diretto,2025-12-01
ORD-11036,CL-139,diretto,2025-12-01
ORD-11037,CL-157,diretto,2025-12-01
ORD-11038,CL-174,diretto,2025-12-01
ORD-11039,CL-180,diretto,2025-12-01
ORD-11040,CL-185,diretto,2025-12-01
ORD-11041,CL-194,diretto,2025-12-01
ORD-11042,CL-198,diretto,2025-12-01
ORD-11043,CL-218,diretto,2025-12-01
ORD-11044,CL-222,distributori,2025-12-01
ORD-11045,CL-223,distributori,2025-12-01
ORD-11046,CL-224,distributori,2025-12-01
ORD-11047,CL-225,distributori,2025-12-01
ORD-11048,CL-227,distributori,2025-12-01
ORD-11049,CL-228,distributori,2025-12-01
ORD-11050,CL-228,distributori,2025-12-01
ORD-11051,CL-230,distributori,2025-12-01
ORD-11052,CL-231,distributori,2025-12-01
ORD-11053,CL-235,distributori,2025-12-01
ORD-11054,CL-236,distributori,2025-12-01
ORD-11055,CL-240,distributori,2025-12-01
ORD-11056,CL-243,distributori,2025-12-01
ORD-11057,CL-247,distributori,2025-12-01
ORD-11058,CL-249,distributori,2025-12-01
ORD-11059,CL-251,distributori,2025-12-01
ORD-11060,CL-251,distributori,2025-12-01
ORD-11061,CL-252,distributori,2025-12-01
ORD-11062,CL-252,distributori,2025-12-01
ORD-11063,CL-254,distributori,2025-12-01
ORD-11064,CL-255,distributori,2025-12-01
ORD-11065,CL-001,diretto,2025-12-02
ORD-11066,CL-002,diretto,2025-12-02
ORD-11067,CL-002,diretto,2025-12-02
ORD-11068,CL-007,diretto,2025-12-02
ORD-11069,CL-007,diretto,2025-12-02
ORD-11070,CL-009,diretto,2025-12-02
ORD-11071,CL-026,diretto,2025-12-02
ORD-11072,CL-031,diretto,2025-12-02
ORD-11073,CL-031,diretto,2025-12-02
ORD-11074,CL-033,diretto,2025-12-02
ORD-11075,CL-033,diretto,2025-12-02
ORD-11076,CL-046,diretto,2025-12-02
ORD-11077,CL-099,diretto,2025-12-02
ORD-11078,CL-117,diretto,2025-12-02
ORD-11079,CL-165,diretto,2025-12-02
ORD-11080,CL-173,diretto,2025-12-02
ORD-11081,CL-190,diretto,2025-12-02
ORD-11082,CL-217,diretto,2025-12-02
ORD-11083,CL-224,distributori,2025-12-02
ORD-11084,CL-224,distributori,2025-12-02
ORD-11085,CL-224,distributori,2025-12-02
ORD-11086,CL-225,distributori,2025-12-02
ORD-11087,CL-229,distributori,2025-12-02
ORD-11088,CL-230,distributori,2025-12-02
ORD-11089,CL-230,distributori,2025-12-02
ORD-11090,CL-230,distributori,2025-12-02
ORD-11091,CL-232,distributori,2025-12-02
ORD-11092,CL-233,distributori,2025-12-02
ORD-11093,CL-238,distributori,2025-12-02
ORD-11094,CL-238,distributori,2025-12-02
ORD-11095,CL-239,distributori,2025-12-02
ORD-11096,CL-239,distributori,2025-12-02
ORD-11097,CL-242,distributori,2025-12-02
ORD-11098,CL-245,distributori,2025-12-02
ORD-11099,CL-251,distributori,2025-12-02
ORD-11100,CL-251,distributori,2025-12-02
ORD-11101,CL-251,distributori,2025-12-02
ORD-11102,CL-252,distributori,2025-12-02
ORD-11103,CL-256,distributori,2025-12-02
ORD-11104,CL-258,distributori,2025-12-02
ORD-11105,CL-258,distributori,2025-12-02
ORD-11106,CL-002,diretto,2025-12-03
ORD-11107,CL-003,diretto,2025-12-03
ORD-11108,CL-004,diretto,2025-12-03
ORD-11109,CL-014,diretto,2025-12-03
ORD-11110,CL-020,diretto,2025-12-03
ORD-11111,CL-022,diretto,2025-12-03
ORD-11112,CL-026,diretto,2025-12-03
ORD-11113,CL-031,diretto,2025-12-03
ORD-11114,CL-032,diretto,2025-12-03
ORD-11115,CL-052,diretto,2025-12-03
ORD-11116,CL-144,diretto,2025-12-03
ORD-11117,CL-147,diretto,2025-12-03
ORD-11118,CL-161,diretto,2025-12-03
ORD-11119,CL-194,diretto,2025-12-03
ORD-11120,CL-198,diretto,2025-12-03
ORD-11121,CL-200,diretto,2025-12-03
ORD-11122,CL-200,diretto,2025-12-03
ORD-11123,CL-211,diretto,2025-12-03
ORD-11124,CL-219,distributori,2025-12-03
ORD-11125,CL-220,distributori,2025-12-03
ORD-11126,CL-221,distributori,2025-12-03
ORD-11127,CL-221,distributori,2025-12-03
ORD-11128,CL-223,distributori,2025-12-03
ORD-11129,CL-225,distributori,2025-12-03
ORD-11130,CL-226,distributori,2025-12-03
ORD-11131,CL-226,distributori,2025-12-03
ORD-11132,CL-230,distributori,2025-12-03
ORD-11133,CL-235,distributori,2025-12-03
ORD-11134,CL-242,distributori,2025-12-03
ORD-11135,CL-245,distributori,2025-12-03
ORD-11136,CL-250,distributori,2025-12-03
ORD-11137,CL-252,distributori,2025-12-03
ORD-11138,CL-252,distributori,2025-12-03
ORD-11139,CL-252,distributori,2025-12-03
ORD-11140,CL-252,distributori,2025-12-03
ORD-11141,CL-001,diretto,2025-12-04
ORD-11142,CL-002,diretto,2025-12-04
ORD-11143,CL-003,diretto,2025-12-04
ORD-11144,CL-005,diretto,2025-12-04
ORD-11145,CL-005,diretto,2025-12-04
ORD-11146,CL-010,diretto,2025-12-04
ORD-11147,CL-014,diretto,2025-12-04
ORD-11148,CL-014,diretto,2025-12-04
ORD-11149,CL-028,diretto,2025-12-04
ORD-11150,CL-029,diretto,2025-12-04
ORD-11151,CL-032,diretto,2025-12-04
ORD-11152,CL-032,diretto,2025-12-04
ORD-11153,CL-054,diretto,2025-12-04
ORD-11154,CL-061,diretto,2025-12-04
ORD-11155,CL-074,diretto,2025-12-04
ORD-11156,CL-080,diretto,2025-12-04
ORD-11157,CL-086,diretto,2025-12-04
ORD-11158,CL-128,diretto,2025-12-04
ORD-11159,CL-172,diretto,2025-12-04
ORD-11160,CL-176,diretto,2025-12-04
ORD-11161,CL-177,diretto,2025-12-04
ORD-11162,CL-202,diretto,2025-12-04
ORD-11163,CL-208,diretto,2025-12-04
ORD-11164,CL-209,diretto,2025-12-04
ORD-11165,CL-217,diretto,2025-12-04
ORD-11166,CL-218,diretto,2025-12-04
ORD-11167,CL-221,distributori,2025-12-04
ORD-11168,CL-225,distributori,2025-12-04
ORD-11169,CL-229,distributori,2025-12-04
ORD-11170,CL-229,distributori,2025-12-04
ORD-11171,CL-230,distributori,2025-12-04
ORD-11172,CL-233,distributori,2025-12-04
ORD-11173,CL-237,distributori,2025-12-04
ORD-11174,CL-238,distributori,2025-12-04
ORD-11175,CL-245,distributori,2025-12-04
ORD-11176,CL-249,distributori,2025-12-04
ORD-11177,CL-249,distributori,2025-12-04
ORD-11178,CL-249,distributori,2025-12-04
ORD-11179,CL-252,distributori,2025-12-04
ORD-11180,CL-252,distributori,2025-12-04
ORD-11181,CL-255,distributori,2025-12-04
ORD-11182,CL-255,distributori,2025-12-04
ORD-11183,CL-257,distributori,2025-12-04
ORD-11184,CL-258,distributori,2025-12-04
ORD-11185,CL-007,diretto,2025-12-05
ORD-11186,CL-014,diretto,2025-12-05
ORD-11187,CL-018,diretto,2025-12-05
ORD-11188,CL-019,diretto,2025-12-05
ORD-11189,CL-023,diretto,2025-12-05
ORD-11190,CL-025,diretto,2025-12-05
ORD-11191,CL-028,diretto,2025-12-05
ORD-11192,CL-029,diretto,2025-12-05
ORD-11193,CL-030,diretto,2025-12-05
ORD-11194,CL-032,diretto,2025-12-05
ORD-11195,CL-032,diretto,2025-12-05
ORD-11196,CL-039,diretto,2025-12-05
ORD-11197,CL-046,diretto,2025-12-05
ORD-11198,CL-062,diretto,2025-12-05
ORD-11199,CL-097,diretto,2025-12-05
ORD-11200,CL-121,diretto,2025-12-05
ORD-11201,CL-150,diretto,2025-12-05
ORD-11202,CL-154,diretto,2025-12-05
ORD-11203,CL-156,diretto,2025-12-05
ORD-11204,CL-159,diretto,2025-12-05
ORD-11205,CL-161,diretto,2025-12-05
ORD-11206,CL-175,diretto,2025-12-05
ORD-11207,CL-175,diretto,2025-12-05
ORD-11208,CL-183,diretto,2025-12-05
ORD-11209,CL-183,diretto,2025-12-05
ORD-11210,CL-216,diretto,2025-12-05
ORD-11211,CL-216,diretto,2025-12-05
ORD-11212,CL-219,distributori,2025-12-05
ORD-11213,CL-219,distributori,2025-12-05
ORD-11214,CL-220,distributori,2025-12-05
ORD-11215,CL-224,distributori,2025-12-05
ORD-11216,CL-228,distributori,2025-12-05
ORD-11217,CL-230,distributori,2025-12-05
ORD-11218,CL-230,distributori,2025-12-05
ORD-11219,CL-230,distributori,2025-12-05
ORD-11220,CL-231,distributori,2025-12-05
ORD-11221,CL-231,distributori,2025-12-05
ORD-11222,CL-232,distributori,2025-12-05
ORD-11223,CL-234,distributori,2025-12-05
ORD-11224,CL-237,distributori,2025-12-05
ORD-11225,CL-237,distributori,2025-12-05
ORD-11226,CL-238,distributori,2025-12-05
ORD-11227,CL-238,distributori,2025-12-05
ORD-11228,CL-242,distributori,2025-12-05
ORD-11229,CL-242,distributori,2025-12-05
ORD-11230,CL-242,distributori,2025-12-05
ORD-11231,CL-242,distributori,2025-12-05
ORD-11232,CL-243,distributori,2025-12-05
ORD-11233,CL-243,distributori,2025-12-05
ORD-11234,CL-245,distributori,2025-12-05
ORD-11235,CL-245,distributori,2025-12-05
ORD-11236,CL-246,distributori,2025-12-05
ORD-11237,CL-247,distributori,2025-12-05
ORD-11238,CL-251,distributori,2025-12-05
ORD-11239,CL-255,distributori,2025-12-05
ORD-11240,CL-255,distributori,2025-12-05
ORD-11241,CL-257,distributori,2025-12-05
ORD-11242,CL-258,distributori,2025-12-05
ORD-11243,CL-004,diretto,2025-12-09
ORD-11244,CL-004,diretto,2025-12-09
ORD-11245,CL-006,diretto,2025-12-09
ORD-11246,CL-011,diretto,2025-12-09
ORD-11247,CL-012,diretto,2025-12-09
ORD-11248,CL-014,diretto,2025-12-09
ORD-11249,CL-014,diretto,2025-12-09
ORD-11250,CL-017,diretto,2025-12-09
ORD-11251,CL-018,diretto,2025-12-09
ORD-11252,CL-020,diretto,2025-12-09
ORD-11253,CL-024,diretto,2025-12-09
ORD-11254,CL-026,diretto,2025-12-09
ORD-11255,CL-067,diretto,2025-12-09
ORD-11256,CL-099,diretto,2025-12-09
ORD-11257,CL-110,diretto,2025-12-09
ORD-11258,CL-134,diretto,2025-12-09
ORD-11259,CL-141,diretto,2025-12-09
ORD-11260,CL-145,diretto,2025-12-09
ORD-11261,CL-176,diretto,2025-12-09
ORD-11262,CL-177,diretto,2025-12-09
ORD-11263,CL-190,diretto,2025-12-09
ORD-11264,CL-200,diretto,2025-12-09
ORD-11265,CL-212,diretto,2025-12-09
ORD-11266,CL-222,distributori,2025-12-09
ORD-11267,CL-222,distributori,2025-12-09
ORD-11268,CL-224,distributori,2025-12-09
ORD-11269,CL-224,distributori,2025-12-09
ORD-11270,CL-226,distributori,2025-12-09
ORD-11271,CL-227,distributori,2025-12-09
ORD-11272,CL-228,distributori,2025-12-09
ORD-11273,CL-228,distributori,2025-12-09
ORD-11274,CL-235,distributori,2025-12-09
ORD-11275,CL-238,distributori,2025-12-09
ORD-11276,CL-242,distributori,2025-12-09
ORD-11277,CL-243,distributori,2025-12-09
ORD-11278,CL-243,distributori,2025-12-09
ORD-11279,CL-244,distributori,2025-12-09
ORD-11280,CL-249,distributori,2025-12-09
ORD-11281,CL-252,distributori,2025-12-09
ORD-11282,CL-252,distributori,2025-12-09
ORD-11283,CL-255,distributori,2025-12-09
ORD-11284,CL-002,diretto,2025-12-10
ORD-11285,CL-004,diretto,2025-12-10
ORD-11286,CL-005,diretto,2025-12-10
ORD-11287,CL-014,diretto,2025-12-10
ORD-11288,CL-023,diretto,2025-12-10
ORD-11289,CL-026,diretto,2025-12-10
ORD-11290,CL-040,diretto,2025-12-10
ORD-11291,CL-061,diretto,2025-12-10
ORD-11292,CL-066,diretto,2025-12-10
ORD-11293,CL-081,diretto,2025-12-10
ORD-11294,CL-093,diretto,2025-12-10
ORD-11295,CL-106,diretto,2025-12-10
ORD-11296,CL-108,diretto,2025-12-10
ORD-11297,CL-129,diretto,2025-12-10
ORD-11298,CL-145,diretto,2025-12-10
ORD-11299,CL-174,diretto,2025-12-10
ORD-11300,CL-200,diretto,2025-12-10
ORD-11301,CL-209,diretto,2025-12-10
ORD-11302,CL-210,diretto,2025-12-10
ORD-11303,CL-219,distributori,2025-12-10
ORD-11304,CL-226,distributori,2025-12-10
ORD-11305,CL-227,distributori,2025-12-10
ORD-11306,CL-228,distributori,2025-12-10
ORD-11307,CL-229,distributori,2025-12-10
ORD-11308,CL-230,distributori,2025-12-10
ORD-11309,CL-231,distributori,2025-12-10
ORD-11310,CL-234,distributori,2025-12-10
ORD-11311,CL-234,distributori,2025-12-10
ORD-11312,CL-235,distributori,2025-12-10
ORD-11313,CL-240,distributori,2025-12-10
ORD-11314,CL-241,distributori,2025-12-10
ORD-11315,CL-242,distributori,2025-12-10
ORD-11316,CL-243,distributori,2025-12-10
ORD-11317,CL-243,distributori,2025-12-10
ORD-11318,CL-244,distributori,2025-12-10
ORD-11319,CL-244,distributori,2025-12-10
ORD-11320,CL-249,distributori,2025-12-10
ORD-11321,CL-249,distributori,2025-12-10
ORD-11322,CL-250,distributori,2025-12-10
ORD-11323,CL-251,distributori,2025-12-10
ORD-11324,CL-252,distributori,2025-12-10
ORD-11325,CL-253,distributori,2025-12-10
ORD-11326,CL-002,diretto,2025-12-11
ORD-11327,CL-003,diretto,2025-12-11
ORD-11328,CL-006,diretto,2025-12-11
ORD-11329,CL-014,diretto,2025-12-11
ORD-11330,CL-014,diretto,2025-12-11
ORD-11331,CL-017,diretto,2025-12-11
ORD-11332,CL-019,diretto,2025-12-11
ORD-11333,CL-020,diretto,2025-12-11
ORD-11334,CL-023,diretto,2025-12-11
ORD-11335,CL-025,diretto,2025-12-11
ORD-11336,CL-026,diretto,2025-12-11
ORD-11337,CL-027,diretto,2025-12-11
ORD-11338,CL-032,diretto,2025-12-11
ORD-11339,CL-032,diretto,2025-12-11
ORD-11340,CL-034,diretto,2025-12-11
ORD-11341,CL-057,diretto,2025-12-11
ORD-11342,CL-061,diretto,2025-12-11
ORD-11343,CL-062,diretto,2025-12-11
ORD-11344,CL-066,diretto,2025-12-11
ORD-11345,CL-075,diretto,2025-12-11
ORD-11346,CL-089,diretto,2025-12-11
ORD-11347,CL-135,diretto,2025-12-11
ORD-11348,CL-170,diretto,2025-12-11
ORD-11349,CL-178,diretto,2025-12-11
ORD-11350,CL-181,diretto,2025-12-11
ORD-11351,CL-183,diretto,2025-12-11
ORD-11352,CL-199,diretto,2025-12-11
ORD-11353,CL-216,diretto,2025-12-11
ORD-11354,CL-222,distributori,2025-12-11
ORD-11355,CL-223,distributori,2025-12-11
ORD-11356,CL-224,distributori,2025-12-11
ORD-11357,CL-227,distributori,2025-12-11
ORD-11358,CL-228,distributori,2025-12-11
ORD-11359,CL-233,distributori,2025-12-11
ORD-11360,CL-234,distributori,2025-12-11
ORD-11361,CL-234,distributori,2025-12-11
ORD-11362,CL-239,distributori,2025-12-11
ORD-11363,CL-245,distributori,2025-12-11
ORD-11364,CL-246,distributori,2025-12-11
ORD-11365,CL-247,distributori,2025-12-11
ORD-11366,CL-247,distributori,2025-12-11
ORD-11367,CL-252,distributori,2025-12-11
ORD-11368,CL-252,distributori,2025-12-11
ORD-11369,CL-255,distributori,2025-12-11
ORD-11370,CL-002,diretto,2025-12-12
ORD-11371,CL-006,diretto,2025-12-12
ORD-11372,CL-006,diretto,2025-12-12
ORD-11373,CL-007,diretto,2025-12-12
ORD-11374,CL-008,diretto,2025-12-12
ORD-11375,CL-008,diretto,2025-12-12
ORD-11376,CL-014,diretto,2025-12-12
ORD-11377,CL-014,diretto,2025-12-12
ORD-11378,CL-014,diretto,2025-12-12
ORD-11379,CL-014,diretto,2025-12-12
ORD-11380,CL-014,diretto,2025-12-12
ORD-11381,CL-014,diretto,2025-12-12
ORD-11382,CL-017,diretto,2025-12-12
ORD-11383,CL-017,diretto,2025-12-12
ORD-11384,CL-018,diretto,2025-12-12
ORD-11385,CL-020,diretto,2025-12-12
ORD-11386,CL-020,diretto,2025-12-12
ORD-11387,CL-026,diretto,2025-12-12
ORD-11388,CL-029,diretto,2025-12-12
ORD-11389,CL-030,diretto,2025-12-12
ORD-11390,CL-060,diretto,2025-12-12
ORD-11391,CL-070,diretto,2025-12-12
ORD-11392,CL-072,diretto,2025-12-12
ORD-11393,CL-103,diretto,2025-12-12
ORD-11394,CL-107,diretto,2025-12-12
ORD-11395,CL-108,diretto,2025-12-12
ORD-11396,CL-117,diretto,2025-12-12
ORD-11397,CL-131,diretto,2025-12-12
ORD-11398,CL-134,diretto,2025-12-12
ORD-11399,CL-138,diretto,2025-12-12
ORD-11400,CL-140,diretto,2025-12-12
ORD-11401,CL-151,diretto,2025-12-12
ORD-11402,CL-162,diretto,2025-12-12
ORD-11403,CL-165,diretto,2025-12-12
ORD-11404,CL-165,diretto,2025-12-12
ORD-11405,CL-168,diretto,2025-12-12
ORD-11406,CL-196,diretto,2025-12-12
ORD-11407,CL-199,diretto,2025-12-12
ORD-11408,CL-211,diretto,2025-12-12
ORD-11409,CL-211,diretto,2025-12-12
ORD-11410,CL-220,distributori,2025-12-12
ORD-11411,CL-221,distributori,2025-12-12
ORD-11412,CL-222,distributori,2025-12-12
ORD-11413,CL-224,distributori,2025-12-12
ORD-11414,CL-224,distributori,2025-12-12
ORD-11415,CL-224,distributori,2025-12-12
ORD-11416,CL-226,distributori,2025-12-12
ORD-11417,CL-228,distributori,2025-12-12
ORD-11418,CL-228,distributori,2025-12-12
ORD-11419,CL-230,distributori,2025-12-12
ORD-11420,CL-230,distributori,2025-12-12
ORD-11421,CL-230,distributori,2025-12-12
ORD-11422,CL-232,distributori,2025-12-12
ORD-11423,CL-235,distributori,2025-12-12
ORD-11424,CL-236,distributori,2025-12-12
ORD-11425,CL-238,distributori,2025-12-12
ORD-11426,CL-239,distributori,2025-12-12
ORD-11427,CL-239,distributori,2025-12-12
ORD-11428,CL-241,distributori,2025-12-12
ORD-11429,CL-243,distributori,2025-12-12
ORD-11430,CL-243,distributori,2025-12-12
ORD-11431,CL-243,distributori,2025-12-12
ORD-11432,CL-249,distributori,2025-12-12
ORD-11433,CL-250,distributori,2025-12-12
ORD-11434,CL-250,distributori,2025-12-12
ORD-11435,CL-252,distributori,2025-12-12
ORD-11436,CL-252,distributori,2025-12-12
ORD-11437,CL-255,distributori,2025-12-12
ORD-11438,CL-255,distributori,2025-12-12
ORD-11439,CL-002,diretto,2025-12-15
ORD-11440,CL-003,diretto,2025-12-15
ORD-11441,CL-014,diretto,2025-12-15
ORD-11442,CL-014,diretto,2025-12-15
ORD-11443,CL-014,diretto,2025-12-15
ORD-11444,CL-014,diretto,2025-12-15
ORD-11445,CL-018,diretto,2025-12-15
ORD-11446,CL-020,diretto,2025-12-15
ORD-11447,CL-027,diretto,2025-12-15
ORD-11448,CL-028,diretto,2025-12-15
ORD-11449,CL-031,diretto,2025-12-15
ORD-11450,CL-047,diretto,2025-12-15
ORD-11451,CL-074,diretto,2025-12-15
ORD-11452,CL-106,diretto,2025-12-15
ORD-11453,CL-108,diretto,2025-12-15
ORD-11454,CL-155,diretto,2025-12-15
ORD-11455,CL-157,diretto,2025-12-15
ORD-11456,CL-159,diretto,2025-12-15
ORD-11457,CL-190,diretto,2025-12-15
ORD-11458,CL-220,distributori,2025-12-15
ORD-11459,CL-222,distributori,2025-12-15
ORD-11460,CL-223,distributori,2025-12-15
ORD-11461,CL-223,distributori,2025-12-15
ORD-11462,CL-224,distributori,2025-12-15
ORD-11463,CL-228,distributori,2025-12-15
ORD-11464,CL-229,distributori,2025-12-15
ORD-11465,CL-229,distributori,2025-12-15
ORD-11466,CL-229,distributori,2025-12-15
ORD-11467,CL-231,distributori,2025-12-15
ORD-11468,CL-233,distributori,2025-12-15
ORD-11469,CL-234,distributori,2025-12-15
ORD-11470,CL-235,distributori,2025-12-15
ORD-11471,CL-237,distributori,2025-12-15
ORD-11472,CL-239,distributori,2025-12-15
ORD-11473,CL-239,distributori,2025-12-15
ORD-11474,CL-240,distributori,2025-12-15
ORD-11475,CL-240,distributori,2025-12-15
ORD-11476,CL-243,distributori,2025-12-15
ORD-11477,CL-243,distributori,2025-12-15
ORD-11478,CL-245,distributori,2025-12-15
ORD-11479,CL-245,distributori,2025-12-15
ORD-11480,CL-251,distributori,2025-12-15
ORD-11481,CL-251,distributori,2025-12-15
ORD-11482,CL-252,distributori,2025-12-15
ORD-11483,CL-252,distributori,2025-12-15
ORD-11484,CL-253,distributori,2025-12-15
ORD-11485,CL-254,distributori,2025-12-15
ORD-11486,CL-003,diretto,2025-12-16
ORD-11487,CL-008,diretto,2025-12-16
ORD-11488,CL-013,diretto,2025-12-16
ORD-11489,CL-014,diretto,2025-12-16
ORD-11490,CL-014,diretto,2025-12-16
ORD-11491,CL-015,diretto,2025-12-16
ORD-11492,CL-017,diretto,2025-12-16
ORD-11493,CL-019,diretto,2025-12-16
ORD-11494,CL-020,diretto,2025-12-16
ORD-11495,CL-064,diretto,2025-12-16
ORD-11496,CL-065,diretto,2025-12-16
ORD-11497,CL-071,diretto,2025-12-16
ORD-11498,CL-075,diretto,2025-12-16
ORD-11499,CL-077,diretto,2025-12-16
ORD-11500,CL-081,diretto,2025-12-16
ORD-11501,CL-082,diretto,2025-12-16
ORD-11502,CL-085,diretto,2025-12-16
ORD-11503,CL-125,diretto,2025-12-16
ORD-11504,CL-126,diretto,2025-12-16
ORD-11505,CL-132,diretto,2025-12-16
ORD-11506,CL-134,diretto,2025-12-16
ORD-11507,CL-135,diretto,2025-12-16
ORD-11508,CL-138,diretto,2025-12-16
ORD-11509,CL-219,distributori,2025-12-16
ORD-11510,CL-220,distributori,2025-12-16
ORD-11511,CL-224,distributori,2025-12-16
ORD-11512,CL-224,distributori,2025-12-16
ORD-11513,CL-224,distributori,2025-12-16
ORD-11514,CL-226,distributori,2025-12-16
ORD-11515,CL-226,distributori,2025-12-16
ORD-11516,CL-228,distributori,2025-12-16
ORD-11517,CL-229,distributori,2025-12-16
ORD-11518,CL-230,distributori,2025-12-16
ORD-11519,CL-230,distributori,2025-12-16
ORD-11520,CL-230,distributori,2025-12-16
ORD-11521,CL-235,distributori,2025-12-16
ORD-11522,CL-236,distributori,2025-12-16
ORD-11523,CL-237,distributori,2025-12-16
ORD-11524,CL-238,distributori,2025-12-16
ORD-11525,CL-240,distributori,2025-12-16
ORD-11526,CL-240,distributori,2025-12-16
ORD-11527,CL-240,distributori,2025-12-16
ORD-11528,CL-242,distributori,2025-12-16
ORD-11529,CL-244,distributori,2025-12-16
ORD-11530,CL-244,distributori,2025-12-16
ORD-11531,CL-245,distributori,2025-12-16
ORD-11532,CL-246,distributori,2025-12-16
ORD-11533,CL-248,distributori,2025-12-16
ORD-11534,CL-249,distributori,2025-12-16
ORD-11535,CL-249,distributori,2025-12-16
ORD-11536,CL-252,distributori,2025-12-16
ORD-11537,CL-253,distributori,2025-12-16
ORD-11538,CL-003,diretto,2025-12-17
ORD-11539,CL-008,diretto,2025-12-17
ORD-11540,CL-009,diretto,2025-12-17
ORD-11541,CL-014,diretto,2025-12-17
ORD-11542,CL-014,diretto,2025-12-17
ORD-11543,CL-014,diretto,2025-12-17
ORD-11544,CL-024,diretto,2025-12-17
ORD-11545,CL-026,diretto,2025-12-17
ORD-11546,CL-039,diretto,2025-12-17
ORD-11547,CL-080,diretto,2025-12-17
ORD-11548,CL-103,diretto,2025-12-17
ORD-11549,CL-109,diretto,2025-12-17
ORD-11550,CL-112,diretto,2025-12-17
ORD-11551,CL-133,diretto,2025-12-17
ORD-11552,CL-157,diretto,2025-12-17
ORD-11553,CL-172,diretto,2025-12-17
ORD-11554,CL-172,diretto,2025-12-17
ORD-11555,CL-191,diretto,2025-12-17
ORD-11556,CL-196,diretto,2025-12-17
ORD-11557,CL-198,diretto,2025-12-17
ORD-11558,CL-202,diretto,2025-12-17
ORD-11559,CL-206,diretto,2025-12-17
ORD-11560,CL-208,diretto,2025-12-17
ORD-11561,CL-219,distributori,2025-12-17
ORD-11562,CL-220,distributori,2025-12-17
ORD-11563,CL-221,distributori,2025-12-17
ORD-11564,CL-222,distributori,2025-12-17
ORD-11565,CL-222,distributori,2025-12-17
ORD-11566,CL-224,distributori,2025-12-17
ORD-11567,CL-228,distributori,2025-12-17
ORD-11568,CL-228,distributori,2025-12-17
ORD-11569,CL-228,distributori,2025-12-17
ORD-11570,CL-228,distributori,2025-12-17
ORD-11571,CL-230,distributori,2025-12-17
ORD-11572,CL-230,distributori,2025-12-17
ORD-11573,CL-230,distributori,2025-12-17
ORD-11574,CL-233,distributori,2025-12-17
ORD-11575,CL-235,distributori,2025-12-17
ORD-11576,CL-236,distributori,2025-12-17
ORD-11577,CL-238,distributori,2025-12-17
ORD-11578,CL-238,distributori,2025-12-17
ORD-11579,CL-239,distributori,2025-12-17
ORD-11580,CL-242,distributori,2025-12-17
ORD-11581,CL-244,distributori,2025-12-17
ORD-11582,CL-244,distributori,2025-12-17
ORD-11583,CL-245,distributori,2025-12-17
ORD-11584,CL-246,distributori,2025-12-17
ORD-11585,CL-249,distributori,2025-12-17
ORD-11586,CL-250,distributori,2025-12-17
ORD-11587,CL-251,distributori,2025-12-17
ORD-11588,CL-252,distributori,2025-12-17
ORD-11589,CL-252,distributori,2025-12-17
ORD-11590,CL-252,distributori,2025-12-17
ORD-11591,CL-252,distributori,2025-12-17
ORD-11592,CL-252,distributori,2025-12-17
ORD-11593,CL-255,distributori,2025-12-17
ORD-11594,CL-258,distributori,2025-12-17
ORD-11595,CL-003,diretto,2025-12-18
ORD-11596,CL-004,diretto,2025-12-18
ORD-11597,CL-004,diretto,2025-12-18
ORD-11598,CL-006,diretto,2025-12-18
ORD-11599,CL-007,diretto,2025-12-18
ORD-11600,CL-007,diretto,2025-12-18
ORD-11601,CL-009,diretto,2025-12-18
ORD-11602,CL-014,diretto,2025-12-18
ORD-11603,CL-014,diretto,2025-12-18
ORD-11604,CL-020,diretto,2025-12-18
ORD-11605,CL-021,diretto,2025-12-18
ORD-11606,CL-023,diretto,2025-12-18
ORD-11607,CL-023,diretto,2025-12-18
ORD-11608,CL-026,diretto,2025-12-18
ORD-11609,CL-026,diretto,2025-12-18
ORD-11610,CL-027,diretto,2025-12-18
ORD-11611,CL-032,diretto,2025-12-18
ORD-11612,CL-033,diretto,2025-12-18
ORD-11613,CL-074,diretto,2025-12-18
ORD-11614,CL-092,diretto,2025-12-18
ORD-11615,CL-094,diretto,2025-12-18
ORD-11616,CL-098,diretto,2025-12-18
ORD-11617,CL-119,diretto,2025-12-18
ORD-11618,CL-131,diretto,2025-12-18
ORD-11619,CL-160,diretto,2025-12-18
ORD-11620,CL-164,diretto,2025-12-18
ORD-11621,CL-194,diretto,2025-12-18
ORD-11622,CL-212,diretto,2025-12-18
ORD-11623,CL-218,diretto,2025-12-18
ORD-11624,CL-223,distributori,2025-12-18
ORD-11625,CL-226,distributori,2025-12-18
ORD-11626,CL-226,distributori,2025-12-18
ORD-11627,CL-227,distributori,2025-12-18
ORD-11628,CL-228,distributori,2025-12-18
ORD-11629,CL-228,distributori,2025-12-18
ORD-11630,CL-232,distributori,2025-12-18
ORD-11631,CL-234,distributori,2025-12-18
ORD-11632,CL-234,distributori,2025-12-18
ORD-11633,CL-235,distributori,2025-12-18
ORD-11634,CL-239,distributori,2025-12-18
ORD-11635,CL-242,distributori,2025-12-18
ORD-11636,CL-243,distributori,2025-12-18
ORD-11637,CL-243,distributori,2025-12-18
ORD-11638,CL-245,distributori,2025-12-18
ORD-11639,CL-245,distributori,2025-12-18
ORD-11640,CL-245,distributori,2025-12-18
ORD-11641,CL-249,distributori,2025-12-18
ORD-11642,CL-250,distributori,2025-12-18
ORD-11643,CL-252,distributori,2025-12-18
ORD-11644,CL-253,distributori,2025-12-18
ORD-11645,CL-253,distributori,2025-12-18
ORD-11646,CL-255,distributori,2025-12-18
ORD-11647,CL-258,distributori,2025-12-18
ORD-11648,CL-002,diretto,2025-12-19
ORD-11649,CL-003,diretto,2025-12-19
ORD-11650,CL-003,diretto,2025-12-19
ORD-11651,CL-009,diretto,2025-12-19
ORD-11652,CL-010,diretto,2025-12-19
ORD-11653,CL-014,diretto,2025-12-19
ORD-11654,CL-020,diretto,2025-12-19
ORD-11655,CL-020,diretto,2025-12-19
ORD-11656,CL-021,diretto,2025-12-19
ORD-11657,CL-027,diretto,2025-12-19
ORD-11658,CL-027,diretto,2025-12-19
ORD-11659,CL-031,diretto,2025-12-19
ORD-11660,CL-032,diretto,2025-12-19
ORD-11661,CL-032,diretto,2025-12-19
ORD-11662,CL-033,diretto,2025-12-19
ORD-11663,CL-038,diretto,2025-12-19
ORD-11664,CL-068,diretto,2025-12-19
ORD-11665,CL-076,diretto,2025-12-19
ORD-11666,CL-077,diretto,2025-12-19
ORD-11667,CL-084,diretto,2025-12-19
ORD-11668,CL-119,diretto,2025-12-19
ORD-11669,CL-125,diretto,2025-12-19
ORD-11670,CL-131,diretto,2025-12-19
ORD-11671,CL-143,diretto,2025-12-19
ORD-11672,CL-147,diretto,2025-12-19
ORD-11673,CL-153,diretto,2025-12-19
ORD-11674,CL-169,diretto,2025-12-19
ORD-11675,CL-169,diretto,2025-12-19
ORD-11676,CL-175,diretto,2025-12-19
ORD-11677,CL-216,diretto,2025-12-19
ORD-11678,CL-219,distributori,2025-12-19
ORD-11679,CL-221,distributori,2025-12-19
ORD-11680,CL-221,distributori,2025-12-19
ORD-11681,CL-225,distributori,2025-12-19
ORD-11682,CL-230,distributori,2025-12-19
ORD-11683,CL-230,distributori,2025-12-19
ORD-11684,CL-231,distributori,2025-12-19
ORD-11685,CL-235,distributori,2025-12-19
ORD-11686,CL-237,distributori,2025-12-19
ORD-11687,CL-245,distributori,2025-12-19
ORD-11688,CL-245,distributori,2025-12-19
ORD-11689,CL-250,distributori,2025-12-19
ORD-11690,CL-252,distributori,2025-12-19
ORD-11691,CL-252,distributori,2025-12-19
ORD-11692,CL-253,distributori,2025-12-19
ORD-11693,CL-257,distributori,2025-12-19
ORD-11694,CL-002,diretto,2025-12-22
ORD-11695,CL-005,diretto,2025-12-22
ORD-11696,CL-007,diretto,2025-12-22
ORD-11697,CL-011,diretto,2025-12-22
ORD-11698,CL-014,diretto,2025-12-22
ORD-11699,CL-014,diretto,2025-12-22
ORD-11700,CL-014,diretto,2025-12-22
ORD-11701,CL-018,diretto,2025-12-22
ORD-11702,CL-024,diretto,2025-12-22
ORD-11703,CL-026,diretto,2025-12-22
ORD-11704,CL-026,diretto,2025-12-22
ORD-11705,CL-026,diretto,2025-12-22
ORD-11706,CL-027,diretto,2025-12-22
ORD-11707,CL-032,diretto,2025-12-22
ORD-11708,CL-033,diretto,2025-12-22
ORD-11709,CL-041,diretto,2025-12-22
ORD-11710,CL-042,diretto,2025-12-22
ORD-11711,CL-045,diretto,2025-12-22
ORD-11712,CL-061,diretto,2025-12-22
ORD-11713,CL-151,diretto,2025-12-22
ORD-11714,CL-155,diretto,2025-12-22
ORD-11715,CL-183,diretto,2025-12-22
ORD-11716,CL-193,diretto,2025-12-22
ORD-11717,CL-199,diretto,2025-12-22
ORD-11718,CL-209,diretto,2025-12-22
ORD-11719,CL-211,diretto,2025-12-22
ORD-11720,CL-220,distributori,2025-12-22
ORD-11721,CL-222,distributori,2025-12-22
ORD-11722,CL-224,distributori,2025-12-22
ORD-11723,CL-224,distributori,2025-12-22
ORD-11724,CL-225,distributori,2025-12-22
ORD-11725,CL-232,distributori,2025-12-22
ORD-11726,CL-232,distributori,2025-12-22
ORD-11727,CL-233,distributori,2025-12-22
ORD-11728,CL-236,distributori,2025-12-22
ORD-11729,CL-236,distributori,2025-12-22
ORD-11730,CL-237,distributori,2025-12-22
ORD-11731,CL-237,distributori,2025-12-22
ORD-11732,CL-238,distributori,2025-12-22
ORD-11733,CL-239,distributori,2025-12-22
ORD-11734,CL-241,distributori,2025-12-22
ORD-11735,CL-243,distributori,2025-12-22
ORD-11736,CL-244,distributori,2025-12-22
ORD-11737,CL-245,distributori,2025-12-22
ORD-11738,CL-245,distributori,2025-12-22
ORD-11739,CL-245,distributori,2025-12-22
ORD-11740,CL-246,distributori,2025-12-22
ORD-11741,CL-247,distributori,2025-12-22
ORD-11742,CL-249,distributori,2025-12-22
ORD-11743,CL-250,distributori,2025-12-22
ORD-11744,CL-250,distributori,2025-12-22
ORD-11745,CL-251,distributori,2025-12-22
ORD-11746,CL-251,distributori,2025-12-22
ORD-11747,CL-252,distributori,2025-12-22
ORD-11748,CL-252,distributori,2025-12-22
ORD-11749,CL-258,distributori,2025-12-22
ORD-11750,CL-258,distributori,2025-12-22
ORD-11751,CL-012,diretto,2025-12-23
ORD-11752,CL-014,diretto,2025-12-23
ORD-11753,CL-014,diretto,2025-12-23
ORD-11754,CL-017,diretto,2025-12-23
ORD-11755,CL-020,diretto,2025-12-23
ORD-11756,CL-024,diretto,2025-12-23
ORD-11757,CL-027,diretto,2025-12-23
ORD-11758,CL-028,diretto,2025-12-23
ORD-11759,CL-029,diretto,2025-12-23
ORD-11760,CL-031,diretto,2025-12-23
ORD-11761,CL-033,diretto,2025-12-23
ORD-11762,CL-073,diretto,2025-12-23
ORD-11763,CL-083,diretto,2025-12-23
ORD-11764,CL-085,diretto,2025-12-23
ORD-11765,CL-093,diretto,2025-12-23
ORD-11766,CL-101,diretto,2025-12-23
ORD-11767,CL-110,diretto,2025-12-23
ORD-11768,CL-117,diretto,2025-12-23
ORD-11769,CL-119,diretto,2025-12-23
ORD-11770,CL-136,diretto,2025-12-23
ORD-11771,CL-139,diretto,2025-12-23
ORD-11772,CL-168,diretto,2025-12-23
ORD-11773,CL-215,diretto,2025-12-23
ORD-11774,CL-217,diretto,2025-12-23
ORD-11775,CL-221,distributori,2025-12-23
ORD-11776,CL-223,distributori,2025-12-23
ORD-11777,CL-224,distributori,2025-12-23
ORD-11778,CL-228,distributori,2025-12-23
ORD-11779,CL-228,distributori,2025-12-23
ORD-11780,CL-228,distributori,2025-12-23
ORD-11781,CL-230,distributori,2025-12-23
ORD-11782,CL-231,distributori,2025-12-23
ORD-11783,CL-232,distributori,2025-12-23
ORD-11784,CL-235,distributori,2025-12-23
ORD-11785,CL-236,distributori,2025-12-23
ORD-11786,CL-237,distributori,2025-12-23
ORD-11787,CL-238,distributori,2025-12-23
ORD-11788,CL-238,distributori,2025-12-23
ORD-11789,CL-239,distributori,2025-12-23
ORD-11790,CL-239,distributori,2025-12-23
ORD-11791,CL-246,distributori,2025-12-23
ORD-11792,CL-246,distributori,2025-12-23
ORD-11793,CL-246,distributori,2025-12-23
ORD-11794,CL-249,distributori,2025-12-23
ORD-11795,CL-250,distributori,2025-12-23
ORD-11796,CL-252,distributori,2025-12-23
ORD-11797,CL-253,distributori,2025-12-23
ORD-11798,CL-254,distributori,2025-12-23
ORD-11799,CL-254,distributori,2025-12-23
ORD-11800,CL-256,distributori,2025-12-23
ORD-11801,CL-258,distributori,2025-12-23
ORD-11802,CL-002,diretto,2025-12-24
ORD-11803,CL-014,diretto,2025-12-24
ORD-11804,CL-014,diretto,2025-12-24
ORD-11805,CL-018,diretto,2025-12-24
ORD-11806,CL-021,diretto,2025-12-24
ORD-11807,CL-021,diretto,2025-12-24
ORD-11808,CL-022,diretto,2025-12-24
ORD-11809,CL-026,diretto,2025-12-24
ORD-11810,CL-029,diretto,2025-12-24
ORD-11811,CL-040,diretto,2025-12-24
ORD-11812,CL-055,diretto,2025-12-24
ORD-11813,CL-061,diretto,2025-12-24
ORD-11814,CL-065,diretto,2025-12-24
ORD-11815,CL-081,diretto,2025-12-24
ORD-11816,CL-106,diretto,2025-12-24
ORD-11817,CL-112,diretto,2025-12-24
ORD-11818,CL-123,diretto,2025-12-24
ORD-11819,CL-140,diretto,2025-12-24
ORD-11820,CL-146,diretto,2025-12-24
ORD-11821,CL-147,diretto,2025-12-24
ORD-11822,CL-171,diretto,2025-12-24
ORD-11823,CL-213,diretto,2025-12-24
ORD-11824,CL-220,distributori,2025-12-24
ORD-11825,CL-220,distributori,2025-12-24
ORD-11826,CL-223,distributori,2025-12-24
ORD-11827,CL-224,distributori,2025-12-24
ORD-11828,CL-224,distributori,2025-12-24
ORD-11829,CL-228,distributori,2025-12-24
ORD-11830,CL-228,distributori,2025-12-24
ORD-11831,CL-229,distributori,2025-12-24
ORD-11832,CL-233,distributori,2025-12-24
ORD-11833,CL-236,distributori,2025-12-24
ORD-11834,CL-241,distributori,2025-12-24
ORD-11835,CL-244,distributori,2025-12-24
ORD-11836,CL-244,distributori,2025-12-24
ORD-11837,CL-244,distributori,2025-12-24
ORD-11838,CL-244,distributori,2025-12-24
ORD-11839,CL-247,distributori,2025-12-24
ORD-11840,CL-247,distributori,2025-12-24
ORD-11841,CL-247,distributori,2025-12-24
ORD-11842,CL-249,distributori,2025-12-24
ORD-11843,CL-251,distributori,2025-12-24
ORD-11844,CL-257,distributori,2025-12-24
ORD-11845,CL-258,distributori,2025-12-24
ORD-11846,CL-002,diretto,2025-12-29
ORD-11847,CL-008,diretto,2025-12-29
ORD-11848,CL-014,diretto,2025-12-29
ORD-11849,CL-014,diretto,2025-12-29
ORD-11850,CL-014,diretto,2025-12-29
ORD-11851,CL-014,diretto,2025-12-29
ORD-11852,CL-014,diretto,2025-12-29
ORD-11853,CL-017,diretto,2025-12-29
ORD-11854,CL-023,diretto,2025-12-29
ORD-11855,CL-025,diretto,2025-12-29
ORD-11856,CL-026,diretto,2025-12-29
ORD-11857,CL-027,diretto,2025-12-29
ORD-11858,CL-027,diretto,2025-12-29
ORD-11859,CL-029,diretto,2025-12-29
ORD-11860,CL-032,diretto,2025-12-29
ORD-11861,CL-034,diretto,2025-12-29
ORD-11862,CL-036,diretto,2025-12-29
ORD-11863,CL-041,diretto,2025-12-29
ORD-11864,CL-089,diretto,2025-12-29
ORD-11865,CL-090,diretto,2025-12-29
ORD-11866,CL-117,diretto,2025-12-29
ORD-11867,CL-119,diretto,2025-12-29
ORD-11868,CL-145,diretto,2025-12-29
ORD-11869,CL-147,diretto,2025-12-29
ORD-11870,CL-181,diretto,2025-12-29
ORD-11871,CL-201,diretto,2025-12-29
ORD-11872,CL-208,diretto,2025-12-29
ORD-11873,CL-209,diretto,2025-12-29
ORD-11874,CL-223,distributori,2025-12-29
ORD-11875,CL-224,distributori,2025-12-29
ORD-11876,CL-229,distributori,2025-12-29
ORD-11877,CL-230,distributori,2025-12-29
ORD-11878,CL-231,distributori,2025-12-29
ORD-11879,CL-233,distributori,2025-12-29
ORD-11880,CL-233,distributori,2025-12-29
ORD-11881,CL-240,distributori,2025-12-29
ORD-11882,CL-240,distributori,2025-12-29
ORD-11883,CL-242,distributori,2025-12-29
ORD-11884,CL-242,distributori,2025-12-29
ORD-11885,CL-243,distributori,2025-12-29
ORD-11886,CL-243,distributori,2025-12-29
ORD-11887,CL-244,distributori,2025-12-29
ORD-11888,CL-245,distributori,2025-12-29
ORD-11889,CL-249,distributori,2025-12-29
ORD-11890,CL-249,distributori,2025-12-29
ORD-11891,CL-250,distributori,2025-12-29
ORD-11892,CL-252,distributori,2025-12-29
ORD-11893,CL-252,distributori,2025-12-29
ORD-11894,CL-252,distributori,2025-12-29
ORD-11895,CL-253,distributori,2025-12-29
ORD-11896,CL-008,diretto,2025-12-30
ORD-11897,CL-010,diretto,2025-12-30
ORD-11898,CL-010,diretto,2025-12-30
ORD-11899,CL-011,diretto,2025-12-30
ORD-11900,CL-013,diretto,2025-12-30
ORD-11901,CL-014,diretto,2025-12-30
ORD-11902,CL-014,diretto,2025-12-30
ORD-11903,CL-014,diretto,2025-12-30
ORD-11904,CL-023,diretto,2025-12-30
ORD-11905,CL-026,diretto,2025-12-30
ORD-11906,CL-032,diretto,2025-12-30
ORD-11907,CL-034,diretto,2025-12-30
ORD-11908,CL-043,diretto,2025-12-30
ORD-11909,CL-048,diretto,2025-12-30
ORD-11910,CL-049,diretto,2025-12-30
ORD-11911,CL-052,diretto,2025-12-30
ORD-11912,CL-054,diretto,2025-12-30
ORD-11913,CL-099,diretto,2025-12-30
ORD-11914,CL-103,diretto,2025-12-30
ORD-11915,CL-113,diretto,2025-12-30
ORD-11916,CL-114,diretto,2025-12-30
ORD-11917,CL-115,diretto,2025-12-30
ORD-11918,CL-119,diretto,2025-12-30
ORD-11919,CL-145,diretto,2025-12-30
ORD-11920,CL-159,diretto,2025-12-30
ORD-11921,CL-160,diretto,2025-12-30
ORD-11922,CL-170,diretto,2025-12-30
ORD-11923,CL-193,diretto,2025-12-30
ORD-11924,CL-199,diretto,2025-12-30
ORD-11925,CL-209,diretto,2025-12-30
ORD-11926,CL-219,distributori,2025-12-30
ORD-11927,CL-224,distributori,2025-12-30
ORD-11928,CL-229,distributori,2025-12-30
ORD-11929,CL-230,distributori,2025-12-30
ORD-11930,CL-232,distributori,2025-12-30
ORD-11931,CL-233,distributori,2025-12-30
ORD-11932,CL-235,distributori,2025-12-30
ORD-11933,CL-236,distributori,2025-12-30
ORD-11934,CL-239,distributori,2025-12-30
ORD-11935,CL-242,distributori,2025-12-30
ORD-11936,CL-245,distributori,2025-12-30
ORD-11937,CL-245,distributori,2025-12-30
ORD-11938,CL-245,distributori,2025-12-30
ORD-11939,CL-248,distributori,2025-12-30
ORD-11940,CL-249,distributori,2025-12-30
ORD-11941,CL-249,distributori,2025-12-30
ORD-11942,CL-250,distributori,2025-12-30
ORD-11943,CL-252,distributori,2025-12-30
ORD-11944,CL-252,distributori,2025-12-30
ORD-11945,CL-253,distributori,2025-12-30
ORD-11946,CL-256,distributori,2025-12-30
ORD-11947,CL-257,distributori,2025-12-30
ORD-11948,CL-010,diretto,2025-12-31
ORD-11949,CL-014,diretto,2025-12-31
ORD-11950,CL-014,diretto,2025-12-31
ORD-11951,CL-014,diretto,2025-12-31
ORD-11952,CL-017,diretto,2025-12-31
ORD-11953,CL-027,diretto,2025-12-31
ORD-11954,CL-031,diretto,2025-12-31
ORD-11955,CL-032,diretto,2025-12-31
ORD-11956,CL-032,diretto,2025-12-31
ORD-11957,CL-040,diretto,2025-12-31
ORD-11958,CL-046,diretto,2025-12-31
ORD-11959,CL-077,diretto,2025-12-31
ORD-11960,CL-120,diretto,2025-12-31
ORD-11961,CL-125,diretto,2025-12-31
ORD-11962,CL-125,diretto,2025-12-31
ORD-11963,CL-130,diretto,2025-12-31
ORD-11964,CL-135,diretto,2025-12-31
ORD-11965,CL-136,diretto,2025-12-31
ORD-11966,CL-141,diretto,2025-12-31
ORD-11967,CL-148,diretto,2025-12-31
ORD-11968,CL-166,diretto,2025-12-31
ORD-11969,CL-168,diretto,2025-12-31
ORD-11970,CL-170,diretto,2025-12-31
ORD-11971,CL-174,diretto,2025-12-31
ORD-11972,CL-197,diretto,2025-12-31
ORD-11973,CL-212,diretto,2025-12-31
ORD-11974,CL-223,distributori,2025-12-31
ORD-11975,CL-224,distributori,2025-12-31
ORD-11976,CL-228,distributori,2025-12-31
ORD-11977,CL-230,distributori,2025-12-31
ORD-11978,CL-232,distributori,2025-12-31
ORD-11979,CL-232,distributori,2025-12-31
ORD-11980,CL-233,distributori,2025-12-31
ORD-11981,CL-233,distributori,2025-12-31
ORD-11982,CL-234,distributori,2025-12-31
ORD-11983,CL-236,distributori,2025-12-31
ORD-11984,CL-237,distributori,2025-12-31
ORD-11985,CL-237,distributori,2025-12-31
ORD-11986,CL-238,distributori,2025-12-31
ORD-11987,CL-238,distributori,2025-12-31
ORD-11988,CL-238,distributori,2025-12-31
ORD-11989,CL-242,distributori,2025-12-31
ORD-11990,CL-243,distributori,2025-12-31
ORD-11991,CL-243,distributori,2025-12-31
ORD-11992,CL-244,distributori,2025-12-31
ORD-11993,CL-245,distributori,2025-12-31
ORD-11994,CL-249,distributori,2025-12-31
ORD-11995,CL-251,distributori,2025-12-31
ORD-11996,CL-255,distributori,2025-12-31
ORD-11997,CL-256,distributori,2025-12-31
ORD-11998,CL-256,distributori,2025-12-31
ORD-11999,CL-257,distributori,2025-12-31
ORD-12000,CL-258,distributori,2025-12-31
