movimento_id,data,conto,descrizione,centro di costo,importo
MOV-000001,2025-01-01,6412,Canone sistemi di gestione ordini FOR-040 - gennaio 2025,CC20,4500.00
MOV-000002,2025-01-01,6421,Trasporto su vendite vettore FOR-013 - DDT 0851,CC30,26.92
MOV-000003,2025-01-01,6421,Trasporto su vendite vettore FOR-013 - DDT 2289,CC30,46.71
MOV-000004,2025-01-01,6421,Trasporto su vendite vettore FOR-013 - DDT 7567,CC30,29.27
MOV-000005,2025-01-01,6421,Trasporto su vendite vettore FOR-011 - DDT 5448,CC30,31.18
MOV-000006,2025-01-01,6421,Trasporto su vendite vettore FOR-011 - DDT 7532,CC30,17.76
MOV-000007,2025-01-01,6421,Trasporto su vendite vettore FOR-013 - DDT 0147,CC30,21.33
MOV-000008,2025-01-01,6421,Trasporto su vendite vettore FOR-014 - DDT 6500,CC30,39.83
MOV-000009,2025-01-01,6432,Trasferta tecnico di assistenza - intervento presso cliente CL-161,CC40,79.69
MOV-000010,2025-01-01,6432,Ricambi per intervento di assistenza FOR-052 CL-237,CC40,81.62
MOV-000011,2025-01-02,6421,Trasporto su vendite vettore FOR-014 - DDT 4422,CC30,41.98
MOV-000012,2025-01-02,6421,Trasporto su vendite vettore FOR-012 - DDT 2066,CC30,18.61
MOV-000013,2025-01-02,6421,Trasporto su vendite vettore FOR-012 - DDT 3032,CC30,56.50
MOV-000014,2025-01-02,6421,Trasporto su vendite vettore FOR-013 - DDT 4213,CC30,57.94
MOV-000015,2025-01-02,6421,Trasporto su vendite vettore FOR-011 - DDT 1399,CC30,40.59
MOV-000016,2025-01-02,6421,Trasporto su vendite vettore FOR-011 - DDT 0574,CC30,42.72
MOV-000017,2025-01-02,6421,Trasporto su vendite vettore FOR-013 - DDT 2704,CC30,22.07
MOV-000018,2025-01-02,6421,Trasporto su vendite vettore FOR-012 - DDT 2935,CC30,38.68
MOV-000019,2025-01-02,6421,Trasporto su vendite vettore FOR-012 - DDT 1264,CC30,40.03
MOV-000020,2025-01-02,6421,Trasporto su vendite vettore FOR-014 - DDT 2629,CC30,26.23
MOV-000021,2025-01-02,6421,Trasporto su vendite vettore FOR-011 - DDT 4649,CC30,39.45
MOV-000022,2025-01-02,6432,Trasferta tecnico di assistenza - intervento presso cliente CL-240,CC40,76.43
MOV-000023,2025-01-02,6432,Trasferta tecnico di assistenza - intervento presso cliente CL-131,CC40,23.67
MOV-000024,2025-01-03,6403,"Straordinari di reparto - 10 ore a 26,00 euro",CC10,260.00
MOV-000025,2025-01-03,6421,Trasporto su vendite vettore FOR-011 - DDT 1175,CC30,58.11
MOV-000026,2025-01-03,6421,Trasporto su vendite vettore FOR-011 - DDT 3122,CC30,58.36
MOV-000027,2025-01-03,6421,Trasporto su vendite vettore FOR-013 - DDT 1146,CC30,27.26
MOV-000028,2025-01-03,6421,Trasporto su vendite vettore FOR-013 - DDT 4298,CC30,34.51
MOV-000029,2025-01-03,6421,Trasporto su vendite vettore FOR-013 - DDT 9998,CC30,56.09
MOV-000030,2025-01-03,6421,Trasporto su vendite vettore FOR-014 - DDT 0342,CC30,23.93
MOV-000031,2025-01-03,6421,Trasporto su vendite vettore FOR-011 - DDT 0328,CC30,56.70
MOV-000032,2025-01-03,6421,Trasporto su vendite vettore FOR-011 - DDT 2434,CC30,52.14
MOV-000033,2025-01-03,6421,Trasporto su vendite vettore FOR-012 - DDT 4774,CC30,19.78
MOV-000034,2025-01-03,6421,Trasporto su vendite vettore FOR-011 - DDT 7181,CC30,30.74
MOV-000035,2025-01-03,6421,Trasporto su vendite vettore FOR-013 - DDT 2465,CC30,34.87
MOV-000036,2025-01-03,6421,Trasporto su vendite vettore FOR-014 - DDT 3110,CC30,27.96
MOV-000037,2025-01-03,6432,Ricambi per intervento di assistenza FOR-051 CL-229,CC40,51.26
MOV-000038,2025-01-03,6432,Ricambi per intervento di assistenza FOR-051 CL-087,CC40,79.07
MOV-000039,2025-01-04,6421,Trasporto su vendite vettore FOR-013 - DDT 1553,CC30,50.01
MOV-000040,2025-01-04,6421,Trasporto su vendite vettore FOR-011 - DDT 4835,CC30,21.24
MOV-000041,2025-01-04,6421,Trasporto su vendite vettore FOR-011 - DDT 3573,CC30,41.74
MOV-000042,2025-01-04,6421,Trasporto su vendite vettore FOR-013 - DDT 5391,CC30,14.81
MOV-000043,2025-01-04,6421,Trasporto su vendite vettore FOR-011 - DDT 6471,CC30,32.86
MOV-000044,2025-01-04,6421,Trasporto su vendite vettore FOR-013 - DDT 1927,CC30,49.42
MOV-000045,2025-01-04,6421,Trasporto su vendite vettore FOR-013 - DDT 3964,CC30,26.40
MOV-000046,2025-01-04,6421,Trasporto su vendite vettore FOR-014 - DDT 1349,CC30,15.01
MOV-000047,2025-01-04,6421,Trasporto su vendite vettore FOR-012 - DDT 9353,CC30,29.43
MOV-000048,2025-01-04,6421,Trasporto su vendite vettore FOR-011 - DDT 7340,CC30,52.36
MOV-000049,2025-01-05,6403,"Straordinari di reparto - 8 ore a 26,00 euro",CC10,208.00
MOV-000050,2025-01-05,6403,"Lavorazione esterna a ore FOR-031 - 13 ore a 29,00 euro",CC10,377.00
MOV-000051,2025-01-05,6421,Trasporto su vendite vettore FOR-011 - DDT 5363,CC30,31.41
MOV-000052,2025-01-05,6421,Trasporto su vendite vettore FOR-014 - DDT 4918,CC30,21.15
MOV-000053,2025-01-05,6421,Trasporto su vendite vettore FOR-011 - DDT 1193,CC30,19.29
MOV-000054,2025-01-05,6421,Trasporto su vendite vettore FOR-014 - DDT 7712,CC30,42.01
MOV-000055,2025-01-05,6421,Trasporto su vendite vettore FOR-012 - DDT 9760,CC30,15.25
MOV-000056,2025-01-05,6421,Trasporto su vendite vettore FOR-014 - DDT 0774,CC30,53.22
MOV-000057,2025-01-05,6421,Trasporto su vendite vettore FOR-014 - DDT 4160,CC30,49.30
MOV-000058,2025-01-05,6421,Trasporto su vendite vettore FOR-014 - DDT 0632,CC30,49.43
MOV-000059,2025-01-05,6421,Trasporto su vendite vettore FOR-014 - DDT 2420,CC30,48.54
MOV-000060,2025-01-05,6432,Ricambi per intervento di assistenza FOR-051 CL-074,CC40,16.60
MOV-000061,2025-01-06,6403,"Lavorazione esterna a ore FOR-032 - 4 ore a 29,00 euro",CC10,116.00
MOV-000062,2025-01-06,6421,Trasporto su vendite vettore FOR-013 - DDT 0169,CC30,18.86
MOV-000063,2025-01-06,6421,Trasporto su vendite vettore FOR-011 - DDT 7652,CC30,25.00
MOV-000064,2025-01-06,6421,Trasporto su vendite vettore FOR-012 - DDT 9914,CC30,23.55
MOV-000065,2025-01-06,6421,Trasporto su vendite vettore FOR-014 - DDT 9285,CC30,51.84
MOV-000066,2025-01-07,6403,"Lavorazione esterna a ore FOR-033 - 9 ore a 29,00 euro",CC10,261.00
MOV-000067,2025-01-07,6421,Trasporto su vendite vettore FOR-011 - DDT 2884,CC30,52.41
MOV-000068,2025-01-07,6421,Trasporto su vendite vettore FOR-014 - DDT 1154,CC30,25.29
MOV-000069,2025-01-07,6421,Trasporto su vendite vettore FOR-014 - DDT 6274,CC30,31.46
MOV-000070,2025-01-07,6421,Trasporto su vendite vettore FOR-013 - DDT 7703,CC30,59.06
MOV-000071,2025-01-07,6421,Trasporto su vendite vettore FOR-014 - DDT 6704,CC30,15.72
MOV-000072,2025-01-07,6421,Trasporto su vendite vettore FOR-014 - DDT 5331,CC30,22.78
MOV-000073,2025-01-07,6421,Trasporto su vendite vettore FOR-012 - DDT 4379,CC30,17.59
MOV-000074,2025-01-07,6421,Trasporto su vendite vettore FOR-011 - DDT 6681,CC30,42.92
MOV-000075,2025-01-07,6421,Trasporto su vendite vettore FOR-012 - DDT 0816,CC30,36.81
MOV-000076,2025-01-07,6421,Trasporto su vendite vettore FOR-014 - DDT 4630,CC30,30.54
MOV-000077,2025-01-07,6432,Ricambi per intervento di assistenza FOR-051 CL-103,CC40,17.29
MOV-000078,2025-01-08,6421,Trasporto su vendite vettore FOR-012 - DDT 3937,CC30,46.45
MOV-000079,2025-01-08,6421,Trasporto su vendite vettore FOR-012 - DDT 0732,CC30,56.67
MOV-000080,2025-01-08,6421,Trasporto su vendite vettore FOR-011 - DDT 3007,CC30,29.53
MOV-000081,2025-01-08,6421,Trasporto su vendite vettore FOR-014 - DDT 1383,CC30,25.10
MOV-000082,2025-01-08,6421,Trasporto su vendite vettore FOR-013 - DDT 3271,CC30,31.34
MOV-000083,2025-01-08,6421,Trasporto su vendite vettore FOR-014 - DDT 9124,CC30,42.47
MOV-000084,2025-01-08,6421,Trasporto su vendite vettore FOR-011 - DDT 5314,CC30,37.00
MOV-000085,2025-01-08,6421,Trasporto su vendite vettore FOR-014 - DDT 0116,CC30,45.13
MOV-000086,2025-01-08,6432,Ricambi per intervento di assistenza FOR-052 CL-225,CC40,84.70
MOV-000087,2025-01-08,6432,Ricambi per intervento di assistenza FOR-052 CL-181,CC40,30.71
MOV-000088,2025-01-09,6421,Trasporto su vendite vettore FOR-012 - DDT 2517,CC30,24.49
MOV-000089,2025-01-09,6421,Trasporto su vendite vettore FOR-013 - DDT 2463,CC30,52.39
MOV-000090,2025-01-09,6421,Trasporto su vendite vettore FOR-012 - DDT 5982,CC30,48.85
MOV-000091,2025-01-09,6421,Trasporto su vendite vettore FOR-013 - DDT 3470,CC30,55.88
MOV-000092,2025-01-09,6421,Trasporto su vendite vettore FOR-013 - DDT 1563,CC30,56.89
MOV-000093,2025-01-09,6421,Trasporto su vendite vettore FOR-011 - DDT 6367,CC30,22.50
MOV-000094,2025-01-09,6421,Trasporto su vendite vettore FOR-012 - DDT 1599,CC30,55.09
MOV-000095,2025-01-09,6421,Trasporto su vendite vettore FOR-011 - DDT 2922,CC30,29.10
MOV-000096,2025-01-09,6421,Trasporto su vendite vettore FOR-014 - DDT 5320,CC30,45.79
MOV-000097,2025-01-09,6432,Ricambi per intervento di assistenza FOR-052 CL-015,CC40,49.73
MOV-000098,2025-01-10,6403,"Lavorazione esterna a ore FOR-033 - 13 ore a 29,00 euro",CC10,377.00
MOV-000099,2025-01-10,6421,Trasporto su vendite vettore FOR-011 - DDT 5610,CC30,40.83
MOV-000100,2025-01-10,6421,Trasporto su vendite vettore FOR-011 - DDT 4551,CC30,24.75
MOV-000101,2025-01-10,6421,Trasporto su vendite vettore FOR-012 - DDT 6040,CC30,22.84
MOV-000102,2025-01-10,6421,Trasporto su vendite vettore FOR-012 - DDT 4911,CC30,26.38
MOV-000103,2025-01-10,6421,Trasporto su vendite vettore FOR-013 - DDT 0957,CC30,52.45
MOV-000104,2025-01-10,6421,Trasporto su vendite vettore FOR-012 - DDT 9787,CC30,36.56
MOV-000105,2025-01-10,6421,Trasporto su vendite vettore FOR-013 - DDT 0655,CC30,38.81
MOV-000106,2025-01-10,6421,Trasporto su vendite vettore FOR-011 - DDT 7621,CC30,22.63
MOV-000107,2025-01-10,6421,Trasporto su vendite vettore FOR-014 - DDT 6610,CC30,59.02
MOV-000108,2025-01-10,6421,Trasporto su vendite vettore FOR-014 - DDT 4038,CC30,34.65
MOV-000109,2025-01-11,6421,Trasporto su vendite vettore FOR-011 - DDT 9386,CC30,41.83
MOV-000110,2025-01-11,6421,Trasporto su vendite vettore FOR-013 - DDT 3712,CC30,26.47
MOV-000111,2025-01-11,6421,Trasporto su vendite vettore FOR-014 - DDT 9646,CC30,55.39
MOV-000112,2025-01-11,6421,Trasporto su vendite vettore FOR-011 - DDT 7950,CC30,52.79
MOV-000113,2025-01-11,6421,Trasporto su vendite vettore FOR-012 - DDT 0227,CC30,34.36
MOV-000114,2025-01-11,6421,Trasporto su vendite vettore FOR-013 - DDT 8716,CC30,17.31
MOV-000115,2025-01-11,6421,Trasporto su vendite vettore FOR-014 - DDT 7190,CC30,53.62
MOV-000116,2025-01-11,6421,Trasporto su vendite vettore FOR-013 - DDT 9732,CC30,39.16
MOV-000117,2025-01-11,6432,Trasferta tecnico di assistenza - intervento presso cliente CL-105,CC40,22.05
MOV-000118,2025-01-11,6432,Trasferta tecnico di assistenza - intervento presso cliente CL-114,CC40,39.69
MOV-000119,2025-01-12,6421,Trasporto su vendite vettore FOR-011 - DDT 7674,CC30,18.64
MOV-000120,2025-01-12,6421,Trasporto su vendite vettore FOR-014 - DDT 7985,CC30,27.90
MOV-000121,2025-01-12,6421,Trasporto su vendite vettore FOR-012 - DDT 4780,CC30,22.09
MOV-000122,2025-01-12,6421,Trasporto su vendite vettore FOR-011 - DDT 0426,CC30,53.32
MOV-000123,2025-01-12,6421,Trasporto su vendite vettore FOR-014 - DDT 5883,CC30,54.57
MOV-000124,2025-01-12,6421,Trasporto su vendite vettore FOR-012 - DDT 4088,CC30,57.75
MOV-000125,2025-01-12,6421,Trasporto su vendite vettore FOR-014 - DDT 8166,CC30,46.38
MOV-000126,2025-01-12,6421,Trasporto su vendite vettore FOR-011 - DDT 6371,CC30,43.06
MOV-000127,2025-01-12,6421,Trasporto su vendite vettore FOR-011 - DDT 6975,CC30,16.44
MOV-000128,2025-01-12,6432,Ricambi per intervento di assistenza FOR-052 CL-045,CC40,81.32
MOV-000129,2025-01-12,6432,Ricambi per intervento di assistenza FOR-051 CL-135,CC40,78.47
MOV-000130,2025-01-13,6403,"Straordinari di reparto - 6 ore a 26,00 euro",CC10,156.00
MOV-000131,2025-01-13,6421,Trasporto su vendite vettore FOR-011 - DDT 5161,CC30,16.80
MOV-000132,2025-01-13,6421,Trasporto su vendite vettore FOR-014 - DDT 1815,CC30,25.14
MOV-000133,2025-01-13,6421,Trasporto su vendite vettore FOR-012 - DDT 0061,CC30,43.19
MOV-000134,2025-01-13,6421,Trasporto su vendite vettore FOR-011 - DDT 1897,CC30,20.99
MOV-000135,2025-01-13,6421,Trasporto su vendite vettore FOR-011 - DDT 4093,CC30,38.05
MOV-000136,2025-01-13,6421,Trasporto su vendite vettore FOR-013 - DDT 4561,CC30,52.36
MOV-000137,2025-01-13,6421,Trasporto su vendite vettore FOR-013 - DDT 9452,CC30,54.54
MOV-000138,2025-01-13,6421,Trasporto su vendite vettore FOR-012 - DDT 7793,CC30,43.12
MOV-000139,2025-01-13,6421,Trasporto su vendite vettore FOR-014 - DDT 4557,CC30,51.89
MOV-000140,2025-01-13,6432,Ricambi per intervento di assistenza FOR-052 CL-192,CC40,53.71
MOV-000141,2025-01-14,6403,"Lavorazione esterna a ore FOR-033 - 11 ore a 29,00 euro",CC10,319.00
MOV-000142,2025-01-14,6421,Trasporto su vendite vettore FOR-013 - DDT 2481,CC30,23.87
MOV-000143,2025-01-14,6421,Trasporto su vendite vettore FOR-014 - DDT 5905,CC30,26.90
MOV-000144,2025-01-14,6421,Trasporto su vendite vettore FOR-012 - DDT 1710,CC30,18.78
MOV-000145,2025-01-14,6421,Trasporto su vendite vettore FOR-012 - DDT 0735,CC30,27.40
MOV-000146,2025-01-14,6421,Trasporto su vendite vettore FOR-011 - DDT 4944,CC30,58.07
MOV-000147,2025-01-14,6421,Trasporto su vendite vettore FOR-013 - DDT 6267,CC30,49.15
MOV-000148,2025-01-14,6421,Trasporto su vendite vettore FOR-014 - DDT 4480,CC30,31.86
MOV-000149,2025-01-14,6421,Trasporto su vendite vettore FOR-012 - DDT 4554,CC30,52.59
MOV-000150,2025-01-14,6421,Trasporto su vendite vettore FOR-012 - DDT 5044,CC30,51.12
MOV-000151,2025-01-14,6421,Trasporto su vendite vettore FOR-011 - DDT 1877,CC30,31.02
MOV-000152,2025-01-14,6421,Trasporto su vendite vettore FOR-011 - DDT 8790,CC30,48.13
MOV-000153,2025-01-14,6421,Trasporto su vendite vettore FOR-011 - DDT 9435,CC30,22.17
MOV-000154,2025-01-14,6421,Trasporto su vendite vettore FOR-011 - DDT 7119,CC30,39.14
MOV-000155,2025-01-14,6421,Trasporto su vendite vettore FOR-011 - DDT 4347,CC30,33.67
MOV-000156,2025-01-14,6432,Trasferta tecnico di assistenza - intervento presso cliente CL-206,CC40,81.77
MOV-000157,2025-01-14,6432,Ricambi per intervento di assistenza FOR-052 CL-185,CC40,71.12
MOV-000158,2025-01-14,6432,Ricambi per intervento di assistenza FOR-052 CL-133,CC40,44.41
MOV-000159,2025-01-14,6432,Ricambi per intervento di assistenza FOR-052 CL-157,CC40,78.57
MOV-000160,2025-01-15,6421,Trasporto su vendite vettore FOR-014 - DDT 8381,CC30,31.92
MOV-000161,2025-01-15,6421,Trasporto su vendite vettore FOR-014 - DDT 9703,CC30,58.99
MOV-000162,2025-01-15,6421,Trasporto su vendite vettore FOR-011 - DDT 5437,CC30,43.90
MOV-000163,2025-01-15,6421,Trasporto su vendite vettore FOR-014 - DDT 2285,CC30,18.32
MOV-000164,2025-01-15,6421,Trasporto su vendite vettore FOR-011 - DDT 9865,CC30,37.04
MOV-000165,2025-01-16,6421,Trasporto su vendite vettore FOR-012 - DDT 7264,CC30,25.56
MOV-000166,2025-01-16,6421,Trasporto su vendite vettore FOR-014 - DDT 5959,CC30,50.13
MOV-000167,2025-01-16,6421,Trasporto su vendite vettore FOR-014 - DDT 9260,CC30,42.44
MOV-000168,2025-01-16,6421,Trasporto su vendite vettore FOR-012 - DDT 1049,CC30,31.88
MOV-000169,2025-01-16,6421,Trasporto su vendite vettore FOR-014 - DDT 7169,CC30,30.02
MOV-000170,2025-01-16,6421,Trasporto su vendite vettore FOR-014 - DDT 0583,CC30,40.87
MOV-000171,2025-01-16,6432,Trasferta tecnico di assistenza - intervento presso cliente CL-208,CC40,66.26
MOV-000172,2025-01-17,6421,Trasporto su vendite vettore FOR-011 - DDT 1373,CC30,46.04
MOV-000173,2025-01-17,6421,Trasporto su vendite vettore FOR-014 - DDT 1523,CC30,27.02
MOV-000174,2025-01-17,6421,Trasporto su vendite vettore FOR-011 - DDT 9608,CC30,38.21
MOV-000175,2025-01-17,6421,Trasporto su vendite vettore FOR-011 - DDT 5295,CC30,49.82
MOV-000176,2025-01-17,6421,Trasporto su vendite vettore FOR-014 - DDT 0273,CC30,35.94
MOV-000177,2025-01-18,6403,"Lavorazione esterna a ore FOR-033 - 10 ore a 29,00 euro",CC10,290.00
MOV-000178,2025-01-18,6403,"Lavorazione esterna a ore FOR-033 - 6 ore a 29,00 euro",CC10,174.00
MOV-000179,2025-01-18,6403,"Lavorazione esterna a ore FOR-034 - 13 ore a 29,00 euro",CC10,377.00
MOV-000180,2025-01-18,6421,Trasporto su vendite vettore FOR-014 - DDT 2813,CC30,55.88
MOV-000181,2025-01-18,6421,Trasporto su vendite vettore FOR-011 - DDT 9210,CC30,47.46
MOV-000182,2025-01-18,6421,Trasporto su vendite vettore FOR-011 - DDT 1552,CC30,48.98
MOV-000183,2025-01-18,6421,Trasporto su vendite vettore FOR-012 - DDT 4298,CC30,17.57
MOV-000184,2025-01-18,6421,Trasporto su vendite vettore FOR-011 - DDT 4413,CC30,34.20
MOV-000185,2025-01-18,6421,Trasporto su vendite vettore FOR-013 - DDT 5091,CC30,26.51
MOV-000186,2025-01-18,6421,Trasporto su vendite vettore FOR-011 - DDT 5209,CC30,16.55
MOV-000187,2025-01-18,6421,Trasporto su vendite vettore FOR-011 - DDT 3836,CC30,14.79
MOV-000188,2025-01-18,6421,Trasporto su vendite vettore FOR-012 - DDT 1263,CC30,29.77
MOV-000189,2025-01-18,6421,Trasporto su vendite vettore FOR-012 - DDT 1448,CC30,58.14
MOV-000190,2025-01-18,6421,Trasporto su vendite vettore FOR-011 - DDT 9589,CC30,40.85
MOV-000191,2025-01-18,6421,Trasporto su vendite vettore FOR-012 - DDT 0358,CC30,42.02
MOV-000192,2025-01-18,6432,Ricambi per intervento di assistenza FOR-051 CL-083,CC40,23.56
MOV-000193,2025-01-18,6432,Ricambi per intervento di assistenza FOR-051 CL-121,CC40,82.91
MOV-000194,2025-01-18,6432,Trasferta tecnico di assistenza - intervento presso cliente CL-024,CC40,60.05
MOV-000195,2025-01-18,6432,Trasferta tecnico di assistenza - intervento presso cliente CL-207,CC40,57.90
MOV-000196,2025-01-19,6403,"Lavorazione esterna a ore FOR-033 - 8 ore a 29,00 euro",CC10,232.00
MOV-000197,2025-01-19,6421,Trasporto su vendite vettore FOR-012 - DDT 9775,CC30,15.04
MOV-000198,2025-01-19,6421,Trasporto su vendite vettore FOR-011 - DDT 6630,CC30,21.26
MOV-000199,2025-01-19,6421,Trasporto su vendite vettore FOR-012 - DDT 8580,CC30,16.13
MOV-000200,2025-01-19,6421,Trasporto su vendite vettore FOR-014 - DDT 8335,CC30,44.75
MOV-000201,2025-01-19,6421,Trasporto su vendite vettore FOR-012 - DDT 0064,CC30,43.07
MOV-000202,2025-01-19,6421,Trasporto su vendite vettore FOR-011 - DDT 9039,CC30,57.73
MOV-000203,2025-01-19,6421,Trasporto su vendite vettore FOR-012 - DDT 7302,CC30,37.13
MOV-000204,2025-01-19,6421,Trasporto su vendite vettore FOR-012 - DDT 5745,CC30,31.78
MOV-000205,2025-01-19,6421,Trasporto su vendite vettore FOR-013 - DDT 3125,CC30,51.75
MOV-000206,2025-01-19,6421,Trasporto su vendite vettore FOR-014 - DDT 4040,CC30,37.60
MOV-000207,2025-01-19,6432,Ricambi per intervento di assistenza FOR-052 CL-101,CC40,60.43
MOV-000208,2025-01-19,6432,Ricambi per intervento di assistenza FOR-052 CL-158,CC40,31.97
MOV-000209,2025-01-19,6432,Ricambi per intervento di assistenza FOR-052 CL-021,CC40,23.05
MOV-000210,2025-01-20,6403,"Straordinari di reparto - 4 ore a 26,00 euro",CC10,104.00
MOV-000211,2025-01-20,6403,"Lavorazione esterna a ore FOR-031 - 11 ore a 29,00 euro",CC10,319.00
MOV-000212,2025-01-20,6421,Trasporto su vendite vettore FOR-013 - DDT 7361,CC30,38.67
MOV-000213,2025-01-20,6421,Trasporto su vendite vettore FOR-011 - DDT 5905,CC30,45.97
MOV-000214,2025-01-20,6421,Trasporto su vendite vettore FOR-012 - DDT 5857,CC30,30.64
MOV-000215,2025-01-20,6421,Trasporto su vendite vettore FOR-014 - DDT 3284,CC30,43.59
MOV-000216,2025-01-20,6421,Trasporto su vendite vettore FOR-012 - DDT 8263,CC30,50.51
MOV-000217,2025-01-20,6421,Trasporto su vendite vettore FOR-013 - DDT 9554,CC30,50.20
MOV-000218,2025-01-20,6421,Trasporto su vendite vettore FOR-013 - DDT 3117,CC30,53.68
MOV-000219,2025-01-20,6432,Ricambi per intervento di assistenza FOR-051 CL-118,CC40,48.24
MOV-000220,2025-01-21,6403,"Straordinari di reparto - 10 ore a 26,00 euro",CC10,260.00
MOV-000221,2025-01-21,6421,Trasporto su vendite vettore FOR-012 - DDT 0623,CC30,20.59
MOV-000222,2025-01-21,6421,Trasporto su vendite vettore FOR-013 - DDT 2705,CC30,32.01
MOV-000223,2025-01-21,6421,Trasporto su vendite vettore FOR-014 - DDT 4388,CC30,36.45
MOV-000224,2025-01-21,6421,Trasporto su vendite vettore FOR-011 - DDT 7783,CC30,23.90
MOV-000225,2025-01-21,6421,Trasporto su vendite vettore FOR-012 - DDT 2977,CC30,47.62
MOV-000226,2025-01-21,6421,Trasporto su vendite vettore FOR-013 - DDT 6091,CC30,48.38
MOV-000227,2025-01-22,6403,"Lavorazione esterna a ore FOR-034 - 12 ore a 29,00 euro",CC10,348.00
MOV-000228,2025-01-22,6421,Trasporto su vendite vettore FOR-014 - DDT 9500,CC30,18.43
MOV-000229,2025-01-22,6421,Trasporto su vendite vettore FOR-011 - DDT 8761,CC30,20.72
MOV-000230,2025-01-22,6421,Trasporto su vendite vettore FOR-012 - DDT 5053,CC30,41.77
MOV-000231,2025-01-22,6421,Trasporto su vendite vettore FOR-013 - DDT 3453,CC30,42.00
MOV-000232,2025-01-22,6421,Trasporto su vendite vettore FOR-014 - DDT 2228,CC30,51.47
MOV-000233,2025-01-22,6421,Trasporto su vendite vettore FOR-014 - DDT 9140,CC30,24.34
MOV-000234,2025-01-22,6432,Ricambi per intervento di assistenza FOR-052 CL-027,CC40,61.33
MOV-000235,2025-01-23,6403,"Straordinari di reparto - 5 ore a 26,00 euro",CC10,130.00
MOV-000236,2025-01-23,6421,Trasporto su vendite vettore FOR-012 - DDT 8767,CC30,58.25
MOV-000237,2025-01-23,6421,Trasporto su vendite vettore FOR-013 - DDT 2105,CC30,44.94
MOV-000238,2025-01-23,6421,Trasporto su vendite vettore FOR-012 - DDT 8592,CC30,45.36
MOV-000239,2025-01-23,6421,Trasporto su vendite vettore FOR-013 - DDT 9611,CC30,33.62
MOV-000240,2025-01-23,6421,Trasporto su vendite vettore FOR-014 - DDT 2767,CC30,50.47
MOV-000241,2025-01-23,6421,Trasporto su vendite vettore FOR-011 - DDT 3715,CC30,46.26
MOV-000242,2025-01-23,6421,Trasporto su vendite vettore FOR-011 - DDT 3537,CC30,33.03
MOV-000243,2025-01-23,6421,Trasporto su vendite vettore FOR-013 - DDT 6582,CC30,41.85
MOV-000244,2025-01-23,6421,Trasporto su vendite vettore FOR-012 - DDT 4716,CC30,42.59
MOV-000245,2025-01-23,6432,Trasferta tecnico di assistenza - intervento presso cliente CL-016,CC40,56.06
MOV-000246,2025-01-24,6421,Trasporto su vendite vettore FOR-014 - DDT 7090,CC30,32.04
MOV-000247,2025-01-24,6421,Trasporto su vendite vettore FOR-012 - DDT 0551,CC30,52.72
MOV-000248,2025-01-24,6421,Trasporto su vendite vettore FOR-012 - DDT 9948,CC30,17.28
MOV-000249,2025-01-24,6421,Trasporto su vendite vettore FOR-011 - DDT 4156,CC30,15.54
MOV-000250,2025-01-24,6421,Trasporto su vendite vettore FOR-011 - DDT 5541,CC30,30.82
MOV-000251,2025-01-24,6421,Trasporto su vendite vettore FOR-011 - DDT 7239,CC30,53.69
MOV-000252,2025-01-24,6421,Trasporto su vendite vettore FOR-011 - DDT 2885,CC30,26.12
MOV-000253,2025-01-24,6421,Trasporto su vendite vettore FOR-011 - DDT 1559,CC30,57.88
MOV-000254,2025-01-24,6421,Trasporto su vendite vettore FOR-011 - DDT 5398,CC30,58.21
MOV-000255,2025-01-24,6421,Trasporto su vendite vettore FOR-011 - DDT 5871,CC30,30.83
MOV-000256,2025-01-24,6421,Trasporto su vendite vettore FOR-014 - DDT 5801,CC30,21.54
MOV-000257,2025-01-24,6421,Trasporto su vendite vettore FOR-014 - DDT 5543,CC30,58.58
MOV-000258,2025-01-24,6432,Ricambi per intervento di assistenza FOR-052 CL-129,CC40,19.14
MOV-000259,2025-01-24,6432,Trasferta tecnico di assistenza - intervento presso cliente CL-061,CC40,60.82
MOV-000260,2025-01-25,6403,"Lavorazione esterna a ore FOR-031 - 6 ore a 29,00 euro",CC10,174.00
MOV-000261,2025-01-25,6421,Trasporto su vendite vettore FOR-011 - DDT 8780,CC30,55.34
MOV-000262,2025-01-25,6421,Trasporto su vendite vettore FOR-011 - DDT 4618,CC30,54.67
MOV-000263,2025-01-25,6421,Trasporto su vendite vettore FOR-012 - DDT 7778,CC30,32.50
MOV-000264,2025-01-25,6421,Trasporto su vendite vettore FOR-011 - DDT 7790,CC30,42.95
MOV-000265,2025-01-25,6421,Trasporto su vendite vettore FOR-011 - DDT 6278,CC30,53.06
MOV-000266,2025-01-25,6421,Trasporto su vendite vettore FOR-012 - DDT 5113,CC30,33.59
MOV-000267,2025-01-25,6421,Trasporto su vendite vettore FOR-012 - DDT 9573,CC30,19.46
MOV-000268,2025-01-25,6421,Trasporto su vendite vettore FOR-013 - DDT 1853,CC30,49.09
MOV-000269,2025-01-25,6421,Trasporto su vendite vettore FOR-011 - DDT 5771,CC30,17.02
MOV-000270,2025-01-25,6421,Trasporto su vendite vettore FOR-011 - DDT 8930,CC30,55.14
MOV-000271,2025-01-25,6421,Trasporto su vendite vettore FOR-011 - DDT 9894,CC30,52.75
MOV-000272,2025-01-25,6421,Trasporto su vendite vettore FOR-011 - DDT 4991,CC30,44.84
MOV-000273,2025-01-25,6421,Trasporto su vendite vettore FOR-011 - DDT 5368,CC30,20.09
MOV-000274,2025-01-25,6432,Trasferta tecnico di assistenza - intervento presso cliente CL-194,CC40,77.65
MOV-000275,2025-01-25,6432,Trasferta tecnico di assistenza - intervento presso cliente CL-236,CC40,22.81
MOV-000276,2025-01-26,6403,"Lavorazione esterna a ore FOR-033 - 10 ore a 29,00 euro",CC10,290.00
MOV-000277,2025-01-26,6421,Trasporto su vendite vettore FOR-014 - DDT 3798,CC30,17.89
MOV-000278,2025-01-26,6421,Trasporto su vendite vettore FOR-013 - DDT 9023,CC30,46.98
MOV-000279,2025-01-26,6421,Trasporto su vendite vettore FOR-013 - DDT 0132,CC30,39.80
MOV-000280,2025-01-26,6421,Trasporto su vendite vettore FOR-011 - DDT 9426,CC30,42.83
MOV-000281,2025-01-26,6421,Trasporto su vendite vettore FOR-014 - DDT 6716,CC30,31.27
MOV-000282,2025-01-26,6421,Trasporto su vendite vettore FOR-014 - DDT 9279,CC30,35.16
MOV-000283,2025-01-26,6421,Trasporto su vendite vettore FOR-013 - DDT 7383,CC30,45.11
MOV-000284,2025-01-26,6421,Trasporto su vendite vettore FOR-012 - DDT 7786,CC30,53.26
MOV-000285,2025-01-26,6421,Trasporto su vendite vettore FOR-011 - DDT 5299,CC30,51.89
MOV-000286,2025-01-26,6421,Trasporto su vendite vettore FOR-014 - DDT 6059,CC30,43.54
MOV-000287,2025-01-26,6421,Trasporto su vendite vettore FOR-013 - DDT 9378,CC30,27.05
MOV-000288,2025-01-26,6421,Trasporto su vendite vettore FOR-014 - DDT 4613,CC30,26.88
MOV-000289,2025-01-26,6421,Trasporto su vendite vettore FOR-011 - DDT 6970,CC30,21.74
MOV-000290,2025-01-26,6421,Trasporto su vendite vettore FOR-013 - DDT 8846,CC30,25.12
MOV-000291,2025-01-27,6421,Trasporto su vendite vettore FOR-014 - DDT 7117,CC30,47.20
MOV-000292,2025-01-27,6421,Trasporto su vendite vettore FOR-012 - DDT 8933,CC30,28.41
MOV-000293,2025-01-27,6421,Trasporto su vendite vettore FOR-013 - DDT 8681,CC30,50.14
MOV-000294,2025-01-27,6421,Trasporto su vendite vettore FOR-014 - DDT 1476,CC30,30.87
MOV-000295,2025-01-27,6421,Trasporto su vendite vettore FOR-012 - DDT 3729,CC30,49.77
MOV-000296,2025-01-27,6421,Trasporto su vendite vettore FOR-014 - DDT 2440,CC30,40.03
MOV-000297,2025-01-27,6421,Trasporto su vendite vettore FOR-012 - DDT 3295,CC30,46.06
MOV-000298,2025-01-27,6421,Trasporto su vendite vettore FOR-011 - DDT 0555,CC30,15.72
MOV-000299,2025-01-27,6421,Trasporto su vendite vettore FOR-012 - DDT 1630,CC30,29.98
MOV-000300,2025-01-27,6421,Trasporto su vendite vettore FOR-012 - DDT 3758,CC30,22.39
MOV-000301,2025-01-27,6432,Ricambi per intervento di assistenza FOR-052 CL-045,CC40,80.51
MOV-000302,2025-01-27,6432,Ricambi per intervento di assistenza FOR-051 CL-084,CC40,53.85
MOV-000303,2025-01-27,6432,Ricambi per intervento di assistenza FOR-052 CL-009,CC40,37.46
MOV-000304,2025-01-28,6403,"Straordinari di reparto - 3 ore a 26,00 euro",CC10,78.00
MOV-000305,2025-01-28,6403,"Lavorazione esterna a ore FOR-031 - 13 ore a 29,00 euro",CC10,377.00
MOV-000306,2025-01-28,6421,Trasporto su vendite vettore FOR-014 - DDT 6918,CC30,31.34
MOV-000307,2025-01-28,6421,Trasporto su vendite vettore FOR-011 - DDT 5470,CC30,37.75
MOV-000308,2025-01-28,6421,Trasporto su vendite vettore FOR-013 - DDT 0403,CC30,29.40
MOV-000309,2025-01-28,6421,Trasporto su vendite vettore FOR-014 - DDT 5517,CC30,23.54
MOV-000310,2025-01-28,6421,Trasporto su vendite vettore FOR-012 - DDT 1293,CC30,47.85
MOV-000311,2025-01-28,6421,Trasporto su vendite vettore FOR-013 - DDT 4053,CC30,45.71
MOV-000312,2025-01-28,6421,Trasporto su vendite vettore FOR-011 - DDT 6150,CC30,26.43
MOV-000313,2025-01-28,6421,Trasporto su vendite vettore FOR-014 - DDT 6639,CC30,43.70
MOV-000314,2025-01-28,6421,Trasporto su vendite vettore FOR-011 - DDT 6317,CC30,51.95
MOV-000315,2025-01-28,6421,Trasporto su vendite vettore FOR-012 - DDT 6672,CC30,30.83
MOV-000316,2025-01-28,6421,Trasporto su vendite vettore FOR-014 - DDT 5553,CC30,15.43
MOV-000317,2025-01-28,6432,Ricambi per intervento di assistenza FOR-052 CL-122,CC40,64.21
MOV-000318,2025-01-28,6432,Ricambi per intervento di assistenza FOR-052 CL-233,CC40,26.06
MOV-000319,2025-01-28,6432,Trasferta tecnico di assistenza - intervento presso cliente CL-232,CC40,49.24
MOV-000320,2025-01-29,6421,Trasporto su vendite vettore FOR-011 - DDT 8569,CC30,56.00
MOV-000321,2025-01-29,6421,Trasporto su vendite vettore FOR-013 - DDT 9400,CC30,25.05
MOV-000322,2025-01-29,6421,Trasporto su vendite vettore FOR-014 - DDT 0245,CC30,29.74
MOV-000323,2025-01-29,6421,Trasporto su vendite vettore FOR-014 - DDT 1692,CC30,20.34
MOV-000324,2025-01-29,6421,Trasporto su vendite vettore FOR-014 - DDT 3060,CC30,53.58
MOV-000325,2025-01-29,6421,Trasporto su vendite vettore FOR-011 - DDT 6933,CC30,48.94
MOV-000326,2025-01-29,6421,Trasporto su vendite vettore FOR-014 - DDT 4934,CC30,55.75
MOV-000327,2025-01-29,6421,Trasporto su vendite vettore FOR-011 - DDT 9886,CC30,58.15
MOV-000328,2025-01-29,6421,Trasporto su vendite vettore FOR-012 - DDT 1150,CC30,53.24
MOV-000329,2025-01-29,6421,Trasporto su vendite vettore FOR-012 - DDT 8344,CC30,54.49
MOV-000330,2025-01-29,6421,Trasporto su vendite vettore FOR-014 - DDT 4354,CC30,24.42
MOV-000331,2025-01-29,6421,Trasporto su vendite vettore FOR-012 - DDT 9747,CC30,30.84
MOV-000332,2025-01-29,6432,Trasferta tecnico di assistenza - intervento presso cliente CL-050,CC40,49.30
MOV-000333,2025-01-29,6432,Ricambi per intervento di assistenza FOR-052 CL-106,CC40,78.86
MOV-000334,2025-01-30,6421,Trasporto su vendite vettore FOR-012 - DDT 2942,CC30,28.99
MOV-000335,2025-01-30,6421,Trasporto su vendite vettore FOR-014 - DDT 2064,CC30,42.49
MOV-000336,2025-01-30,6421,Trasporto su vendite vettore FOR-011 - DDT 1926,CC30,56.13
MOV-000337,2025-01-30,6421,Trasporto su vendite vettore FOR-012 - DDT 9479,CC30,34.00
MOV-000338,2025-01-30,6421,Trasporto su vendite vettore FOR-011 - DDT 2292,CC30,38.93
MOV-000339,2025-01-30,6421,Trasporto su vendite vettore FOR-014 - DDT 0393,CC30,33.47
MOV-000340,2025-01-30,6421,Trasporto su vendite vettore FOR-011 - DDT 1107,CC30,51.85
MOV-000341,2025-01-30,6421,Trasporto su vendite vettore FOR-012 - DDT 7491,CC30,24.14
MOV-000342,2025-01-30,6421,Trasporto su vendite vettore FOR-013 - DDT 9204,CC30,47.00
MOV-000343,2025-01-31,6401,Quota ammortamento impianto IMP-01 - gennaio 2025,CC10,1833.34
MOV-000344,2025-01-31,6401,Quota ammortamento impianto IMP-02 - gennaio 2025,CC10,1666.67
MOV-000345,2025-01-31,6401,Quota ammortamento impianto IMP-03 - gennaio 2025,CC10,1500.00
MOV-000346,2025-01-31,6401,Quota ammortamento impianto IMP-04 - gennaio 2025,CC10,1166.67
MOV-000347,2025-01-31,6402,Retribuzioni produzione indiretta - gennaio 2025 - retribuzioni lorde,CC10,2887.25
MOV-000348,2025-01-31,6402,Retribuzioni produzione indiretta - gennaio 2025 - contributi a carico impresa,CC10,907.42
MOV-000349,2025-01-31,6402,Retribuzioni produzione indiretta - gennaio 2025 - quota TFR,CC10,329.97
MOV-000350,2025-01-31,6403,"Lavorazione esterna a ore FOR-034 - 10 ore a 29,00 euro",CC10,290.00
MOV-000351,2025-01-31,6411,Retribuzioni ufficio ordini - gennaio 2025 - retribuzioni lorde,CC20,11172.64
MOV-000352,2025-01-31,6411,Retribuzioni ufficio ordini - gennaio 2025 - contributi a carico impresa,CC20,3511.40
MOV-000353,2025-01-31,6411,Retribuzioni ufficio ordini - gennaio 2025 - quota TFR,CC20,1276.88
MOV-000354,2025-01-31,6421,Trasporto su vendite vettore FOR-012 - DDT 5130,CC30,38.45
MOV-000355,2025-01-31,6421,Trasporto su vendite vettore FOR-013 - DDT 0812,CC30,49.64
MOV-000356,2025-01-31,6421,Trasporto su vendite vettore FOR-013 - DDT 9735,CC30,42.62
MOV-000357,2025-01-31,6421,Trasporto su vendite vettore FOR-014 - DDT 5089,CC30,22.33
MOV-000358,2025-01-31,6421,Trasporto su vendite vettore FOR-012 - DDT 9992,CC30,21.87
MOV-000359,2025-01-31,6421,Trasporto su vendite vettore FOR-013 - DDT 0752,CC30,14.81
MOV-000360,2025-01-31,6421,Trasporto su vendite vettore FOR-012 - DDT 5487,CC30,56.09
MOV-000361,2025-01-31,6421,Trasporto su vendite vettore FOR-012 - DDT 6157,CC30,23.46
MOV-000362,2025-01-31,6421,Trasporto su vendite vettore FOR-011 - DDT 5108,CC30,31.67
MOV-000363,2025-01-31,6421,Trasporto su vendite vettore FOR-012 - DDT 5192,CC30,54.14
MOV-000364,2025-01-31,6421,Trasporto su vendite vettore FOR-011 - DDT 4314,CC30,43.42
MOV-000365,2025-01-31,6421,Trasporto su vendite vettore FOR-013 - DDT 4406,CC30,41.12
MOV-000366,2025-01-31,6421,Trasporto su vendite vettore FOR-013 - DDT 0980,CC30,54.91
MOV-000367,2025-01-31,6421,Trasporto su vendite vettore FOR-014 - DDT 2563,CC30,53.76
MOV-000368,2025-01-31,6421,Trasporto su vendite vettore FOR-014 - DDT 4175,CC30,22.54
MOV-000369,2025-01-31,6422,Personale di spedizione - gennaio 2025 - retribuzioni lorde,CC30,2316.60
MOV-000370,2025-01-31,6422,Personale di spedizione - gennaio 2025 - contributi a carico impresa,CC30,728.07
MOV-000371,2025-01-31,6422,Personale di spedizione - gennaio 2025 - quota TFR,CC30,264.76
MOV-000372,2025-01-31,6431,Retribuzioni tecnici di assistenza - gennaio 2025 - retribuzioni lorde,CC40,7118.44
MOV-000373,2025-01-31,6431,Retribuzioni tecnici di assistenza - gennaio 2025 - contributi a carico impresa,CC40,2237.22
MOV-000374,2025-01-31,6431,Retribuzioni tecnici di assistenza - gennaio 2025 - quota TFR,CC40,813.54
MOV-000375,2025-01-31,6432,Ricambi per intervento di assistenza FOR-052 CL-221,CC40,34.78
MOV-000376,2025-01-31,6432,Ricambi per intervento di assistenza FOR-052 CL-226,CC40,31.05
MOV-000377,2025-01-31,6441,Retribuzioni amministrative - gennaio 2025 - retribuzioni lorde,CC50,2769.38
MOV-000378,2025-01-31,6441,Retribuzioni amministrative - gennaio 2025 - contributi a carico impresa,CC50,870.38
MOV-000379,2025-01-31,6441,Retribuzioni amministrative - gennaio 2025 - quota TFR,CC50,316.49
MOV-000380,2025-02-01,6403,"Lavorazione esterna a ore FOR-033 - 10 ore a 29,00 euro",CC10,290.00
MOV-000381,2025-02-01,6403,"Lavorazione esterna a ore FOR-034 - 19 ore a 29,00 euro",CC10,551.00
MOV-000382,2025-02-01,6412,Canone sistemi di gestione ordini FOR-040 - febbraio 2025,CC20,4500.00
MOV-000383,2025-02-01,6421,Trasporto su vendite vettore FOR-014 - DDT 5623,CC30,29.21
MOV-000384,2025-02-01,6421,Trasporto su vendite vettore FOR-011 - DDT 9953,CC30,51.16
MOV-000385,2025-02-01,6421,Trasporto su vendite vettore FOR-011 - DDT 1934,CC30,39.43
MOV-000386,2025-02-01,6421,Trasporto su vendite vettore FOR-013 - DDT 6653,CC30,33.72
MOV-000387,2025-02-01,6421,Trasporto su vendite vettore FOR-011 - DDT 6749,CC30,45.69
MOV-000388,2025-02-01,6421,Trasporto su vendite vettore FOR-014 - DDT 9140,CC30,24.84
MOV-000389,2025-02-01,6421,Trasporto su vendite vettore FOR-011 - DDT 7121,CC30,38.90
MOV-000390,2025-02-01,6421,Trasporto su vendite vettore FOR-014 - DDT 9010,CC30,31.10
MOV-000391,2025-02-01,6421,Trasporto su vendite vettore FOR-013 - DDT 2744,CC30,29.51
MOV-000392,2025-02-01,6432,Trasferta tecnico di assistenza - intervento presso cliente CL-229,CC40,58.33
MOV-000393,2025-02-02,6403,"Lavorazione esterna a ore FOR-032 - 19 ore a 29,00 euro",CC10,551.00
MOV-000394,2025-02-02,6421,Trasporto su vendite vettore FOR-013 - DDT 3348,CC30,52.29
MOV-000395,2025-02-02,6421,Trasporto su vendite vettore FOR-011 - DDT 5145,CC30,36.70
MOV-000396,2025-02-02,6421,Trasporto su vendite vettore FOR-013 - DDT 0981,CC30,46.50
MOV-000397,2025-02-02,6421,Trasporto su vendite vettore FOR-013 - DDT 3060,CC30,29.98
MOV-000398,2025-02-02,6421,Trasporto su vendite vettore FOR-014 - DDT 1392,CC30,17.94
MOV-000399,2025-02-02,6421,Trasporto su vendite vettore FOR-013 - DDT 4747,CC30,54.83
MOV-000400,2025-02-02,6432,Trasferta tecnico di assistenza - intervento presso cliente CL-038,CC40,24.29
MOV-000401,2025-02-03,6403,"Lavorazione esterna a ore FOR-031 - 14 ore a 29,00 euro",CC10,406.00
MOV-000402,2025-02-03,6421,Trasporto su vendite vettore FOR-011 - DDT 4564,CC30,54.70
MOV-000403,2025-02-03,6421,Trasporto su vendite vettore FOR-014 - DDT 9049,CC30,48.12
MOV-000404,2025-02-03,6421,Trasporto su vendite vettore FOR-011 - DDT 3280,CC30,43.18
MOV-000405,2025-02-03,6421,Trasporto su vendite vettore FOR-014 - DDT 0619,CC30,32.79
MOV-000406,2025-02-03,6421,Trasporto su vendite vettore FOR-011 - DDT 8015,CC30,25.24
MOV-000407,2025-02-03,6421,Trasporto su vendite vettore FOR-014 - DDT 5843,CC30,20.50
MOV-000408,2025-02-03,6421,Trasporto su vendite vettore FOR-011 - DDT 6862,CC30,31.71
MOV-000409,2025-02-03,6421,Trasporto su vendite vettore FOR-013 - DDT 0543,CC30,38.00
MOV-000410,2025-02-03,6421,Trasporto su vendite vettore FOR-014 - DDT 4313,CC30,38.80
MOV-000411,2025-02-03,6421,Trasporto su vendite vettore FOR-013 - DDT 2529,CC30,20.45
MOV-000412,2025-02-03,6421,Trasporto su vendite vettore FOR-012 - DDT 8788,CC30,28.31
MOV-000413,2025-02-03,6421,Trasporto su vendite vettore FOR-012 - DDT 7255,CC30,19.81
MOV-000414,2025-02-03,6421,Trasporto su vendite vettore FOR-012 - DDT 9266,CC30,23.50
MOV-000415,2025-02-03,6432,Trasferta tecnico di assistenza - intervento presso cliente CL-138,CC40,64.09
MOV-000416,2025-02-03,6432,Ricambi per intervento di assistenza FOR-052 CL-045,CC40,67.78
MOV-000417,2025-02-04,6421,Trasporto su vendite vettore FOR-012 - DDT 3840,CC30,45.13
MOV-000418,2025-02-04,6421,Trasporto su vendite vettore FOR-011 - DDT 3141,CC30,39.04
MOV-000419,2025-02-04,6421,Trasporto su vendite vettore FOR-014 - DDT 5085,CC30,48.82
MOV-000420,2025-02-04,6421,Trasporto su vendite vettore FOR-012 - DDT 2733,CC30,34.35
MOV-000421,2025-02-04,6421,Trasporto su vendite vettore FOR-012 - DDT 5906,CC30,37.85
MOV-000422,2025-02-04,6421,Trasporto su vendite vettore FOR-012 - DDT 5978,CC30,56.12
MOV-000423,2025-02-04,6421,Trasporto su vendite vettore FOR-011 - DDT 6543,CC30,52.38
MOV-000424,2025-02-04,6421,Trasporto su vendite vettore FOR-013 - DDT 4531,CC30,48.02
MOV-000425,2025-02-04,6421,Trasporto su vendite vettore FOR-013 - DDT 2255,CC30,24.75
MOV-000426,2025-02-04,6421,Trasporto su vendite vettore FOR-013 - DDT 7748,CC30,20.80
MOV-000427,2025-02-04,6421,Trasporto su vendite vettore FOR-012 - DDT 7708,CC30,27.51
MOV-000428,2025-02-04,6421,Trasporto su vendite vettore FOR-014 - DDT 5503,CC30,58.49
MOV-000429,2025-02-04,6421,Trasporto su vendite vettore FOR-014 - DDT 0786,CC30,51.35
MOV-000430,2025-02-04,6421,Trasporto su vendite vettore FOR-013 - DDT 3671,CC30,57.11
MOV-000431,2025-02-04,6432,Trasferta tecnico di assistenza - intervento presso cliente CL-111,CC40,84.01
MOV-000432,2025-02-04,6432,Trasferta tecnico di assistenza - intervento presso cliente CL-176,CC40,88.29
MOV-000433,2025-02-04,6432,Ricambi per intervento di assistenza FOR-051 CL-231,CC40,68.05
MOV-000434,2025-02-05,6421,Trasporto su vendite vettore FOR-011 - DDT 7882,CC30,49.49
MOV-000435,2025-02-05,6421,Trasporto su vendite vettore FOR-013 - DDT 4638,CC30,28.51
MOV-000436,2025-02-05,6421,Trasporto su vendite vettore FOR-013 - DDT 4618,CC30,19.77
MOV-000437,2025-02-05,6421,Trasporto su vendite vettore FOR-014 - DDT 0450,CC30,40.83
MOV-000438,2025-02-05,6421,Trasporto su vendite vettore FOR-012 - DDT 8817,CC30,45.79
MOV-000439,2025-02-05,6421,Trasporto su vendite vettore FOR-011 - DDT 4277,CC30,56.34
MOV-000440,2025-02-05,6421,Trasporto su vendite vettore FOR-011 - DDT 4068,CC30,52.55
MOV-000441,2025-02-05,6421,Trasporto su vendite vettore FOR-011 - DDT 8061,CC30,41.02
MOV-000442,2025-02-05,6421,Trasporto su vendite vettore FOR-013 - DDT 7866,CC30,41.69
MOV-000443,2025-02-05,6421,Trasporto su vendite vettore FOR-012 - DDT 5145,CC30,19.18
MOV-000444,2025-02-05,6421,Trasporto su vendite vettore FOR-012 - DDT 2674,CC30,19.73
MOV-000445,2025-02-05,6432,Ricambi per intervento di assistenza FOR-051 CL-110,CC40,67.38
MOV-000446,2025-02-06,6403,"Lavorazione esterna a ore FOR-034 - 10 ore a 29,00 euro",CC10,290.00
MOV-000447,2025-02-06,6421,Trasporto su vendite vettore FOR-014 - DDT 3039,CC30,27.00
MOV-000448,2025-02-06,6421,Trasporto su vendite vettore FOR-014 - DDT 3564,CC30,19.98
MOV-000449,2025-02-06,6421,Trasporto su vendite vettore FOR-014 - DDT 3900,CC30,36.19
MOV-000450,2025-02-06,6421,Trasporto su vendite vettore FOR-011 - DDT 8147,CC30,41.30
MOV-000451,2025-02-06,6421,Trasporto su vendite vettore FOR-013 - DDT 6810,CC30,47.14
MOV-000452,2025-02-06,6421,Trasporto su vendite vettore FOR-011 - DDT 4168,CC30,31.65
MOV-000453,2025-02-06,6432,Ricambi per intervento di assistenza FOR-051 CL-007,CC40,52.48
MOV-000454,2025-02-07,6421,Trasporto su vendite vettore FOR-012 - DDT 5220,CC30,53.81
MOV-000455,2025-02-07,6421,Trasporto su vendite vettore FOR-013 - DDT 4706,CC30,22.02
MOV-000456,2025-02-07,6421,Trasporto su vendite vettore FOR-014 - DDT 0661,CC30,19.17
MOV-000457,2025-02-07,6421,Trasporto su vendite vettore FOR-012 - DDT 8327,CC30,30.13
MOV-000458,2025-02-07,6421,Trasporto su vendite vettore FOR-011 - DDT 7678,CC30,14.99
MOV-000459,2025-02-07,6421,Trasporto su vendite vettore FOR-013 - DDT 8507,CC30,19.68
MOV-000460,2025-02-07,6421,Trasporto su vendite vettore FOR-011 - DDT 5306,CC30,41.20
MOV-000461,2025-02-07,6421,Trasporto su vendite vettore FOR-011 - DDT 5965,CC30,19.98
MOV-000462,2025-02-07,6421,Trasporto su vendite vettore FOR-012 - DDT 0489,CC30,46.72
MOV-000463,2025-02-07,6421,Trasporto su vendite vettore FOR-013 - DDT 3929,CC30,39.28
MOV-000464,2025-02-07,6421,Trasporto su vendite vettore FOR-014 - DDT 5011,CC30,51.87
MOV-000465,2025-02-07,6421,Trasporto su vendite vettore FOR-012 - DDT 6757,CC30,22.13
MOV-000466,2025-02-07,6421,Trasporto su vendite vettore FOR-012 - DDT 6638,CC30,56.37
MOV-000467,2025-02-07,6421,Trasporto su vendite vettore FOR-014 - DDT 8933,CC30,34.91
MOV-000468,2025-02-07,6421,Trasporto su vendite vettore FOR-014 - DDT 7897,CC30,16.58
MOV-000469,2025-02-07,6432,Ricambi per intervento di assistenza FOR-052 CL-162,CC40,70.92
MOV-000470,2025-02-08,6403,"Straordinari di reparto - 8 ore a 26,00 euro",CC10,208.00
MOV-000471,2025-02-08,6421,Trasporto su vendite vettore FOR-012 - DDT 8935,CC30,49.84
MOV-000472,2025-02-08,6421,Trasporto su vendite vettore FOR-011 - DDT 2652,CC30,43.42
MOV-000473,2025-02-08,6421,Trasporto su vendite vettore FOR-012 - DDT 6450,CC30,57.11
MOV-000474,2025-02-08,6421,Trasporto su vendite vettore FOR-014 - DDT 5414,CC30,22.77
MOV-000475,2025-02-08,6421,Trasporto su vendite vettore FOR-014 - DDT 7090,CC30,27.21
MOV-000476,2025-02-08,6421,Trasporto su vendite vettore FOR-012 - DDT 1382,CC30,33.09
MOV-000477,2025-02-08,6421,Trasporto su vendite vettore FOR-013 - DDT 0252,CC30,38.14
MOV-000478,2025-02-08,6421,Trasporto su vendite vettore FOR-013 - DDT 4479,CC30,54.03
MOV-000479,2025-02-08,6421,Trasporto su vendite vettore FOR-013 - DDT 6169,CC30,23.81
MOV-000480,2025-02-08,6432,Trasferta tecnico di assistenza - intervento presso cliente CL-044,CC40,44.85
MOV-000481,2025-02-08,6432,Ricambi per intervento di assistenza FOR-051 CL-100,CC40,81.27
MOV-000482,2025-02-08,6432,Trasferta tecnico di assistenza - intervento presso cliente CL-233,CC40,40.21
MOV-000483,2025-02-09,6403,"Lavorazione esterna a ore FOR-032 - 19 ore a 29,00 euro",CC10,551.00
MOV-000484,2025-02-09,6421,Trasporto su vendite vettore FOR-011 - DDT 1454,CC30,41.95
MOV-000485,2025-02-09,6421,Trasporto su vendite vettore FOR-013 - DDT 8777,CC30,49.90
MOV-000486,2025-02-09,6421,Trasporto su vendite vettore FOR-014 - DDT 9217,CC30,50.97
MOV-000487,2025-02-09,6421,Trasporto su vendite vettore FOR-013 - DDT 7073,CC30,20.03
MOV-000488,2025-02-09,6421,Trasporto su vendite vettore FOR-012 - DDT 5377,CC30,18.75
MOV-000489,2025-02-09,6421,Trasporto su vendite vettore FOR-012 - DDT 5243,CC30,38.35
MOV-000490,2025-02-09,6421,Trasporto su vendite vettore FOR-012 - DDT 7158,CC30,34.75
MOV-000491,2025-02-09,6421,Trasporto su vendite vettore FOR-011 - DDT 6399,CC30,26.44
MOV-000492,2025-02-09,6421,Trasporto su vendite vettore FOR-012 - DDT 2080,CC30,36.61
MOV-000493,2025-02-09,6421,Trasporto su vendite vettore FOR-014 - DDT 5962,CC30,57.98
MOV-000494,2025-02-09,6421,Trasporto su vendite vettore FOR-011 - DDT 2643,CC30,47.81
MOV-000495,2025-02-09,6421,Trasporto su vendite vettore FOR-011 - DDT 1564,CC30,49.82
MOV-000496,2025-02-09,6421,Trasporto su vendite vettore FOR-013 - DDT 3172,CC30,27.31
MOV-000497,2025-02-09,6421,Trasporto su vendite vettore FOR-012 - DDT 8952,CC30,25.29
MOV-000498,2025-02-10,6421,Trasporto su vendite vettore FOR-014 - DDT 1832,CC30,25.90
MOV-000499,2025-02-10,6421,Trasporto su vendite vettore FOR-014 - DDT 7596,CC30,50.97
MOV-000500,2025-02-10,6421,Trasporto su vendite vettore FOR-013 - DDT 9878,CC30,48.64
MOV-000501,2025-02-10,6421,Trasporto su vendite vettore FOR-013 - DDT 6507,CC30,45.33
MOV-000502,2025-02-10,6421,Trasporto su vendite vettore FOR-014 - DDT 7107,CC30,47.22
MOV-000503,2025-02-10,6421,Trasporto su vendite vettore FOR-012 - DDT 5592,CC30,48.72
MOV-000504,2025-02-10,6421,Trasporto su vendite vettore FOR-014 - DDT 0142,CC30,52.61
MOV-000505,2025-02-10,6421,Trasporto su vendite vettore FOR-012 - DDT 7676,CC30,49.76
MOV-000506,2025-02-10,6421,Trasporto su vendite vettore FOR-014 - DDT 0127,CC30,20.04
MOV-000507,2025-02-10,6421,Trasporto su vendite vettore FOR-012 - DDT 6393,CC30,33.44
MOV-000508,2025-02-10,6421,Trasporto su vendite vettore FOR-014 - DDT 5724,CC30,45.18
MOV-000509,2025-02-10,6432,Ricambi per intervento di assistenza FOR-051 CL-131,CC40,68.52
MOV-000510,2025-02-10,6432,Ricambi per intervento di assistenza FOR-052 CL-043,CC40,88.52
MOV-000511,2025-02-11,6421,Trasporto su vendite vettore FOR-013 - DDT 8532,CC30,16.87
MOV-000512,2025-02-11,6421,Trasporto su vendite vettore FOR-013 - DDT 3106,CC30,54.89
MOV-000513,2025-02-11,6421,Trasporto su vendite vettore FOR-014 - DDT 6011,CC30,31.39
MOV-000514,2025-02-11,6421,Trasporto su vendite vettore FOR-014 - DDT 9681,CC30,51.77
MOV-000515,2025-02-11,6421,Trasporto su vendite vettore FOR-012 - DDT 4671,CC30,43.73
MOV-000516,2025-02-11,6421,Trasporto su vendite vettore FOR-014 - DDT 2986,CC30,42.97
MOV-000517,2025-02-11,6421,Trasporto su vendite vettore FOR-014 - DDT 7253,CC30,18.47
MOV-000518,2025-02-11,6421,Trasporto su vendite vettore FOR-013 - DDT 6649,CC30,36.80
MOV-000519,2025-02-11,6421,Trasporto su vendite vettore FOR-013 - DDT 6798,CC30,28.82
MOV-000520,2025-02-11,6421,Trasporto su vendite vettore FOR-014 - DDT 4892,CC30,57.02
MOV-000521,2025-02-11,6421,Trasporto su vendite vettore FOR-013 - DDT 9231,CC30,19.82
MOV-000522,2025-02-11,6421,Trasporto su vendite vettore FOR-011 - DDT 3400,CC30,26.67
MOV-000523,2025-02-11,6421,Trasporto su vendite vettore FOR-013 - DDT 8779,CC30,50.14
MOV-000524,2025-02-11,6421,Trasporto su vendite vettore FOR-013 - DDT 1693,CC30,24.04
MOV-000525,2025-02-11,6432,Trasferta tecnico di assistenza - intervento presso cliente CL-176,CC40,38.91
MOV-000526,2025-02-11,6432,Ricambi per intervento di assistenza FOR-052 CL-047,CC40,86.17
MOV-000527,2025-02-12,6403,"Straordinari di reparto - 7 ore a 26,00 euro",CC10,182.00
MOV-000528,2025-02-12,6421,Trasporto su vendite vettore FOR-014 - DDT 7930,CC30,32.98
MOV-000529,2025-02-12,6421,Trasporto su vendite vettore FOR-011 - DDT 4481,CC30,27.39
MOV-000530,2025-02-12,6421,Trasporto su vendite vettore FOR-014 - DDT 2128,CC30,49.83
MOV-000531,2025-02-12,6421,Trasporto su vendite vettore FOR-014 - DDT 9443,CC30,40.52
MOV-000532,2025-02-12,6421,Trasporto su vendite vettore FOR-012 - DDT 4713,CC30,26.03
MOV-000533,2025-02-12,6421,Trasporto su vendite vettore FOR-013 - DDT 1960,CC30,38.32
MOV-000534,2025-02-12,6421,Trasporto su vendite vettore FOR-011 - DDT 8929,CC30,39.11
MOV-000535,2025-02-12,6421,Trasporto su vendite vettore FOR-011 - DDT 8952,CC30,20.80
MOV-000536,2025-02-12,6421,Trasporto su vendite vettore FOR-011 - DDT 6083,CC30,38.76
MOV-000537,2025-02-12,6432,Ricambi per intervento di assistenza FOR-052 CL-149,CC40,20.82
MOV-000538,2025-02-12,6432,Ricambi per intervento di assistenza FOR-052 CL-110,CC40,43.63
MOV-000539,2025-02-13,6421,Trasporto su vendite vettore FOR-012 - DDT 1418,CC30,23.86
MOV-000540,2025-02-13,6421,Trasporto su vendite vettore FOR-011 - DDT 0578,CC30,40.27
MOV-000541,2025-02-13,6421,Trasporto su vendite vettore FOR-011 - DDT 2660,CC30,56.35
MOV-000542,2025-02-13,6421,Trasporto su vendite vettore FOR-014 - DDT 1511,CC30,35.12
MOV-000543,2025-02-13,6421,Trasporto su vendite vettore FOR-011 - DDT 0007,CC30,28.46
MOV-000544,2025-02-13,6421,Trasporto su vendite vettore FOR-013 - DDT 2038,CC30,25.88
MOV-000545,2025-02-13,6421,Trasporto su vendite vettore FOR-012 - DDT 4758,CC30,27.66
MOV-000546,2025-02-13,6421,Trasporto su vendite vettore FOR-013 - DDT 4176,CC30,50.78
MOV-000547,2025-02-13,6421,Trasporto su vendite vettore FOR-014 - DDT 3961,CC30,40.38
MOV-000548,2025-02-13,6421,Trasporto su vendite vettore FOR-011 - DDT 3344,CC30,24.41
MOV-000549,2025-02-13,6432,Trasferta tecnico di assistenza - intervento presso cliente CL-006,CC40,26.83
MOV-000550,2025-02-14,6403,"Lavorazione esterna a ore FOR-033 - 13 ore a 29,00 euro",CC10,377.00
MOV-000551,2025-02-14,6421,Trasporto su vendite vettore FOR-013 - DDT 0421,CC30,41.13
MOV-000552,2025-02-14,6421,Trasporto su vendite vettore FOR-014 - DDT 3426,CC30,31.26
MOV-000553,2025-02-14,6421,Trasporto su vendite vettore FOR-013 - DDT 0303,CC30,22.84
MOV-000554,2025-02-14,6421,Trasporto su vendite vettore FOR-014 - DDT 5818,CC30,58.72
MOV-000555,2025-02-14,6421,Trasporto su vendite vettore FOR-014 - DDT 9431,CC30,22.75
MOV-000556,2025-02-14,6432,Ricambi per intervento di assistenza FOR-052 CL-217,CC40,35.68
MOV-000557,2025-02-15,6421,Trasporto su vendite vettore FOR-012 - DDT 9702,CC30,43.77
MOV-000558,2025-02-15,6421,Trasporto su vendite vettore FOR-012 - DDT 5998,CC30,56.82
MOV-000559,2025-02-15,6421,Trasporto su vendite vettore FOR-014 - DDT 8078,CC30,50.06
MOV-000560,2025-02-15,6421,Trasporto su vendite vettore FOR-011 - DDT 6557,CC30,49.62
MOV-000561,2025-02-15,6421,Trasporto su vendite vettore FOR-014 - DDT 6337,CC30,57.16
MOV-000562,2025-02-15,6421,Trasporto su vendite vettore FOR-012 - DDT 1916,CC30,24.10
MOV-000563,2025-02-15,6421,Trasporto su vendite vettore FOR-012 - DDT 9173,CC30,53.34
MOV-000564,2025-02-15,6421,Trasporto su vendite vettore FOR-013 - DDT 9077,CC30,33.79
MOV-000565,2025-02-15,6421,Trasporto su vendite vettore FOR-014 - DDT 3835,CC30,22.56
MOV-000566,2025-02-15,6421,Trasporto su vendite vettore FOR-014 - DDT 9047,CC30,20.98
MOV-000567,2025-02-16,6421,Trasporto su vendite vettore FOR-012 - DDT 5899,CC30,26.99
MOV-000568,2025-02-16,6421,Trasporto su vendite vettore FOR-011 - DDT 1754,CC30,18.99
MOV-000569,2025-02-16,6421,Trasporto su vendite vettore FOR-011 - DDT 6689,CC30,16.87
MOV-000570,2025-02-16,6421,Trasporto su vendite vettore FOR-012 - DDT 0107,CC30,31.94
MOV-000571,2025-02-16,6421,Trasporto su vendite vettore FOR-013 - DDT 7730,CC30,16.28
MOV-000572,2025-02-16,6421,Trasporto su vendite vettore FOR-013 - DDT 4567,CC30,47.22
MOV-000573,2025-02-16,6421,Trasporto su vendite vettore FOR-013 - DDT 3315,CC30,29.79
MOV-000574,2025-02-16,6421,Trasporto su vendite vettore FOR-011 - DDT 2405,CC30,31.77
MOV-000575,2025-02-16,6421,Trasporto su vendite vettore FOR-014 - DDT 9241,CC30,56.40
MOV-000576,2025-02-16,6432,Trasferta tecnico di assistenza - intervento presso cliente CL-137,CC40,75.08
MOV-000577,2025-02-17,6421,Trasporto su vendite vettore FOR-013 - DDT 7370,CC30,28.19
MOV-000578,2025-02-17,6421,Trasporto su vendite vettore FOR-014 - DDT 5133,CC30,28.04
MOV-000579,2025-02-17,6421,Trasporto su vendite vettore FOR-014 - DDT 1071,CC30,41.35
MOV-000580,2025-02-17,6421,Trasporto su vendite vettore FOR-011 - DDT 4712,CC30,58.25
MOV-000581,2025-02-17,6421,Trasporto su vendite vettore FOR-011 - DDT 4996,CC30,30.96
MOV-000582,2025-02-17,6421,Trasporto su vendite vettore FOR-013 - DDT 3272,CC30,55.30
MOV-000583,2025-02-17,6421,Trasporto su vendite vettore FOR-011 - DDT 4379,CC30,39.13
MOV-000584,2025-02-17,6421,Trasporto su vendite vettore FOR-013 - DDT 5768,CC30,50.58
MOV-000585,2025-02-17,6421,Trasporto su vendite vettore FOR-012 - DDT 4725,CC30,56.80
MOV-000586,2025-02-17,6421,Trasporto su vendite vettore FOR-011 - DDT 5346,CC30,21.79
MOV-000587,2025-02-17,6421,Trasporto su vendite vettore FOR-013 - DDT 4852,CC30,32.23
MOV-000588,2025-02-17,6421,Trasporto su vendite vettore FOR-013 - DDT 2480,CC30,14.77
MOV-000589,2025-02-17,6421,Trasporto su vendite vettore FOR-012 - DDT 7137,CC30,56.20
MOV-000590,2025-02-17,6421,Trasporto su vendite vettore FOR-012 - DDT 2576,CC30,53.67
MOV-000591,2025-02-18,6403,"Lavorazione esterna a ore FOR-032 - 19 ore a 29,00 euro",CC10,551.00
MOV-000592,2025-02-18,6421,Trasporto su vendite vettore FOR-011 - DDT 1208,CC30,22.39
MOV-000593,2025-02-18,6421,Trasporto su vendite vettore FOR-013 - DDT 0033,CC30,54.96
MOV-000594,2025-02-18,6421,Trasporto su vendite vettore FOR-013 - DDT 9622,CC30,22.48
MOV-000595,2025-02-18,6421,Trasporto su vendite vettore FOR-011 - DDT 5465,CC30,46.48
MOV-000596,2025-02-18,6421,Trasporto su vendite vettore FOR-012 - DDT 8581,CC30,48.44
MOV-000597,2025-02-18,6421,Trasporto su vendite vettore FOR-013 - DDT 9342,CC30,45.61
MOV-000598,2025-02-18,6421,Trasporto su vendite vettore FOR-012 - DDT 2765,CC30,16.00
MOV-000599,2025-02-18,6421,Trasporto su vendite vettore FOR-013 - DDT 1487,CC30,17.43
MOV-000600,2025-02-18,6421,Trasporto su vendite vettore FOR-012 - DDT 3934,CC30,38.40
MOV-000601,2025-02-18,6421,Trasporto su vendite vettore FOR-012 - DDT 5685,CC30,39.13
MOV-000602,2025-02-18,6421,Trasporto su vendite vettore FOR-013 - DDT 8237,CC30,42.65
MOV-000603,2025-02-18,6421,Trasporto su vendite vettore FOR-011 - DDT 6094,CC30,36.17
MOV-000604,2025-02-18,6421,Trasporto su vendite vettore FOR-011 - DDT 2907,CC30,46.56
MOV-000605,2025-02-18,6421,Trasporto su vendite vettore FOR-012 - DDT 4046,CC30,45.79
MOV-000606,2025-02-18,6421,Trasporto su vendite vettore FOR-011 - DDT 4258,CC30,24.07
MOV-000607,2025-02-18,6432,Ricambi per intervento di assistenza FOR-051 CL-156,CC40,32.81
MOV-000608,2025-02-18,6432,Ricambi per intervento di assistenza FOR-051 CL-127,CC40,50.06
MOV-000609,2025-02-18,6432,Ricambi per intervento di assistenza FOR-052 CL-006,CC40,42.56
MOV-000610,2025-02-18,6432,Ricambi per intervento di assistenza FOR-051 CL-005,CC40,60.48
MOV-000611,2025-02-19,6421,Trasporto su vendite vettore FOR-013 - DDT 1996,CC30,16.30
MOV-000612,2025-02-19,6421,Trasporto su vendite vettore FOR-014 - DDT 2087,CC30,39.28
MOV-000613,2025-02-19,6421,Trasporto su vendite vettore FOR-011 - DDT 3729,CC30,34.75
MOV-000614,2025-02-19,6421,Trasporto su vendite vettore FOR-013 - DDT 7585,CC30,16.82
MOV-000615,2025-02-19,6421,Trasporto su vendite vettore FOR-014 - DDT 3462,CC30,21.99
MOV-000616,2025-02-19,6421,Trasporto su vendite vettore FOR-014 - DDT 4568,CC30,33.45
MOV-000617,2025-02-19,6421,Trasporto su vendite vettore FOR-013 - DDT 3442,CC30,24.55
MOV-000618,2025-02-19,6421,Trasporto su vendite vettore FOR-013 - DDT 2078,CC30,21.16
MOV-000619,2025-02-19,6421,Trasporto su vendite vettore FOR-012 - DDT 3413,CC30,22.34
MOV-000620,2025-02-19,6421,Trasporto su vendite vettore FOR-013 - DDT 1200,CC30,32.29
MOV-000621,2025-02-19,6421,Trasporto su vendite vettore FOR-014 - DDT 4075,CC30,29.27
MOV-000622,2025-02-19,6421,Trasporto su vendite vettore FOR-014 - DDT 7043,CC30,42.35
MOV-000623,2025-02-19,6421,Trasporto su vendite vettore FOR-014 - DDT 6289,CC30,20.45
MOV-000624,2025-02-19,6421,Trasporto su vendite vettore FOR-012 - DDT 6318,CC30,45.01
MOV-000625,2025-02-19,6421,Trasporto su vendite vettore FOR-011 - DDT 0318,CC30,14.84
MOV-000626,2025-02-20,6403,"Lavorazione esterna a ore FOR-033 - 20 ore a 29,00 euro",CC10,580.00
MOV-000627,2025-02-20,6403,"Lavorazione esterna a ore FOR-033 - 15 ore a 29,00 euro",CC10,435.00
MOV-000628,2025-02-20,6421,Trasporto su vendite vettore FOR-012 - DDT 3552,CC30,38.87
MOV-000629,2025-02-20,6421,Trasporto su vendite vettore FOR-013 - DDT 6928,CC30,48.99
MOV-000630,2025-02-20,6421,Trasporto su vendite vettore FOR-013 - DDT 6061,CC30,44.01
MOV-000631,2025-02-20,6421,Trasporto su vendite vettore FOR-012 - DDT 8798,CC30,16.65
MOV-000632,2025-02-20,6421,Trasporto su vendite vettore FOR-012 - DDT 2918,CC30,48.61
MOV-000633,2025-02-20,6421,Trasporto su vendite vettore FOR-013 - DDT 0103,CC30,42.93
MOV-000634,2025-02-20,6421,Trasporto su vendite vettore FOR-012 - DDT 5056,CC30,24.27
MOV-000635,2025-02-20,6421,Trasporto su vendite vettore FOR-014 - DDT 5150,CC30,19.76
MOV-000636,2025-02-20,6421,Trasporto su vendite vettore FOR-014 - DDT 5995,CC30,48.35
MOV-000637,2025-02-20,6421,Trasporto su vendite vettore FOR-013 - DDT 5877,CC30,29.30
MOV-000638,2025-02-20,6421,Trasporto su vendite vettore FOR-014 - DDT 8565,CC30,44.83
MOV-000639,2025-02-20,6432,Ricambi per intervento di assistenza FOR-052 CL-242,CC40,71.94
MOV-000640,2025-02-20,6432,Ricambi per intervento di assistenza FOR-051 CL-165,CC40,34.58
MOV-000641,2025-02-20,6432,Ricambi per intervento di assistenza FOR-052 CL-010,CC40,85.16
MOV-000642,2025-02-20,6432,Trasferta tecnico di assistenza - intervento presso cliente CL-047,CC40,40.95
MOV-000643,2025-02-20,6432,Trasferta tecnico di assistenza - intervento presso cliente CL-088,CC40,20.70
MOV-000644,2025-02-21,6421,Trasporto su vendite vettore FOR-013 - DDT 8263,CC30,50.16
MOV-000645,2025-02-21,6421,Trasporto su vendite vettore FOR-013 - DDT 4100,CC30,53.68
MOV-000646,2025-02-21,6421,Trasporto su vendite vettore FOR-014 - DDT 9913,CC30,46.75
MOV-000647,2025-02-21,6421,Trasporto su vendite vettore FOR-014 - DDT 9746,CC30,18.34
MOV-000648,2025-02-21,6421,Trasporto su vendite vettore FOR-012 - DDT 6764,CC30,54.93
MOV-000649,2025-02-21,6421,Trasporto su vendite vettore FOR-014 - DDT 3424,CC30,41.55
MOV-000650,2025-02-21,6421,Trasporto su vendite vettore FOR-011 - DDT 3412,CC30,31.89
MOV-000651,2025-02-21,6421,Trasporto su vendite vettore FOR-012 - DDT 9893,CC30,49.69
MOV-000652,2025-02-21,6421,Trasporto su vendite vettore FOR-014 - DDT 3701,CC30,27.21
MOV-000653,2025-02-21,6421,Trasporto su vendite vettore FOR-013 - DDT 1116,CC30,47.38
MOV-000654,2025-02-21,6432,Trasferta tecnico di assistenza - intervento presso cliente CL-097,CC40,24.10
MOV-000655,2025-02-21,6432,Ricambi per intervento di assistenza FOR-051 CL-203,CC40,15.89
MOV-000656,2025-02-22,6421,Trasporto su vendite vettore FOR-011 - DDT 5187,CC30,17.47
MOV-000657,2025-02-22,6421,Trasporto su vendite vettore FOR-012 - DDT 5525,CC30,24.42
MOV-000658,2025-02-22,6421,Trasporto su vendite vettore FOR-013 - DDT 9684,CC30,31.40
MOV-000659,2025-02-22,6421,Trasporto su vendite vettore FOR-014 - DDT 7363,CC30,29.68
MOV-000660,2025-02-22,6421,Trasporto su vendite vettore FOR-012 - DDT 5752,CC30,19.15
MOV-000661,2025-02-22,6421,Trasporto su vendite vettore FOR-012 - DDT 4713,CC30,31.76
MOV-000662,2025-02-22,6421,Trasporto su vendite vettore FOR-013 - DDT 5440,CC30,25.47
MOV-000663,2025-02-22,6421,Trasporto su vendite vettore FOR-013 - DDT 5322,CC30,33.59
MOV-000664,2025-02-22,6421,Trasporto su vendite vettore FOR-013 - DDT 1091,CC30,40.18
MOV-000665,2025-02-22,6421,Trasporto su vendite vettore FOR-013 - DDT 4065,CC30,46.95
MOV-000666,2025-02-22,6421,Trasporto su vendite vettore FOR-013 - DDT 2067,CC30,34.29
MOV-000667,2025-02-22,6421,Trasporto su vendite vettore FOR-011 - DDT 3320,CC30,54.71
MOV-000668,2025-02-22,6432,Ricambi per intervento di assistenza FOR-051 CL-003,CC40,33.28
MOV-000669,2025-02-22,6432,Trasferta tecnico di assistenza - intervento presso cliente CL-181,CC40,25.74
MOV-000670,2025-02-23,6403,"Straordinari di reparto - 6 ore a 26,00 euro",CC10,156.00
MOV-000671,2025-02-23,6421,Trasporto su vendite vettore FOR-011 - DDT 2149,CC30,24.71
MOV-000672,2025-02-23,6421,Trasporto su vendite vettore FOR-013 - DDT 0870,CC30,31.50
MOV-000673,2025-02-23,6421,Trasporto su vendite vettore FOR-012 - DDT 4531,CC30,22.56
MOV-000674,2025-02-23,6421,Trasporto su vendite vettore FOR-013 - DDT 4281,CC30,52.74
MOV-000675,2025-02-23,6421,Trasporto su vendite vettore FOR-011 - DDT 5411,CC30,54.70
MOV-000676,2025-02-23,6421,Trasporto su vendite vettore FOR-012 - DDT 9744,CC30,45.13
MOV-000677,2025-02-23,6421,Trasporto su vendite vettore FOR-013 - DDT 0314,CC30,55.08
MOV-000678,2025-02-23,6421,Trasporto su vendite vettore FOR-014 - DDT 6735,CC30,35.72
MOV-000679,2025-02-23,6432,Ricambi per intervento di assistenza FOR-052 CL-135,CC40,70.91
MOV-000680,2025-02-24,6421,Trasporto su vendite vettore FOR-012 - DDT 3423,CC30,58.84
MOV-000681,2025-02-24,6421,Trasporto su vendite vettore FOR-014 - DDT 5064,CC30,30.01
MOV-000682,2025-02-24,6421,Trasporto su vendite vettore FOR-011 - DDT 8504,CC30,34.73
MOV-000683,2025-02-24,6421,Trasporto su vendite vettore FOR-011 - DDT 9897,CC30,57.44
MOV-000684,2025-02-24,6421,Trasporto su vendite vettore FOR-011 - DDT 9442,CC30,55.09
MOV-000685,2025-02-24,6421,Trasporto su vendite vettore FOR-012 - DDT 7557,CC30,53.19
MOV-000686,2025-02-24,6421,Trasporto su vendite vettore FOR-011 - DDT 0025,CC30,56.67
MOV-000687,2025-02-24,6421,Trasporto su vendite vettore FOR-012 - DDT 7850,CC30,36.65
MOV-000688,2025-02-24,6421,Trasporto su vendite vettore FOR-011 - DDT 3545,CC30,30.75
MOV-000689,2025-02-24,6421,Trasporto su vendite vettore FOR-011 - DDT 7134,CC30,52.92
MOV-000690,2025-02-24,6421,Trasporto su vendite vettore FOR-012 - DDT 6843,CC30,38.61
MOV-000691,2025-02-24,6432,Trasferta tecnico di assistenza - intervento presso cliente CL-184,CC40,67.38
MOV-000692,2025-02-24,6432,Ricambi per intervento di assistenza FOR-051 CL-074,CC40,34.95
MOV-000693,2025-02-25,6421,Trasporto su vendite vettore FOR-013 - DDT 2856,CC30,52.82
MOV-000694,2025-02-25,6421,Trasporto su vendite vettore FOR-012 - DDT 5270,CC30,46.86
MOV-000695,2025-02-25,6421,Trasporto su vendite vettore FOR-013 - DDT 9642,CC30,45.16
MOV-000696,2025-02-25,6421,Trasporto su vendite vettore FOR-012 - DDT 0292,CC30,53.33
MOV-000697,2025-02-25,6421,Trasporto su vendite vettore FOR-014 - DDT 3071,CC30,49.20
MOV-000698,2025-02-25,6432,Trasferta tecnico di assistenza - intervento presso cliente CL-234,CC40,22.26
MOV-000699,2025-02-25,6432,Trasferta tecnico di assistenza - intervento presso cliente CL-033,CC40,88.03
MOV-000700,2025-02-26,6403,"Straordinari di reparto - 8 ore a 26,00 euro",CC10,208.00
MOV-000701,2025-02-26,6403,"Straordinari di reparto - 13 ore a 26,00 euro",CC10,338.00
MOV-000702,2025-02-26,6403,"Lavorazione esterna a ore FOR-032 - 8 ore a 29,00 euro",CC10,232.00
MOV-000703,2025-02-26,6421,Trasporto su vendite vettore FOR-012 - DDT 3792,CC30,55.62
MOV-000704,2025-02-26,6421,Trasporto su vendite vettore FOR-014 - DDT 7137,CC30,51.64
MOV-000705,2025-02-26,6421,Trasporto su vendite vettore FOR-013 - DDT 3053,CC30,17.22
MOV-000706,2025-02-26,6421,Trasporto su vendite vettore FOR-011 - DDT 4144,CC30,27.97
MOV-000707,2025-02-26,6421,Trasporto su vendite vettore FOR-011 - DDT 7848,CC30,17.86
MOV-000708,2025-02-26,6421,Trasporto su vendite vettore FOR-013 - DDT 1049,CC30,49.51
MOV-000709,2025-02-26,6421,Trasporto su vendite vettore FOR-014 - DDT 0065,CC30,27.16
MOV-000710,2025-02-26,6421,Trasporto su vendite vettore FOR-012 - DDT 6777,CC30,46.96
MOV-000711,2025-02-26,6432,Ricambi per intervento di assistenza FOR-051 CL-211,CC40,18.27
MOV-000712,2025-02-26,6432,Trasferta tecnico di assistenza - intervento presso cliente CL-136,CC40,17.94
MOV-000713,2025-02-26,6432,Trasferta tecnico di assistenza - intervento presso cliente CL-104,CC40,74.55
MOV-000714,2025-02-26,6432,Ricambi per intervento di assistenza FOR-051 CL-181,CC40,67.39
MOV-000715,2025-02-27,6421,Trasporto su vendite vettore FOR-011 - DDT 1103,CC30,52.87
MOV-000716,2025-02-27,6421,Trasporto su vendite vettore FOR-011 - DDT 9085,CC30,15.49
MOV-000717,2025-02-27,6421,Trasporto su vendite vettore FOR-012 - DDT 3825,CC30,49.71
MOV-000718,2025-02-27,6421,Trasporto su vendite vettore FOR-012 - DDT 6366,CC30,42.28
MOV-000719,2025-02-27,6421,Trasporto su vendite vettore FOR-012 - DDT 7448,CC30,48.92
MOV-000720,2025-02-27,6421,Trasporto su vendite vettore FOR-012 - DDT 9600,CC30,26.69
MOV-000721,2025-02-27,6421,Trasporto su vendite vettore FOR-013 - DDT 2373,CC30,52.49
MOV-000722,2025-02-27,6421,Trasporto su vendite vettore FOR-012 - DDT 9266,CC30,30.21
MOV-000723,2025-02-27,6421,Trasporto su vendite vettore FOR-012 - DDT 1020,CC30,55.39
MOV-000724,2025-02-27,6421,Trasporto su vendite vettore FOR-011 - DDT 3566,CC30,33.46
MOV-000725,2025-02-27,6421,Trasporto su vendite vettore FOR-012 - DDT 7986,CC30,48.52
MOV-000726,2025-02-27,6421,Trasporto su vendite vettore FOR-014 - DDT 6340,CC30,49.74
MOV-000727,2025-02-27,6432,Ricambi per intervento di assistenza FOR-051 CL-124,CC40,43.58
MOV-000728,2025-02-28,6401,Quota ammortamento impianto IMP-01 - febbraio 2025,CC10,1833.34
MOV-000729,2025-02-28,6401,Quota ammortamento impianto IMP-02 - febbraio 2025,CC10,1666.67
MOV-000730,2025-02-28,6401,Quota ammortamento impianto IMP-03 - febbraio 2025,CC10,1500.00
MOV-000731,2025-02-28,6401,Quota ammortamento impianto IMP-04 - febbraio 2025,CC10,1166.67
MOV-000732,2025-02-28,6402,Retribuzioni produzione indiretta - febbraio 2025 - retribuzioni lorde,CC10,2750.94
MOV-000733,2025-02-28,6402,Retribuzioni produzione indiretta - febbraio 2025 - contributi a carico impresa,CC10,864.58
MOV-000734,2025-02-28,6402,Retribuzioni produzione indiretta - febbraio 2025 - quota TFR,CC10,314.39
MOV-000735,2025-02-28,6403,"Straordinari di reparto - 7 ore a 26,00 euro",CC10,182.00
MOV-000736,2025-02-28,6411,Retribuzioni ufficio ordini - febbraio 2025 - retribuzioni lorde,CC20,10510.79
MOV-000737,2025-02-28,6411,Retribuzioni ufficio ordini - febbraio 2025 - contributi a carico impresa,CC20,3303.39
MOV-000738,2025-02-28,6411,Retribuzioni ufficio ordini - febbraio 2025 - quota TFR,CC20,1201.23
MOV-000739,2025-02-28,6421,Trasporto su vendite vettore FOR-013 - DDT 0616,CC30,15.82
MOV-000740,2025-02-28,6421,Trasporto su vendite vettore FOR-013 - DDT 2974,CC30,21.85
MOV-000741,2025-02-28,6421,Trasporto su vendite vettore FOR-011 - DDT 9127,CC30,53.86
MOV-000742,2025-02-28,6421,Trasporto su vendite vettore FOR-014 - DDT 8075,CC30,52.99
MOV-000743,2025-02-28,6421,Trasporto su vendite vettore FOR-013 - DDT 5782,CC30,28.86
MOV-000744,2025-02-28,6421,Trasporto su vendite vettore FOR-014 - DDT 1628,CC30,34.49
MOV-000745,2025-02-28,6421,Trasporto su vendite vettore FOR-013 - DDT 1093,CC30,19.59
MOV-000746,2025-02-28,6421,Trasporto su vendite vettore FOR-012 - DDT 2509,CC30,33.76
MOV-000747,2025-02-28,6421,Trasporto su vendite vettore FOR-011 - DDT 1408,CC30,39.88
MOV-000748,2025-02-28,6421,Trasporto su vendite vettore FOR-012 - DDT 7998,CC30,55.84
MOV-000749,2025-02-28,6421,Trasporto su vendite vettore FOR-014 - DDT 8456,CC30,16.50
MOV-000750,2025-02-28,6421,Trasporto su vendite vettore FOR-011 - DDT 4063,CC30,47.56
MOV-000751,2025-02-28,6421,Trasporto su vendite vettore FOR-011 - DDT 7376,CC30,43.42
MOV-000752,2025-02-28,6422,Personale di spedizione - febbraio 2025 - retribuzioni lorde,CC30,2372.71
MOV-000753,2025-02-28,6422,Personale di spedizione - febbraio 2025 - contributi a carico impresa,CC30,745.71
MOV-000754,2025-02-28,6422,Personale di spedizione - febbraio 2025 - quota TFR,CC30,271.17
MOV-000755,2025-02-28,6431,Retribuzioni tecnici di assistenza - febbraio 2025 - retribuzioni lorde,CC40,6617.37
MOV-000756,2025-02-28,6431,Retribuzioni tecnici di assistenza - febbraio 2025 - contributi a carico impresa,CC40,2079.74
MOV-000757,2025-02-28,6431,Retribuzioni tecnici di assistenza - febbraio 2025 - quota TFR,CC40,756.27
MOV-000758,2025-02-28,6432,Ricambi per intervento di assistenza FOR-052 CL-034,CC40,30.58
MOV-000759,2025-02-28,6432,Ricambi per intervento di assistenza FOR-051 CL-199,CC40,19.26
MOV-000760,2025-02-28,6441,Retribuzioni amministrative - febbraio 2025 - retribuzioni lorde,CC50,2576.94
MOV-000761,2025-02-28,6441,Retribuzioni amministrative - febbraio 2025 - contributi a carico impresa,CC50,809.89
MOV-000762,2025-02-28,6441,Retribuzioni amministrative - febbraio 2025 - quota TFR,CC50,294.51
MOV-000763,2025-03-01,6412,Canone sistemi di gestione ordini FOR-040 - marzo 2025,CC20,4500.00
MOV-000764,2025-03-01,6421,Trasporto su vendite vettore FOR-013 - DDT 1992,CC30,50.12
MOV-000765,2025-03-01,6421,Trasporto su vendite vettore FOR-011 - DDT 9390,CC30,17.25
MOV-000766,2025-03-01,6421,Trasporto su vendite vettore FOR-013 - DDT 9579,CC30,50.87
MOV-000767,2025-03-01,6421,Trasporto su vendite vettore FOR-011 - DDT 9128,CC30,42.97
MOV-000768,2025-03-01,6421,Trasporto su vendite vettore FOR-012 - DDT 5395,CC30,53.15
MOV-000769,2025-03-01,6421,Trasporto su vendite vettore FOR-014 - DDT 6039,CC30,43.02
MOV-000770,2025-03-01,6421,Trasporto su vendite vettore FOR-013 - DDT 4733,CC30,47.31
MOV-000771,2025-03-01,6421,Trasporto su vendite vettore FOR-011 - DDT 6462,CC30,54.11
MOV-000772,2025-03-01,6421,Trasporto su vendite vettore FOR-013 - DDT 4064,CC30,30.10
MOV-000773,2025-03-01,6421,Trasporto su vendite vettore FOR-011 - DDT 6693,CC30,33.27
MOV-000774,2025-03-01,6421,Trasporto su vendite vettore FOR-011 - DDT 1477,CC30,36.83
MOV-000775,2025-03-01,6421,Trasporto su vendite vettore FOR-014 - DDT 5909,CC30,55.73
MOV-000776,2025-03-01,6421,Trasporto su vendite vettore FOR-011 - DDT 3051,CC30,23.36
MOV-000777,2025-03-01,6432,Trasferta tecnico di assistenza - intervento presso cliente CL-072,CC40,46.35
MOV-000778,2025-03-01,6432,Ricambi per intervento di assistenza FOR-051 CL-213,CC40,57.18
MOV-000779,2025-03-02,6403,"Lavorazione esterna a ore FOR-031 - 20 ore a 29,00 euro",CC10,580.00
MOV-000780,2025-03-02,6403,"Lavorazione esterna a ore FOR-032 - 7 ore a 29,00 euro",CC10,203.00
MOV-000781,2025-03-02,6421,Trasporto su vendite vettore FOR-013 - DDT 1304,CC30,55.07
MOV-000782,2025-03-02,6421,Trasporto su vendite vettore FOR-013 - DDT 3386,CC30,39.21
MOV-000783,2025-03-02,6421,Trasporto su vendite vettore FOR-013 - DDT 2962,CC30,32.94
MOV-000784,2025-03-02,6421,Trasporto su vendite vettore FOR-014 - DDT 4292,CC30,48.99
MOV-000785,2025-03-02,6421,Trasporto su vendite vettore FOR-012 - DDT 9987,CC30,38.36
MOV-000786,2025-03-02,6421,Trasporto su vendite vettore FOR-011 - DDT 6278,CC30,43.20
MOV-000787,2025-03-02,6421,Trasporto su vendite vettore FOR-014 - DDT 3500,CC30,28.85
MOV-000788,2025-03-02,6421,Trasporto su vendite vettore FOR-013 - DDT 6828,CC30,32.55
MOV-000789,2025-03-02,6421,Trasporto su vendite vettore FOR-011 - DDT 6556,CC30,19.32
MOV-000790,2025-03-02,6421,Trasporto su vendite vettore FOR-012 - DDT 6921,CC30,37.53
MOV-000791,2025-03-02,6421,Trasporto su vendite vettore FOR-014 - DDT 2071,CC30,47.41
MOV-000792,2025-03-02,6421,Trasporto su vendite vettore FOR-011 - DDT 4662,CC30,43.98
MOV-000793,2025-03-02,6421,Trasporto su vendite vettore FOR-011 - DDT 8354,CC30,16.04
MOV-000794,2025-03-02,6421,Trasporto su vendite vettore FOR-011 - DDT 2347,CC30,32.32
MOV-000795,2025-03-02,6421,Trasporto su vendite vettore FOR-014 - DDT 5337,CC30,22.20
MOV-000796,2025-03-02,6432,Ricambi per intervento di assistenza FOR-052 CL-247,CC40,40.98
MOV-000797,2025-03-02,6432,Ricambi per intervento di assistenza FOR-051 CL-109,CC40,75.40
MOV-000798,2025-03-03,6421,Trasporto su vendite vettore FOR-012 - DDT 6682,CC30,47.89
MOV-000799,2025-03-03,6421,Trasporto su vendite vettore FOR-014 - DDT 1752,CC30,40.70
MOV-000800,2025-03-03,6421,Trasporto su vendite vettore FOR-011 - DDT 5334,CC30,54.61
MOV-000801,2025-03-03,6421,Trasporto su vendite vettore FOR-014 - DDT 4087,CC30,56.60
MOV-000802,2025-03-03,6421,Trasporto su vendite vettore FOR-012 - DDT 5608,CC30,34.03
MOV-000803,2025-03-03,6421,Trasporto su vendite vettore FOR-014 - DDT 6775,CC30,29.34
MOV-000804,2025-03-03,6421,Trasporto su vendite vettore FOR-011 - DDT 8042,CC30,39.77
MOV-000805,2025-03-03,6421,Trasporto su vendite vettore FOR-011 - DDT 2899,CC30,30.65
MOV-000806,2025-03-04,6403,"Lavorazione esterna a ore FOR-034 - 8 ore a 29,00 euro",CC10,232.00
MOV-000807,2025-03-04,6421,Trasporto su vendite vettore FOR-012 - DDT 6330,CC30,23.04
MOV-000808,2025-03-04,6421,Trasporto su vendite vettore FOR-011 - DDT 0992,CC30,58.61
MOV-000809,2025-03-04,6421,Trasporto su vendite vettore FOR-011 - DDT 8190,CC30,53.18
MOV-000810,2025-03-04,6421,Trasporto su vendite vettore FOR-011 - DDT 3516,CC30,51.24
MOV-000811,2025-03-04,6421,Trasporto su vendite vettore FOR-014 - DDT 7707,CC30,52.59
MOV-000812,2025-03-04,6421,Trasporto su vendite vettore FOR-011 - DDT 2534,CC30,50.06
MOV-000813,2025-03-04,6421,Trasporto su vendite vettore FOR-014 - DDT 7421,CC30,54.47
MOV-000814,2025-03-05,6403,"Straordinari di reparto - 9 ore a 26,00 euro",CC10,234.00
MOV-000815,2025-03-05,6421,Trasporto su vendite vettore FOR-011 - DDT 3020,CC30,45.86
MOV-000816,2025-03-05,6421,Trasporto su vendite vettore FOR-013 - DDT 4275,CC30,58.80
MOV-000817,2025-03-05,6421,Trasporto su vendite vettore FOR-011 - DDT 4258,CC30,43.99
MOV-000818,2025-03-05,6421,Trasporto su vendite vettore FOR-012 - DDT 7304,CC30,54.70
MOV-000819,2025-03-05,6421,Trasporto su vendite vettore FOR-013 - DDT 2533,CC30,25.85
MOV-000820,2025-03-05,6421,Trasporto su vendite vettore FOR-013 - DDT 4655,CC30,58.19
MOV-000821,2025-03-05,6421,Trasporto su vendite vettore FOR-014 - DDT 0297,CC30,24.28
MOV-000822,2025-03-05,6421,Trasporto su vendite vettore FOR-014 - DDT 3031,CC30,20.94
MOV-000823,2025-03-05,6421,Trasporto su vendite vettore FOR-014 - DDT 4915,CC30,42.80
MOV-000824,2025-03-05,6421,Trasporto su vendite vettore FOR-013 - DDT 6673,CC30,48.20
MOV-000825,2025-03-05,6432,Trasferta tecnico di assistenza - intervento presso cliente CL-097,CC40,58.93
MOV-000826,2025-03-05,6432,Ricambi per intervento di assistenza FOR-052 CL-204,CC40,71.56
MOV-000827,2025-03-06,6421,Trasporto su vendite vettore FOR-011 - DDT 9444,CC30,45.93
MOV-000828,2025-03-06,6421,Trasporto su vendite vettore FOR-014 - DDT 1601,CC30,32.63
MOV-000829,2025-03-06,6421,Trasporto su vendite vettore FOR-014 - DDT 0334,CC30,34.92
MOV-000830,2025-03-06,6421,Trasporto su vendite vettore FOR-012 - DDT 1098,CC30,42.65
MOV-000831,2025-03-06,6421,Trasporto su vendite vettore FOR-011 - DDT 4103,CC30,49.66
MOV-000832,2025-03-06,6421,Trasporto su vendite vettore FOR-012 - DDT 7572,CC30,45.84
MOV-000833,2025-03-06,6421,Trasporto su vendite vettore FOR-013 - DDT 0019,CC30,38.14
MOV-000834,2025-03-06,6421,Trasporto su vendite vettore FOR-011 - DDT 0671,CC30,49.67
MOV-000835,2025-03-06,6421,Trasporto su vendite vettore FOR-012 - DDT 5669,CC30,51.67
MOV-000836,2025-03-06,6421,Trasporto su vendite vettore FOR-014 - DDT 6171,CC30,46.76
MOV-000837,2025-03-06,6421,Trasporto su vendite vettore FOR-014 - DDT 7711,CC30,23.57
MOV-000838,2025-03-06,6421,Trasporto su vendite vettore FOR-013 - DDT 8741,CC30,28.13
MOV-000839,2025-03-06,6421,Trasporto su vendite vettore FOR-014 - DDT 5611,CC30,40.85
MOV-000840,2025-03-06,6432,Ricambi per intervento di assistenza FOR-052 CL-224,CC40,69.08
MOV-000841,2025-03-06,6432,Ricambi per intervento di assistenza FOR-051 CL-073,CC40,67.33
MOV-000842,2025-03-07,6403,"Straordinari di reparto - 13 ore a 26,00 euro",CC10,338.00
MOV-000843,2025-03-07,6403,"Lavorazione esterna a ore FOR-034 - 19 ore a 29,00 euro",CC10,551.00
MOV-000844,2025-03-07,6421,Trasporto su vendite vettore FOR-011 - DDT 2072,CC30,24.67
MOV-000845,2025-03-07,6421,Trasporto su vendite vettore FOR-014 - DDT 9031,CC30,18.95
MOV-000846,2025-03-07,6421,Trasporto su vendite vettore FOR-012 - DDT 9527,CC30,35.25
MOV-000847,2025-03-07,6421,Trasporto su vendite vettore FOR-012 - DDT 7558,CC30,28.04
MOV-000848,2025-03-07,6421,Trasporto su vendite vettore FOR-013 - DDT 4584,CC30,30.66
MOV-000849,2025-03-07,6421,Trasporto su vendite vettore FOR-011 - DDT 6820,CC30,55.45
MOV-000850,2025-03-07,6421,Trasporto su vendite vettore FOR-012 - DDT 5527,CC30,31.26
MOV-000851,2025-03-08,6421,Trasporto su vendite vettore FOR-011 - DDT 6259,CC30,36.18
MOV-000852,2025-03-08,6421,Trasporto su vendite vettore FOR-013 - DDT 8162,CC30,37.77
MOV-000853,2025-03-08,6421,Trasporto su vendite vettore FOR-014 - DDT 7475,CC30,56.32
MOV-000854,2025-03-08,6421,Trasporto su vendite vettore FOR-011 - DDT 1084,CC30,58.30
MOV-000855,2025-03-08,6421,Trasporto su vendite vettore FOR-012 - DDT 6444,CC30,40.47
MOV-000856,2025-03-08,6421,Trasporto su vendite vettore FOR-011 - DDT 1400,CC30,44.24
MOV-000857,2025-03-08,6421,Trasporto su vendite vettore FOR-011 - DDT 2615,CC30,24.48
MOV-000858,2025-03-08,6421,Trasporto su vendite vettore FOR-011 - DDT 2852,CC30,29.10
MOV-000859,2025-03-08,6421,Trasporto su vendite vettore FOR-012 - DDT 1356,CC30,27.37
MOV-000860,2025-03-08,6421,Trasporto su vendite vettore FOR-012 - DDT 4014,CC30,40.29
MOV-000861,2025-03-08,6432,Ricambi per intervento di assistenza FOR-051 CL-112,CC40,30.12
MOV-000862,2025-03-08,6432,Ricambi per intervento di assistenza FOR-052 CL-250,CC40,78.44
MOV-000863,2025-03-08,6432,Ricambi per intervento di assistenza FOR-052 CL-213,CC40,71.59
MOV-000864,2025-03-09,6403,"Straordinari di reparto - 8 ore a 26,00 euro",CC10,208.00
MOV-000865,2025-03-09,6403,"Straordinari di reparto - 14 ore a 26,00 euro",CC10,364.00
MOV-000866,2025-03-09,6403,"Lavorazione esterna a ore FOR-032 - 12 ore a 29,00 euro",CC10,348.00
MOV-000867,2025-03-09,6403,"Lavorazione esterna a ore FOR-033 - 14 ore a 29,00 euro",CC10,406.00
MOV-000868,2025-03-09,6421,Trasporto su vendite vettore FOR-014 - DDT 9541,CC30,26.25
MOV-000869,2025-03-09,6421,Trasporto su vendite vettore FOR-011 - DDT 1586,CC30,41.96
MOV-000870,2025-03-09,6421,Trasporto su vendite vettore FOR-014 - DDT 6745,CC30,39.47
MOV-000871,2025-03-09,6421,Trasporto su vendite vettore FOR-014 - DDT 0953,CC30,28.10
MOV-000872,2025-03-09,6421,Trasporto su vendite vettore FOR-011 - DDT 5606,CC30,50.84
MOV-000873,2025-03-09,6421,Trasporto su vendite vettore FOR-013 - DDT 1911,CC30,30.21
MOV-000874,2025-03-09,6421,Trasporto su vendite vettore FOR-014 - DDT 9624,CC30,56.42
MOV-000875,2025-03-09,6421,Trasporto su vendite vettore FOR-012 - DDT 1622,CC30,20.23
MOV-000876,2025-03-09,6432,Ricambi per intervento di assistenza FOR-052 CL-037,CC40,74.31
MOV-000877,2025-03-10,6403,"Straordinari di reparto - 15 ore a 26,00 euro",CC10,390.00
MOV-000878,2025-03-10,6421,Trasporto su vendite vettore FOR-013 - DDT 6374,CC30,31.10
MOV-000879,2025-03-10,6421,Trasporto su vendite vettore FOR-011 - DDT 7909,CC30,16.05
MOV-000880,2025-03-10,6421,Trasporto su vendite vettore FOR-012 - DDT 1200,CC30,21.08
MOV-000881,2025-03-10,6421,Trasporto su vendite vettore FOR-012 - DDT 4602,CC30,37.50
MOV-000882,2025-03-10,6421,Trasporto su vendite vettore FOR-012 - DDT 3616,CC30,34.69
MOV-000883,2025-03-10,6421,Trasporto su vendite vettore FOR-012 - DDT 4943,CC30,42.61
MOV-000884,2025-03-10,6421,Trasporto su vendite vettore FOR-011 - DDT 7809,CC30,38.65
MOV-000885,2025-03-10,6432,Ricambi per intervento di assistenza FOR-051 CL-210,CC40,77.72
MOV-000886,2025-03-11,6421,Trasporto su vendite vettore FOR-013 - DDT 0562,CC30,29.28
MOV-000887,2025-03-11,6421,Trasporto su vendite vettore FOR-012 - DDT 9282,CC30,26.22
MOV-000888,2025-03-11,6421,Trasporto su vendite vettore FOR-014 - DDT 5127,CC30,18.92
MOV-000889,2025-03-11,6421,Trasporto su vendite vettore FOR-011 - DDT 4382,CC30,51.62
MOV-000890,2025-03-11,6421,Trasporto su vendite vettore FOR-014 - DDT 0801,CC30,37.28
MOV-000891,2025-03-11,6421,Trasporto su vendite vettore FOR-012 - DDT 7229,CC30,33.27
MOV-000892,2025-03-11,6421,Trasporto su vendite vettore FOR-013 - DDT 2328,CC30,49.54
MOV-000893,2025-03-11,6421,Trasporto su vendite vettore FOR-013 - DDT 0977,CC30,20.52
MOV-000894,2025-03-11,6421,Trasporto su vendite vettore FOR-012 - DDT 2562,CC30,56.17
MOV-000895,2025-03-11,6421,Trasporto su vendite vettore FOR-011 - DDT 1718,CC30,31.69
MOV-000896,2025-03-11,6432,Trasferta tecnico di assistenza - intervento presso cliente CL-091,CC40,51.87
MOV-000897,2025-03-12,6421,Trasporto su vendite vettore FOR-012 - DDT 8831,CC30,57.27
MOV-000898,2025-03-12,6421,Trasporto su vendite vettore FOR-013 - DDT 8985,CC30,25.13
MOV-000899,2025-03-12,6421,Trasporto su vendite vettore FOR-014 - DDT 1242,CC30,30.73
MOV-000900,2025-03-12,6421,Trasporto su vendite vettore FOR-012 - DDT 7012,CC30,23.56
MOV-000901,2025-03-12,6421,Trasporto su vendite vettore FOR-014 - DDT 6950,CC30,31.90
MOV-000902,2025-03-12,6421,Trasporto su vendite vettore FOR-011 - DDT 4974,CC30,50.36
MOV-000903,2025-03-12,6421,Trasporto su vendite vettore FOR-013 - DDT 2984,CC30,55.41
MOV-000904,2025-03-12,6421,Trasporto su vendite vettore FOR-012 - DDT 0321,CC30,37.67
MOV-000905,2025-03-12,6421,Trasporto su vendite vettore FOR-011 - DDT 0143,CC30,56.15
MOV-000906,2025-03-12,6432,Trasferta tecnico di assistenza - intervento presso cliente CL-098,CC40,67.81
MOV-000907,2025-03-12,6432,Ricambi per intervento di assistenza FOR-052 CL-107,CC40,33.06
MOV-000908,2025-03-12,6432,Ricambi per intervento di assistenza FOR-051 CL-036,CC40,76.99
MOV-000909,2025-03-12,6432,Trasferta tecnico di assistenza - intervento presso cliente CL-094,CC40,42.03
MOV-000910,2025-03-13,6421,Trasporto su vendite vettore FOR-014 - DDT 6192,CC30,56.35
MOV-000911,2025-03-13,6421,Trasporto su vendite vettore FOR-014 - DDT 9395,CC30,36.28
MOV-000912,2025-03-13,6421,Trasporto su vendite vettore FOR-012 - DDT 6699,CC30,30.32
MOV-000913,2025-03-13,6421,Trasporto su vendite vettore FOR-013 - DDT 6136,CC30,57.59
MOV-000914,2025-03-13,6421,Trasporto su vendite vettore FOR-012 - DDT 0259,CC30,21.66
MOV-000915,2025-03-13,6421,Trasporto su vendite vettore FOR-014 - DDT 7920,CC30,44.53
MOV-000916,2025-03-13,6421,Trasporto su vendite vettore FOR-013 - DDT 6840,CC30,55.26
MOV-000917,2025-03-13,6421,Trasporto su vendite vettore FOR-011 - DDT 7268,CC30,36.32
MOV-000918,2025-03-13,6432,Ricambi per intervento di assistenza FOR-052 CL-010,CC40,54.19
MOV-000919,2025-03-14,6403,"Straordinari di reparto - 13 ore a 26,00 euro",CC10,338.00
MOV-000920,2025-03-14,6421,Trasporto su vendite vettore FOR-012 - DDT 7839,CC30,57.42
MOV-000921,2025-03-14,6421,Trasporto su vendite vettore FOR-011 - DDT 9161,CC30,49.32
MOV-000922,2025-03-14,6421,Trasporto su vendite vettore FOR-013 - DDT 4760,CC30,46.25
MOV-000923,2025-03-14,6421,Trasporto su vendite vettore FOR-014 - DDT 2538,CC30,20.85
MOV-000924,2025-03-14,6421,Trasporto su vendite vettore FOR-014 - DDT 6790,CC30,40.08
MOV-000925,2025-03-14,6421,Trasporto su vendite vettore FOR-013 - DDT 6639,CC30,38.21
MOV-000926,2025-03-14,6421,Trasporto su vendite vettore FOR-014 - DDT 3756,CC30,25.78
MOV-000927,2025-03-14,6421,Trasporto su vendite vettore FOR-011 - DDT 0820,CC30,46.92
MOV-000928,2025-03-14,6432,Trasferta tecnico di assistenza - intervento presso cliente CL-244,CC40,33.47
MOV-000929,2025-03-15,6421,Trasporto su vendite vettore FOR-013 - DDT 9294,CC30,57.68
MOV-000930,2025-03-15,6421,Trasporto su vendite vettore FOR-014 - DDT 6646,CC30,15.14
MOV-000931,2025-03-15,6421,Trasporto su vendite vettore FOR-013 - DDT 0994,CC30,30.33
MOV-000932,2025-03-15,6421,Trasporto su vendite vettore FOR-013 - DDT 1211,CC30,37.22
MOV-000933,2025-03-15,6421,Trasporto su vendite vettore FOR-012 - DDT 6152,CC30,57.21
MOV-000934,2025-03-15,6421,Trasporto su vendite vettore FOR-013 - DDT 2173,CC30,49.63
MOV-000935,2025-03-15,6421,Trasporto su vendite vettore FOR-013 - DDT 6318,CC30,16.46
MOV-000936,2025-03-15,6432,Trasferta tecnico di assistenza - intervento presso cliente CL-073,CC40,22.28
MOV-000937,2025-03-15,6432,Ricambi per intervento di assistenza FOR-052 CL-210,CC40,32.15
MOV-000938,2025-03-16,6403,"Lavorazione esterna a ore FOR-034 - 12 ore a 29,00 euro",CC10,348.00
MOV-000939,2025-03-16,6403,"Lavorazione esterna a ore FOR-032 - 19 ore a 29,00 euro",CC10,551.00
MOV-000940,2025-03-16,6421,Trasporto su vendite vettore FOR-013 - DDT 0795,CC30,53.76
MOV-000941,2025-03-16,6421,Trasporto su vendite vettore FOR-011 - DDT 0627,CC30,42.28
MOV-000942,2025-03-16,6421,Trasporto su vendite vettore FOR-012 - DDT 7931,CC30,26.74
MOV-000943,2025-03-16,6421,Trasporto su vendite vettore FOR-014 - DDT 5692,CC30,46.00
MOV-000944,2025-03-16,6421,Trasporto su vendite vettore FOR-012 - DDT 7612,CC30,25.95
MOV-000945,2025-03-16,6421,Trasporto su vendite vettore FOR-014 - DDT 1952,CC30,31.85
MOV-000946,2025-03-16,6421,Trasporto su vendite vettore FOR-011 - DDT 7582,CC30,55.63
MOV-000947,2025-03-16,6421,Trasporto su vendite vettore FOR-011 - DDT 3115,CC30,25.91
MOV-000948,2025-03-17,6421,Trasporto su vendite vettore FOR-011 - DDT 4292,CC30,41.64
MOV-000949,2025-03-17,6421,Trasporto su vendite vettore FOR-014 - DDT 4884,CC30,50.30
MOV-000950,2025-03-17,6421,Trasporto su vendite vettore FOR-013 - DDT 1334,CC30,42.96
MOV-000951,2025-03-17,6421,Trasporto su vendite vettore FOR-013 - DDT 7940,CC30,31.23
MOV-000952,2025-03-17,6421,Trasporto su vendite vettore FOR-012 - DDT 8436,CC30,33.05
MOV-000953,2025-03-17,6421,Trasporto su vendite vettore FOR-012 - DDT 2055,CC30,40.47
MOV-000954,2025-03-17,6421,Trasporto su vendite vettore FOR-011 - DDT 7768,CC30,53.62
MOV-000955,2025-03-17,6421,Trasporto su vendite vettore FOR-012 - DDT 0145,CC30,23.15
MOV-000956,2025-03-17,6421,Trasporto su vendite vettore FOR-012 - DDT 9493,CC30,50.86
MOV-000957,2025-03-17,6421,Trasporto su vendite vettore FOR-011 - DDT 3532,CC30,22.67
MOV-000958,2025-03-17,6421,Trasporto su vendite vettore FOR-013 - DDT 4577,CC30,42.53
MOV-000959,2025-03-17,6421,Trasporto su vendite vettore FOR-012 - DDT 6488,CC30,18.11
MOV-000960,2025-03-17,6421,Trasporto su vendite vettore FOR-011 - DDT 0391,CC30,15.93
MOV-000961,2025-03-17,6421,Trasporto su vendite vettore FOR-012 - DDT 0398,CC30,55.91
MOV-000962,2025-03-17,6432,Ricambi per intervento di assistenza FOR-052 CL-076,CC40,81.97
MOV-000963,2025-03-18,6421,Trasporto su vendite vettore FOR-011 - DDT 4718,CC30,41.29
MOV-000964,2025-03-18,6421,Trasporto su vendite vettore FOR-013 - DDT 2894,CC30,45.08
MOV-000965,2025-03-18,6421,Trasporto su vendite vettore FOR-011 - DDT 9752,CC30,47.64
MOV-000966,2025-03-18,6421,Trasporto su vendite vettore FOR-011 - DDT 9695,CC30,32.91
MOV-000967,2025-03-18,6421,Trasporto su vendite vettore FOR-011 - DDT 3826,CC30,30.91
MOV-000968,2025-03-18,6421,Trasporto su vendite vettore FOR-012 - DDT 7671,CC30,29.25
MOV-000969,2025-03-18,6421,Trasporto su vendite vettore FOR-014 - DDT 2729,CC30,30.16
MOV-000970,2025-03-18,6421,Trasporto su vendite vettore FOR-011 - DDT 3266,CC30,57.53
MOV-000971,2025-03-18,6421,Trasporto su vendite vettore FOR-014 - DDT 1919,CC30,56.93
MOV-000972,2025-03-18,6421,Trasporto su vendite vettore FOR-013 - DDT 1722,CC30,17.07
MOV-000973,2025-03-19,6421,Trasporto su vendite vettore FOR-012 - DDT 6816,CC30,38.57
MOV-000974,2025-03-19,6421,Trasporto su vendite vettore FOR-011 - DDT 5204,CC30,42.09
MOV-000975,2025-03-19,6421,Trasporto su vendite vettore FOR-013 - DDT 7411,CC30,32.89
MOV-000976,2025-03-19,6421,Trasporto su vendite vettore FOR-012 - DDT 5981,CC30,48.92
MOV-000977,2025-03-19,6421,Trasporto su vendite vettore FOR-013 - DDT 8003,CC30,53.62
MOV-000978,2025-03-19,6421,Trasporto su vendite vettore FOR-011 - DDT 6033,CC30,30.99
MOV-000979,2025-03-19,6421,Trasporto su vendite vettore FOR-011 - DDT 5253,CC30,27.02
MOV-000980,2025-03-19,6421,Trasporto su vendite vettore FOR-014 - DDT 4878,CC30,36.49
MOV-000981,2025-03-19,6421,Trasporto su vendite vettore FOR-011 - DDT 7397,CC30,26.72
MOV-000982,2025-03-19,6432,Ricambi per intervento di assistenza FOR-052 CL-067,CC40,35.08
MOV-000983,2025-03-19,6432,Ricambi per intervento di assistenza FOR-051 CL-243,CC40,39.65
MOV-000984,2025-03-19,6432,Ricambi per intervento di assistenza FOR-052 CL-006,CC40,61.28
MOV-000985,2025-03-20,6403,"Straordinari di reparto - 7 ore a 26,00 euro",CC10,182.00
MOV-000986,2025-03-20,6421,Trasporto su vendite vettore FOR-014 - DDT 4213,CC30,44.97
MOV-000987,2025-03-20,6421,Trasporto su vendite vettore FOR-014 - DDT 6545,CC30,45.02
MOV-000988,2025-03-20,6421,Trasporto su vendite vettore FOR-012 - DDT 7258,CC30,27.13
MOV-000989,2025-03-20,6432,Trasferta tecnico di assistenza - intervento presso cliente CL-211,CC40,29.20
MOV-000990,2025-03-21,6421,Trasporto su vendite vettore FOR-014 - DDT 7591,CC30,30.37
MOV-000991,2025-03-21,6421,Trasporto su vendite vettore FOR-013 - DDT 5436,CC30,35.13
MOV-000992,2025-03-21,6421,Trasporto su vendite vettore FOR-013 - DDT 7866,CC30,39.38
MOV-000993,2025-03-21,6421,Trasporto su vendite vettore FOR-014 - DDT 7838,CC30,54.64
MOV-000994,2025-03-21,6421,Trasporto su vendite vettore FOR-013 - DDT 2906,CC30,38.12
MOV-000995,2025-03-21,6421,Trasporto su vendite vettore FOR-013 - DDT 8520,CC30,22.39
MOV-000996,2025-03-21,6421,Trasporto su vendite vettore FOR-014 - DDT 1989,CC30,26.17
MOV-000997,2025-03-22,6421,Trasporto su vendite vettore FOR-013 - DDT 8086,CC30,20.30
MOV-000998,2025-03-22,6421,Trasporto su vendite vettore FOR-013 - DDT 4887,CC30,52.39
MOV-000999,2025-03-22,6421,Trasporto su vendite vettore FOR-012 - DDT 6830,CC30,51.17
MOV-001000,2025-03-22,6421,Trasporto su vendite vettore FOR-012 - DDT 2391,CC30,15.35
MOV-001001,2025-03-22,6432,Ricambi per intervento di assistenza FOR-051 CL-062,CC40,52.10
MOV-001002,2025-03-22,6432,Ricambi per intervento di assistenza FOR-051 CL-193,CC40,31.49
MOV-001003,2025-03-23,6403,"Lavorazione esterna a ore FOR-033 - 20 ore a 29,00 euro",CC10,580.00
MOV-001004,2025-03-23,6421,Trasporto su vendite vettore FOR-014 - DDT 0143,CC30,39.86
MOV-001005,2025-03-23,6421,Trasporto su vendite vettore FOR-013 - DDT 1309,CC30,16.77
MOV-001006,2025-03-23,6421,Trasporto su vendite vettore FOR-012 - DDT 4416,CC30,50.83
MOV-001007,2025-03-23,6421,Trasporto su vendite vettore FOR-013 - DDT 5879,CC30,17.26
MOV-001008,2025-03-23,6421,Trasporto su vendite vettore FOR-012 - DDT 6492,CC30,46.80
MOV-001009,2025-03-23,6421,Trasporto su vendite vettore FOR-013 - DDT 1911,CC30,38.13
MOV-001010,2025-03-23,6432,Ricambi per intervento di assistenza FOR-052 CL-089,CC40,30.28
MOV-001011,2025-03-23,6432,Ricambi per intervento di assistenza FOR-052 CL-047,CC40,79.42
MOV-001012,2025-03-23,6432,Ricambi per intervento di assistenza FOR-052 CL-058,CC40,53.78
MOV-001013,2025-03-23,6432,Trasferta tecnico di assistenza - intervento presso cliente CL-017,CC40,54.91
MOV-001014,2025-03-24,6403,"Straordinari di reparto - 13 ore a 26,00 euro",CC10,338.00
MOV-001015,2025-03-24,6403,"Straordinari di reparto - 12 ore a 26,00 euro",CC10,312.00
MOV-001016,2025-03-24,6403,"Lavorazione esterna a ore FOR-032 - 20 ore a 29,00 euro",CC10,580.00
MOV-001017,2025-03-24,6421,Trasporto su vendite vettore FOR-014 - DDT 6189,CC30,40.98
MOV-001018,2025-03-24,6421,Trasporto su vendite vettore FOR-014 - DDT 4638,CC30,48.95
MOV-001019,2025-03-24,6421,Trasporto su vendite vettore FOR-011 - DDT 0789,CC30,37.33
MOV-001020,2025-03-24,6421,Trasporto su vendite vettore FOR-012 - DDT 4491,CC30,30.38
MOV-001021,2025-03-24,6421,Trasporto su vendite vettore FOR-011 - DDT 5223,CC30,56.07
MOV-001022,2025-03-24,6421,Trasporto su vendite vettore FOR-014 - DDT 1448,CC30,34.29
MOV-001023,2025-03-24,6421,Trasporto su vendite vettore FOR-012 - DDT 3770,CC30,36.56
MOV-001024,2025-03-24,6421,Trasporto su vendite vettore FOR-014 - DDT 6790,CC30,48.01
MOV-001025,2025-03-24,6432,Trasferta tecnico di assistenza - intervento presso cliente CL-215,CC40,62.67
MOV-001026,2025-03-25,6421,Trasporto su vendite vettore FOR-014 - DDT 3146,CC30,26.38
MOV-001027,2025-03-25,6421,Trasporto su vendite vettore FOR-014 - DDT 1807,CC30,54.01
MOV-001028,2025-03-25,6421,Trasporto su vendite vettore FOR-012 - DDT 1689,CC30,45.17
MOV-001029,2025-03-25,6421,Trasporto su vendite vettore FOR-014 - DDT 6107,CC30,17.37
MOV-001030,2025-03-25,6421,Trasporto su vendite vettore FOR-014 - DDT 6689,CC30,28.63
MOV-001031,2025-03-25,6421,Trasporto su vendite vettore FOR-012 - DDT 4983,CC30,42.79
MOV-001032,2025-03-25,6421,Trasporto su vendite vettore FOR-013 - DDT 3495,CC30,55.53
MOV-001033,2025-03-25,6432,Trasferta tecnico di assistenza - intervento presso cliente CL-196,CC40,40.67
MOV-001034,2025-03-26,6403,"Straordinari di reparto - 14 ore a 26,00 euro",CC10,364.00
MOV-001035,2025-03-26,6421,Trasporto su vendite vettore FOR-013 - DDT 4308,CC30,58.08
MOV-001036,2025-03-26,6421,Trasporto su vendite vettore FOR-013 - DDT 8158,CC30,46.09
MOV-001037,2025-03-26,6421,Trasporto su vendite vettore FOR-014 - DDT 6205,CC30,35.65
MOV-001038,2025-03-26,6421,Trasporto su vendite vettore FOR-013 - DDT 9537,CC30,19.43
MOV-001039,2025-03-26,6421,Trasporto su vendite vettore FOR-011 - DDT 4347,CC30,51.01
MOV-001040,2025-03-26,6421,Trasporto su vendite vettore FOR-014 - DDT 2615,CC30,49.36
MOV-001041,2025-03-26,6421,Trasporto su vendite vettore FOR-014 - DDT 2245,CC30,32.92
MOV-001042,2025-03-26,6421,Trasporto su vendite vettore FOR-012 - DDT 3328,CC30,56.43
MOV-001043,2025-03-26,6421,Trasporto su vendite vettore FOR-013 - DDT 5674,CC30,30.03
MOV-001044,2025-03-26,6421,Trasporto su vendite vettore FOR-012 - DDT 9288,CC30,34.55
MOV-001045,2025-03-26,6421,Trasporto su vendite vettore FOR-013 - DDT 8177,CC30,49.82
MOV-001046,2025-03-26,6421,Trasporto su vendite vettore FOR-012 - DDT 5776,CC30,49.45
MOV-001047,2025-03-26,6421,Trasporto su vendite vettore FOR-013 - DDT 5025,CC30,47.84
MOV-001048,2025-03-26,6421,Trasporto su vendite vettore FOR-011 - DDT 4656,CC30,19.43
MOV-001049,2025-03-26,6432,Ricambi per intervento di assistenza FOR-051 CL-019,CC40,65.27
MOV-001050,2025-03-26,6432,Ricambi per intervento di assistenza FOR-051 CL-090,CC40,87.75
MOV-001051,2025-03-27,6421,Trasporto su vendite vettore FOR-014 - DDT 5004,CC30,47.15
MOV-001052,2025-03-27,6421,Trasporto su vendite vettore FOR-013 - DDT 6996,CC30,52.08
MOV-001053,2025-03-27,6421,Trasporto su vendite vettore FOR-012 - DDT 8940,CC30,27.89
MOV-001054,2025-03-27,6421,Trasporto su vendite vettore FOR-013 - DDT 6895,CC30,32.68
MOV-001055,2025-03-27,6421,Trasporto su vendite vettore FOR-013 - DDT 6334,CC30,22.51
MOV-001056,2025-03-27,6421,Trasporto su vendite vettore FOR-011 - DDT 7004,CC30,44.78
MOV-001057,2025-03-27,6421,Trasporto su vendite vettore FOR-014 - DDT 3187,CC30,30.59
MOV-001058,2025-03-27,6421,Trasporto su vendite vettore FOR-012 - DDT 1225,CC30,27.82
MOV-001059,2025-03-27,6421,Trasporto su vendite vettore FOR-014 - DDT 4839,CC30,37.66
MOV-001060,2025-03-27,6432,Ricambi per intervento di assistenza FOR-052 CL-038,CC40,40.90
MOV-001061,2025-03-27,6432,Trasferta tecnico di assistenza - intervento presso cliente CL-012,CC40,29.15
MOV-001062,2025-03-27,6432,Trasferta tecnico di assistenza - intervento presso cliente CL-102,CC40,59.33
MOV-001063,2025-03-28,6403,"Lavorazione esterna a ore FOR-034 - 7 ore a 29,00 euro",CC10,203.00
MOV-001064,2025-03-28,6421,Trasporto su vendite vettore FOR-014 - DDT 3438,CC30,44.27
MOV-001065,2025-03-28,6421,Trasporto su vendite vettore FOR-011 - DDT 0162,CC30,23.81
MOV-001066,2025-03-28,6421,Trasporto su vendite vettore FOR-013 - DDT 9103,CC30,49.80
MOV-001067,2025-03-28,6421,Trasporto su vendite vettore FOR-011 - DDT 4377,CC30,47.28
MOV-001068,2025-03-28,6421,Trasporto su vendite vettore FOR-014 - DDT 6878,CC30,28.01
MOV-001069,2025-03-28,6421,Trasporto su vendite vettore FOR-014 - DDT 6491,CC30,29.06
MOV-001070,2025-03-28,6421,Trasporto su vendite vettore FOR-011 - DDT 7013,CC30,42.63
MOV-001071,2025-03-28,6421,Trasporto su vendite vettore FOR-013 - DDT 3498,CC30,28.95
MOV-001072,2025-03-28,6421,Trasporto su vendite vettore FOR-012 - DDT 4650,CC30,22.84
MOV-001073,2025-03-28,6421,Trasporto su vendite vettore FOR-011 - DDT 2926,CC30,45.62
MOV-001074,2025-03-28,6432,Trasferta tecnico di assistenza - intervento presso cliente CL-143,CC40,79.34
MOV-001075,2025-03-29,6403,"Lavorazione esterna a ore FOR-034 - 20 ore a 29,00 euro",CC10,580.00
MOV-001076,2025-03-29,6421,Trasporto su vendite vettore FOR-013 - DDT 0164,CC30,26.96
MOV-001077,2025-03-29,6421,Trasporto su vendite vettore FOR-011 - DDT 1796,CC30,56.20
MOV-001078,2025-03-29,6421,Trasporto su vendite vettore FOR-013 - DDT 4620,CC30,31.76
MOV-001079,2025-03-29,6421,Trasporto su vendite vettore FOR-014 - DDT 1243,CC30,16.16
MOV-001080,2025-03-29,6421,Trasporto su vendite vettore FOR-014 - DDT 7202,CC30,32.23
MOV-001081,2025-03-29,6421,Trasporto su vendite vettore FOR-011 - DDT 8356,CC30,34.52
MOV-001082,2025-03-29,6421,Trasporto su vendite vettore FOR-012 - DDT 6834,CC30,31.67
MOV-001083,2025-03-29,6421,Trasporto su vendite vettore FOR-013 - DDT 4448,CC30,27.13
MOV-001084,2025-03-29,6421,Trasporto su vendite vettore FOR-012 - DDT 8357,CC30,45.77
MOV-001085,2025-03-29,6421,Trasporto su vendite vettore FOR-014 - DDT 8683,CC30,22.70
MOV-001086,2025-03-29,6421,Trasporto su vendite vettore FOR-012 - DDT 8475,CC30,37.05
MOV-001087,2025-03-29,6421,Trasporto su vendite vettore FOR-011 - DDT 6918,CC30,52.67
MOV-001088,2025-03-30,6403,"Lavorazione esterna a ore FOR-032 - 9 ore a 29,00 euro",CC10,261.00
MOV-001089,2025-03-30,6403,"Lavorazione esterna a ore FOR-032 - 15 ore a 29,00 euro",CC10,435.00
MOV-001090,2025-03-30,6421,Trasporto su vendite vettore FOR-012 - DDT 0413,CC30,53.00
MOV-001091,2025-03-30,6421,Trasporto su vendite vettore FOR-014 - DDT 7478,CC30,57.66
MOV-001092,2025-03-30,6421,Trasporto su vendite vettore FOR-013 - DDT 4809,CC30,25.00
MOV-001093,2025-03-30,6421,Trasporto su vendite vettore FOR-011 - DDT 5358,CC30,45.94
MOV-001094,2025-03-30,6421,Trasporto su vendite vettore FOR-011 - DDT 8575,CC30,17.82
MOV-001095,2025-03-30,6421,Trasporto su vendite vettore FOR-012 - DDT 4513,CC30,52.88
MOV-001096,2025-03-30,6421,Trasporto su vendite vettore FOR-012 - DDT 1542,CC30,58.61
MOV-001097,2025-03-30,6421,Trasporto su vendite vettore FOR-014 - DDT 9505,CC30,39.50
MOV-001098,2025-03-30,6421,Trasporto su vendite vettore FOR-013 - DDT 8660,CC30,43.06
MOV-001099,2025-03-30,6432,Ricambi per intervento di assistenza FOR-052 CL-001,CC40,41.39
MOV-001100,2025-03-30,6432,Trasferta tecnico di assistenza - intervento presso cliente CL-184,CC40,39.59
MOV-001101,2025-03-31,6401,Quota ammortamento impianto IMP-01 - marzo 2025,CC10,1833.34
MOV-001102,2025-03-31,6401,Quota ammortamento impianto IMP-02 - marzo 2025,CC10,1666.67
MOV-001103,2025-03-31,6401,Quota ammortamento impianto IMP-03 - marzo 2025,CC10,1500.00
MOV-001104,2025-03-31,6401,Quota ammortamento impianto IMP-04 - marzo 2025,CC10,1166.67
MOV-001105,2025-03-31,6402,Retribuzioni produzione indiretta - marzo 2025 - retribuzioni lorde,CC10,2787.57
MOV-001106,2025-03-31,6402,Retribuzioni produzione indiretta - marzo 2025 - contributi a carico impresa,CC10,876.09
MOV-001107,2025-03-31,6402,Retribuzioni produzione indiretta - marzo 2025 - quota TFR,CC10,318.58
MOV-001108,2025-03-31,6411,Retribuzioni ufficio ordini - marzo 2025 - retribuzioni lorde,CC20,10552.96
MOV-001109,2025-03-31,6411,Retribuzioni ufficio ordini - marzo 2025 - contributi a carico impresa,CC20,3316.65
MOV-001110,2025-03-31,6411,Retribuzioni ufficio ordini - marzo 2025 - quota TFR,CC20,1206.05
MOV-001111,2025-03-31,6421,Trasporto su vendite vettore FOR-014 - DDT 9633,CC30,16.08
MOV-001112,2025-03-31,6421,Trasporto su vendite vettore FOR-014 - DDT 2099,CC30,57.26
MOV-001113,2025-03-31,6421,Trasporto su vendite vettore FOR-013 - DDT 7678,CC30,30.76
MOV-001114,2025-03-31,6421,Trasporto su vendite vettore FOR-011 - DDT 4815,CC30,36.87
MOV-001115,2025-03-31,6421,Trasporto su vendite vettore FOR-012 - DDT 5118,CC30,48.44
MOV-001116,2025-03-31,6421,Trasporto su vendite vettore FOR-012 - DDT 0647,CC30,32.47
MOV-001117,2025-03-31,6421,Trasporto su vendite vettore FOR-014 - DDT 8004,CC30,22.48
MOV-001118,2025-03-31,6421,Trasporto su vendite vettore FOR-011 - DDT 4465,CC30,33.69
MOV-001119,2025-03-31,6421,Trasporto su vendite vettore FOR-012 - DDT 0457,CC30,48.66
MOV-001120,2025-03-31,6421,Trasporto su vendite vettore FOR-014 - DDT 8280,CC30,36.33
MOV-001121,2025-03-31,6421,Trasporto su vendite vettore FOR-013 - DDT 4658,CC30,21.24
MOV-001122,2025-03-31,6421,Trasporto su vendite vettore FOR-014 - DDT 0445,CC30,57.99
MOV-001123,2025-03-31,6421,Trasporto su vendite vettore FOR-014 - DDT 6442,CC30,21.32
MOV-001124,2025-03-31,6422,Personale di spedizione - marzo 2025 - retribuzioni lorde,CC30,2375.08
MOV-001125,2025-03-31,6422,Personale di spedizione - marzo 2025 - contributi a carico impresa,CC30,746.45
MOV-001126,2025-03-31,6422,Personale di spedizione - marzo 2025 - quota TFR,CC30,271.44
MOV-001127,2025-03-31,6431,Retribuzioni tecnici di assistenza - marzo 2025 - retribuzioni lorde,CC40,7057.83
MOV-001128,2025-03-31,6431,Retribuzioni tecnici di assistenza - marzo 2025 - contributi a carico impresa,CC40,2218.17
MOV-001129,2025-03-31,6431,Retribuzioni tecnici di assistenza - marzo 2025 - quota TFR,CC40,806.61
MOV-001130,2025-03-31,6432,Ricambi per intervento di assistenza FOR-052 CL-221,CC40,16.01
MOV-001131,2025-03-31,6432,Ricambi per intervento di assistenza FOR-051 CL-216,CC40,51.91
MOV-001132,2025-03-31,6441,Retribuzioni amministrative - marzo 2025 - retribuzioni lorde,CC50,2758.00
MOV-001133,2025-03-31,6441,Retribuzioni amministrative - marzo 2025 - contributi a carico impresa,CC50,866.80
MOV-001134,2025-03-31,6441,Retribuzioni amministrative - marzo 2025 - quota TFR,CC50,315.20
MOV-001135,2025-04-01,6403,"Straordinari di reparto - 19 ore a 26,00 euro",CC10,494.00
MOV-001136,2025-04-01,6403,"Lavorazione esterna a ore FOR-034 - 32 ore a 29,00 euro",CC10,928.00
MOV-001137,2025-04-01,6412,Canone sistemi di gestione ordini FOR-040 - aprile 2025,CC20,4500.00
MOV-001138,2025-04-01,6421,Trasporto su vendite vettore FOR-011 - DDT 9739,CC30,17.49
MOV-001139,2025-04-01,6421,Trasporto su vendite vettore FOR-012 - DDT 4392,CC30,16.83
MOV-001140,2025-04-01,6421,Trasporto su vendite vettore FOR-012 - DDT 8422,CC30,53.98
MOV-001141,2025-04-01,6421,Trasporto su vendite vettore FOR-014 - DDT 7217,CC30,32.12
MOV-001142,2025-04-01,6421,Trasporto su vendite vettore FOR-013 - DDT 2436,CC30,30.69
MOV-001143,2025-04-01,6421,Trasporto su vendite vettore FOR-012 - DDT 5562,CC30,23.77
MOV-001144,2025-04-01,6421,Trasporto su vendite vettore FOR-012 - DDT 9673,CC30,18.35
MOV-001145,2025-04-01,6421,Trasporto su vendite vettore FOR-012 - DDT 0715,CC30,15.86
MOV-001146,2025-04-01,6432,Ricambi per intervento di assistenza FOR-052 CL-113,CC40,68.42
MOV-001147,2025-04-02,6421,Trasporto su vendite vettore FOR-014 - DDT 3477,CC30,14.98
MOV-001148,2025-04-02,6421,Trasporto su vendite vettore FOR-013 - DDT 1938,CC30,42.26
MOV-001149,2025-04-02,6421,Trasporto su vendite vettore FOR-014 - DDT 0767,CC30,45.52
MOV-001150,2025-04-02,6421,Trasporto su vendite vettore FOR-013 - DDT 5235,CC30,41.71
MOV-001151,2025-04-02,6421,Trasporto su vendite vettore FOR-014 - DDT 3963,CC30,31.68
MOV-001152,2025-04-02,6421,Trasporto su vendite vettore FOR-012 - DDT 6467,CC30,48.99
MOV-001153,2025-04-02,6421,Trasporto su vendite vettore FOR-014 - DDT 0974,CC30,39.35
MOV-001154,2025-04-02,6421,Trasporto su vendite vettore FOR-011 - DDT 2699,CC30,30.05
MOV-001155,2025-04-02,6421,Trasporto su vendite vettore FOR-012 - DDT 9459,CC30,59.05
MOV-001156,2025-04-02,6421,Trasporto su vendite vettore FOR-012 - DDT 4704,CC30,34.21
MOV-001157,2025-04-02,6421,Trasporto su vendite vettore FOR-011 - DDT 8385,CC30,46.26
MOV-001158,2025-04-02,6421,Trasporto su vendite vettore FOR-013 - DDT 1843,CC30,44.96
MOV-001159,2025-04-02,6432,Trasferta tecnico di assistenza - intervento presso cliente CL-220,CC40,81.43
MOV-001160,2025-04-02,6432,Ricambi per intervento di assistenza FOR-052 CL-222,CC40,55.91
MOV-001161,2025-04-03,6421,Trasporto su vendite vettore FOR-012 - DDT 8711,CC30,35.61
MOV-001162,2025-04-03,6421,Trasporto su vendite vettore FOR-013 - DDT 3530,CC30,34.99
MOV-001163,2025-04-03,6421,Trasporto su vendite vettore FOR-012 - DDT 8071,CC30,39.18
MOV-001164,2025-04-03,6421,Trasporto su vendite vettore FOR-013 - DDT 7372,CC30,46.28
MOV-001165,2025-04-03,6421,Trasporto su vendite vettore FOR-012 - DDT 8561,CC30,44.56
MOV-001166,2025-04-03,6421,Trasporto su vendite vettore FOR-012 - DDT 0288,CC30,58.39
MOV-001167,2025-04-03,6421,Trasporto su vendite vettore FOR-012 - DDT 8081,CC30,58.57
MOV-001168,2025-04-03,6421,Trasporto su vendite vettore FOR-011 - DDT 2596,CC30,51.35
MOV-001169,2025-04-03,6421,Trasporto su vendite vettore FOR-013 - DDT 9507,CC30,33.15
MOV-001170,2025-04-03,6421,Trasporto su vendite vettore FOR-013 - DDT 8166,CC30,54.26
MOV-001171,2025-04-04,6421,Trasporto su vendite vettore FOR-012 - DDT 4454,CC30,52.05
MOV-001172,2025-04-04,6421,Trasporto su vendite vettore FOR-012 - DDT 4215,CC30,27.89
MOV-001173,2025-04-04,6421,Trasporto su vendite vettore FOR-011 - DDT 4045,CC30,35.04
MOV-001174,2025-04-04,6421,Trasporto su vendite vettore FOR-011 - DDT 4220,CC30,34.25
MOV-001175,2025-04-04,6421,Trasporto su vendite vettore FOR-013 - DDT 0810,CC30,20.72
MOV-001176,2025-04-04,6421,Trasporto su vendite vettore FOR-011 - DDT 6988,CC30,34.59
MOV-001177,2025-04-04,6421,Trasporto su vendite vettore FOR-013 - DDT 4945,CC30,23.49
MOV-001178,2025-04-04,6421,Trasporto su vendite vettore FOR-013 - DDT 9570,CC30,28.03
MOV-001179,2025-04-04,6432,Ricambi per intervento di assistenza FOR-051 CL-188,CC40,77.66
MOV-001180,2025-04-05,6421,Trasporto su vendite vettore FOR-013 - DDT 8788,CC30,40.06
MOV-001181,2025-04-05,6421,Trasporto su vendite vettore FOR-011 - DDT 6574,CC30,40.24
MOV-001182,2025-04-05,6421,Trasporto su vendite vettore FOR-014 - DDT 7397,CC30,22.60
MOV-001183,2025-04-05,6421,Trasporto su vendite vettore FOR-012 - DDT 9976,CC30,32.72
MOV-001184,2025-04-05,6421,Trasporto su vendite vettore FOR-013 - DDT 7067,CC30,55.10
MOV-001185,2025-04-05,6421,Trasporto su vendite vettore FOR-014 - DDT 9656,CC30,24.72
MOV-001186,2025-04-05,6421,Trasporto su vendite vettore FOR-014 - DDT 7637,CC30,33.58
MOV-001187,2025-04-05,6421,Trasporto su vendite vettore FOR-014 - DDT 8509,CC30,46.91
MOV-001188,2025-04-05,6421,Trasporto su vendite vettore FOR-013 - DDT 1301,CC30,40.54
MOV-001189,2025-04-05,6421,Trasporto su vendite vettore FOR-014 - DDT 7649,CC30,17.99
MOV-001190,2025-04-05,6421,Trasporto su vendite vettore FOR-012 - DDT 3337,CC30,53.89
MOV-001191,2025-04-05,6421,Trasporto su vendite vettore FOR-013 - DDT 5547,CC30,55.12
MOV-001192,2025-04-05,6421,Trasporto su vendite vettore FOR-013 - DDT 5938,CC30,57.67
MOV-001193,2025-04-05,6432,Ricambi per intervento di assistenza FOR-052 CL-023,CC40,38.09
MOV-001194,2025-04-05,6432,Ricambi per intervento di assistenza FOR-052 CL-173,CC40,79.28
MOV-001195,2025-04-06,6421,Trasporto su vendite vettore FOR-014 - DDT 2704,CC30,39.78
MOV-001196,2025-04-06,6421,Trasporto su vendite vettore FOR-013 - DDT 7678,CC30,27.46
MOV-001197,2025-04-06,6421,Trasporto su vendite vettore FOR-012 - DDT 0657,CC30,23.23
MOV-001198,2025-04-06,6421,Trasporto su vendite vettore FOR-014 - DDT 8162,CC30,29.12
MOV-001199,2025-04-06,6421,Trasporto su vendite vettore FOR-014 - DDT 4269,CC30,45.00
MOV-001200,2025-04-06,6421,Trasporto su vendite vettore FOR-011 - DDT 1745,CC30,43.38
MOV-001201,2025-04-06,6432,Trasferta tecnico di assistenza - intervento presso cliente CL-236,CC40,84.95
MOV-001202,2025-04-06,6432,Trasferta tecnico di assistenza - intervento presso cliente CL-135,CC40,74.00
MOV-001203,2025-04-06,6432,Trasferta tecnico di assistenza - intervento presso cliente CL-233,CC40,41.85
MOV-001204,2025-04-07,6403,"Straordinari di reparto - 10 ore a 26,00 euro",CC10,260.00
MOV-001205,2025-04-07,6421,Trasporto su vendite vettore FOR-012 - DDT 7175,CC30,15.02
MOV-001206,2025-04-07,6421,Trasporto su vendite vettore FOR-013 - DDT 8292,CC30,21.99
MOV-001207,2025-04-07,6421,Trasporto su vendite vettore FOR-012 - DDT 7782,CC30,40.40
MOV-001208,2025-04-07,6421,Trasporto su vendite vettore FOR-012 - DDT 0993,CC30,42.95
MOV-001209,2025-04-07,6421,Trasporto su vendite vettore FOR-011 - DDT 8418,CC30,29.56
MOV-001210,2025-04-07,6421,Trasporto su vendite vettore FOR-014 - DDT 5581,CC30,19.10
MOV-001211,2025-04-07,6421,Trasporto su vendite vettore FOR-013 - DDT 1509,CC30,24.36
MOV-001212,2025-04-07,6421,Trasporto su vendite vettore FOR-012 - DDT 1644,CC30,48.79
MOV-001213,2025-04-07,6421,Trasporto su vendite vettore FOR-014 - DDT 7432,CC30,30.56
MOV-001214,2025-04-07,6432,Ricambi per intervento di assistenza FOR-052 CL-069,CC40,79.59
MOV-001215,2025-04-07,6432,Ricambi per intervento di assistenza FOR-052 CL-065,CC40,26.41
MOV-001216,2025-04-07,6432,Ricambi per intervento di assistenza FOR-051 CL-163,CC40,30.51
MOV-001217,2025-04-08,6421,Trasporto su vendite vettore FOR-011 - DDT 8513,CC30,53.58
MOV-001218,2025-04-08,6421,Trasporto su vendite vettore FOR-013 - DDT 4035,CC30,20.86
MOV-001219,2025-04-08,6421,Trasporto su vendite vettore FOR-011 - DDT 6513,CC30,16.18
MOV-001220,2025-04-08,6421,Trasporto su vendite vettore FOR-012 - DDT 0304,CC30,48.47
MOV-001221,2025-04-08,6421,Trasporto su vendite vettore FOR-013 - DDT 2108,CC30,38.86
MOV-001222,2025-04-08,6421,Trasporto su vendite vettore FOR-012 - DDT 0148,CC30,53.04
MOV-001223,2025-04-08,6421,Trasporto su vendite vettore FOR-013 - DDT 1244,CC30,15.40
MOV-001224,2025-04-08,6421,Trasporto su vendite vettore FOR-014 - DDT 6416,CC30,56.89
MOV-001225,2025-04-08,6421,Trasporto su vendite vettore FOR-014 - DDT 0898,CC30,57.65
MOV-001226,2025-04-08,6421,Trasporto su vendite vettore FOR-014 - DDT 6341,CC30,30.49
MOV-001227,2025-04-09,6403,"Straordinari di reparto - 14 ore a 26,00 euro",CC10,364.00
MOV-001228,2025-04-09,6421,Trasporto su vendite vettore FOR-011 - DDT 6003,CC30,57.41
MOV-001229,2025-04-09,6421,Trasporto su vendite vettore FOR-013 - DDT 3584,CC30,58.64
MOV-001230,2025-04-09,6421,Trasporto su vendite vettore FOR-013 - DDT 1398,CC30,49.46
MOV-001231,2025-04-09,6421,Trasporto su vendite vettore FOR-013 - DDT 7357,CC30,39.86
MOV-001232,2025-04-09,6421,Trasporto su vendite vettore FOR-012 - DDT 7516,CC30,51.17
MOV-001233,2025-04-09,6421,Trasporto su vendite vettore FOR-014 - DDT 4241,CC30,24.38
MOV-001234,2025-04-09,6421,Trasporto su vendite vettore FOR-012 - DDT 1821,CC30,22.33
MOV-001235,2025-04-09,6421,Trasporto su vendite vettore FOR-013 - DDT 7111,CC30,48.05
MOV-001236,2025-04-09,6421,Trasporto su vendite vettore FOR-012 - DDT 8599,CC30,57.81
MOV-001237,2025-04-09,6421,Trasporto su vendite vettore FOR-011 - DDT 0352,CC30,24.12
MOV-001238,2025-04-09,6421,Trasporto su vendite vettore FOR-012 - DDT 6474,CC30,50.53
MOV-001239,2025-04-09,6421,Trasporto su vendite vettore FOR-012 - DDT 2628,CC30,41.42
MOV-001240,2025-04-09,6421,Trasporto su vendite vettore FOR-013 - DDT 4094,CC30,19.36
MOV-001241,2025-04-09,6421,Trasporto su vendite vettore FOR-013 - DDT 4763,CC30,44.37
MOV-001242,2025-04-09,6432,Ricambi per intervento di assistenza FOR-051 CL-125,CC40,47.00
MOV-001243,2025-04-09,6432,Ricambi per intervento di assistenza FOR-051 CL-183,CC40,66.13
MOV-001244,2025-04-10,6421,Trasporto su vendite vettore FOR-011 - DDT 9481,CC30,52.98
MOV-001245,2025-04-10,6421,Trasporto su vendite vettore FOR-013 - DDT 7835,CC30,42.30
MOV-001246,2025-04-10,6421,Trasporto su vendite vettore FOR-013 - DDT 0558,CC30,26.16
MOV-001247,2025-04-10,6421,Trasporto su vendite vettore FOR-013 - DDT 7996,CC30,27.77
MOV-001248,2025-04-10,6421,Trasporto su vendite vettore FOR-012 - DDT 9258,CC30,52.63
MOV-001249,2025-04-10,6421,Trasporto su vendite vettore FOR-014 - DDT 3543,CC30,22.78
MOV-001250,2025-04-10,6421,Trasporto su vendite vettore FOR-014 - DDT 6058,CC30,28.99
MOV-001251,2025-04-10,6432,Trasferta tecnico di assistenza - intervento presso cliente CL-209,CC40,18.21
MOV-001252,2025-04-10,6432,Ricambi per intervento di assistenza FOR-051 CL-111,CC40,42.59
MOV-001253,2025-04-11,6421,Trasporto su vendite vettore FOR-011 - DDT 9752,CC30,26.12
MOV-001254,2025-04-11,6421,Trasporto su vendite vettore FOR-011 - DDT 4474,CC30,42.29
MOV-001255,2025-04-11,6421,Trasporto su vendite vettore FOR-011 - DDT 7475,CC30,28.07
MOV-001256,2025-04-11,6421,Trasporto su vendite vettore FOR-014 - DDT 8733,CC30,56.86
MOV-001257,2025-04-11,6421,Trasporto su vendite vettore FOR-014 - DDT 1703,CC30,34.54
MOV-001258,2025-04-11,6421,Trasporto su vendite vettore FOR-014 - DDT 8279,CC30,27.19
MOV-001259,2025-04-11,6421,Trasporto su vendite vettore FOR-014 - DDT 7734,CC30,38.35
MOV-001260,2025-04-11,6421,Trasporto su vendite vettore FOR-011 - DDT 3011,CC30,55.41
MOV-001261,2025-04-11,6421,Trasporto su vendite vettore FOR-011 - DDT 5168,CC30,46.88
MOV-001262,2025-04-11,6421,Trasporto su vendite vettore FOR-011 - DDT 6897,CC30,40.53
MOV-001263,2025-04-11,6432,Ricambi per intervento di assistenza FOR-051 CL-108,CC40,70.40
MOV-001264,2025-04-11,6432,Ricambi per intervento di assistenza FOR-051 CL-143,CC40,42.86
MOV-001265,2025-04-11,6432,Trasferta tecnico di assistenza - intervento presso cliente CL-121,CC40,57.97
MOV-001266,2025-04-12,6421,Trasporto su vendite vettore FOR-014 - DDT 0004,CC30,20.69
MOV-001267,2025-04-12,6421,Trasporto su vendite vettore FOR-011 - DDT 9318,CC30,26.54
MOV-001268,2025-04-12,6421,Trasporto su vendite vettore FOR-011 - DDT 3565,CC30,52.24
MOV-001269,2025-04-12,6421,Trasporto su vendite vettore FOR-012 - DDT 8495,CC30,15.55
MOV-001270,2025-04-12,6421,Trasporto su vendite vettore FOR-011 - DDT 2246,CC30,41.91
MOV-001271,2025-04-12,6421,Trasporto su vendite vettore FOR-011 - DDT 6791,CC30,37.74
MOV-001272,2025-04-12,6421,Trasporto su vendite vettore FOR-014 - DDT 9697,CC30,27.64
MOV-001273,2025-04-12,6421,Trasporto su vendite vettore FOR-011 - DDT 0633,CC30,26.81
MOV-001274,2025-04-12,6421,Trasporto su vendite vettore FOR-014 - DDT 8500,CC30,39.74
MOV-001275,2025-04-12,6421,Trasporto su vendite vettore FOR-013 - DDT 2623,CC30,52.72
MOV-001276,2025-04-12,6421,Trasporto su vendite vettore FOR-014 - DDT 4661,CC30,20.67
MOV-001277,2025-04-12,6421,Trasporto su vendite vettore FOR-012 - DDT 7171,CC30,34.27
MOV-001278,2025-04-12,6421,Trasporto su vendite vettore FOR-012 - DDT 5843,CC30,17.67
MOV-001279,2025-04-12,6421,Trasporto su vendite vettore FOR-014 - DDT 3670,CC30,42.04
MOV-001280,2025-04-12,6421,Trasporto su vendite vettore FOR-011 - DDT 9733,CC30,28.43
MOV-001281,2025-04-12,6421,Trasporto su vendite vettore FOR-011 - DDT 0835,CC30,39.85
MOV-001282,2025-04-12,6432,Ricambi per intervento di assistenza FOR-052 CL-047,CC40,42.68
MOV-001283,2025-04-12,6432,Ricambi per intervento di assistenza FOR-052 CL-050,CC40,21.81
MOV-001284,2025-04-13,6403,"Straordinari di reparto - 7 ore a 26,00 euro",CC10,182.00
MOV-001285,2025-04-13,6403,"Straordinari di reparto - 8 ore a 26,00 euro",CC10,208.00
MOV-001286,2025-04-13,6421,Trasporto su vendite vettore FOR-012 - DDT 7430,CC30,47.03
MOV-001287,2025-04-13,6421,Trasporto su vendite vettore FOR-011 - DDT 2343,CC30,37.58
MOV-001288,2025-04-13,6421,Trasporto su vendite vettore FOR-013 - DDT 7557,CC30,49.04
MOV-001289,2025-04-13,6421,Trasporto su vendite vettore FOR-012 - DDT 3090,CC30,35.57
MOV-001290,2025-04-13,6421,Trasporto su vendite vettore FOR-011 - DDT 1425,CC30,51.96
MOV-001291,2025-04-13,6421,Trasporto su vendite vettore FOR-012 - DDT 4315,CC30,39.79
MOV-001292,2025-04-13,6421,Trasporto su vendite vettore FOR-012 - DDT 9031,CC30,15.81
MOV-001293,2025-04-13,6421,Trasporto su vendite vettore FOR-011 - DDT 4778,CC30,30.31
MOV-001294,2025-04-13,6421,Trasporto su vendite vettore FOR-014 - DDT 6693,CC30,49.85
MOV-001295,2025-04-13,6421,Trasporto su vendite vettore FOR-011 - DDT 0265,CC30,38.76
MOV-001296,2025-04-13,6421,Trasporto su vendite vettore FOR-013 - DDT 8391,CC30,22.21
MOV-001297,2025-04-13,6421,Trasporto su vendite vettore FOR-013 - DDT 5805,CC30,56.34
MOV-001298,2025-04-13,6421,Trasporto su vendite vettore FOR-011 - DDT 8211,CC30,53.57
MOV-001299,2025-04-13,6432,Trasferta tecnico di assistenza - intervento presso cliente CL-119,CC40,37.71
MOV-001300,2025-04-13,6432,Ricambi per intervento di assistenza FOR-052 CL-180,CC40,63.74
MOV-001301,2025-04-13,6432,Trasferta tecnico di assistenza - intervento presso cliente CL-205,CC40,20.68
MOV-001302,2025-04-13,6432,Trasferta tecnico di assistenza - intervento presso cliente CL-075,CC40,64.42
MOV-001303,2025-04-14,6421,Trasporto su vendite vettore FOR-012 - DDT 3440,CC30,24.56
MOV-001304,2025-04-14,6421,Trasporto su vendite vettore FOR-012 - DDT 2202,CC30,29.30
MOV-001305,2025-04-14,6421,Trasporto su vendite vettore FOR-013 - DDT 3542,CC30,52.28
MOV-001306,2025-04-14,6421,Trasporto su vendite vettore FOR-011 - DDT 1582,CC30,25.42
MOV-001307,2025-04-14,6432,Trasferta tecnico di assistenza - intervento presso cliente CL-199,CC40,64.63
MOV-001308,2025-04-15,6421,Trasporto su vendite vettore FOR-012 - DDT 9793,CC30,56.50
MOV-001309,2025-04-15,6421,Trasporto su vendite vettore FOR-011 - DDT 7658,CC30,50.87
MOV-001310,2025-04-15,6421,Trasporto su vendite vettore FOR-012 - DDT 1509,CC30,49.75
MOV-001311,2025-04-15,6421,Trasporto su vendite vettore FOR-013 - DDT 3046,CC30,15.27
MOV-001312,2025-04-15,6421,Trasporto su vendite vettore FOR-012 - DDT 8895,CC30,46.15
MOV-001313,2025-04-15,6421,Trasporto su vendite vettore FOR-011 - DDT 4467,CC30,30.95
MOV-001314,2025-04-15,6421,Trasporto su vendite vettore FOR-012 - DDT 8902,CC30,37.26
MOV-001315,2025-04-15,6421,Trasporto su vendite vettore FOR-014 - DDT 8848,CC30,30.68
MOV-001316,2025-04-15,6421,Trasporto su vendite vettore FOR-014 - DDT 8838,CC30,55.69
MOV-001317,2025-04-15,6432,Trasferta tecnico di assistenza - intervento presso cliente CL-216,CC40,27.81
MOV-001318,2025-04-15,6432,Trasferta tecnico di assistenza - intervento presso cliente CL-240,CC40,57.33
MOV-001319,2025-04-15,6432,Trasferta tecnico di assistenza - intervento presso cliente CL-204,CC40,35.15
MOV-001320,2025-04-16,6421,Trasporto su vendite vettore FOR-011 - DDT 8089,CC30,45.23
MOV-001321,2025-04-16,6421,Trasporto su vendite vettore FOR-014 - DDT 7527,CC30,40.09
MOV-001322,2025-04-16,6421,Trasporto su vendite vettore FOR-012 - DDT 6753,CC30,42.05
MOV-001323,2025-04-16,6421,Trasporto su vendite vettore FOR-012 - DDT 3884,CC30,43.10
MOV-001324,2025-04-16,6421,Trasporto su vendite vettore FOR-014 - DDT 8901,CC30,18.07
MOV-001325,2025-04-16,6421,Trasporto su vendite vettore FOR-013 - DDT 4244,CC30,40.91
MOV-001326,2025-04-16,6421,Trasporto su vendite vettore FOR-014 - DDT 3118,CC30,53.53
MOV-001327,2025-04-16,6421,Trasporto su vendite vettore FOR-013 - DDT 3121,CC30,56.02
MOV-001328,2025-04-16,6421,Trasporto su vendite vettore FOR-013 - DDT 1448,CC30,34.00
MOV-001329,2025-04-16,6421,Trasporto su vendite vettore FOR-013 - DDT 4688,CC30,17.17
MOV-001330,2025-04-16,6421,Trasporto su vendite vettore FOR-014 - DDT 4596,CC30,23.33
MOV-001331,2025-04-16,6421,Trasporto su vendite vettore FOR-012 - DDT 4350,CC30,37.11
MOV-001332,2025-04-16,6432,Ricambi per intervento di assistenza FOR-051 CL-172,CC40,64.72
MOV-001333,2025-04-17,6403,"Straordinari di reparto - 8 ore a 26,00 euro",CC10,208.00
MOV-001334,2025-04-17,6421,Trasporto su vendite vettore FOR-014 - DDT 6050,CC30,31.65
MOV-001335,2025-04-17,6421,Trasporto su vendite vettore FOR-012 - DDT 4983,CC30,39.04
MOV-001336,2025-04-17,6421,Trasporto su vendite vettore FOR-013 - DDT 2825,CC30,38.09
MOV-001337,2025-04-17,6421,Trasporto su vendite vettore FOR-012 - DDT 0100,CC30,17.37
MOV-001338,2025-04-17,6421,Trasporto su vendite vettore FOR-012 - DDT 9473,CC30,31.16
MOV-001339,2025-04-17,6421,Trasporto su vendite vettore FOR-011 - DDT 7798,CC30,56.68
MOV-001340,2025-04-17,6421,Trasporto su vendite vettore FOR-011 - DDT 3150,CC30,15.60
MOV-001341,2025-04-17,6421,Trasporto su vendite vettore FOR-011 - DDT 4212,CC30,24.61
MOV-001342,2025-04-17,6421,Trasporto su vendite vettore FOR-013 - DDT 2182,CC30,41.43
MOV-001343,2025-04-17,6421,Trasporto su vendite vettore FOR-013 - DDT 0579,CC30,41.77
MOV-001344,2025-04-17,6421,Trasporto su vendite vettore FOR-012 - DDT 7822,CC30,36.77
MOV-001345,2025-04-17,6421,Trasporto su vendite vettore FOR-011 - DDT 0828,CC30,48.09
MOV-001346,2025-04-17,6421,Trasporto su vendite vettore FOR-014 - DDT 5428,CC30,46.47
MOV-001347,2025-04-17,6421,Trasporto su vendite vettore FOR-012 - DDT 6306,CC30,54.79
MOV-001348,2025-04-17,6421,Trasporto su vendite vettore FOR-014 - DDT 1155,CC30,40.02
MOV-001349,2025-04-17,6421,Trasporto su vendite vettore FOR-014 - DDT 0058,CC30,32.86
MOV-001350,2025-04-17,6421,Trasporto su vendite vettore FOR-011 - DDT 3369,CC30,36.74
MOV-001351,2025-04-17,6432,Ricambi per intervento di assistenza FOR-052 CL-013,CC40,63.59
MOV-001352,2025-04-17,6432,Ricambi per intervento di assistenza FOR-051 CL-100,CC40,68.35
MOV-001353,2025-04-17,6432,Ricambi per intervento di assistenza FOR-051 CL-248,CC40,83.40
MOV-001354,2025-04-17,6432,Ricambi per intervento di assistenza FOR-052 CL-013,CC40,70.75
MOV-001355,2025-04-18,6403,"Lavorazione esterna a ore FOR-031 - 32 ore a 29,00 euro",CC10,928.00
MOV-001356,2025-04-18,6421,Trasporto su vendite vettore FOR-012 - DDT 0660,CC30,35.05
MOV-001357,2025-04-18,6421,Trasporto su vendite vettore FOR-011 - DDT 3934,CC30,36.18
MOV-001358,2025-04-18,6421,Trasporto su vendite vettore FOR-011 - DDT 1506,CC30,47.30
MOV-001359,2025-04-18,6421,Trasporto su vendite vettore FOR-012 - DDT 3489,CC30,55.35
MOV-001360,2025-04-18,6421,Trasporto su vendite vettore FOR-011 - DDT 1903,CC30,15.89
MOV-001361,2025-04-18,6421,Trasporto su vendite vettore FOR-011 - DDT 7238,CC30,42.88
MOV-001362,2025-04-18,6421,Trasporto su vendite vettore FOR-013 - DDT 2336,CC30,39.09
MOV-001363,2025-04-18,6421,Trasporto su vendite vettore FOR-014 - DDT 3762,CC30,51.72
MOV-001364,2025-04-18,6421,Trasporto su vendite vettore FOR-011 - DDT 7008,CC30,43.70
MOV-001365,2025-04-18,6432,Trasferta tecnico di assistenza - intervento presso cliente CL-054,CC40,26.52
MOV-001366,2025-04-18,6432,Ricambi per intervento di assistenza FOR-052 CL-172,CC40,73.19
MOV-001367,2025-04-18,6432,Trasferta tecnico di assistenza - intervento presso cliente CL-086,CC40,15.78
MOV-001368,2025-04-18,6432,Trasferta tecnico di assistenza - intervento presso cliente CL-106,CC40,24.07
MOV-001369,2025-04-19,6421,Trasporto su vendite vettore FOR-013 - DDT 0776,CC30,28.80
MOV-001370,2025-04-19,6421,Trasporto su vendite vettore FOR-013 - DDT 6757,CC30,27.50
MOV-001371,2025-04-19,6421,Trasporto su vendite vettore FOR-012 - DDT 9967,CC30,18.36
MOV-001372,2025-04-19,6421,Trasporto su vendite vettore FOR-012 - DDT 5056,CC30,35.24
MOV-001373,2025-04-19,6421,Trasporto su vendite vettore FOR-012 - DDT 9248,CC30,15.06
MOV-001374,2025-04-19,6421,Trasporto su vendite vettore FOR-014 - DDT 7848,CC30,37.43
MOV-001375,2025-04-19,6421,Trasporto su vendite vettore FOR-012 - DDT 1203,CC30,27.17
MOV-001376,2025-04-19,6421,Trasporto su vendite vettore FOR-012 - DDT 1737,CC30,47.00
MOV-001377,2025-04-19,6421,Trasporto su vendite vettore FOR-012 - DDT 0222,CC30,41.61
MOV-001378,2025-04-19,6421,Trasporto su vendite vettore FOR-012 - DDT 5985,CC30,16.89
MOV-001379,2025-04-19,6421,Trasporto su vendite vettore FOR-014 - DDT 3093,CC30,27.05
MOV-001380,2025-04-19,6421,Trasporto su vendite vettore FOR-013 - DDT 2267,CC30,21.66
MOV-001381,2025-04-20,6421,Trasporto su vendite vettore FOR-013 - DDT 9770,CC30,19.06
MOV-001382,2025-04-20,6421,Trasporto su vendite vettore FOR-014 - DDT 4780,CC30,18.45
MOV-001383,2025-04-20,6421,Trasporto su vendite vettore FOR-013 - DDT 9226,CC30,52.66
MOV-001384,2025-04-20,6421,Trasporto su vendite vettore FOR-013 - DDT 1130,CC30,44.64
MOV-001385,2025-04-20,6421,Trasporto su vendite vettore FOR-014 - DDT 1980,CC30,51.26
MOV-001386,2025-04-20,6421,Trasporto su vendite vettore FOR-013 - DDT 5366,CC30,37.95
MOV-001387,2025-04-20,6432,Ricambi per intervento di assistenza FOR-052 CL-047,CC40,71.74
MOV-001388,2025-04-21,6421,Trasporto su vendite vettore FOR-012 - DDT 4423,CC30,25.97
MOV-001389,2025-04-21,6421,Trasporto su vendite vettore FOR-011 - DDT 7258,CC30,32.37
MOV-001390,2025-04-21,6421,Trasporto su vendite vettore FOR-014 - DDT 6062,CC30,45.31
MOV-001391,2025-04-21,6421,Trasporto su vendite vettore FOR-011 - DDT 5769,CC30,56.69
MOV-001392,2025-04-21,6432,Trasferta tecnico di assistenza - intervento presso cliente CL-186,CC40,44.09
MOV-001393,2025-04-22,6403,"Straordinari di reparto - 19 ore a 26,00 euro",CC10,494.00
MOV-001394,2025-04-22,6403,"Lavorazione esterna a ore FOR-033 - 14 ore a 29,00 euro",CC10,406.00
MOV-001395,2025-04-22,6421,Trasporto su vendite vettore FOR-014 - DDT 5475,CC30,51.07
MOV-001396,2025-04-22,6421,Trasporto su vendite vettore FOR-014 - DDT 6802,CC30,44.92
MOV-001397,2025-04-22,6421,Trasporto su vendite vettore FOR-011 - DDT 8331,CC30,19.22
MOV-001398,2025-04-22,6421,Trasporto su vendite vettore FOR-011 - DDT 5071,CC30,54.60
MOV-001399,2025-04-22,6432,Ricambi per intervento di assistenza FOR-052 CL-007,CC40,64.97
MOV-001400,2025-04-23,6403,"Lavorazione esterna a ore FOR-032 - 29 ore a 29,00 euro",CC10,841.00
MOV-001401,2025-04-23,6421,Trasporto su vendite vettore FOR-012 - DDT 4166,CC30,39.25
MOV-001402,2025-04-23,6421,Trasporto su vendite vettore FOR-012 - DDT 0815,CC30,46.34
MOV-001403,2025-04-23,6421,Trasporto su vendite vettore FOR-013 - DDT 3447,CC30,32.19
MOV-001404,2025-04-23,6421,Trasporto su vendite vettore FOR-011 - DDT 4677,CC30,43.87
MOV-001405,2025-04-23,6421,Trasporto su vendite vettore FOR-012 - DDT 9740,CC30,22.39
MOV-001406,2025-04-23,6421,Trasporto su vendite vettore FOR-014 - DDT 9424,CC30,27.65
MOV-001407,2025-04-23,6421,Trasporto su vendite vettore FOR-012 - DDT 8413,CC30,46.46
MOV-001408,2025-04-23,6432,Trasferta tecnico di assistenza - intervento presso cliente CL-007,CC40,73.89
MOV-001409,2025-04-23,6432,Ricambi per intervento di assistenza FOR-051 CL-174,CC40,56.63
MOV-001410,2025-04-24,6403,"Straordinari di reparto - 10 ore a 26,00 euro",CC10,260.00
MOV-001411,2025-04-24,6403,"Straordinari di reparto - 23 ore a 26,00 euro",CC10,598.00
MOV-001412,2025-04-24,6421,Trasporto su vendite vettore FOR-014 - DDT 2970,CC30,33.68
MOV-001413,2025-04-24,6421,Trasporto su vendite vettore FOR-011 - DDT 9281,CC30,41.10
MOV-001414,2025-04-24,6421,Trasporto su vendite vettore FOR-012 - DDT 3467,CC30,30.30
MOV-001415,2025-04-24,6421,Trasporto su vendite vettore FOR-011 - DDT 2407,CC30,23.08
MOV-001416,2025-04-24,6421,Trasporto su vendite vettore FOR-011 - DDT 2411,CC30,29.02
MOV-001417,2025-04-24,6421,Trasporto su vendite vettore FOR-014 - DDT 6077,CC30,30.25
MOV-001418,2025-04-24,6421,Trasporto su vendite vettore FOR-014 - DDT 5454,CC30,55.37
MOV-001419,2025-04-24,6421,Trasporto su vendite vettore FOR-011 - DDT 2072,CC30,16.48
MOV-001420,2025-04-24,6421,Trasporto su vendite vettore FOR-011 - DDT 0556,CC30,17.92
MOV-001421,2025-04-24,6421,Trasporto su vendite vettore FOR-011 - DDT 8701,CC30,28.72
MOV-001422,2025-04-24,6421,Trasporto su vendite vettore FOR-012 - DDT 3253,CC30,21.68
MOV-001423,2025-04-24,6421,Trasporto su vendite vettore FOR-014 - DDT 7265,CC30,20.30
MOV-001424,2025-04-24,6432,Ricambi per intervento di assistenza FOR-052 CL-190,CC40,46.88
MOV-001425,2025-04-24,6432,Ricambi per intervento di assistenza FOR-051 CL-003,CC40,72.67
MOV-001426,2025-04-24,6432,Trasferta tecnico di assistenza - intervento presso cliente CL-220,CC40,19.03
MOV-001427,2025-04-24,6432,Ricambi per intervento di assistenza FOR-052 CL-033,CC40,53.40
MOV-001428,2025-04-24,6432,Trasferta tecnico di assistenza - intervento presso cliente CL-246,CC40,67.51
MOV-001429,2025-04-25,6403,"Lavorazione esterna a ore FOR-033 - 10 ore a 29,00 euro",CC10,290.00
MOV-001430,2025-04-25,6421,Trasporto su vendite vettore FOR-013 - DDT 7381,CC30,30.86
MOV-001431,2025-04-25,6421,Trasporto su vendite vettore FOR-012 - DDT 7851,CC30,28.13
MOV-001432,2025-04-25,6421,Trasporto su vendite vettore FOR-011 - DDT 7839,CC30,42.79
MOV-001433,2025-04-25,6421,Trasporto su vendite vettore FOR-014 - DDT 5665,CC30,21.21
MOV-001434,2025-04-25,6421,Trasporto su vendite vettore FOR-011 - DDT 5704,CC30,22.72
MOV-001435,2025-04-25,6421,Trasporto su vendite vettore FOR-011 - DDT 1261,CC30,20.18
MOV-001436,2025-04-25,6421,Trasporto su vendite vettore FOR-014 - DDT 1211,CC30,17.16
MOV-001437,2025-04-25,6421,Trasporto su vendite vettore FOR-013 - DDT 0704,CC30,25.33
MOV-001438,2025-04-25,6432,Trasferta tecnico di assistenza - intervento presso cliente CL-209,CC40,70.09
MOV-001439,2025-04-25,6432,Ricambi per intervento di assistenza FOR-052 CL-185,CC40,50.55
MOV-001440,2025-04-26,6403,"Straordinari di reparto - 13 ore a 26,00 euro",CC10,338.00
MOV-001441,2025-04-26,6403,"Straordinari di reparto - 16 ore a 26,00 euro",CC10,416.00
MOV-001442,2025-04-26,6421,Trasporto su vendite vettore FOR-013 - DDT 0174,CC30,54.35
MOV-001443,2025-04-26,6421,Trasporto su vendite vettore FOR-013 - DDT 2218,CC30,48.58
MOV-001444,2025-04-26,6421,Trasporto su vendite vettore FOR-012 - DDT 4137,CC30,19.66
MOV-001445,2025-04-26,6421,Trasporto su vendite vettore FOR-014 - DDT 3835,CC30,36.08
MOV-001446,2025-04-26,6421,Trasporto su vendite vettore FOR-013 - DDT 7367,CC30,24.29
MOV-001447,2025-04-26,6421,Trasporto su vendite vettore FOR-013 - DDT 1503,CC30,51.64
MOV-001448,2025-04-26,6421,Trasporto su vendite vettore FOR-014 - DDT 5408,CC30,54.44
MOV-001449,2025-04-26,6421,Trasporto su vendite vettore FOR-014 - DDT 2805,CC30,54.81
MOV-001450,2025-04-26,6432,Trasferta tecnico di assistenza - intervento presso cliente CL-071,CC40,41.28
MOV-001451,2025-04-26,6432,Ricambi per intervento di assistenza FOR-051 CL-050,CC40,32.75
MOV-001452,2025-04-26,6432,Trasferta tecnico di assistenza - intervento presso cliente CL-038,CC40,63.47
MOV-001453,2025-04-27,6421,Trasporto su vendite vettore FOR-013 - DDT 7071,CC30,30.32
MOV-001454,2025-04-27,6421,Trasporto su vendite vettore FOR-014 - DDT 1549,CC30,15.25
MOV-001455,2025-04-27,6421,Trasporto su vendite vettore FOR-013 - DDT 1517,CC30,57.30
MOV-001456,2025-04-27,6421,Trasporto su vendite vettore FOR-012 - DDT 2064,CC30,56.61
MOV-001457,2025-04-27,6421,Trasporto su vendite vettore FOR-011 - DDT 7138,CC30,37.86
MOV-001458,2025-04-27,6421,Trasporto su vendite vettore FOR-014 - DDT 2907,CC30,28.54
MOV-001459,2025-04-27,6421,Trasporto su vendite vettore FOR-013 - DDT 4434,CC30,37.46
MOV-001460,2025-04-27,6421,Trasporto su vendite vettore FOR-014 - DDT 0028,CC30,21.70
MOV-001461,2025-04-27,6421,Trasporto su vendite vettore FOR-011 - DDT 4546,CC30,52.26
MOV-001462,2025-04-27,6432,Ricambi per intervento di assistenza FOR-052 CL-046,CC40,66.53
MOV-001463,2025-04-27,6432,Trasferta tecnico di assistenza - intervento presso cliente CL-067,CC40,42.69
MOV-001464,2025-04-28,6421,Trasporto su vendite vettore FOR-013 - DDT 6737,CC30,48.46
MOV-001465,2025-04-28,6421,Trasporto su vendite vettore FOR-012 - DDT 4834,CC30,45.09
MOV-001466,2025-04-28,6421,Trasporto su vendite vettore FOR-013 - DDT 7884,CC30,52.78
MOV-001467,2025-04-28,6421,Trasporto su vendite vettore FOR-013 - DDT 2290,CC30,33.90
MOV-001468,2025-04-28,6421,Trasporto su vendite vettore FOR-011 - DDT 1053,CC30,17.67
MOV-001469,2025-04-28,6421,Trasporto su vendite vettore FOR-014 - DDT 2838,CC30,25.32
MOV-001470,2025-04-28,6421,Trasporto su vendite vettore FOR-013 - DDT 7237,CC30,45.16
MOV-001471,2025-04-28,6421,Trasporto su vendite vettore FOR-013 - DDT 7643,CC30,24.65
MOV-001472,2025-04-28,6421,Trasporto su vendite vettore FOR-011 - DDT 4495,CC30,48.73
MOV-001473,2025-04-28,6421,Trasporto su vendite vettore FOR-012 - DDT 7758,CC30,49.75
MOV-001474,2025-04-28,6421,Trasporto su vendite vettore FOR-013 - DDT 2010,CC30,31.24
MOV-001475,2025-04-28,6421,Trasporto su vendite vettore FOR-011 - DDT 9499,CC30,31.97
MOV-001476,2025-04-28,6421,Trasporto su vendite vettore FOR-011 - DDT 5323,CC30,47.68
MOV-001477,2025-04-29,6421,Trasporto su vendite vettore FOR-012 - DDT 9316,CC30,25.07
MOV-001478,2025-04-29,6421,Trasporto su vendite vettore FOR-012 - DDT 6542,CC30,24.28
MOV-001479,2025-04-29,6421,Trasporto su vendite vettore FOR-013 - DDT 3834,CC30,46.75
MOV-001480,2025-04-29,6421,Trasporto su vendite vettore FOR-012 - DDT 6187,CC30,21.60
MOV-001481,2025-04-29,6421,Trasporto su vendite vettore FOR-012 - DDT 4996,CC30,18.32
MOV-001482,2025-04-29,6421,Trasporto su vendite vettore FOR-014 - DDT 4754,CC30,32.12
MOV-001483,2025-04-29,6421,Trasporto su vendite vettore FOR-011 - DDT 8474,CC30,25.93
MOV-001484,2025-04-29,6432,Ricambi per intervento di assistenza FOR-051 CL-047,CC40,45.81
MOV-001485,2025-04-29,6432,Ricambi per intervento di assistenza FOR-051 CL-082,CC40,29.45
MOV-001486,2025-04-29,6432,Ricambi per intervento di assistenza FOR-052 CL-015,CC40,64.10
MOV-001487,2025-04-29,6432,Ricambi per intervento di assistenza FOR-052 CL-231,CC40,83.20
MOV-001488,2025-04-30,6401,Quota ammortamento impianto IMP-01 - aprile 2025,CC10,1833.34
MOV-001489,2025-04-30,6401,Quota ammortamento impianto IMP-02 - aprile 2025,CC10,1666.67
MOV-001490,2025-04-30,6401,Quota ammortamento impianto IMP-03 - aprile 2025,CC10,1500.00
MOV-001491,2025-04-30,6401,Quota ammortamento impianto IMP-04 - aprile 2025,CC10,1166.67
MOV-001492,2025-04-30,6402,Retribuzioni produzione indiretta - aprile 2025 - retribuzioni lorde,CC10,2531.21
MOV-001493,2025-04-30,6402,Retribuzioni produzione indiretta - aprile 2025 - contributi a carico impresa,CC10,795.52
MOV-001494,2025-04-30,6402,Retribuzioni produzione indiretta - aprile 2025 - quota TFR,CC10,289.28
MOV-001495,2025-04-30,6403,"Lavorazione esterna a ore FOR-032 - 16 ore a 29,00 euro",CC10,464.00
MOV-001496,2025-04-30,6411,Retribuzioni ufficio ordini - aprile 2025 - retribuzioni lorde,CC20,10558.03
MOV-001497,2025-04-30,6411,Retribuzioni ufficio ordini - aprile 2025 - contributi a carico impresa,CC20,3318.24
MOV-001498,2025-04-30,6411,Retribuzioni ufficio ordini - aprile 2025 - quota TFR,CC20,1206.63
MOV-001499,2025-04-30,6421,Trasporto su vendite vettore FOR-014 - DDT 9831,CC30,37.45
MOV-001500,2025-04-30,6421,Trasporto su vendite vettore FOR-011 - DDT 4875,CC30,46.47
MOV-001501,2025-04-30,6421,Trasporto su vendite vettore FOR-013 - DDT 0039,CC30,47.53
MOV-001502,2025-04-30,6421,Trasporto su vendite vettore FOR-013 - DDT 9776,CC30,31.40
MOV-001503,2025-04-30,6421,Trasporto su vendite vettore FOR-013 - DDT 7418,CC30,27.33
MOV-001504,2025-04-30,6421,Trasporto su vendite vettore FOR-013 - DDT 4585,CC30,20.43
MOV-001505,2025-04-30,6421,Trasporto su vendite vettore FOR-012 - DDT 7615,CC30,43.66
MOV-001506,2025-04-30,6421,Trasporto su vendite vettore FOR-011 - DDT 6267,CC30,57.16
MOV-001507,2025-04-30,6421,Trasporto su vendite vettore FOR-012 - DDT 7725,CC30,47.39
MOV-001508,2025-04-30,6422,Personale di spedizione - aprile 2025 - retribuzioni lorde,CC30,2332.50
MOV-001509,2025-04-30,6422,Personale di spedizione - aprile 2025 - contributi a carico impresa,CC30,733.07
MOV-001510,2025-04-30,6422,Personale di spedizione - aprile 2025 - quota TFR,CC30,266.58
MOV-001511,2025-04-30,6431,Retribuzioni tecnici di assistenza - aprile 2025 - retribuzioni lorde,CC40,7172.43
MOV-001512,2025-04-30,6431,Retribuzioni tecnici di assistenza - aprile 2025 - contributi a carico impresa,CC40,2254.19
MOV-001513,2025-04-30,6431,Retribuzioni tecnici di assistenza - aprile 2025 - quota TFR,CC40,819.71
MOV-001514,2025-04-30,6432,Trasferta tecnico di assistenza - intervento presso cliente CL-062,CC40,77.17
MOV-001515,2025-04-30,6432,Trasferta tecnico di assistenza - intervento presso cliente CL-065,CC40,62.83
MOV-001516,2025-04-30,6441,Retribuzioni amministrative - aprile 2025 - retribuzioni lorde,CC50,2552.80
MOV-001517,2025-04-30,6441,Retribuzioni amministrative - aprile 2025 - contributi a carico impresa,CC50,802.31
MOV-001518,2025-04-30,6441,Retribuzioni amministrative - aprile 2025 - quota TFR,CC50,291.75
MOV-001519,2025-05-01,6403,"Lavorazione esterna a ore FOR-034 - 9 ore a 29,00 euro",CC10,261.00
MOV-001520,2025-05-01,6403,"Lavorazione esterna a ore FOR-034 - 21 ore a 29,00 euro",CC10,609.00
MOV-001521,2025-05-01,6403,"Lavorazione esterna a ore FOR-033 - 20 ore a 29,00 euro",CC10,580.00
MOV-001522,2025-05-01,6412,Canone sistemi di gestione ordini FOR-040 - maggio 2025,CC20,4500.00
MOV-001523,2025-05-01,6421,Trasporto su vendite vettore FOR-011 - DDT 0395,CC30,37.78
MOV-001524,2025-05-01,6421,Trasporto su vendite vettore FOR-013 - DDT 5834,CC30,15.26
MOV-001525,2025-05-01,6421,Trasporto su vendite vettore FOR-013 - DDT 2370,CC30,29.70
MOV-001526,2025-05-01,6421,Trasporto su vendite vettore FOR-011 - DDT 6238,CC30,27.55
MOV-001527,2025-05-01,6421,Trasporto su vendite vettore FOR-013 - DDT 4231,CC30,26.35
MOV-001528,2025-05-01,6421,Trasporto su vendite vettore FOR-011 - DDT 0315,CC30,20.14
MOV-001529,2025-05-01,6421,Trasporto su vendite vettore FOR-012 - DDT 2622,CC30,39.46
MOV-001530,2025-05-01,6421,Trasporto su vendite vettore FOR-012 - DDT 3383,CC30,22.86
MOV-001531,2025-05-01,6421,Trasporto su vendite vettore FOR-012 - DDT 6920,CC30,20.35
MOV-001532,2025-05-01,6421,Trasporto su vendite vettore FOR-013 - DDT 2227,CC30,25.94
MOV-001533,2025-05-01,6421,Trasporto su vendite vettore FOR-011 - DDT 9548,CC30,25.86
MOV-001534,2025-05-01,6421,Trasporto su vendite vettore FOR-014 - DDT 3735,CC30,35.09
MOV-001535,2025-05-01,6421,Trasporto su vendite vettore FOR-012 - DDT 3113,CC30,28.25
MOV-001536,2025-05-01,6421,Trasporto su vendite vettore FOR-014 - DDT 2043,CC30,44.71
MOV-001537,2025-05-01,6421,Trasporto su vendite vettore FOR-012 - DDT 8203,CC30,49.21
MOV-001538,2025-05-01,6421,Trasporto su vendite vettore FOR-013 - DDT 6517,CC30,45.99
MOV-001539,2025-05-02,6421,Trasporto su vendite vettore FOR-012 - DDT 1744,CC30,23.67
MOV-001540,2025-05-02,6421,Trasporto su vendite vettore FOR-013 - DDT 6730,CC30,32.45
MOV-001541,2025-05-02,6421,Trasporto su vendite vettore FOR-014 - DDT 4094,CC30,23.57
MOV-001542,2025-05-02,6421,Trasporto su vendite vettore FOR-013 - DDT 6882,CC30,20.74
MOV-001543,2025-05-02,6421,Trasporto su vendite vettore FOR-012 - DDT 2798,CC30,38.20
MOV-001544,2025-05-02,6421,Trasporto su vendite vettore FOR-011 - DDT 8507,CC30,56.35
MOV-001545,2025-05-02,6421,Trasporto su vendite vettore FOR-011 - DDT 7565,CC30,30.60
MOV-001546,2025-05-02,6421,Trasporto su vendite vettore FOR-011 - DDT 8941,CC30,45.21
MOV-001547,2025-05-02,6421,Trasporto su vendite vettore FOR-011 - DDT 8728,CC30,48.82
MOV-001548,2025-05-02,6421,Trasporto su vendite vettore FOR-011 - DDT 5756,CC30,31.03
MOV-001549,2025-05-02,6432,Trasferta tecnico di assistenza - intervento presso cliente CL-024,CC40,61.91
MOV-001550,2025-05-02,6432,Ricambi per intervento di assistenza FOR-051 CL-071,CC40,66.33
MOV-001551,2025-05-03,6403,"Straordinari di reparto - 19 ore a 26,00 euro",CC10,494.00
MOV-001552,2025-05-03,6421,Trasporto su vendite vettore FOR-013 - DDT 6243,CC30,20.75
MOV-001553,2025-05-03,6421,Trasporto su vendite vettore FOR-013 - DDT 1694,CC30,52.40
MOV-001554,2025-05-03,6421,Trasporto su vendite vettore FOR-014 - DDT 2281,CC30,18.74
MOV-001555,2025-05-03,6421,Trasporto su vendite vettore FOR-013 - DDT 5392,CC30,27.44
MOV-001556,2025-05-03,6421,Trasporto su vendite vettore FOR-014 - DDT 4107,CC30,40.28
MOV-001557,2025-05-03,6421,Trasporto su vendite vettore FOR-013 - DDT 2661,CC30,43.82
MOV-001558,2025-05-03,6421,Trasporto su vendite vettore FOR-014 - DDT 6910,CC30,55.75
MOV-001559,2025-05-03,6421,Trasporto su vendite vettore FOR-012 - DDT 1780,CC30,31.72
MOV-001560,2025-05-03,6421,Trasporto su vendite vettore FOR-011 - DDT 0674,CC30,18.79
MOV-001561,2025-05-03,6421,Trasporto su vendite vettore FOR-012 - DDT 8386,CC30,21.00
MOV-001562,2025-05-03,6421,Trasporto su vendite vettore FOR-014 - DDT 9837,CC30,58.41
MOV-001563,2025-05-03,6421,Trasporto su vendite vettore FOR-012 - DDT 0056,CC30,54.05
MOV-001564,2025-05-03,6421,Trasporto su vendite vettore FOR-014 - DDT 0569,CC30,23.80
MOV-001565,2025-05-03,6421,Trasporto su vendite vettore FOR-013 - DDT 4772,CC30,25.05
MOV-001566,2025-05-03,6421,Trasporto su vendite vettore FOR-012 - DDT 3762,CC30,21.75
MOV-001567,2025-05-03,6421,Trasporto su vendite vettore FOR-013 - DDT 8319,CC30,19.28
MOV-001568,2025-05-03,6421,Trasporto su vendite vettore FOR-011 - DDT 8425,CC30,49.39
MOV-001569,2025-05-03,6421,Trasporto su vendite vettore FOR-012 - DDT 7058,CC30,31.26
MOV-001570,2025-05-03,6421,Trasporto su vendite vettore FOR-013 - DDT 6933,CC30,44.22
MOV-001571,2025-05-03,6432,Trasferta tecnico di assistenza - intervento presso cliente CL-173,CC40,35.70
MOV-001572,2025-05-04,6421,Trasporto su vendite vettore FOR-014 - DDT 9799,CC30,42.34
MOV-001573,2025-05-04,6421,Trasporto su vendite vettore FOR-014 - DDT 1961,CC30,17.37
MOV-001574,2025-05-04,6421,Trasporto su vendite vettore FOR-013 - DDT 7430,CC30,48.74
MOV-001575,2025-05-04,6421,Trasporto su vendite vettore FOR-012 - DDT 8662,CC30,51.06
MOV-001576,2025-05-04,6421,Trasporto su vendite vettore FOR-014 - DDT 2841,CC30,40.17
MOV-001577,2025-05-04,6421,Trasporto su vendite vettore FOR-013 - DDT 2636,CC30,55.62
MOV-001578,2025-05-04,6421,Trasporto su vendite vettore FOR-013 - DDT 9134,CC30,49.16
MOV-001579,2025-05-04,6421,Trasporto su vendite vettore FOR-011 - DDT 5547,CC30,27.51
MOV-001580,2025-05-04,6432,Ricambi per intervento di assistenza FOR-052 CL-086,CC40,81.96
MOV-001581,2025-05-04,6432,Ricambi per intervento di assistenza FOR-051 CL-099,CC40,41.73
MOV-001582,2025-05-04,6432,Ricambi per intervento di assistenza FOR-052 CL-032,CC40,86.75
MOV-001583,2025-05-05,6421,Trasporto su vendite vettore FOR-011 - DDT 7546,CC30,54.60
MOV-001584,2025-05-05,6421,Trasporto su vendite vettore FOR-011 - DDT 5303,CC30,56.74
MOV-001585,2025-05-05,6421,Trasporto su vendite vettore FOR-013 - DDT 2137,CC30,46.99
MOV-001586,2025-05-05,6421,Trasporto su vendite vettore FOR-012 - DDT 3754,CC30,19.63
MOV-001587,2025-05-05,6421,Trasporto su vendite vettore FOR-014 - DDT 9593,CC30,51.99
MOV-001588,2025-05-05,6421,Trasporto su vendite vettore FOR-014 - DDT 6131,CC30,51.41
MOV-001589,2025-05-05,6421,Trasporto su vendite vettore FOR-012 - DDT 0717,CC30,47.13
MOV-001590,2025-05-05,6421,Trasporto su vendite vettore FOR-012 - DDT 3278,CC30,51.84
MOV-001591,2025-05-05,6421,Trasporto su vendite vettore FOR-014 - DDT 2242,CC30,21.95
MOV-001592,2025-05-05,6421,Trasporto su vendite vettore FOR-011 - DDT 7638,CC30,34.29
MOV-001593,2025-05-05,6421,Trasporto su vendite vettore FOR-014 - DDT 4805,CC30,52.70
MOV-001594,2025-05-05,6421,Trasporto su vendite vettore FOR-012 - DDT 6267,CC30,52.62
MOV-001595,2025-05-05,6421,Trasporto su vendite vettore FOR-012 - DDT 0333,CC30,21.62
MOV-001596,2025-05-05,6421,Trasporto su vendite vettore FOR-011 - DDT 5528,CC30,35.83
MOV-001597,2025-05-05,6421,Trasporto su vendite vettore FOR-013 - DDT 7070,CC30,55.34
MOV-001598,2025-05-05,6421,Trasporto su vendite vettore FOR-011 - DDT 1256,CC30,25.16
MOV-001599,2025-05-05,6421,Trasporto su vendite vettore FOR-013 - DDT 3188,CC30,25.86
MOV-001600,2025-05-05,6432,Ricambi per intervento di assistenza FOR-052 CL-063,CC40,85.36
MOV-001601,2025-05-05,6432,Ricambi per intervento di assistenza FOR-052 CL-098,CC40,41.88
MOV-001602,2025-05-05,6432,Ricambi per intervento di assistenza FOR-051 CL-182,CC40,29.26
MOV-001603,2025-05-05,6432,Ricambi per intervento di assistenza FOR-051 CL-162,CC40,79.04
MOV-001604,2025-05-06,6421,Trasporto su vendite vettore FOR-014 - DDT 4984,CC30,36.80
MOV-001605,2025-05-06,6421,Trasporto su vendite vettore FOR-013 - DDT 7769,CC30,52.63
MOV-001606,2025-05-06,6421,Trasporto su vendite vettore FOR-011 - DDT 9480,CC30,44.57
MOV-001607,2025-05-06,6421,Trasporto su vendite vettore FOR-014 - DDT 1592,CC30,18.96
MOV-001608,2025-05-06,6421,Trasporto su vendite vettore FOR-013 - DDT 6425,CC30,31.58
MOV-001609,2025-05-06,6421,Trasporto su vendite vettore FOR-014 - DDT 1376,CC30,18.41
MOV-001610,2025-05-06,6421,Trasporto su vendite vettore FOR-013 - DDT 5307,CC30,48.95
MOV-001611,2025-05-06,6421,Trasporto su vendite vettore FOR-013 - DDT 0433,CC30,47.02
MOV-001612,2025-05-06,6421,Trasporto su vendite vettore FOR-012 - DDT 4494,CC30,21.67
MOV-001613,2025-05-06,6421,Trasporto su vendite vettore FOR-014 - DDT 5395,CC30,25.40
MOV-001614,2025-05-06,6432,Trasferta tecnico di assistenza - intervento presso cliente CL-105,CC40,61.49
MOV-001615,2025-05-06,6432,Ricambi per intervento di assistenza FOR-052 CL-223,CC40,69.19
MOV-001616,2025-05-07,6421,Trasporto su vendite vettore FOR-011 - DDT 8388,CC30,53.67
MOV-001617,2025-05-07,6421,Trasporto su vendite vettore FOR-014 - DDT 6479,CC30,21.11
MOV-001618,2025-05-07,6421,Trasporto su vendite vettore FOR-011 - DDT 3467,CC30,41.14
MOV-001619,2025-05-07,6421,Trasporto su vendite vettore FOR-012 - DDT 1847,CC30,23.72
MOV-001620,2025-05-07,6421,Trasporto su vendite vettore FOR-012 - DDT 4754,CC30,53.40
MOV-001621,2025-05-07,6421,Trasporto su vendite vettore FOR-014 - DDT 7226,CC30,27.43
MOV-001622,2025-05-07,6421,Trasporto su vendite vettore FOR-013 - DDT 2818,CC30,41.03
MOV-001623,2025-05-07,6421,Trasporto su vendite vettore FOR-014 - DDT 0291,CC30,54.43
MOV-001624,2025-05-07,6421,Trasporto su vendite vettore FOR-012 - DDT 8112,CC30,35.68
MOV-001625,2025-05-07,6421,Trasporto su vendite vettore FOR-012 - DDT 3104,CC30,42.51
MOV-001626,2025-05-07,6421,Trasporto su vendite vettore FOR-012 - DDT 0510,CC30,39.19
MOV-001627,2025-05-07,6421,Trasporto su vendite vettore FOR-014 - DDT 9125,CC30,47.38
MOV-001628,2025-05-07,6421,Trasporto su vendite vettore FOR-013 - DDT 9080,CC30,53.99
MOV-001629,2025-05-07,6421,Trasporto su vendite vettore FOR-014 - DDT 9354,CC30,31.26
MOV-001630,2025-05-07,6432,Ricambi per intervento di assistenza FOR-052 CL-197,CC40,77.64
MOV-001631,2025-05-07,6432,Ricambi per intervento di assistenza FOR-051 CL-141,CC40,76.00
MOV-001632,2025-05-07,6432,Ricambi per intervento di assistenza FOR-052 CL-154,CC40,57.65
MOV-001633,2025-05-08,6403,"Straordinari di reparto - 8 ore a 26,00 euro",CC10,208.00
MOV-001634,2025-05-08,6421,Trasporto su vendite vettore FOR-013 - DDT 1621,CC30,43.70
MOV-001635,2025-05-08,6421,Trasporto su vendite vettore FOR-012 - DDT 6024,CC30,47.76
MOV-001636,2025-05-08,6421,Trasporto su vendite vettore FOR-011 - DDT 9654,CC30,52.68
MOV-001637,2025-05-08,6421,Trasporto su vendite vettore FOR-012 - DDT 0140,CC30,56.88
MOV-001638,2025-05-08,6421,Trasporto su vendite vettore FOR-014 - DDT 6191,CC30,50.68
MOV-001639,2025-05-08,6421,Trasporto su vendite vettore FOR-011 - DDT 7894,CC30,55.73
MOV-001640,2025-05-08,6421,Trasporto su vendite vettore FOR-013 - DDT 1213,CC30,17.88
MOV-001641,2025-05-08,6421,Trasporto su vendite vettore FOR-014 - DDT 6670,CC30,41.89
MOV-001642,2025-05-08,6421,Trasporto su vendite vettore FOR-012 - DDT 3299,CC30,51.13
MOV-001643,2025-05-08,6421,Trasporto su vendite vettore FOR-013 - DDT 8156,CC30,39.62
MOV-001644,2025-05-08,6421,Trasporto su vendite vettore FOR-013 - DDT 0839,CC30,44.56
MOV-001645,2025-05-08,6421,Trasporto su vendite vettore FOR-011 - DDT 3879,CC30,27.99
MOV-001646,2025-05-08,6421,Trasporto su vendite vettore FOR-013 - DDT 6316,CC30,20.57
MOV-001647,2025-05-08,6421,Trasporto su vendite vettore FOR-014 - DDT 4427,CC30,32.93
MOV-001648,2025-05-08,6421,Trasporto su vendite vettore FOR-013 - DDT 0374,CC30,36.72
MOV-001649,2025-05-08,6421,Trasporto su vendite vettore FOR-011 - DDT 5287,CC30,34.33
MOV-001650,2025-05-08,6421,Trasporto su vendite vettore FOR-012 - DDT 5192,CC30,43.36
MOV-001651,2025-05-08,6421,Trasporto su vendite vettore FOR-014 - DDT 9395,CC30,20.83
MOV-001652,2025-05-08,6432,Ricambi per intervento di assistenza FOR-052 CL-097,CC40,44.51
MOV-001653,2025-05-08,6432,Ricambi per intervento di assistenza FOR-052 CL-115,CC40,51.49
MOV-001654,2025-05-08,6432,Trasferta tecnico di assistenza - intervento presso cliente CL-057,CC40,70.43
MOV-001655,2025-05-09,6403,"Straordinari di reparto - 14 ore a 26,00 euro",CC10,364.00
MOV-001656,2025-05-09,6421,Trasporto su vendite vettore FOR-011 - DDT 2539,CC30,17.03
MOV-001657,2025-05-09,6421,Trasporto su vendite vettore FOR-012 - DDT 8540,CC30,23.38
MOV-001658,2025-05-09,6421,Trasporto su vendite vettore FOR-012 - DDT 8944,CC30,33.92
MOV-001659,2025-05-09,6421,Trasporto su vendite vettore FOR-012 - DDT 4316,CC30,25.12
MOV-001660,2025-05-09,6421,Trasporto su vendite vettore FOR-011 - DDT 8151,CC30,54.52
MOV-001661,2025-05-09,6421,Trasporto su vendite vettore FOR-013 - DDT 3637,CC30,17.79
MOV-001662,2025-05-09,6421,Trasporto su vendite vettore FOR-014 - DDT 8872,CC30,52.88
MOV-001663,2025-05-10,6403,"Straordinari di reparto - 6 ore a 26,00 euro",CC10,156.00
MOV-001664,2025-05-10,6421,Trasporto su vendite vettore FOR-011 - DDT 7016,CC30,33.40
MOV-001665,2025-05-10,6421,Trasporto su vendite vettore FOR-014 - DDT 8103,CC30,20.12
MOV-001666,2025-05-10,6421,Trasporto su vendite vettore FOR-011 - DDT 2368,CC30,25.71
MOV-001667,2025-05-10,6421,Trasporto su vendite vettore FOR-014 - DDT 0924,CC30,29.62
MOV-001668,2025-05-10,6421,Trasporto su vendite vettore FOR-014 - DDT 1318,CC30,52.37
MOV-001669,2025-05-10,6421,Trasporto su vendite vettore FOR-011 - DDT 7361,CC30,44.59
MOV-001670,2025-05-10,6432,Ricambi per intervento di assistenza FOR-052 CL-033,CC40,72.44
MOV-001671,2025-05-11,6403,"Straordinari di reparto - 9 ore a 26,00 euro",CC10,234.00
MOV-001672,2025-05-11,6403,"Lavorazione esterna a ore FOR-032 - 27 ore a 29,00 euro",CC10,783.00
MOV-001673,2025-05-11,6403,"Lavorazione esterna a ore FOR-032 - 18 ore a 29,00 euro",CC10,522.00
MOV-001674,2025-05-11,6421,Trasporto su vendite vettore FOR-013 - DDT 1532,CC30,42.72
MOV-001675,2025-05-11,6421,Trasporto su vendite vettore FOR-011 - DDT 3408,CC30,52.37
MOV-001676,2025-05-11,6421,Trasporto su vendite vettore FOR-014 - DDT 8048,CC30,25.82
MOV-001677,2025-05-11,6421,Trasporto su vendite vettore FOR-011 - DDT 4583,CC30,39.13
MOV-001678,2025-05-11,6421,Trasporto su vendite vettore FOR-011 - DDT 6330,CC30,40.10
MOV-001679,2025-05-11,6421,Trasporto su vendite vettore FOR-014 - DDT 9653,CC30,25.27
MOV-001680,2025-05-11,6421,Trasporto su vendite vettore FOR-011 - DDT 6343,CC30,23.33
MOV-001681,2025-05-11,6421,Trasporto su vendite vettore FOR-014 - DDT 0192,CC30,45.76
MOV-001682,2025-05-11,6421,Trasporto su vendite vettore FOR-011 - DDT 8494,CC30,51.47
MOV-001683,2025-05-11,6421,Trasporto su vendite vettore FOR-011 - DDT 1955,CC30,17.60
MOV-001684,2025-05-11,6421,Trasporto su vendite vettore FOR-013 - DDT 3427,CC30,18.32
MOV-001685,2025-05-11,6421,Trasporto su vendite vettore FOR-012 - DDT 3363,CC30,37.93
MOV-001686,2025-05-11,6421,Trasporto su vendite vettore FOR-012 - DDT 9916,CC30,52.89
MOV-001687,2025-05-11,6432,Ricambi per intervento di assistenza FOR-052 CL-100,CC40,50.95
MOV-001688,2025-05-11,6432,Ricambi per intervento di assistenza FOR-052 CL-202,CC40,35.92
MOV-001689,2025-05-12,6403,"Lavorazione esterna a ore FOR-033 - 9 ore a 29,00 euro",CC10,261.00
MOV-001690,2025-05-12,6421,Trasporto su vendite vettore FOR-011 - DDT 7267,CC30,32.16
MOV-001691,2025-05-12,6421,Trasporto su vendite vettore FOR-014 - DDT 4940,CC30,54.37
MOV-001692,2025-05-12,6421,Trasporto su vendite vettore FOR-014 - DDT 1820,CC30,45.09
MOV-001693,2025-05-12,6421,Trasporto su vendite vettore FOR-011 - DDT 0097,CC30,52.76
MOV-001694,2025-05-12,6421,Trasporto su vendite vettore FOR-012 - DDT 6072,CC30,29.40
MOV-001695,2025-05-12,6421,Trasporto su vendite vettore FOR-013 - DDT 7549,CC30,58.74
MOV-001696,2025-05-12,6421,Trasporto su vendite vettore FOR-011 - DDT 0998,CC30,52.81
MOV-001697,2025-05-12,6421,Trasporto su vendite vettore FOR-014 - DDT 1276,CC30,35.93
MOV-001698,2025-05-12,6421,Trasporto su vendite vettore FOR-013 - DDT 0892,CC30,31.02
MOV-001699,2025-05-12,6421,Trasporto su vendite vettore FOR-013 - DDT 5588,CC30,57.37
MOV-001700,2025-05-12,6421,Trasporto su vendite vettore FOR-011 - DDT 0873,CC30,45.50
MOV-001701,2025-05-12,6421,Trasporto su vendite vettore FOR-012 - DDT 4707,CC30,23.77
MOV-001702,2025-05-12,6432,Ricambi per intervento di assistenza FOR-051 CL-170,CC40,75.29
MOV-001703,2025-05-13,6403,"Straordinari di reparto - 10 ore a 26,00 euro",CC10,260.00
MOV-001704,2025-05-13,6421,Trasporto su vendite vettore FOR-014 - DDT 6439,CC30,36.40
MOV-001705,2025-05-13,6421,Trasporto su vendite vettore FOR-014 - DDT 2866,CC30,44.84
MOV-001706,2025-05-13,6421,Trasporto su vendite vettore FOR-011 - DDT 3138,CC30,19.41
MOV-001707,2025-05-13,6421,Trasporto su vendite vettore FOR-014 - DDT 6420,CC30,16.62
MOV-001708,2025-05-13,6421,Trasporto su vendite vettore FOR-012 - DDT 9590,CC30,23.15
MOV-001709,2025-05-13,6421,Trasporto su vendite vettore FOR-011 - DDT 2934,CC30,31.32
MOV-001710,2025-05-13,6432,Ricambi per intervento di assistenza FOR-052 CL-073,CC40,51.85
MOV-001711,2025-05-14,6403,"Straordinari di reparto - 12 ore a 26,00 euro",CC10,312.00
MOV-001712,2025-05-14,6403,"Lavorazione esterna a ore FOR-031 - 19 ore a 29,00 euro",CC10,551.00
MOV-001713,2025-05-14,6421,Trasporto su vendite vettore FOR-011 - DDT 7573,CC30,45.37
MOV-001714,2025-05-14,6421,Trasporto su vendite vettore FOR-011 - DDT 2790,CC30,25.76
MOV-001715,2025-05-14,6421,Trasporto su vendite vettore FOR-014 - DDT 7480,CC30,47.41
MOV-001716,2025-05-14,6421,Trasporto su vendite vettore FOR-014 - DDT 9643,CC30,57.34
MOV-001717,2025-05-14,6421,Trasporto su vendite vettore FOR-012 - DDT 4874,CC30,35.30
MOV-001718,2025-05-14,6421,Trasporto su vendite vettore FOR-012 - DDT 6296,CC30,38.85
MOV-001719,2025-05-14,6421,Trasporto su vendite vettore FOR-011 - DDT 3053,CC30,19.61
MOV-001720,2025-05-14,6421,Trasporto su vendite vettore FOR-012 - DDT 3361,CC30,20.50
MOV-001721,2025-05-14,6421,Trasporto su vendite vettore FOR-012 - DDT 0389,CC30,36.62
MOV-001722,2025-05-14,6421,Trasporto su vendite vettore FOR-011 - DDT 6618,CC30,45.99
MOV-001723,2025-05-14,6421,Trasporto su vendite vettore FOR-013 - DDT 1021,CC30,53.80
MOV-001724,2025-05-14,6421,Trasporto su vendite vettore FOR-012 - DDT 2607,CC30,44.61
MOV-001725,2025-05-14,6432,Ricambi per intervento di assistenza FOR-052 CL-067,CC40,76.91
MOV-001726,2025-05-15,6403,"Lavorazione esterna a ore FOR-033 - 9 ore a 29,00 euro",CC10,261.00
MOV-001727,2025-05-15,6421,Trasporto su vendite vettore FOR-012 - DDT 9916,CC30,58.52
MOV-001728,2025-05-15,6421,Trasporto su vendite vettore FOR-012 - DDT 8194,CC30,25.27
MOV-001729,2025-05-15,6421,Trasporto su vendite vettore FOR-012 - DDT 5628,CC30,48.47
MOV-001730,2025-05-15,6421,Trasporto su vendite vettore FOR-012 - DDT 7086,CC30,30.60
MOV-001731,2025-05-15,6421,Trasporto su vendite vettore FOR-012 - DDT 9743,CC30,29.18
MOV-001732,2025-05-15,6421,Trasporto su vendite vettore FOR-012 - DDT 9088,CC30,25.85
MOV-001733,2025-05-15,6421,Trasporto su vendite vettore FOR-013 - DDT 5622,CC30,23.91
MOV-001734,2025-05-15,6421,Trasporto su vendite vettore FOR-014 - DDT 6557,CC30,29.62
MOV-001735,2025-05-15,6421,Trasporto su vendite vettore FOR-014 - DDT 1267,CC30,48.77
MOV-001736,2025-05-15,6421,Trasporto su vendite vettore FOR-012 - DDT 5793,CC30,32.78
MOV-001737,2025-05-15,6432,Ricambi per intervento di assistenza FOR-051 CL-033,CC40,77.14
MOV-001738,2025-05-16,6421,Trasporto su vendite vettore FOR-012 - DDT 0342,CC30,49.02
MOV-001739,2025-05-16,6421,Trasporto su vendite vettore FOR-014 - DDT 6819,CC30,34.16
MOV-001740,2025-05-16,6421,Trasporto su vendite vettore FOR-012 - DDT 3347,CC30,27.23
MOV-001741,2025-05-16,6421,Trasporto su vendite vettore FOR-012 - DDT 3617,CC30,29.10
MOV-001742,2025-05-16,6421,Trasporto su vendite vettore FOR-013 - DDT 7735,CC30,31.26
MOV-001743,2025-05-17,6421,Trasporto su vendite vettore FOR-014 - DDT 1805,CC30,42.76
MOV-001744,2025-05-17,6421,Trasporto su vendite vettore FOR-011 - DDT 8271,CC30,30.75
MOV-001745,2025-05-17,6421,Trasporto su vendite vettore FOR-012 - DDT 7965,CC30,35.71
MOV-001746,2025-05-17,6421,Trasporto su vendite vettore FOR-014 - DDT 7743,CC30,18.22
MOV-001747,2025-05-17,6421,Trasporto su vendite vettore FOR-013 - DDT 6097,CC30,28.75
MOV-001748,2025-05-17,6432,Trasferta tecnico di assistenza - intervento presso cliente CL-221,CC40,56.56
MOV-001749,2025-05-18,6421,Trasporto su vendite vettore FOR-011 - DDT 2345,CC30,33.66
MOV-001750,2025-05-18,6421,Trasporto su vendite vettore FOR-014 - DDT 5718,CC30,35.71
MOV-001751,2025-05-18,6421,Trasporto su vendite vettore FOR-014 - DDT 0870,CC30,50.07
MOV-001752,2025-05-18,6421,Trasporto su vendite vettore FOR-012 - DDT 0473,CC30,29.90
MOV-001753,2025-05-18,6421,Trasporto su vendite vettore FOR-013 - DDT 3486,CC30,30.37
MOV-001754,2025-05-18,6421,Trasporto su vendite vettore FOR-012 - DDT 2170,CC30,36.02
MOV-001755,2025-05-18,6421,Trasporto su vendite vettore FOR-011 - DDT 4428,CC30,39.04
MOV-001756,2025-05-19,6403,"Lavorazione esterna a ore FOR-034 - 15 ore a 29,00 euro",CC10,435.00
MOV-001757,2025-05-19,6421,Trasporto su vendite vettore FOR-011 - DDT 0846,CC30,21.10
MOV-001758,2025-05-19,6421,Trasporto su vendite vettore FOR-011 - DDT 9832,CC30,49.82
MOV-001759,2025-05-19,6421,Trasporto su vendite vettore FOR-011 - DDT 9435,CC30,22.84
MOV-001760,2025-05-19,6421,Trasporto su vendite vettore FOR-013 - DDT 3054,CC30,55.60
MOV-001761,2025-05-19,6421,Trasporto su vendite vettore FOR-014 - DDT 5152,CC30,22.74
MOV-001762,2025-05-19,6421,Trasporto su vendite vettore FOR-011 - DDT 4045,CC30,33.84
MOV-001763,2025-05-19,6421,Trasporto su vendite vettore FOR-011 - DDT 5873,CC30,40.45
MOV-001764,2025-05-20,6403,"Lavorazione esterna a ore FOR-031 - 20 ore a 29,00 euro",CC10,580.00
MOV-001765,2025-05-20,6421,Trasporto su vendite vettore FOR-012 - DDT 1503,CC30,32.75
MOV-001766,2025-05-20,6421,Trasporto su vendite vettore FOR-014 - DDT 3264,CC30,43.80
MOV-001767,2025-05-20,6421,Trasporto su vendite vettore FOR-011 - DDT 3631,CC30,26.18
MOV-001768,2025-05-20,6421,Trasporto su vendite vettore FOR-014 - DDT 5241,CC30,44.96
MOV-001769,2025-05-20,6421,Trasporto su vendite vettore FOR-014 - DDT 4529,CC30,37.63
MOV-001770,2025-05-20,6421,Trasporto su vendite vettore FOR-011 - DDT 7310,CC30,50.80
MOV-001771,2025-05-20,6421,Trasporto su vendite vettore FOR-013 - DDT 1508,CC30,52.71
MOV-001772,2025-05-20,6421,Trasporto su vendite vettore FOR-012 - DDT 4148,CC30,16.40
MOV-001773,2025-05-20,6421,Trasporto su vendite vettore FOR-014 - DDT 2307,CC30,31.38
MOV-001774,2025-05-20,6421,Trasporto su vendite vettore FOR-012 - DDT 0094,CC30,42.52
MOV-001775,2025-05-20,6421,Trasporto su vendite vettore FOR-014 - DDT 5952,CC30,47.37
MOV-001776,2025-05-20,6421,Trasporto su vendite vettore FOR-012 - DDT 4588,CC30,17.96
MOV-001777,2025-05-20,6421,Trasporto su vendite vettore FOR-012 - DDT 6277,CC30,29.94
MOV-001778,2025-05-20,6421,Trasporto su vendite vettore FOR-014 - DDT 0459,CC30,57.08
MOV-001779,2025-05-20,6421,Trasporto su vendite vettore FOR-011 - DDT 1488,CC30,48.46
MOV-001780,2025-05-20,6432,Ricambi per intervento di assistenza FOR-052 CL-082,CC40,18.06
MOV-001781,2025-05-21,6403,"Straordinari di reparto - 19 ore a 26,00 euro",CC10,494.00
MOV-001782,2025-05-21,6421,Trasporto su vendite vettore FOR-011 - DDT 4781,CC30,29.75
MOV-001783,2025-05-21,6421,Trasporto su vendite vettore FOR-013 - DDT 4732,CC30,42.17
MOV-001784,2025-05-21,6421,Trasporto su vendite vettore FOR-013 - DDT 3467,CC30,57.67
MOV-001785,2025-05-21,6421,Trasporto su vendite vettore FOR-011 - DDT 8386,CC30,44.14
MOV-001786,2025-05-21,6421,Trasporto su vendite vettore FOR-013 - DDT 3434,CC30,23.67
MOV-001787,2025-05-21,6421,Trasporto su vendite vettore FOR-012 - DDT 0391,CC30,49.75
MOV-001788,2025-05-21,6421,Trasporto su vendite vettore FOR-014 - DDT 8146,CC30,45.33
MOV-001789,2025-05-21,6421,Trasporto su vendite vettore FOR-013 - DDT 8934,CC30,44.94
MOV-001790,2025-05-21,6421,Trasporto su vendite vettore FOR-013 - DDT 8038,CC30,35.99
MOV-001791,2025-05-21,6421,Trasporto su vendite vettore FOR-011 - DDT 7377,CC30,21.90
MOV-001792,2025-05-21,6421,Trasporto su vendite vettore FOR-011 - DDT 0155,CC30,15.22
MOV-001793,2025-05-21,6421,Trasporto su vendite vettore FOR-011 - DDT 7750,CC30,40.74
MOV-001794,2025-05-22,6403,"Straordinari di reparto - 9 ore a 26,00 euro",CC10,234.00
MOV-001795,2025-05-22,6421,Trasporto su vendite vettore FOR-011 - DDT 7787,CC30,15.05
MOV-001796,2025-05-22,6421,Trasporto su vendite vettore FOR-011 - DDT 2341,CC30,56.34
MOV-001797,2025-05-22,6421,Trasporto su vendite vettore FOR-012 - DDT 2898,CC30,25.24
MOV-001798,2025-05-22,6421,Trasporto su vendite vettore FOR-012 - DDT 4881,CC30,38.28
MOV-001799,2025-05-22,6421,Trasporto su vendite vettore FOR-011 - DDT 0681,CC30,34.47
MOV-001800,2025-05-22,6421,Trasporto su vendite vettore FOR-011 - DDT 9679,CC30,42.32
MOV-001801,2025-05-22,6421,Trasporto su vendite vettore FOR-011 - DDT 9720,CC30,36.30
MOV-001802,2025-05-22,6421,Trasporto su vendite vettore FOR-014 - DDT 9550,CC30,30.89
MOV-001803,2025-05-22,6421,Trasporto su vendite vettore FOR-014 - DDT 3965,CC30,45.38
MOV-001804,2025-05-22,6421,Trasporto su vendite vettore FOR-011 - DDT 7890,CC30,33.98
MOV-001805,2025-05-22,6421,Trasporto su vendite vettore FOR-014 - DDT 0049,CC30,46.77
MOV-001806,2025-05-22,6421,Trasporto su vendite vettore FOR-013 - DDT 6950,CC30,54.82
MOV-001807,2025-05-23,6421,Trasporto su vendite vettore FOR-011 - DDT 2971,CC30,55.21
MOV-001808,2025-05-23,6421,Trasporto su vendite vettore FOR-014 - DDT 9276,CC30,18.02
MOV-001809,2025-05-23,6421,Trasporto su vendite vettore FOR-014 - DDT 4523,CC30,31.68
MOV-001810,2025-05-23,6421,Trasporto su vendite vettore FOR-011 - DDT 9759,CC30,54.70
MOV-001811,2025-05-23,6421,Trasporto su vendite vettore FOR-012 - DDT 2526,CC30,25.94
MOV-001812,2025-05-23,6421,Trasporto su vendite vettore FOR-013 - DDT 2830,CC30,35.33
MOV-001813,2025-05-23,6421,Trasporto su vendite vettore FOR-014 - DDT 3533,CC30,40.38
MOV-001814,2025-05-23,6421,Trasporto su vendite vettore FOR-013 - DDT 7011,CC30,39.55
MOV-001815,2025-05-23,6421,Trasporto su vendite vettore FOR-011 - DDT 0460,CC30,51.82
MOV-001816,2025-05-23,6421,Trasporto su vendite vettore FOR-014 - DDT 2208,CC30,40.01
MOV-001817,2025-05-23,6421,Trasporto su vendite vettore FOR-012 - DDT 5280,CC30,19.26
MOV-001818,2025-05-23,6421,Trasporto su vendite vettore FOR-012 - DDT 1624,CC30,17.83
MOV-001819,2025-05-23,6432,Ricambi per intervento di assistenza FOR-051 CL-200,CC40,85.44
MOV-001820,2025-05-24,6421,Trasporto su vendite vettore FOR-013 - DDT 5217,CC30,48.70
MOV-001821,2025-05-24,6421,Trasporto su vendite vettore FOR-014 - DDT 3445,CC30,59.04
MOV-001822,2025-05-24,6421,Trasporto su vendite vettore FOR-013 - DDT 5779,CC30,23.03
MOV-001823,2025-05-24,6421,Trasporto su vendite vettore FOR-014 - DDT 7439,CC30,56.59
MOV-001824,2025-05-24,6421,Trasporto su vendite vettore FOR-012 - DDT 6402,CC30,37.84
MOV-001825,2025-05-24,6421,Trasporto su vendite vettore FOR-013 - DDT 6786,CC30,47.36
MOV-001826,2025-05-24,6421,Trasporto su vendite vettore FOR-013 - DDT 0576,CC30,41.15
MOV-001827,2025-05-24,6421,Trasporto su vendite vettore FOR-012 - DDT 3763,CC30,25.75
MOV-001828,2025-05-24,6421,Trasporto su vendite vettore FOR-012 - DDT 6065,CC30,58.00
MOV-001829,2025-05-24,6421,Trasporto su vendite vettore FOR-014 - DDT 1242,CC30,17.88
MOV-001830,2025-05-24,6432,Trasferta tecnico di assistenza - intervento presso cliente CL-019,CC40,48.93
MOV-001831,2025-05-24,6432,Ricambi per intervento di assistenza FOR-052 CL-171,CC40,17.17
MOV-001832,2025-05-24,6432,Ricambi per intervento di assistenza FOR-051 CL-220,CC40,38.51
MOV-001833,2025-05-24,6432,Ricambi per intervento di assistenza FOR-051 CL-162,CC40,31.41
MOV-001834,2025-05-25,6421,Trasporto su vendite vettore FOR-014 - DDT 4713,CC30,32.25
MOV-001835,2025-05-25,6421,Trasporto su vendite vettore FOR-013 - DDT 5657,CC30,22.53
MOV-001836,2025-05-25,6421,Trasporto su vendite vettore FOR-013 - DDT 1344,CC30,18.67
MOV-001837,2025-05-25,6421,Trasporto su vendite vettore FOR-014 - DDT 0906,CC30,36.17
MOV-001838,2025-05-25,6421,Trasporto su vendite vettore FOR-011 - DDT 1170,CC30,50.55
MOV-001839,2025-05-25,6421,Trasporto su vendite vettore FOR-011 - DDT 0446,CC30,23.81
MOV-001840,2025-05-25,6421,Trasporto su vendite vettore FOR-013 - DDT 0925,CC30,50.97
MOV-001841,2025-05-25,6421,Trasporto su vendite vettore FOR-014 - DDT 5896,CC30,47.44
MOV-001842,2025-05-25,6421,Trasporto su vendite vettore FOR-014 - DDT 8262,CC30,50.96
MOV-001843,2025-05-25,6421,Trasporto su vendite vettore FOR-013 - DDT 7145,CC30,52.03
MOV-001844,2025-05-25,6421,Trasporto su vendite vettore FOR-011 - DDT 3270,CC30,34.94
MOV-001845,2025-05-25,6421,Trasporto su vendite vettore FOR-013 - DDT 9815,CC30,39.01
MOV-001846,2025-05-25,6421,Trasporto su vendite vettore FOR-014 - DDT 2526,CC30,53.66
MOV-001847,2025-05-26,6403,"Lavorazione esterna a ore FOR-031 - 14 ore a 29,00 euro",CC10,406.00
MOV-001848,2025-05-26,6403,"Lavorazione esterna a ore FOR-034 - 17 ore a 29,00 euro",CC10,493.00
MOV-001849,2025-05-26,6421,Trasporto su vendite vettore FOR-013 - DDT 0214,CC30,22.97
MOV-001850,2025-05-26,6421,Trasporto su vendite vettore FOR-014 - DDT 0353,CC30,53.51
MOV-001851,2025-05-26,6421,Trasporto su vendite vettore FOR-013 - DDT 2839,CC30,50.78
MOV-001852,2025-05-26,6421,Trasporto su vendite vettore FOR-012 - DDT 2277,CC30,23.42
MOV-001853,2025-05-26,6421,Trasporto su vendite vettore FOR-012 - DDT 5921,CC30,19.18
MOV-001854,2025-05-26,6421,Trasporto su vendite vettore FOR-013 - DDT 1932,CC30,26.29
MOV-001855,2025-05-26,6421,Trasporto su vendite vettore FOR-013 - DDT 6585,CC30,33.51
MOV-001856,2025-05-26,6421,Trasporto su vendite vettore FOR-011 - DDT 2299,CC30,18.80
MOV-001857,2025-05-26,6421,Trasporto su vendite vettore FOR-011 - DDT 0257,CC30,52.20
MOV-001858,2025-05-26,6421,Trasporto su vendite vettore FOR-014 - DDT 8723,CC30,18.66
MOV-001859,2025-05-27,6403,"Lavorazione esterna a ore FOR-031 - 20 ore a 29,00 euro",CC10,580.00
MOV-001860,2025-05-27,6421,Trasporto su vendite vettore FOR-014 - DDT 9147,CC30,18.84
MOV-001861,2025-05-27,6421,Trasporto su vendite vettore FOR-012 - DDT 5077,CC30,23.72
MOV-001862,2025-05-27,6421,Trasporto su vendite vettore FOR-011 - DDT 9211,CC30,52.00
MOV-001863,2025-05-27,6421,Trasporto su vendite vettore FOR-014 - DDT 4633,CC30,48.18
MOV-001864,2025-05-27,6421,Trasporto su vendite vettore FOR-012 - DDT 4426,CC30,32.85
MOV-001865,2025-05-27,6421,Trasporto su vendite vettore FOR-012 - DDT 1305,CC30,55.66
MOV-001866,2025-05-27,6421,Trasporto su vendite vettore FOR-012 - DDT 7499,CC30,53.29
MOV-001867,2025-05-27,6421,Trasporto su vendite vettore FOR-014 - DDT 7898,CC30,35.00
MOV-001868,2025-05-27,6421,Trasporto su vendite vettore FOR-011 - DDT 4442,CC30,17.85
MOV-001869,2025-05-27,6421,Trasporto su vendite vettore FOR-014 - DDT 6088,CC30,22.67
MOV-001870,2025-05-28,6421,Trasporto su vendite vettore FOR-012 - DDT 2943,CC30,26.64
MOV-001871,2025-05-28,6421,Trasporto su vendite vettore FOR-013 - DDT 7224,CC30,34.35
MOV-001872,2025-05-28,6421,Trasporto su vendite vettore FOR-012 - DDT 7192,CC30,16.97
MOV-001873,2025-05-28,6421,Trasporto su vendite vettore FOR-014 - DDT 3730,CC30,32.92
MOV-001874,2025-05-28,6421,Trasporto su vendite vettore FOR-011 - DDT 6316,CC30,19.66
MOV-001875,2025-05-28,6421,Trasporto su vendite vettore FOR-012 - DDT 9548,CC30,45.43
MOV-001876,2025-05-28,6421,Trasporto su vendite vettore FOR-013 - DDT 9078,CC30,33.65
MOV-001877,2025-05-28,6432,Ricambi per intervento di assistenza FOR-051 CL-130,CC40,86.51
MOV-001878,2025-05-28,6432,Trasferta tecnico di assistenza - intervento presso cliente CL-219,CC40,17.64
MOV-001879,2025-05-29,6421,Trasporto su vendite vettore FOR-013 - DDT 5300,CC30,38.57
MOV-001880,2025-05-29,6421,Trasporto su vendite vettore FOR-011 - DDT 2490,CC30,47.85
MOV-001881,2025-05-29,6421,Trasporto su vendite vettore FOR-011 - DDT 0701,CC30,44.28
MOV-001882,2025-05-29,6421,Trasporto su vendite vettore FOR-013 - DDT 3630,CC30,26.99
MOV-001883,2025-05-29,6421,Trasporto su vendite vettore FOR-014 - DDT 2537,CC30,24.38
MOV-001884,2025-05-29,6421,Trasporto su vendite vettore FOR-012 - DDT 5086,CC30,47.99
MOV-001885,2025-05-29,6421,Trasporto su vendite vettore FOR-012 - DDT 5160,CC30,24.35
MOV-001886,2025-05-29,6421,Trasporto su vendite vettore FOR-011 - DDT 1507,CC30,52.57
MOV-001887,2025-05-29,6432,Ricambi per intervento di assistenza FOR-051 CL-238,CC40,40.94
MOV-001888,2025-05-29,6432,Ricambi per intervento di assistenza FOR-052 CL-120,CC40,29.55
MOV-001889,2025-05-30,6403,"Straordinari di reparto - 8 ore a 26,00 euro",CC10,208.00
MOV-001890,2025-05-30,6421,Trasporto su vendite vettore FOR-012 - DDT 5591,CC30,51.51
MOV-001891,2025-05-30,6421,Trasporto su vendite vettore FOR-013 - DDT 3456,CC30,57.96
MOV-001892,2025-05-30,6421,Trasporto su vendite vettore FOR-011 - DDT 5983,CC30,37.58
MOV-001893,2025-05-30,6421,Trasporto su vendite vettore FOR-012 - DDT 2232,CC30,19.28
MOV-001894,2025-05-30,6421,Trasporto su vendite vettore FOR-011 - DDT 8897,CC30,56.91
MOV-001895,2025-05-30,6421,Trasporto su vendite vettore FOR-013 - DDT 6710,CC30,25.32
MOV-001896,2025-05-30,6421,Trasporto su vendite vettore FOR-013 - DDT 8669,CC30,46.94
MOV-001897,2025-05-30,6421,Trasporto su vendite vettore FOR-011 - DDT 1724,CC30,15.39
MOV-001898,2025-05-30,6432,Ricambi per intervento di assistenza FOR-051 CL-038,CC40,37.41
MOV-001899,2025-05-31,6401,Quota ammortamento impianto IMP-01 - maggio 2025,CC10,1833.33
MOV-001900,2025-05-31,6401,Quota ammortamento impianto IMP-02 - maggio 2025,CC10,1666.67
MOV-001901,2025-05-31,6401,Quota ammortamento impianto IMP-03 - maggio 2025,CC10,1500.00
MOV-001902,2025-05-31,6401,Quota ammortamento impianto IMP-04 - maggio 2025,CC10,1166.67
MOV-001903,2025-05-31,6402,Retribuzioni produzione indiretta - maggio 2025 - retribuzioni lorde,CC10,2732.26
MOV-001904,2025-05-31,6402,Retribuzioni produzione indiretta - maggio 2025 - contributi a carico impresa,CC10,858.71
MOV-001905,2025-05-31,6402,Retribuzioni produzione indiretta - maggio 2025 - quota TFR,CC10,312.26
MOV-001906,2025-05-31,6403,"Lavorazione esterna a ore FOR-031 - 13 ore a 29,00 euro",CC10,377.00
MOV-001907,2025-05-31,6411,Retribuzioni ufficio ordini - maggio 2025 - retribuzioni lorde,CC20,11236.46
MOV-001908,2025-05-31,6411,Retribuzioni ufficio ordini - maggio 2025 - contributi a carico impresa,CC20,3531.46
MOV-001909,2025-05-31,6411,Retribuzioni ufficio ordini - maggio 2025 - quota TFR,CC20,1284.17
MOV-001910,2025-05-31,6421,Trasporto su vendite vettore FOR-013 - DDT 9722,CC30,21.43
MOV-001911,2025-05-31,6421,Trasporto su vendite vettore FOR-012 - DDT 7336,CC30,22.10
MOV-001912,2025-05-31,6421,Trasporto su vendite vettore FOR-012 - DDT 0464,CC30,47.01
MOV-001913,2025-05-31,6421,Trasporto su vendite vettore FOR-012 - DDT 1657,CC30,45.30
MOV-001914,2025-05-31,6421,Trasporto su vendite vettore FOR-014 - DDT 4634,CC30,52.76
MOV-001915,2025-05-31,6421,Trasporto su vendite vettore FOR-011 - DDT 0336,CC30,31.93
MOV-001916,2025-05-31,6421,Trasporto su vendite vettore FOR-014 - DDT 5895,CC30,26.51
MOV-001917,2025-05-31,6421,Trasporto su vendite vettore FOR-014 - DDT 6417,CC30,16.20
MOV-001918,2025-05-31,6421,Trasporto su vendite vettore FOR-013 - DDT 7812,CC30,51.37
MOV-001919,2025-05-31,6421,Trasporto su vendite vettore FOR-014 - DDT 5482,CC30,40.77
MOV-001920,2025-05-31,6421,Trasporto su vendite vettore FOR-013 - DDT 3338,CC30,32.93
MOV-001921,2025-05-31,6422,Personale di spedizione - maggio 2025 - retribuzioni lorde,CC30,2501.46
MOV-001922,2025-05-31,6422,Personale di spedizione - maggio 2025 - contributi a carico impresa,CC30,786.17
MOV-001923,2025-05-31,6422,Personale di spedizione - maggio 2025 - quota TFR,CC30,285.88
MOV-001924,2025-05-31,6431,Retribuzioni tecnici di assistenza - maggio 2025 - retribuzioni lorde,CC40,6401.01
MOV-001925,2025-05-31,6431,Retribuzioni tecnici di assistenza - maggio 2025 - contributi a carico impresa,CC40,2011.75
MOV-001926,2025-05-31,6431,Retribuzioni tecnici di assistenza - maggio 2025 - quota TFR,CC40,731.54
MOV-001927,2025-05-31,6432,Trasferta tecnico di assistenza - intervento presso cliente CL-112,CC40,71.87
MOV-001928,2025-05-31,6441,Retribuzioni amministrative - maggio 2025 - retribuzioni lorde,CC50,2523.59
MOV-001929,2025-05-31,6441,Retribuzioni amministrative - maggio 2025 - contributi a carico impresa,CC50,793.13
MOV-001930,2025-05-31,6441,Retribuzioni amministrative - maggio 2025 - quota TFR,CC50,288.41
MOV-001931,2025-06-01,6412,Canone sistemi di gestione ordini FOR-040 - giugno 2025,CC20,4500.00
MOV-001932,2025-06-01,6421,Trasporto su vendite vettore FOR-013 - DDT 7211,CC30,28.41
MOV-001933,2025-06-01,6421,Trasporto su vendite vettore FOR-014 - DDT 9477,CC30,37.18
MOV-001934,2025-06-01,6421,Trasporto su vendite vettore FOR-014 - DDT 0777,CC30,20.89
MOV-001935,2025-06-01,6421,Trasporto su vendite vettore FOR-014 - DDT 1684,CC30,44.14
MOV-001936,2025-06-01,6421,Trasporto su vendite vettore FOR-011 - DDT 3574,CC30,15.46
MOV-001937,2025-06-01,6421,Trasporto su vendite vettore FOR-014 - DDT 6803,CC30,41.26
MOV-001938,2025-06-01,6432,Ricambi per intervento di assistenza FOR-052 CL-024,CC40,56.89
MOV-001939,2025-06-01,6432,Trasferta tecnico di assistenza - intervento presso cliente CL-005,CC40,19.79
MOV-001940,2025-06-02,6403,"Lavorazione esterna a ore FOR-032 - 29 ore a 29,00 euro",CC10,841.00
MOV-001941,2025-06-02,6421,Trasporto su vendite vettore FOR-012 - DDT 6658,CC30,16.49
MOV-001942,2025-06-02,6421,Trasporto su vendite vettore FOR-012 - DDT 8585,CC30,24.74
MOV-001943,2025-06-02,6421,Trasporto su vendite vettore FOR-013 - DDT 1093,CC30,20.27
MOV-001944,2025-06-02,6421,Trasporto su vendite vettore FOR-011 - DDT 9794,CC30,19.55
MOV-001945,2025-06-02,6421,Trasporto su vendite vettore FOR-014 - DDT 1908,CC30,28.99
MOV-001946,2025-06-02,6421,Trasporto su vendite vettore FOR-012 - DDT 1820,CC30,22.24
MOV-001947,2025-06-02,6421,Trasporto su vendite vettore FOR-011 - DDT 1539,CC30,19.31
MOV-001948,2025-06-02,6421,Trasporto su vendite vettore FOR-012 - DDT 9484,CC30,54.70
MOV-001949,2025-06-02,6421,Trasporto su vendite vettore FOR-011 - DDT 1732,CC30,17.08
MOV-001950,2025-06-02,6421,Trasporto su vendite vettore FOR-012 - DDT 9314,CC30,20.24
MOV-001951,2025-06-02,6432,Trasferta tecnico di assistenza - intervento presso cliente CL-001,CC40,37.38
MOV-001952,2025-06-03,6403,"Straordinari di reparto - 7 ore a 26,00 euro",CC10,182.00
MOV-001953,2025-06-03,6421,Trasporto su vendite vettore FOR-014 - DDT 2019,CC30,33.94
MOV-001954,2025-06-03,6421,Trasporto su vendite vettore FOR-012 - DDT 3407,CC30,36.38
MOV-001955,2025-06-03,6421,Trasporto su vendite vettore FOR-014 - DDT 1984,CC30,44.78
MOV-001956,2025-06-03,6421,Trasporto su vendite vettore FOR-011 - DDT 3475,CC30,55.31
MOV-001957,2025-06-03,6421,Trasporto su vendite vettore FOR-012 - DDT 8468,CC30,26.53
MOV-001958,2025-06-03,6421,Trasporto su vendite vettore FOR-014 - DDT 8570,CC30,20.19
MOV-001959,2025-06-03,6421,Trasporto su vendite vettore FOR-013 - DDT 4799,CC30,39.53
MOV-001960,2025-06-03,6421,Trasporto su vendite vettore FOR-013 - DDT 8005,CC30,50.52
MOV-001961,2025-06-03,6421,Trasporto su vendite vettore FOR-012 - DDT 7566,CC30,48.51
MOV-001962,2025-06-03,6421,Trasporto su vendite vettore FOR-011 - DDT 2014,CC30,41.10
MOV-001963,2025-06-03,6432,Ricambi per intervento di assistenza FOR-052 CL-098,CC40,37.92
MOV-001964,2025-06-04,6421,Trasporto su vendite vettore FOR-011 - DDT 5506,CC30,57.38
MOV-001965,2025-06-04,6421,Trasporto su vendite vettore FOR-014 - DDT 4706,CC30,35.50
MOV-001966,2025-06-04,6421,Trasporto su vendite vettore FOR-014 - DDT 5762,CC30,38.00
MOV-001967,2025-06-04,6421,Trasporto su vendite vettore FOR-014 - DDT 8085,CC30,21.60
MOV-001968,2025-06-04,6421,Trasporto su vendite vettore FOR-012 - DDT 6717,CC30,39.67
MOV-001969,2025-06-04,6421,Trasporto su vendite vettore FOR-011 - DDT 1336,CC30,47.69
MOV-001970,2025-06-04,6421,Trasporto su vendite vettore FOR-013 - DDT 6201,CC30,18.26
MOV-001971,2025-06-04,6421,Trasporto su vendite vettore FOR-012 - DDT 1332,CC30,20.12
MOV-001972,2025-06-04,6421,Trasporto su vendite vettore FOR-011 - DDT 7186,CC30,15.14
MOV-001973,2025-06-04,6432,Ricambi per intervento di assistenza FOR-052 CL-105,CC40,76.47
MOV-001974,2025-06-04,6432,Ricambi per intervento di assistenza FOR-052 CL-068,CC40,36.25
MOV-001975,2025-06-05,6421,Trasporto su vendite vettore FOR-012 - DDT 6497,CC30,30.24
MOV-001976,2025-06-05,6421,Trasporto su vendite vettore FOR-013 - DDT 4639,CC30,17.79
MOV-001977,2025-06-05,6421,Trasporto su vendite vettore FOR-012 - DDT 4093,CC30,31.68
MOV-001978,2025-06-05,6421,Trasporto su vendite vettore FOR-011 - DDT 7554,CC30,45.67
MOV-001979,2025-06-05,6421,Trasporto su vendite vettore FOR-011 - DDT 5736,CC30,19.94
MOV-001980,2025-06-05,6421,Trasporto su vendite vettore FOR-013 - DDT 0264,CC30,20.48
MOV-001981,2025-06-06,6421,Trasporto su vendite vettore FOR-014 - DDT 3634,CC30,47.75
MOV-001982,2025-06-06,6421,Trasporto su vendite vettore FOR-013 - DDT 3901,CC30,28.84
MOV-001983,2025-06-06,6421,Trasporto su vendite vettore FOR-011 - DDT 7084,CC30,49.33
MOV-001984,2025-06-06,6421,Trasporto su vendite vettore FOR-013 - DDT 5654,CC30,37.29
MOV-001985,2025-06-06,6421,Trasporto su vendite vettore FOR-012 - DDT 7342,CC30,45.19
MOV-001986,2025-06-06,6421,Trasporto su vendite vettore FOR-012 - DDT 6028,CC30,38.95
MOV-001987,2025-06-06,6421,Trasporto su vendite vettore FOR-013 - DDT 1093,CC30,33.40
MOV-001988,2025-06-06,6421,Trasporto su vendite vettore FOR-011 - DDT 3823,CC30,45.09
MOV-001989,2025-06-06,6421,Trasporto su vendite vettore FOR-011 - DDT 5520,CC30,58.80
MOV-001990,2025-06-06,6421,Trasporto su vendite vettore FOR-012 - DDT 7387,CC30,26.47
MOV-001991,2025-06-06,6421,Trasporto su vendite vettore FOR-011 - DDT 1120,CC30,52.28
MOV-001992,2025-06-06,6421,Trasporto su vendite vettore FOR-014 - DDT 6501,CC30,50.70
MOV-001993,2025-06-06,6421,Trasporto su vendite vettore FOR-013 - DDT 6181,CC30,48.12
MOV-001994,2025-06-06,6432,Ricambi per intervento di assistenza FOR-051 CL-209,CC40,27.23
MOV-001995,2025-06-07,6421,Trasporto su vendite vettore FOR-011 - DDT 9227,CC30,38.40
MOV-001996,2025-06-07,6421,Trasporto su vendite vettore FOR-012 - DDT 6734,CC30,28.69
MOV-001997,2025-06-07,6421,Trasporto su vendite vettore FOR-012 - DDT 6540,CC30,24.57
MOV-001998,2025-06-07,6421,Trasporto su vendite vettore FOR-014 - DDT 5670,CC30,29.26
MOV-001999,2025-06-07,6421,Trasporto su vendite vettore FOR-014 - DDT 1026,CC30,47.18
MOV-002000,2025-06-07,6421,Trasporto su vendite vettore FOR-011 - DDT 1687,CC30,30.47
MOV-002001,2025-06-07,6421,Trasporto su vendite vettore FOR-011 - DDT 4623,CC30,35.91
MOV-002002,2025-06-08,6421,Trasporto su vendite vettore FOR-014 - DDT 6256,CC30,54.74
MOV-002003,2025-06-08,6421,Trasporto su vendite vettore FOR-012 - DDT 5429,CC30,57.05
MOV-002004,2025-06-08,6421,Trasporto su vendite vettore FOR-011 - DDT 2310,CC30,44.51
MOV-002005,2025-06-08,6421,Trasporto su vendite vettore FOR-014 - DDT 6351,CC30,36.74
MOV-002006,2025-06-08,6421,Trasporto su vendite vettore FOR-014 - DDT 8557,CC30,42.76
MOV-002007,2025-06-08,6421,Trasporto su vendite vettore FOR-014 - DDT 0598,CC30,47.01
MOV-002008,2025-06-08,6421,Trasporto su vendite vettore FOR-012 - DDT 9180,CC30,29.81
MOV-002009,2025-06-08,6421,Trasporto su vendite vettore FOR-013 - DDT 3397,CC30,37.17
MOV-002010,2025-06-08,6421,Trasporto su vendite vettore FOR-014 - DDT 6459,CC30,58.63
MOV-002011,2025-06-08,6421,Trasporto su vendite vettore FOR-014 - DDT 6789,CC30,52.26
MOV-002012,2025-06-08,6421,Trasporto su vendite vettore FOR-014 - DDT 8286,CC30,18.71
MOV-002013,2025-06-08,6432,Ricambi per intervento di assistenza FOR-051 CL-147,CC40,23.93
MOV-002014,2025-06-08,6432,Trasferta tecnico di assistenza - intervento presso cliente CL-240,CC40,28.86
MOV-002015,2025-06-09,6421,Trasporto su vendite vettore FOR-012 - DDT 7477,CC30,24.50
MOV-002016,2025-06-09,6421,Trasporto su vendite vettore FOR-014 - DDT 8950,CC30,40.52
MOV-002017,2025-06-09,6421,Trasporto su vendite vettore FOR-011 - DDT 7082,CC30,36.93
MOV-002018,2025-06-09,6421,Trasporto su vendite vettore FOR-014 - DDT 0117,CC30,54.08
MOV-002019,2025-06-09,6421,Trasporto su vendite vettore FOR-013 - DDT 3653,CC30,29.21
MOV-002020,2025-06-09,6421,Trasporto su vendite vettore FOR-013 - DDT 0365,CC30,46.20
MOV-002021,2025-06-09,6421,Trasporto su vendite vettore FOR-011 - DDT 9031,CC30,55.79
MOV-002022,2025-06-09,6421,Trasporto su vendite vettore FOR-013 - DDT 2011,CC30,51.00
MOV-002023,2025-06-09,6421,Trasporto su vendite vettore FOR-012 - DDT 9583,CC30,43.63
MOV-002024,2025-06-09,6421,Trasporto su vendite vettore FOR-012 - DDT 6439,CC30,23.57
MOV-002025,2025-06-09,6421,Trasporto su vendite vettore FOR-013 - DDT 4414,CC30,27.55
MOV-002026,2025-06-09,6432,Ricambi per intervento di assistenza FOR-052 CL-216,CC40,52.97
MOV-002027,2025-06-09,6432,Ricambi per intervento di assistenza FOR-051 CL-160,CC40,64.34
MOV-002028,2025-06-10,6403,"Lavorazione esterna a ore FOR-032 - 15 ore a 29,00 euro",CC10,435.00
MOV-002029,2025-06-10,6403,"Lavorazione esterna a ore FOR-032 - 15 ore a 29,00 euro",CC10,435.00
MOV-002030,2025-06-10,6421,Trasporto su vendite vettore FOR-011 - DDT 9084,CC30,36.88
MOV-002031,2025-06-10,6421,Trasporto su vendite vettore FOR-012 - DDT 4003,CC30,46.86
MOV-002032,2025-06-10,6421,Trasporto su vendite vettore FOR-013 - DDT 6133,CC30,58.93
MOV-002033,2025-06-10,6421,Trasporto su vendite vettore FOR-012 - DDT 9205,CC30,22.27
MOV-002034,2025-06-10,6421,Trasporto su vendite vettore FOR-012 - DDT 5104,CC30,50.93
MOV-002035,2025-06-10,6421,Trasporto su vendite vettore FOR-012 - DDT 8186,CC30,59.02
MOV-002036,2025-06-10,6421,Trasporto su vendite vettore FOR-013 - DDT 4866,CC30,29.85
MOV-002037,2025-06-10,6421,Trasporto su vendite vettore FOR-011 - DDT 3280,CC30,31.01
MOV-002038,2025-06-10,6421,Trasporto su vendite vettore FOR-012 - DDT 6997,CC30,55.24
MOV-002039,2025-06-10,6432,Ricambi per intervento di assistenza FOR-052 CL-163,CC40,56.49
MOV-002040,2025-06-10,6432,Ricambi per intervento di assistenza FOR-052 CL-206,CC40,85.95
MOV-002041,2025-06-11,6421,Trasporto su vendite vettore FOR-012 - DDT 8955,CC30,52.70
MOV-002042,2025-06-11,6421,Trasporto su vendite vettore FOR-012 - DDT 1131,CC30,39.63
MOV-002043,2025-06-11,6421,Trasporto su vendite vettore FOR-012 - DDT 0666,CC30,32.18
MOV-002044,2025-06-11,6421,Trasporto su vendite vettore FOR-013 - DDT 6755,CC30,31.89
MOV-002045,2025-06-11,6421,Trasporto su vendite vettore FOR-012 - DDT 2405,CC30,39.30
MOV-002046,2025-06-11,6421,Trasporto su vendite vettore FOR-013 - DDT 8913,CC30,36.89
MOV-002047,2025-06-11,6421,Trasporto su vendite vettore FOR-014 - DDT 5855,CC30,55.47
MOV-002048,2025-06-11,6421,Trasporto su vendite vettore FOR-012 - DDT 5759,CC30,21.35
MOV-002049,2025-06-11,6421,Trasporto su vendite vettore FOR-012 - DDT 5369,CC30,37.90
MOV-002050,2025-06-11,6421,Trasporto su vendite vettore FOR-012 - DDT 5887,CC30,52.27
MOV-002051,2025-06-11,6421,Trasporto su vendite vettore FOR-013 - DDT 0084,CC30,20.33
MOV-002052,2025-06-11,6421,Trasporto su vendite vettore FOR-013 - DDT 8537,CC30,31.44
MOV-002053,2025-06-11,6421,Trasporto su vendite vettore FOR-012 - DDT 4106,CC30,15.26
MOV-002054,2025-06-11,6432,Ricambi per intervento di assistenza FOR-052 CL-146,CC40,24.80
MOV-002055,2025-06-12,6421,Trasporto su vendite vettore FOR-012 - DDT 5195,CC30,55.78
MOV-002056,2025-06-12,6421,Trasporto su vendite vettore FOR-012 - DDT 8806,CC30,29.22
MOV-002057,2025-06-12,6421,Trasporto su vendite vettore FOR-013 - DDT 1070,CC30,51.06
MOV-002058,2025-06-12,6421,Trasporto su vendite vettore FOR-011 - DDT 9587,CC30,39.69
MOV-002059,2025-06-12,6421,Trasporto su vendite vettore FOR-012 - DDT 2540,CC30,39.78
MOV-002060,2025-06-12,6421,Trasporto su vendite vettore FOR-011 - DDT 4131,CC30,26.79
MOV-002061,2025-06-12,6421,Trasporto su vendite vettore FOR-011 - DDT 6666,CC30,35.78
MOV-002062,2025-06-12,6421,Trasporto su vendite vettore FOR-012 - DDT 9128,CC30,20.01
MOV-002063,2025-06-12,6421,Trasporto su vendite vettore FOR-013 - DDT 8708,CC30,47.41
MOV-002064,2025-06-12,6421,Trasporto su vendite vettore FOR-012 - DDT 2473,CC30,27.83
MOV-002065,2025-06-12,6421,Trasporto su vendite vettore FOR-012 - DDT 7611,CC30,42.74
MOV-002066,2025-06-12,6421,Trasporto su vendite vettore FOR-011 - DDT 9939,CC30,46.13
MOV-002067,2025-06-13,6421,Trasporto su vendite vettore FOR-012 - DDT 2788,CC30,29.88
MOV-002068,2025-06-13,6421,Trasporto su vendite vettore FOR-011 - DDT 2282,CC30,56.27
MOV-002069,2025-06-13,6421,Trasporto su vendite vettore FOR-011 - DDT 3735,CC30,47.85
MOV-002070,2025-06-13,6421,Trasporto su vendite vettore FOR-013 - DDT 5425,CC30,48.63
MOV-002071,2025-06-13,6421,Trasporto su vendite vettore FOR-013 - DDT 2897,CC30,22.89
MOV-002072,2025-06-13,6421,Trasporto su vendite vettore FOR-014 - DDT 6862,CC30,15.49
MOV-002073,2025-06-13,6421,Trasporto su vendite vettore FOR-013 - DDT 2465,CC30,38.15
MOV-002074,2025-06-13,6421,Trasporto su vendite vettore FOR-013 - DDT 6398,CC30,15.86
MOV-002075,2025-06-13,6421,Trasporto su vendite vettore FOR-013 - DDT 4168,CC30,43.48
MOV-002076,2025-06-13,6421,Trasporto su vendite vettore FOR-011 - DDT 0790,CC30,34.36
MOV-002077,2025-06-13,6421,Trasporto su vendite vettore FOR-014 - DDT 6721,CC30,51.00
MOV-002078,2025-06-13,6421,Trasporto su vendite vettore FOR-011 - DDT 1267,CC30,58.61
MOV-002079,2025-06-13,6421,Trasporto su vendite vettore FOR-013 - DDT 5000,CC30,27.21
MOV-002080,2025-06-14,6421,Trasporto su vendite vettore FOR-011 - DDT 1840,CC30,25.48
MOV-002081,2025-06-14,6421,Trasporto su vendite vettore FOR-012 - DDT 5310,CC30,37.85
MOV-002082,2025-06-14,6421,Trasporto su vendite vettore FOR-014 - DDT 8588,CC30,15.88
MOV-002083,2025-06-14,6421,Trasporto su vendite vettore FOR-012 - DDT 2737,CC30,56.66
MOV-002084,2025-06-14,6421,Trasporto su vendite vettore FOR-012 - DDT 6242,CC30,15.60
MOV-002085,2025-06-14,6421,Trasporto su vendite vettore FOR-013 - DDT 9520,CC30,42.00
MOV-002086,2025-06-14,6421,Trasporto su vendite vettore FOR-012 - DDT 6078,CC30,24.87
MOV-002087,2025-06-14,6421,Trasporto su vendite vettore FOR-013 - DDT 0127,CC30,58.60
MOV-002088,2025-06-14,6421,Trasporto su vendite vettore FOR-011 - DDT 9593,CC30,31.53
MOV-002089,2025-06-14,6421,Trasporto su vendite vettore FOR-011 - DDT 7717,CC30,48.33
MOV-002090,2025-06-14,6421,Trasporto su vendite vettore FOR-011 - DDT 4674,CC30,23.03
MOV-002091,2025-06-15,6403,"Lavorazione esterna a ore FOR-033 - 16 ore a 29,00 euro",CC10,464.00
MOV-002092,2025-06-15,6403,"Lavorazione esterna a ore FOR-034 - 8 ore a 29,00 euro",CC10,232.00
MOV-002093,2025-06-15,6421,Trasporto su vendite vettore FOR-012 - DDT 6127,CC30,15.78
MOV-002094,2025-06-15,6421,Trasporto su vendite vettore FOR-012 - DDT 4033,CC30,30.52
MOV-002095,2025-06-15,6421,Trasporto su vendite vettore FOR-014 - DDT 7311,CC30,44.48
MOV-002096,2025-06-15,6421,Trasporto su vendite vettore FOR-014 - DDT 7189,CC30,21.37
MOV-002097,2025-06-15,6421,Trasporto su vendite vettore FOR-012 - DDT 5530,CC30,47.05
MOV-002098,2025-06-15,6421,Trasporto su vendite vettore FOR-013 - DDT 7424,CC30,38.48
MOV-002099,2025-06-15,6421,Trasporto su vendite vettore FOR-012 - DDT 0519,CC30,20.52
MOV-002100,2025-06-15,6421,Trasporto su vendite vettore FOR-014 - DDT 3522,CC30,54.74
MOV-002101,2025-06-15,6421,Trasporto su vendite vettore FOR-011 - DDT 3482,CC30,25.01
MOV-002102,2025-06-15,6421,Trasporto su vendite vettore FOR-012 - DDT 5000,CC30,38.47
MOV-002103,2025-06-15,6421,Trasporto su vendite vettore FOR-012 - DDT 1976,CC30,41.53
MOV-002104,2025-06-15,6421,Trasporto su vendite vettore FOR-014 - DDT 1557,CC30,41.92
MOV-002105,2025-06-15,6421,Trasporto su vendite vettore FOR-014 - DDT 4768,CC30,18.02
MOV-002106,2025-06-15,6432,Trasferta tecnico di assistenza - intervento presso cliente CL-093,CC40,51.70
MOV-002107,2025-06-16,6403,"Straordinari di reparto - 10 ore a 26,00 euro",CC10,260.00
MOV-002108,2025-06-16,6421,Trasporto su vendite vettore FOR-011 - DDT 0794,CC30,51.54
MOV-002109,2025-06-16,6421,Trasporto su vendite vettore FOR-012 - DDT 3491,CC30,35.79
MOV-002110,2025-06-16,6421,Trasporto su vendite vettore FOR-012 - DDT 9896,CC30,17.69
MOV-002111,2025-06-16,6421,Trasporto su vendite vettore FOR-013 - DDT 3234,CC30,57.83
MOV-002112,2025-06-16,6421,Trasporto su vendite vettore FOR-014 - DDT 1071,CC30,40.88
MOV-002113,2025-06-16,6421,Trasporto su vendite vettore FOR-012 - DDT 0355,CC30,25.49
MOV-002114,2025-06-16,6421,Trasporto su vendite vettore FOR-013 - DDT 6279,CC30,34.91
MOV-002115,2025-06-16,6421,Trasporto su vendite vettore FOR-014 - DDT 8742,CC30,45.23
MOV-002116,2025-06-16,6421,Trasporto su vendite vettore FOR-012 - DDT 1594,CC30,24.64
MOV-002117,2025-06-16,6421,Trasporto su vendite vettore FOR-014 - DDT 7428,CC30,33.82
MOV-002118,2025-06-16,6421,Trasporto su vendite vettore FOR-012 - DDT 0530,CC30,44.35
MOV-002119,2025-06-16,6421,Trasporto su vendite vettore FOR-011 - DDT 5635,CC30,46.67
MOV-002120,2025-06-16,6432,Ricambi per intervento di assistenza FOR-052 CL-019,CC40,58.02
MOV-002121,2025-06-17,6421,Trasporto su vendite vettore FOR-011 - DDT 6711,CC30,55.85
MOV-002122,2025-06-17,6421,Trasporto su vendite vettore FOR-012 - DDT 3751,CC30,53.49
MOV-002123,2025-06-17,6421,Trasporto su vendite vettore FOR-011 - DDT 6957,CC30,30.89
MOV-002124,2025-06-17,6421,Trasporto su vendite vettore FOR-014 - DDT 0108,CC30,23.90
MOV-002125,2025-06-17,6421,Trasporto su vendite vettore FOR-011 - DDT 9019,CC30,58.61
MOV-002126,2025-06-17,6421,Trasporto su vendite vettore FOR-013 - DDT 8843,CC30,36.23
MOV-002127,2025-06-17,6421,Trasporto su vendite vettore FOR-013 - DDT 1250,CC30,24.34
MOV-002128,2025-06-17,6421,Trasporto su vendite vettore FOR-014 - DDT 9180,CC30,31.95
MOV-002129,2025-06-17,6421,Trasporto su vendite vettore FOR-011 - DDT 1856,CC30,20.03
MOV-002130,2025-06-17,6421,Trasporto su vendite vettore FOR-013 - DDT 1531,CC30,40.04
MOV-002131,2025-06-17,6421,Trasporto su vendite vettore FOR-012 - DDT 3470,CC30,21.08
MOV-002132,2025-06-17,6421,Trasporto su vendite vettore FOR-011 - DDT 5949,CC30,53.12
MOV-002133,2025-06-17,6421,Trasporto su vendite vettore FOR-012 - DDT 8912,CC30,44.97
MOV-002134,2025-06-17,6421,Trasporto su vendite vettore FOR-013 - DDT 3723,CC30,28.84
MOV-002135,2025-06-17,6432,Trasferta tecnico di assistenza - intervento presso cliente CL-185,CC40,49.11
MOV-002136,2025-06-18,6403,"Lavorazione esterna a ore FOR-034 - 17 ore a 29,00 euro",CC10,493.00
MOV-002137,2025-06-18,6421,Trasporto su vendite vettore FOR-011 - DDT 2271,CC30,56.80
MOV-002138,2025-06-18,6421,Trasporto su vendite vettore FOR-013 - DDT 2605,CC30,26.67
MOV-002139,2025-06-18,6421,Trasporto su vendite vettore FOR-012 - DDT 5508,CC30,15.96
MOV-002140,2025-06-18,6421,Trasporto su vendite vettore FOR-012 - DDT 9266,CC30,21.07
MOV-002141,2025-06-18,6421,Trasporto su vendite vettore FOR-013 - DDT 9106,CC30,44.48
MOV-002142,2025-06-18,6421,Trasporto su vendite vettore FOR-012 - DDT 8261,CC30,37.15
MOV-002143,2025-06-18,6421,Trasporto su vendite vettore FOR-014 - DDT 4963,CC30,18.18
MOV-002144,2025-06-18,6421,Trasporto su vendite vettore FOR-012 - DDT 4176,CC30,20.22
MOV-002145,2025-06-18,6421,Trasporto su vendite vettore FOR-014 - DDT 9867,CC30,49.75
MOV-002146,2025-06-18,6421,Trasporto su vendite vettore FOR-014 - DDT 9079,CC30,19.61
MOV-002147,2025-06-19,6403,"Straordinari di reparto - 14 ore a 26,00 euro",CC10,364.00
MOV-002148,2025-06-19,6421,Trasporto su vendite vettore FOR-013 - DDT 9929,CC30,44.69
MOV-002149,2025-06-19,6421,Trasporto su vendite vettore FOR-013 - DDT 5462,CC30,38.84
MOV-002150,2025-06-19,6421,Trasporto su vendite vettore FOR-011 - DDT 3120,CC30,15.45
MOV-002151,2025-06-19,6421,Trasporto su vendite vettore FOR-014 - DDT 8172,CC30,46.53
MOV-002152,2025-06-19,6421,Trasporto su vendite vettore FOR-013 - DDT 4084,CC30,32.51
MOV-002153,2025-06-19,6421,Trasporto su vendite vettore FOR-012 - DDT 5790,CC30,44.89
MOV-002154,2025-06-19,6421,Trasporto su vendite vettore FOR-011 - DDT 8642,CC30,48.69
MOV-002155,2025-06-19,6421,Trasporto su vendite vettore FOR-011 - DDT 3323,CC30,39.15
MOV-002156,2025-06-19,6421,Trasporto su vendite vettore FOR-013 - DDT 0838,CC30,56.34
MOV-002157,2025-06-19,6421,Trasporto su vendite vettore FOR-012 - DDT 0862,CC30,38.50
MOV-002158,2025-06-19,6421,Trasporto su vendite vettore FOR-011 - DDT 6858,CC30,42.53
MOV-002159,2025-06-19,6421,Trasporto su vendite vettore FOR-014 - DDT 9583,CC30,42.61
MOV-002160,2025-06-19,6421,Trasporto su vendite vettore FOR-014 - DDT 8031,CC30,33.62
MOV-002161,2025-06-19,6421,Trasporto su vendite vettore FOR-014 - DDT 7525,CC30,52.43
MOV-002162,2025-06-19,6421,Trasporto su vendite vettore FOR-013 - DDT 2821,CC30,33.93
MOV-002163,2025-06-19,6421,Trasporto su vendite vettore FOR-013 - DDT 2502,CC30,51.78
MOV-002164,2025-06-19,6421,Trasporto su vendite vettore FOR-011 - DDT 9182,CC30,55.38
MOV-002165,2025-06-19,6421,Trasporto su vendite vettore FOR-012 - DDT 3317,CC30,51.59
MOV-002166,2025-06-19,6432,Ricambi per intervento di assistenza FOR-051 CL-156,CC40,78.96
MOV-002167,2025-06-19,6432,Ricambi per intervento di assistenza FOR-052 CL-193,CC40,61.07
MOV-002168,2025-06-20,6403,"Straordinari di reparto - 20 ore a 26,00 euro",CC10,520.00
MOV-002169,2025-06-20,6403,"Lavorazione esterna a ore FOR-034 - 15 ore a 29,00 euro",CC10,435.00
MOV-002170,2025-06-20,6421,Trasporto su vendite vettore FOR-013 - DDT 2830,CC30,47.82
MOV-002171,2025-06-20,6421,Trasporto su vendite vettore FOR-011 - DDT 9702,CC30,28.36
MOV-002172,2025-06-20,6421,Trasporto su vendite vettore FOR-012 - DDT 6313,CC30,33.50
MOV-002173,2025-06-20,6421,Trasporto su vendite vettore FOR-011 - DDT 0717,CC30,55.93
MOV-002174,2025-06-20,6421,Trasporto su vendite vettore FOR-014 - DDT 3123,CC30,30.46
MOV-002175,2025-06-20,6421,Trasporto su vendite vettore FOR-012 - DDT 5166,CC30,33.41
MOV-002176,2025-06-20,6421,Trasporto su vendite vettore FOR-013 - DDT 2327,CC30,52.06
MOV-002177,2025-06-20,6421,Trasporto su vendite vettore FOR-011 - DDT 5738,CC30,53.50
MOV-002178,2025-06-20,6421,Trasporto su vendite vettore FOR-012 - DDT 4234,CC30,20.39
MOV-002179,2025-06-20,6421,Trasporto su vendite vettore FOR-013 - DDT 6903,CC30,44.60
MOV-002180,2025-06-20,6432,Ricambi per intervento di assistenza FOR-051 CL-044,CC40,22.39
MOV-002181,2025-06-20,6432,Ricambi per intervento di assistenza FOR-051 CL-203,CC40,64.73
MOV-002182,2025-06-20,6432,Ricambi per intervento di assistenza FOR-051 CL-105,CC40,22.49
MOV-002183,2025-06-21,6403,"Lavorazione esterna a ore FOR-034 - 10 ore a 29,00 euro",CC10,290.00
MOV-002184,2025-06-21,6421,Trasporto su vendite vettore FOR-012 - DDT 7952,CC30,15.26
MOV-002185,2025-06-21,6421,Trasporto su vendite vettore FOR-014 - DDT 0297,CC30,57.92
MOV-002186,2025-06-21,6421,Trasporto su vendite vettore FOR-012 - DDT 7482,CC30,45.57
MOV-002187,2025-06-21,6421,Trasporto su vendite vettore FOR-011 - DDT 8332,CC30,31.18
MOV-002188,2025-06-21,6421,Trasporto su vendite vettore FOR-011 - DDT 4589,CC30,33.54
MOV-002189,2025-06-21,6421,Trasporto su vendite vettore FOR-014 - DDT 9085,CC30,51.73
MOV-002190,2025-06-21,6421,Trasporto su vendite vettore FOR-011 - DDT 5440,CC30,24.02
MOV-002191,2025-06-21,6421,Trasporto su vendite vettore FOR-012 - DDT 0225,CC30,52.95
MOV-002192,2025-06-21,6421,Trasporto su vendite vettore FOR-012 - DDT 8156,CC30,40.69
MOV-002193,2025-06-21,6421,Trasporto su vendite vettore FOR-012 - DDT 7039,CC30,58.50
MOV-002194,2025-06-21,6421,Trasporto su vendite vettore FOR-012 - DDT 4685,CC30,50.46
MOV-002195,2025-06-22,6421,Trasporto su vendite vettore FOR-013 - DDT 9772,CC30,30.01
MOV-002196,2025-06-22,6421,Trasporto su vendite vettore FOR-014 - DDT 6508,CC30,40.29
MOV-002197,2025-06-22,6421,Trasporto su vendite vettore FOR-014 - DDT 1517,CC30,56.49
MOV-002198,2025-06-22,6421,Trasporto su vendite vettore FOR-013 - DDT 5674,CC30,23.92
MOV-002199,2025-06-22,6421,Trasporto su vendite vettore FOR-011 - DDT 0686,CC30,18.17
MOV-002200,2025-06-22,6421,Trasporto su vendite vettore FOR-011 - DDT 6713,CC30,40.70
MOV-002201,2025-06-22,6421,Trasporto su vendite vettore FOR-014 - DDT 3265,CC30,14.79
MOV-002202,2025-06-22,6421,Trasporto su vendite vettore FOR-011 - DDT 8344,CC30,30.46
MOV-002203,2025-06-22,6421,Trasporto su vendite vettore FOR-013 - DDT 8437,CC30,57.68
MOV-002204,2025-06-22,6421,Trasporto su vendite vettore FOR-012 - DDT 0442,CC30,19.56
MOV-002205,2025-06-22,6421,Trasporto su vendite vettore FOR-013 - DDT 2371,CC30,25.07
MOV-002206,2025-06-22,6421,Trasporto su vendite vettore FOR-011 - DDT 7876,CC30,21.58
MOV-002207,2025-06-22,6432,Ricambi per intervento di assistenza FOR-052 CL-191,CC40,50.58
MOV-002208,2025-06-22,6432,Ricambi per intervento di assistenza FOR-052 CL-065,CC40,45.71
MOV-002209,2025-06-23,6403,"Lavorazione esterna a ore FOR-032 - 14 ore a 29,00 euro",CC10,406.00
MOV-002210,2025-06-23,6421,Trasporto su vendite vettore FOR-011 - DDT 4905,CC30,58.94
MOV-002211,2025-06-23,6421,Trasporto su vendite vettore FOR-014 - DDT 0077,CC30,16.78
MOV-002212,2025-06-23,6421,Trasporto su vendite vettore FOR-011 - DDT 8037,CC30,24.24
MOV-002213,2025-06-23,6421,Trasporto su vendite vettore FOR-014 - DDT 9235,CC30,56.51
MOV-002214,2025-06-23,6421,Trasporto su vendite vettore FOR-012 - DDT 9074,CC30,31.22
MOV-002215,2025-06-23,6421,Trasporto su vendite vettore FOR-011 - DDT 1112,CC30,29.58
MOV-002216,2025-06-23,6421,Trasporto su vendite vettore FOR-014 - DDT 4995,CC30,17.38
MOV-002217,2025-06-23,6421,Trasporto su vendite vettore FOR-012 - DDT 4825,CC30,54.05
MOV-002218,2025-06-23,6421,Trasporto su vendite vettore FOR-013 - DDT 6364,CC30,57.57
MOV-002219,2025-06-23,6421,Trasporto su vendite vettore FOR-011 - DDT 3965,CC30,58.44
MOV-002220,2025-06-23,6421,Trasporto su vendite vettore FOR-014 - DDT 3503,CC30,18.45
MOV-002221,2025-06-23,6421,Trasporto su vendite vettore FOR-014 - DDT 2184,CC30,51.76
MOV-002222,2025-06-23,6421,Trasporto su vendite vettore FOR-014 - DDT 6921,CC30,20.50
MOV-002223,2025-06-23,6432,Trasferta tecnico di assistenza - intervento presso cliente CL-091,CC40,59.51
MOV-002224,2025-06-24,6403,"Straordinari di reparto - 20 ore a 26,00 euro",CC10,520.00
MOV-002225,2025-06-24,6421,Trasporto su vendite vettore FOR-011 - DDT 8834,CC30,28.90
MOV-002226,2025-06-24,6421,Trasporto su vendite vettore FOR-013 - DDT 9746,CC30,27.31
MOV-002227,2025-06-24,6421,Trasporto su vendite vettore FOR-011 - DDT 4164,CC30,35.94
MOV-002228,2025-06-24,6421,Trasporto su vendite vettore FOR-014 - DDT 9557,CC30,34.71
MOV-002229,2025-06-24,6421,Trasporto su vendite vettore FOR-012 - DDT 5378,CC30,38.36
MOV-002230,2025-06-24,6421,Trasporto su vendite vettore FOR-011 - DDT 7695,CC30,21.45
MOV-002231,2025-06-24,6421,Trasporto su vendite vettore FOR-014 - DDT 9770,CC30,51.83
MOV-002232,2025-06-24,6421,Trasporto su vendite vettore FOR-014 - DDT 7374,CC30,15.10
MOV-002233,2025-06-24,6421,Trasporto su vendite vettore FOR-014 - DDT 7331,CC30,34.10
MOV-002234,2025-06-24,6421,Trasporto su vendite vettore FOR-014 - DDT 8572,CC30,41.91
MOV-002235,2025-06-24,6421,Trasporto su vendite vettore FOR-011 - DDT 7810,CC30,58.12
MOV-002236,2025-06-24,6421,Trasporto su vendite vettore FOR-011 - DDT 7888,CC30,37.85
MOV-002237,2025-06-24,6421,Trasporto su vendite vettore FOR-011 - DDT 3452,CC30,33.28
MOV-002238,2025-06-24,6421,Trasporto su vendite vettore FOR-014 - DDT 4902,CC30,21.58
MOV-002239,2025-06-24,6421,Trasporto su vendite vettore FOR-014 - DDT 7726,CC30,50.55
MOV-002240,2025-06-24,6421,Trasporto su vendite vettore FOR-014 - DDT 8372,CC30,24.73
MOV-002241,2025-06-24,6432,Ricambi per intervento di assistenza FOR-051 CL-004,CC40,87.54
MOV-002242,2025-06-24,6432,Ricambi per intervento di assistenza FOR-051 CL-032,CC40,47.21
MOV-002243,2025-06-24,6432,Trasferta tecnico di assistenza - intervento presso cliente CL-187,CC40,71.70
MOV-002244,2025-06-25,6421,Trasporto su vendite vettore FOR-014 - DDT 4515,CC30,19.90
MOV-002245,2025-06-25,6421,Trasporto su vendite vettore FOR-012 - DDT 0425,CC30,40.56
MOV-002246,2025-06-25,6421,Trasporto su vendite vettore FOR-014 - DDT 1019,CC30,55.38
MOV-002247,2025-06-25,6421,Trasporto su vendite vettore FOR-012 - DDT 8158,CC30,51.03
MOV-002248,2025-06-25,6421,Trasporto su vendite vettore FOR-011 - DDT 3118,CC30,39.08
MOV-002249,2025-06-25,6421,Trasporto su vendite vettore FOR-011 - DDT 6761,CC30,43.32
MOV-002250,2025-06-25,6421,Trasporto su vendite vettore FOR-014 - DDT 0620,CC30,46.93
MOV-002251,2025-06-25,6421,Trasporto su vendite vettore FOR-012 - DDT 6347,CC30,16.07
MOV-002252,2025-06-25,6421,Trasporto su vendite vettore FOR-012 - DDT 3881,CC30,51.99
MOV-002253,2025-06-25,6421,Trasporto su vendite vettore FOR-014 - DDT 2817,CC30,18.95
MOV-002254,2025-06-25,6421,Trasporto su vendite vettore FOR-013 - DDT 9518,CC30,47.13
MOV-002255,2025-06-25,6421,Trasporto su vendite vettore FOR-013 - DDT 8858,CC30,40.66
MOV-002256,2025-06-25,6421,Trasporto su vendite vettore FOR-011 - DDT 4755,CC30,53.91
MOV-002257,2025-06-25,6432,Ricambi per intervento di assistenza FOR-052 CL-080,CC40,83.28
MOV-002258,2025-06-25,6432,Ricambi per intervento di assistenza FOR-052 CL-195,CC40,60.40
MOV-002259,2025-06-25,6432,Trasferta tecnico di assistenza - intervento presso cliente CL-094,CC40,42.99
MOV-002260,2025-06-26,6403,"Straordinari di reparto - 13 ore a 26,00 euro",CC10,338.00
MOV-002261,2025-06-26,6421,Trasporto su vendite vettore FOR-014 - DDT 0343,CC30,34.08
MOV-002262,2025-06-26,6421,Trasporto su vendite vettore FOR-011 - DDT 4622,CC30,22.15
MOV-002263,2025-06-26,6421,Trasporto su vendite vettore FOR-011 - DDT 3409,CC30,46.95
MOV-002264,2025-06-26,6421,Trasporto su vendite vettore FOR-011 - DDT 0951,CC30,40.94
MOV-002265,2025-06-26,6421,Trasporto su vendite vettore FOR-012 - DDT 6297,CC30,15.81
MOV-002266,2025-06-26,6421,Trasporto su vendite vettore FOR-014 - DDT 8012,CC30,18.38
MOV-002267,2025-06-26,6421,Trasporto su vendite vettore FOR-013 - DDT 3301,CC30,31.90
MOV-002268,2025-06-26,6432,Ricambi per intervento di assistenza FOR-052 CL-030,CC40,39.16
MOV-002269,2025-06-26,6432,Trasferta tecnico di assistenza - intervento presso cliente CL-206,CC40,38.76
MOV-002270,2025-06-27,6403,"Lavorazione esterna a ore FOR-031 - 26 ore a 29,00 euro",CC10,754.00
MOV-002271,2025-06-27,6403,"Lavorazione esterna a ore FOR-034 - 16 ore a 29,00 euro",CC10,464.00
MOV-002272,2025-06-27,6421,Trasporto su vendite vettore FOR-011 - DDT 4043,CC30,21.18
MOV-002273,2025-06-27,6421,Trasporto su vendite vettore FOR-011 - DDT 8875,CC30,22.62
MOV-002274,2025-06-27,6421,Trasporto su vendite vettore FOR-011 - DDT 5616,CC30,24.86
MOV-002275,2025-06-27,6421,Trasporto su vendite vettore FOR-014 - DDT 0618,CC30,20.98
MOV-002276,2025-06-27,6421,Trasporto su vendite vettore FOR-013 - DDT 5406,CC30,20.56
MOV-002277,2025-06-27,6421,Trasporto su vendite vettore FOR-011 - DDT 4562,CC30,43.38
MOV-002278,2025-06-27,6421,Trasporto su vendite vettore FOR-012 - DDT 1279,CC30,15.02
MOV-002279,2025-06-27,6421,Trasporto su vendite vettore FOR-011 - DDT 4866,CC30,55.54
MOV-002280,2025-06-27,6421,Trasporto su vendite vettore FOR-013 - DDT 7496,CC30,27.26
MOV-002281,2025-06-27,6421,Trasporto su vendite vettore FOR-013 - DDT 6075,CC30,56.28
MOV-002282,2025-06-27,6421,Trasporto su vendite vettore FOR-013 - DDT 5372,CC30,33.16
MOV-002283,2025-06-27,6421,Trasporto su vendite vettore FOR-014 - DDT 2589,CC30,23.48
MOV-002284,2025-06-27,6432,Ricambi per intervento di assistenza FOR-052 CL-193,CC40,61.03
MOV-002285,2025-06-28,6403,"Lavorazione esterna a ore FOR-031 - 14 ore a 29,00 euro",CC10,406.00
MOV-002286,2025-06-28,6421,Trasporto su vendite vettore FOR-012 - DDT 5687,CC30,15.58
MOV-002287,2025-06-28,6421,Trasporto su vendite vettore FOR-011 - DDT 8949,CC30,37.95
MOV-002288,2025-06-28,6421,Trasporto su vendite vettore FOR-012 - DDT 8398,CC30,19.22
MOV-002289,2025-06-28,6421,Trasporto su vendite vettore FOR-012 - DDT 7947,CC30,54.04
MOV-002290,2025-06-28,6421,Trasporto su vendite vettore FOR-011 - DDT 3524,CC30,15.80
MOV-002291,2025-06-28,6421,Trasporto su vendite vettore FOR-014 - DDT 2293,CC30,22.93
MOV-002292,2025-06-28,6421,Trasporto su vendite vettore FOR-012 - DDT 9447,CC30,37.14
MOV-002293,2025-06-28,6432,Ricambi per intervento di assistenza FOR-051 CL-135,CC40,19.38
MOV-002294,2025-06-28,6432,Trasferta tecnico di assistenza - intervento presso cliente CL-145,CC40,53.54
MOV-002295,2025-06-28,6432,Ricambi per intervento di assistenza FOR-052 CL-041,CC40,30.22
MOV-002296,2025-06-29,6403,"Straordinari di reparto - 18 ore a 26,00 euro",CC10,468.00
MOV-002297,2025-06-29,6403,"Lavorazione esterna a ore FOR-033 - 8 ore a 29,00 euro",CC10,232.00
MOV-002298,2025-06-29,6421,Trasporto su vendite vettore FOR-013 - DDT 6545,CC30,24.81
MOV-002299,2025-06-29,6421,Trasporto su vendite vettore FOR-012 - DDT 2216,CC30,56.75
MOV-002300,2025-06-29,6421,Trasporto su vendite vettore FOR-014 - DDT 7061,CC30,41.23
MOV-002301,2025-06-29,6421,Trasporto su vendite vettore FOR-014 - DDT 1812,CC30,54.71
MOV-002302,2025-06-29,6421,Trasporto su vendite vettore FOR-011 - DDT 2781,CC30,32.42
MOV-002303,2025-06-29,6421,Trasporto su vendite vettore FOR-012 - DDT 9255,CC30,52.44
MOV-002304,2025-06-29,6421,Trasporto su vendite vettore FOR-012 - DDT 7667,CC30,57.55
MOV-002305,2025-06-29,6421,Trasporto su vendite vettore FOR-014 - DDT 1047,CC30,22.06
MOV-002306,2025-06-29,6421,Trasporto su vendite vettore FOR-012 - DDT 1408,CC30,41.02
MOV-002307,2025-06-29,6432,Ricambi per intervento di assistenza FOR-051 CL-089,CC40,50.75
MOV-002308,2025-06-29,6432,Ricambi per intervento di assistenza FOR-052 CL-160,CC40,69.67
MOV-002309,2025-06-30,6401,Quota ammortamento impianto IMP-01 - giugno 2025,CC10,1833.33
MOV-002310,2025-06-30,6401,Quota ammortamento impianto IMP-02 - giugno 2025,CC10,1666.67
MOV-002311,2025-06-30,6401,Quota ammortamento impianto IMP-03 - giugno 2025,CC10,1500.00
MOV-002312,2025-06-30,6401,Quota ammortamento impianto IMP-04 - giugno 2025,CC10,1166.67
MOV-002313,2025-06-30,6402,Retribuzioni produzione indiretta - giugno 2025 - retribuzioni lorde,CC10,2662.75
MOV-002314,2025-06-30,6402,Retribuzioni produzione indiretta - giugno 2025 - contributi a carico impresa,CC10,836.86
MOV-002315,2025-06-30,6402,Retribuzioni produzione indiretta - giugno 2025 - quota TFR,CC10,304.32
MOV-002316,2025-06-30,6411,Retribuzioni ufficio ordini - giugno 2025 - retribuzioni lorde,CC20,11645.90
MOV-002317,2025-06-30,6411,Retribuzioni ufficio ordini - giugno 2025 - contributi a carico impresa,CC20,3660.14
MOV-002318,2025-06-30,6411,Retribuzioni ufficio ordini - giugno 2025 - quota TFR,CC20,1330.96
MOV-002319,2025-06-30,6421,Trasporto su vendite vettore FOR-012 - DDT 9476,CC30,48.60
MOV-002320,2025-06-30,6421,Trasporto su vendite vettore FOR-011 - DDT 6026,CC30,15.87
MOV-002321,2025-06-30,6421,Trasporto su vendite vettore FOR-012 - DDT 0060,CC30,58.92
MOV-002322,2025-06-30,6421,Trasporto su vendite vettore FOR-011 - DDT 7578,CC30,26.45
MOV-002323,2025-06-30,6421,Trasporto su vendite vettore FOR-014 - DDT 4681,CC30,27.62
MOV-002324,2025-06-30,6421,Trasporto su vendite vettore FOR-014 - DDT 0557,CC30,27.07
MOV-002325,2025-06-30,6421,Trasporto su vendite vettore FOR-011 - DDT 9278,CC30,55.35
MOV-002326,2025-06-30,6421,Trasporto su vendite vettore FOR-014 - DDT 6348,CC30,47.69
MOV-002327,2025-06-30,6422,Personale di spedizione - giugno 2025 - retribuzioni lorde,CC30,2555.78
MOV-002328,2025-06-30,6422,Personale di spedizione - giugno 2025 - contributi a carico impresa,CC30,803.25
MOV-002329,2025-06-30,6422,Personale di spedizione - giugno 2025 - quota TFR,CC30,292.09
MOV-002330,2025-06-30,6431,Retribuzioni tecnici di assistenza - giugno 2025 - retribuzioni lorde,CC40,6954.23
MOV-002331,2025-06-30,6431,Retribuzioni tecnici di assistenza - giugno 2025 - contributi a carico impresa,CC40,2185.61
MOV-002332,2025-06-30,6431,Retribuzioni tecnici di assistenza - giugno 2025 - quota TFR,CC40,794.77
MOV-002333,2025-06-30,6432,Trasferta tecnico di assistenza - intervento presso cliente CL-208,CC40,62.11
MOV-002334,2025-06-30,6432,Ricambi per intervento di assistenza FOR-051 CL-017,CC40,87.44
MOV-002335,2025-06-30,6432,Ricambi per intervento di assistenza FOR-051 CL-055,CC40,50.00
MOV-002336,2025-06-30,6432,Ricambi per intervento di assistenza FOR-051 CL-064,CC40,88.08
MOV-002337,2025-06-30,6441,Retribuzioni amministrative - giugno 2025 - retribuzioni lorde,CC50,2502.66
MOV-002338,2025-06-30,6441,Retribuzioni amministrative - giugno 2025 - contributi a carico impresa,CC50,786.55
MOV-002339,2025-06-30,6441,Retribuzioni amministrative - giugno 2025 - quota TFR,CC50,286.02
MOV-002340,2025-07-01,6403,"Straordinari di reparto - 17 ore a 26,00 euro",CC10,442.00
MOV-002341,2025-07-01,6412,Canone sistemi di gestione ordini FOR-040 - luglio 2025,CC20,4500.00
MOV-002342,2025-07-01,6421,Trasporto su vendite vettore FOR-011 - DDT 2603,CC30,51.78
MOV-002343,2025-07-01,6421,Trasporto su vendite vettore FOR-013 - DDT 8665,CC30,17.02
MOV-002344,2025-07-01,6421,Trasporto su vendite vettore FOR-011 - DDT 6958,CC30,47.18
MOV-002345,2025-07-01,6421,Trasporto su vendite vettore FOR-011 - DDT 4009,CC30,49.97
MOV-002346,2025-07-01,6421,Trasporto su vendite vettore FOR-011 - DDT 5930,CC30,55.09
MOV-002347,2025-07-01,6421,Trasporto su vendite vettore FOR-011 - DDT 4189,CC30,19.16
MOV-002348,2025-07-01,6421,Trasporto su vendite vettore FOR-013 - DDT 7964,CC30,23.39
MOV-002349,2025-07-01,6421,Trasporto su vendite vettore FOR-012 - DDT 4312,CC30,58.38
MOV-002350,2025-07-01,6421,Trasporto su vendite vettore FOR-012 - DDT 8396,CC30,30.59
MOV-002351,2025-07-01,6421,Trasporto su vendite vettore FOR-014 - DDT 5743,CC30,40.25
MOV-002352,2025-07-01,6421,Trasporto su vendite vettore FOR-011 - DDT 3008,CC30,19.52
MOV-002353,2025-07-01,6421,Trasporto su vendite vettore FOR-011 - DDT 0533,CC30,43.43
MOV-002354,2025-07-01,6421,Trasporto su vendite vettore FOR-012 - DDT 9732,CC30,15.92
MOV-002355,2025-07-01,6421,Trasporto su vendite vettore FOR-012 - DDT 4786,CC30,48.92
MOV-002356,2025-07-01,6421,Trasporto su vendite vettore FOR-014 - DDT 0717,CC30,22.68
MOV-002357,2025-07-01,6432,Trasferta tecnico di assistenza - intervento presso cliente CL-029,CC40,78.77
MOV-002358,2025-07-02,6403,"Straordinari di reparto - 27 ore a 26,00 euro",CC10,702.00
MOV-002359,2025-07-02,6421,Trasporto su vendite vettore FOR-013 - DDT 2361,CC30,32.33
MOV-002360,2025-07-02,6421,Trasporto su vendite vettore FOR-013 - DDT 5547,CC30,41.30
MOV-002361,2025-07-02,6421,Trasporto su vendite vettore FOR-014 - DDT 8295,CC30,31.56
MOV-002362,2025-07-02,6421,Trasporto su vendite vettore FOR-012 - DDT 8368,CC30,40.16
MOV-002363,2025-07-02,6421,Trasporto su vendite vettore FOR-011 - DDT 3088,CC30,40.88
MOV-002364,2025-07-02,6421,Trasporto su vendite vettore FOR-011 - DDT 1506,CC30,27.56
MOV-002365,2025-07-02,6421,Trasporto su vendite vettore FOR-014 - DDT 7235,CC30,54.52
MOV-002366,2025-07-02,6421,Trasporto su vendite vettore FOR-014 - DDT 1479,CC30,52.89
MOV-002367,2025-07-02,6421,Trasporto su vendite vettore FOR-014 - DDT 5473,CC30,15.74
MOV-002368,2025-07-02,6421,Trasporto su vendite vettore FOR-014 - DDT 7401,CC30,46.56
MOV-002369,2025-07-02,6421,Trasporto su vendite vettore FOR-013 - DDT 1630,CC30,29.54
MOV-002370,2025-07-02,6421,Trasporto su vendite vettore FOR-011 - DDT 4016,CC30,34.01
MOV-002371,2025-07-02,6432,Ricambi per intervento di assistenza FOR-052 CL-091,CC40,81.43
MOV-002372,2025-07-03,6403,"Lavorazione esterna a ore FOR-033 - 12 ore a 29,00 euro",CC10,348.00
MOV-002373,2025-07-03,6403,"Lavorazione esterna a ore FOR-031 - 24 ore a 29,00 euro",CC10,696.00
MOV-002374,2025-07-03,6421,Trasporto su vendite vettore FOR-013 - DDT 8442,CC30,54.19
MOV-002375,2025-07-03,6421,Trasporto su vendite vettore FOR-011 - DDT 2214,CC30,21.29
MOV-002376,2025-07-03,6421,Trasporto su vendite vettore FOR-014 - DDT 2050,CC30,25.87
MOV-002377,2025-07-03,6421,Trasporto su vendite vettore FOR-013 - DDT 1611,CC30,32.59
MOV-002378,2025-07-03,6421,Trasporto su vendite vettore FOR-011 - DDT 2825,CC30,47.95
MOV-002379,2025-07-03,6421,Trasporto su vendite vettore FOR-014 - DDT 8137,CC30,42.49
MOV-002380,2025-07-03,6421,Trasporto su vendite vettore FOR-012 - DDT 5571,CC30,55.93
MOV-002381,2025-07-03,6421,Trasporto su vendite vettore FOR-013 - DDT 2759,CC30,18.65
MOV-002382,2025-07-03,6421,Trasporto su vendite vettore FOR-013 - DDT 8655,CC30,15.37
MOV-002383,2025-07-03,6432,Ricambi per intervento di assistenza FOR-052 CL-224,CC40,72.36
MOV-002384,2025-07-04,6403,"Lavorazione esterna a ore FOR-033 - 14 ore a 29,00 euro",CC10,406.00
MOV-002385,2025-07-04,6421,Trasporto su vendite vettore FOR-014 - DDT 8396,CC30,30.06
MOV-002386,2025-07-04,6421,Trasporto su vendite vettore FOR-013 - DDT 2893,CC30,21.71
MOV-002387,2025-07-04,6421,Trasporto su vendite vettore FOR-011 - DDT 2864,CC30,15.29
MOV-002388,2025-07-04,6421,Trasporto su vendite vettore FOR-012 - DDT 9930,CC30,57.82
MOV-002389,2025-07-04,6421,Trasporto su vendite vettore FOR-011 - DDT 7244,CC30,20.29
MOV-002390,2025-07-04,6421,Trasporto su vendite vettore FOR-012 - DDT 3156,CC30,47.80
MOV-002391,2025-07-04,6421,Trasporto su vendite vettore FOR-012 - DDT 7783,CC30,18.53
MOV-002392,2025-07-04,6421,Trasporto su vendite vettore FOR-013 - DDT 5093,CC30,41.39
MOV-002393,2025-07-04,6421,Trasporto su vendite vettore FOR-011 - DDT 8132,CC30,51.56
MOV-002394,2025-07-04,6421,Trasporto su vendite vettore FOR-014 - DDT 3900,CC30,30.93
MOV-002395,2025-07-04,6421,Trasporto su vendite vettore FOR-013 - DDT 4469,CC30,43.37
MOV-002396,2025-07-04,6432,Ricambi per intervento di assistenza FOR-052 CL-161,CC40,82.10
MOV-002397,2025-07-04,6432,Trasferta tecnico di assistenza - intervento presso cliente CL-011,CC40,23.83
MOV-002398,2025-07-05,6421,Trasporto su vendite vettore FOR-011 - DDT 1636,CC30,27.01
MOV-002399,2025-07-05,6421,Trasporto su vendite vettore FOR-014 - DDT 1618,CC30,43.75
MOV-002400,2025-07-05,6421,Trasporto su vendite vettore FOR-012 - DDT 3300,CC30,37.23
MOV-002401,2025-07-05,6421,Trasporto su vendite vettore FOR-014 - DDT 7726,CC30,53.32
MOV-002402,2025-07-05,6421,Trasporto su vendite vettore FOR-014 - DDT 4472,CC30,23.34
MOV-002403,2025-07-05,6421,Trasporto su vendite vettore FOR-013 - DDT 6184,CC30,31.29
MOV-002404,2025-07-05,6421,Trasporto su vendite vettore FOR-011 - DDT 0898,CC30,38.24
MOV-002405,2025-07-05,6421,Trasporto su vendite vettore FOR-014 - DDT 1659,CC30,42.87
MOV-002406,2025-07-05,6432,Trasferta tecnico di assistenza - intervento presso cliente CL-106,CC40,78.95
MOV-002407,2025-07-05,6432,Ricambi per intervento di assistenza FOR-052 CL-102,CC40,35.69
MOV-002408,2025-07-05,6432,Trasferta tecnico di assistenza - intervento presso cliente CL-212,CC40,55.04
MOV-002409,2025-07-05,6432,Trasferta tecnico di assistenza - intervento presso cliente CL-038,CC40,69.34
MOV-002410,2025-07-06,6421,Trasporto su vendite vettore FOR-012 - DDT 3758,CC30,39.97
MOV-002411,2025-07-06,6421,Trasporto su vendite vettore FOR-013 - DDT 9026,CC30,36.97
MOV-002412,2025-07-06,6421,Trasporto su vendite vettore FOR-011 - DDT 6535,CC30,49.64
MOV-002413,2025-07-06,6421,Trasporto su vendite vettore FOR-014 - DDT 4458,CC30,21.40
MOV-002414,2025-07-06,6421,Trasporto su vendite vettore FOR-011 - DDT 2339,CC30,48.93
MOV-002415,2025-07-06,6421,Trasporto su vendite vettore FOR-013 - DDT 6277,CC30,33.76
MOV-002416,2025-07-06,6421,Trasporto su vendite vettore FOR-011 - DDT 5138,CC30,35.42
MOV-002417,2025-07-06,6421,Trasporto su vendite vettore FOR-011 - DDT 4426,CC30,27.95
MOV-002418,2025-07-06,6421,Trasporto su vendite vettore FOR-014 - DDT 0533,CC30,25.19
MOV-002419,2025-07-06,6421,Trasporto su vendite vettore FOR-012 - DDT 4781,CC30,43.96
MOV-002420,2025-07-06,6421,Trasporto su vendite vettore FOR-011 - DDT 1644,CC30,54.32
MOV-002421,2025-07-06,6432,Ricambi per intervento di assistenza FOR-051 CL-088,CC40,55.43
MOV-002422,2025-07-06,6432,Trasferta tecnico di assistenza - intervento presso cliente CL-110,CC40,68.93
MOV-002423,2025-07-06,6432,Ricambi per intervento di assistenza FOR-052 CL-146,CC40,63.26
MOV-002424,2025-07-07,6421,Trasporto su vendite vettore FOR-013 - DDT 6980,CC30,16.66
MOV-002425,2025-07-07,6421,Trasporto su vendite vettore FOR-011 - DDT 0919,CC30,26.54
MOV-002426,2025-07-07,6421,Trasporto su vendite vettore FOR-014 - DDT 9460,CC30,52.41
MOV-002427,2025-07-07,6421,Trasporto su vendite vettore FOR-011 - DDT 5463,CC30,35.54
MOV-002428,2025-07-07,6421,Trasporto su vendite vettore FOR-012 - DDT 6418,CC30,32.52
MOV-002429,2025-07-07,6421,Trasporto su vendite vettore FOR-012 - DDT 8690,CC30,20.53
MOV-002430,2025-07-07,6421,Trasporto su vendite vettore FOR-012 - DDT 7279,CC30,26.94
MOV-002431,2025-07-07,6421,Trasporto su vendite vettore FOR-012 - DDT 2446,CC30,50.10
MOV-002432,2025-07-07,6421,Trasporto su vendite vettore FOR-011 - DDT 6563,CC30,42.43
MOV-002433,2025-07-07,6432,Trasferta tecnico di assistenza - intervento presso cliente CL-200,CC40,69.52
MOV-002434,2025-07-07,6432,Ricambi per intervento di assistenza FOR-052 CL-053,CC40,71.87
MOV-002435,2025-07-07,6432,Ricambi per intervento di assistenza FOR-052 CL-190,CC40,33.14
MOV-002436,2025-07-07,6432,Trasferta tecnico di assistenza - intervento presso cliente CL-034,CC40,44.40
MOV-002437,2025-07-08,6421,Trasporto su vendite vettore FOR-011 - DDT 2496,CC30,32.39
MOV-002438,2025-07-08,6421,Trasporto su vendite vettore FOR-013 - DDT 6416,CC30,17.83
MOV-002439,2025-07-08,6421,Trasporto su vendite vettore FOR-012 - DDT 0510,CC30,30.79
MOV-002440,2025-07-08,6421,Trasporto su vendite vettore FOR-011 - DDT 2478,CC30,58.27
MOV-002441,2025-07-08,6421,Trasporto su vendite vettore FOR-014 - DDT 0108,CC30,47.24
MOV-002442,2025-07-08,6421,Trasporto su vendite vettore FOR-011 - DDT 2900,CC30,18.23
MOV-002443,2025-07-08,6421,Trasporto su vendite vettore FOR-014 - DDT 3202,CC30,41.29
MOV-002444,2025-07-08,6421,Trasporto su vendite vettore FOR-012 - DDT 3520,CC30,39.40
MOV-002445,2025-07-08,6421,Trasporto su vendite vettore FOR-012 - DDT 6155,CC30,42.64
MOV-002446,2025-07-08,6432,Ricambi per intervento di assistenza FOR-052 CL-043,CC40,43.42
MOV-002447,2025-07-09,6421,Trasporto su vendite vettore FOR-014 - DDT 4471,CC30,58.68
MOV-002448,2025-07-09,6421,Trasporto su vendite vettore FOR-014 - DDT 1682,CC30,32.04
MOV-002449,2025-07-09,6421,Trasporto su vendite vettore FOR-014 - DDT 9052,CC30,32.24
MOV-002450,2025-07-09,6421,Trasporto su vendite vettore FOR-011 - DDT 1066,CC30,43.98
MOV-002451,2025-07-09,6421,Trasporto su vendite vettore FOR-012 - DDT 8726,CC30,38.57
MOV-002452,2025-07-09,6421,Trasporto su vendite vettore FOR-012 - DDT 0276,CC30,30.31
MOV-002453,2025-07-09,6421,Trasporto su vendite vettore FOR-014 - DDT 4923,CC30,55.00
MOV-002454,2025-07-09,6421,Trasporto su vendite vettore FOR-012 - DDT 8353,CC30,43.60
MOV-002455,2025-07-09,6421,Trasporto su vendite vettore FOR-012 - DDT 8011,CC30,56.98
MOV-002456,2025-07-09,6421,Trasporto su vendite vettore FOR-014 - DDT 9066,CC30,34.42
MOV-002457,2025-07-09,6432,Ricambi per intervento di assistenza FOR-052 CL-238,CC40,30.60
MOV-002458,2025-07-09,6432,Ricambi per intervento di assistenza FOR-052 CL-244,CC40,55.74
MOV-002459,2025-07-09,6432,Ricambi per intervento di assistenza FOR-051 CL-144,CC40,86.73
MOV-002460,2025-07-09,6432,Ricambi per intervento di assistenza FOR-052 CL-139,CC40,54.15
MOV-002461,2025-07-09,6432,Ricambi per intervento di assistenza FOR-052 CL-094,CC40,49.28
MOV-002462,2025-07-10,6421,Trasporto su vendite vettore FOR-012 - DDT 1662,CC30,23.17
MOV-002463,2025-07-10,6421,Trasporto su vendite vettore FOR-013 - DDT 4333,CC30,33.18
MOV-002464,2025-07-10,6421,Trasporto su vendite vettore FOR-014 - DDT 3175,CC30,16.18
MOV-002465,2025-07-10,6421,Trasporto su vendite vettore FOR-012 - DDT 7357,CC30,34.16
MOV-002466,2025-07-10,6421,Trasporto su vendite vettore FOR-013 - DDT 0511,CC30,26.71
MOV-002467,2025-07-10,6421,Trasporto su vendite vettore FOR-013 - DDT 1360,CC30,49.35
MOV-002468,2025-07-10,6421,Trasporto su vendite vettore FOR-014 - DDT 1980,CC30,28.67
MOV-002469,2025-07-10,6421,Trasporto su vendite vettore FOR-013 - DDT 7821,CC30,18.71
MOV-002470,2025-07-10,6421,Trasporto su vendite vettore FOR-013 - DDT 0398,CC30,29.10
MOV-002471,2025-07-10,6421,Trasporto su vendite vettore FOR-011 - DDT 7602,CC30,20.06
MOV-002472,2025-07-10,6421,Trasporto su vendite vettore FOR-013 - DDT 9771,CC30,26.36
MOV-002473,2025-07-10,6421,Trasporto su vendite vettore FOR-011 - DDT 6085,CC30,44.86
MOV-002474,2025-07-10,6421,Trasporto su vendite vettore FOR-011 - DDT 4342,CC30,19.93
MOV-002475,2025-07-10,6421,Trasporto su vendite vettore FOR-013 - DDT 2511,CC30,49.48
MOV-002476,2025-07-10,6421,Trasporto su vendite vettore FOR-014 - DDT 9764,CC30,49.28
MOV-002477,2025-07-10,6432,Ricambi per intervento di assistenza FOR-051 CL-017,CC40,67.31
MOV-002478,2025-07-11,6421,Trasporto su vendite vettore FOR-011 - DDT 9841,CC30,55.93
MOV-002479,2025-07-11,6421,Trasporto su vendite vettore FOR-014 - DDT 7556,CC30,53.89
MOV-002480,2025-07-11,6421,Trasporto su vendite vettore FOR-011 - DDT 8715,CC30,24.45
MOV-002481,2025-07-11,6421,Trasporto su vendite vettore FOR-013 - DDT 9097,CC30,48.48
MOV-002482,2025-07-11,6421,Trasporto su vendite vettore FOR-011 - DDT 3675,CC30,46.99
MOV-002483,2025-07-11,6421,Trasporto su vendite vettore FOR-012 - DDT 9031,CC30,47.95
MOV-002484,2025-07-11,6421,Trasporto su vendite vettore FOR-012 - DDT 2751,CC30,38.55
MOV-002485,2025-07-11,6421,Trasporto su vendite vettore FOR-011 - DDT 4607,CC30,49.42
MOV-002486,2025-07-11,6421,Trasporto su vendite vettore FOR-011 - DDT 1649,CC30,43.38
MOV-002487,2025-07-11,6421,Trasporto su vendite vettore FOR-013 - DDT 9122,CC30,50.89
MOV-002488,2025-07-11,6421,Trasporto su vendite vettore FOR-013 - DDT 3480,CC30,38.11
MOV-002489,2025-07-11,6421,Trasporto su vendite vettore FOR-012 - DDT 0557,CC30,31.63
MOV-002490,2025-07-11,6421,Trasporto su vendite vettore FOR-014 - DDT 8424,CC30,28.16
MOV-002491,2025-07-11,6432,Ricambi per intervento di assistenza FOR-051 CL-011,CC40,40.25
MOV-002492,2025-07-11,6432,Ricambi per intervento di assistenza FOR-052 CL-097,CC40,86.33
MOV-002493,2025-07-12,6421,Trasporto su vendite vettore FOR-014 - DDT 1877,CC30,36.63
MOV-002494,2025-07-12,6421,Trasporto su vendite vettore FOR-014 - DDT 7623,CC30,35.22
MOV-002495,2025-07-12,6421,Trasporto su vendite vettore FOR-011 - DDT 3078,CC30,24.92
MOV-002496,2025-07-12,6421,Trasporto su vendite vettore FOR-012 - DDT 5367,CC30,53.36
MOV-002497,2025-07-12,6421,Trasporto su vendite vettore FOR-013 - DDT 1400,CC30,32.03
MOV-002498,2025-07-12,6421,Trasporto su vendite vettore FOR-012 - DDT 8595,CC30,53.32
MOV-002499,2025-07-12,6421,Trasporto su vendite vettore FOR-012 - DDT 3347,CC30,16.62
MOV-002500,2025-07-12,6421,Trasporto su vendite vettore FOR-013 - DDT 3446,CC30,54.59
MOV-002501,2025-07-12,6421,Trasporto su vendite vettore FOR-011 - DDT 2049,CC30,19.57
MOV-002502,2025-07-12,6432,Ricambi per intervento di assistenza FOR-052 CL-038,CC40,60.14
MOV-002503,2025-07-12,6432,Ricambi per intervento di assistenza FOR-052 CL-233,CC40,60.80
MOV-002504,2025-07-13,6421,Trasporto su vendite vettore FOR-013 - DDT 6729,CC30,39.02
MOV-002505,2025-07-13,6421,Trasporto su vendite vettore FOR-014 - DDT 7889,CC30,44.67
MOV-002506,2025-07-13,6421,Trasporto su vendite vettore FOR-012 - DDT 4416,CC30,41.49
MOV-002507,2025-07-13,6421,Trasporto su vendite vettore FOR-011 - DDT 8035,CC30,41.95
MOV-002508,2025-07-13,6421,Trasporto su vendite vettore FOR-011 - DDT 9180,CC30,22.22
MOV-002509,2025-07-13,6421,Trasporto su vendite vettore FOR-014 - DDT 2222,CC30,37.35
MOV-002510,2025-07-13,6421,Trasporto su vendite vettore FOR-011 - DDT 6656,CC30,54.42
MOV-002511,2025-07-13,6432,Trasferta tecnico di assistenza - intervento presso cliente CL-096,CC40,18.57
MOV-002512,2025-07-13,6432,Trasferta tecnico di assistenza - intervento presso cliente CL-142,CC40,80.38
MOV-002513,2025-07-13,6432,Ricambi per intervento di assistenza FOR-051 CL-170,CC40,26.45
MOV-002514,2025-07-14,6421,Trasporto su vendite vettore FOR-012 - DDT 8090,CC30,49.67
MOV-002515,2025-07-14,6421,Trasporto su vendite vettore FOR-012 - DDT 0934,CC30,49.08
MOV-002516,2025-07-14,6421,Trasporto su vendite vettore FOR-014 - DDT 4569,CC30,17.77
MOV-002517,2025-07-14,6421,Trasporto su vendite vettore FOR-013 - DDT 5587,CC30,51.47
MOV-002518,2025-07-14,6421,Trasporto su vendite vettore FOR-013 - DDT 6108,CC30,44.89
MOV-002519,2025-07-14,6421,Trasporto su vendite vettore FOR-012 - DDT 2397,CC30,58.51
MOV-002520,2025-07-15,6403,"Straordinari di reparto - 12 ore a 26,00 euro",CC10,312.00
MOV-002521,2025-07-15,6403,"Lavorazione esterna a ore FOR-032 - 14 ore a 29,00 euro",CC10,406.00
MOV-002522,2025-07-15,6421,Trasporto su vendite vettore FOR-014 - DDT 6884,CC30,22.21
MOV-002523,2025-07-15,6421,Trasporto su vendite vettore FOR-014 - DDT 2451,CC30,31.34
MOV-002524,2025-07-15,6421,Trasporto su vendite vettore FOR-012 - DDT 9871,CC30,56.94
MOV-002525,2025-07-15,6421,Trasporto su vendite vettore FOR-014 - DDT 9135,CC30,41.50
MOV-002526,2025-07-15,6421,Trasporto su vendite vettore FOR-012 - DDT 4656,CC30,38.86
MOV-002527,2025-07-15,6421,Trasporto su vendite vettore FOR-011 - DDT 5336,CC30,21.72
MOV-002528,2025-07-15,6421,Trasporto su vendite vettore FOR-012 - DDT 8164,CC30,31.93
MOV-002529,2025-07-15,6421,Trasporto su vendite vettore FOR-013 - DDT 5021,CC30,33.15
MOV-002530,2025-07-15,6432,Ricambi per intervento di assistenza FOR-052 CL-109,CC40,52.85
MOV-002531,2025-07-15,6432,Trasferta tecnico di assistenza - intervento presso cliente CL-005,CC40,63.01
MOV-002532,2025-07-16,6421,Trasporto su vendite vettore FOR-013 - DDT 6622,CC30,31.06
MOV-002533,2025-07-16,6421,Trasporto su vendite vettore FOR-013 - DDT 4191,CC30,28.39
MOV-002534,2025-07-16,6421,Trasporto su vendite vettore FOR-014 - DDT 7533,CC30,39.52
MOV-002535,2025-07-16,6421,Trasporto su vendite vettore FOR-013 - DDT 5894,CC30,45.67
MOV-002536,2025-07-16,6421,Trasporto su vendite vettore FOR-012 - DDT 7831,CC30,31.62
MOV-002537,2025-07-16,6421,Trasporto su vendite vettore FOR-013 - DDT 6359,CC30,23.92
MOV-002538,2025-07-16,6432,Ricambi per intervento di assistenza FOR-051 CL-243,CC40,69.24
MOV-002539,2025-07-16,6432,Ricambi per intervento di assistenza FOR-051 CL-077,CC40,64.89
MOV-002540,2025-07-16,6432,Trasferta tecnico di assistenza - intervento presso cliente CL-039,CC40,71.12
MOV-002541,2025-07-16,6432,Trasferta tecnico di assistenza - intervento presso cliente CL-093,CC40,70.99
MOV-002542,2025-07-17,6403,"Straordinari di reparto - 11 ore a 26,00 euro",CC10,286.00
MOV-002543,2025-07-17,6421,Trasporto su vendite vettore FOR-014 - DDT 5832,CC30,21.29
MOV-002544,2025-07-17,6421,Trasporto su vendite vettore FOR-013 - DDT 9875,CC30,29.86
MOV-002545,2025-07-17,6421,Trasporto su vendite vettore FOR-013 - DDT 5202,CC30,39.07
MOV-002546,2025-07-17,6421,Trasporto su vendite vettore FOR-014 - DDT 1558,CC30,25.96
MOV-002547,2025-07-17,6421,Trasporto su vendite vettore FOR-014 - DDT 7209,CC30,46.50
MOV-002548,2025-07-17,6421,Trasporto su vendite vettore FOR-014 - DDT 2683,CC30,18.59
MOV-002549,2025-07-17,6421,Trasporto su vendite vettore FOR-012 - DDT 4623,CC30,26.56
MOV-002550,2025-07-17,6421,Trasporto su vendite vettore FOR-011 - DDT 6605,CC30,22.54
MOV-002551,2025-07-17,6421,Trasporto su vendite vettore FOR-011 - DDT 2863,CC30,18.06
MOV-002552,2025-07-17,6421,Trasporto su vendite vettore FOR-011 - DDT 9576,CC30,29.74
MOV-002553,2025-07-17,6421,Trasporto su vendite vettore FOR-011 - DDT 1272,CC30,20.70
MOV-002554,2025-07-17,6421,Trasporto su vendite vettore FOR-012 - DDT 4330,CC30,55.13
MOV-002555,2025-07-17,6421,Trasporto su vendite vettore FOR-012 - DDT 5454,CC30,49.83
MOV-002556,2025-07-17,6421,Trasporto su vendite vettore FOR-013 - DDT 2008,CC30,54.20
MOV-002557,2025-07-17,6421,Trasporto su vendite vettore FOR-012 - DDT 7744,CC30,56.31
MOV-002558,2025-07-17,6432,Ricambi per intervento di assistenza FOR-052 CL-102,CC40,40.82
MOV-002559,2025-07-17,6432,Ricambi per intervento di assistenza FOR-051 CL-050,CC40,61.23
MOV-002560,2025-07-18,6421,Trasporto su vendite vettore FOR-014 - DDT 3548,CC30,51.55
MOV-002561,2025-07-18,6421,Trasporto su vendite vettore FOR-011 - DDT 1413,CC30,28.14
MOV-002562,2025-07-18,6421,Trasporto su vendite vettore FOR-012 - DDT 9044,CC30,34.60
MOV-002563,2025-07-18,6421,Trasporto su vendite vettore FOR-014 - DDT 8809,CC30,51.72
MOV-002564,2025-07-18,6421,Trasporto su vendite vettore FOR-014 - DDT 0923,CC30,32.91
MOV-002565,2025-07-18,6421,Trasporto su vendite vettore FOR-011 - DDT 2583,CC30,54.60
MOV-002566,2025-07-18,6421,Trasporto su vendite vettore FOR-013 - DDT 4070,CC30,26.92
MOV-002567,2025-07-18,6421,Trasporto su vendite vettore FOR-012 - DDT 2724,CC30,23.33
MOV-002568,2025-07-18,6421,Trasporto su vendite vettore FOR-014 - DDT 0903,CC30,43.29
MOV-002569,2025-07-18,6421,Trasporto su vendite vettore FOR-014 - DDT 0197,CC30,30.20
MOV-002570,2025-07-18,6421,Trasporto su vendite vettore FOR-014 - DDT 0670,CC30,40.02
MOV-002571,2025-07-18,6432,Ricambi per intervento di assistenza FOR-051 CL-056,CC40,79.38
MOV-002572,2025-07-18,6432,Ricambi per intervento di assistenza FOR-052 CL-197,CC40,41.28
MOV-002573,2025-07-18,6432,Ricambi per intervento di assistenza FOR-052 CL-047,CC40,82.25
MOV-002574,2025-07-18,6432,Trasferta tecnico di assistenza - intervento presso cliente CL-235,CC40,16.83
MOV-002575,2025-07-19,6403,"Lavorazione esterna a ore FOR-031 - 22 ore a 29,00 euro",CC10,638.00
MOV-002576,2025-07-19,6421,Trasporto su vendite vettore FOR-012 - DDT 4639,CC30,31.06
MOV-002577,2025-07-19,6421,Trasporto su vendite vettore FOR-013 - DDT 9842,CC30,14.89
MOV-002578,2025-07-19,6421,Trasporto su vendite vettore FOR-012 - DDT 8647,CC30,29.47
MOV-002579,2025-07-19,6421,Trasporto su vendite vettore FOR-012 - DDT 1219,CC30,45.62
MOV-002580,2025-07-19,6421,Trasporto su vendite vettore FOR-012 - DDT 9272,CC30,39.25
MOV-002581,2025-07-19,6421,Trasporto su vendite vettore FOR-011 - DDT 3520,CC30,48.25
MOV-002582,2025-07-19,6421,Trasporto su vendite vettore FOR-012 - DDT 0797,CC30,35.12
MOV-002583,2025-07-19,6421,Trasporto su vendite vettore FOR-013 - DDT 1753,CC30,39.40
MOV-002584,2025-07-19,6421,Trasporto su vendite vettore FOR-011 - DDT 0327,CC30,24.49
MOV-002585,2025-07-19,6421,Trasporto su vendite vettore FOR-014 - DDT 5716,CC30,23.69
MOV-002586,2025-07-19,6421,Trasporto su vendite vettore FOR-014 - DDT 6455,CC30,16.60
MOV-002587,2025-07-19,6421,Trasporto su vendite vettore FOR-012 - DDT 7796,CC30,29.11
MOV-002588,2025-07-19,6421,Trasporto su vendite vettore FOR-011 - DDT 3239,CC30,45.51
MOV-002589,2025-07-20,6403,"Lavorazione esterna a ore FOR-034 - 15 ore a 29,00 euro",CC10,435.00
MOV-002590,2025-07-20,6403,"Lavorazione esterna a ore FOR-034 - 19 ore a 29,00 euro",CC10,551.00
MOV-002591,2025-07-20,6421,Trasporto su vendite vettore FOR-013 - DDT 4084,CC30,38.34
MOV-002592,2025-07-20,6421,Trasporto su vendite vettore FOR-012 - DDT 1690,CC30,56.49
MOV-002593,2025-07-20,6421,Trasporto su vendite vettore FOR-013 - DDT 7490,CC30,22.12
MOV-002594,2025-07-20,6421,Trasporto su vendite vettore FOR-011 - DDT 2617,CC30,33.23
MOV-002595,2025-07-20,6421,Trasporto su vendite vettore FOR-012 - DDT 5461,CC30,49.89
MOV-002596,2025-07-20,6421,Trasporto su vendite vettore FOR-014 - DDT 0606,CC30,44.84
MOV-002597,2025-07-20,6421,Trasporto su vendite vettore FOR-011 - DDT 3623,CC30,29.21
MOV-002598,2025-07-20,6421,Trasporto su vendite vettore FOR-014 - DDT 3511,CC30,56.98
MOV-002599,2025-07-20,6421,Trasporto su vendite vettore FOR-012 - DDT 9087,CC30,18.67
MOV-002600,2025-07-20,6421,Trasporto su vendite vettore FOR-014 - DDT 8492,CC30,57.68
MOV-002601,2025-07-20,6432,Ricambi per intervento di assistenza FOR-051 CL-116,CC40,80.85
MOV-002602,2025-07-21,6421,Trasporto su vendite vettore FOR-012 - DDT 5620,CC30,42.00
MOV-002603,2025-07-21,6421,Trasporto su vendite vettore FOR-011 - DDT 6172,CC30,38.67
MOV-002604,2025-07-21,6421,Trasporto su vendite vettore FOR-013 - DDT 8627,CC30,52.02
MOV-002605,2025-07-21,6421,Trasporto su vendite vettore FOR-014 - DDT 1145,CC30,51.91
MOV-002606,2025-07-21,6421,Trasporto su vendite vettore FOR-012 - DDT 9908,CC30,35.18
MOV-002607,2025-07-21,6421,Trasporto su vendite vettore FOR-011 - DDT 5435,CC30,58.26
MOV-002608,2025-07-21,6421,Trasporto su vendite vettore FOR-014 - DDT 1557,CC30,54.76
MOV-002609,2025-07-21,6421,Trasporto su vendite vettore FOR-014 - DDT 6105,CC30,27.91
MOV-002610,2025-07-21,6421,Trasporto su vendite vettore FOR-014 - DDT 0688,CC30,29.37
MOV-002611,2025-07-21,6421,Trasporto su vendite vettore FOR-011 - DDT 7597,CC30,46.90
MOV-002612,2025-07-21,6421,Trasporto su vendite vettore FOR-013 - DDT 7334,CC30,19.61
MOV-002613,2025-07-21,6421,Trasporto su vendite vettore FOR-014 - DDT 4148,CC30,57.97
MOV-002614,2025-07-21,6432,Ricambi per intervento di assistenza FOR-052 CL-172,CC40,30.46
MOV-002615,2025-07-21,6432,Trasferta tecnico di assistenza - intervento presso cliente CL-126,CC40,82.20
MOV-002616,2025-07-21,6432,Trasferta tecnico di assistenza - intervento presso cliente CL-085,CC40,36.43
MOV-002617,2025-07-22,6403,"Straordinari di reparto - 9 ore a 26,00 euro",CC10,234.00
MOV-002618,2025-07-22,6421,Trasporto su vendite vettore FOR-013 - DDT 4642,CC30,53.83
MOV-002619,2025-07-22,6421,Trasporto su vendite vettore FOR-012 - DDT 9536,CC30,36.54
MOV-002620,2025-07-22,6421,Trasporto su vendite vettore FOR-014 - DDT 7643,CC30,21.31
MOV-002621,2025-07-22,6421,Trasporto su vendite vettore FOR-013 - DDT 7458,CC30,16.46
MOV-002622,2025-07-22,6421,Trasporto su vendite vettore FOR-011 - DDT 1325,CC30,20.96
MOV-002623,2025-07-22,6421,Trasporto su vendite vettore FOR-013 - DDT 9414,CC30,27.08
MOV-002624,2025-07-22,6421,Trasporto su vendite vettore FOR-013 - DDT 4711,CC30,29.82
MOV-002625,2025-07-22,6421,Trasporto su vendite vettore FOR-013 - DDT 4593,CC30,27.54
MOV-002626,2025-07-22,6421,Trasporto su vendite vettore FOR-014 - DDT 4073,CC30,50.25
MOV-002627,2025-07-22,6432,Trasferta tecnico di assistenza - intervento presso cliente CL-150,CC40,44.58
MOV-002628,2025-07-22,6432,Ricambi per intervento di assistenza FOR-052 CL-141,CC40,75.62
MOV-002629,2025-07-22,6432,Ricambi per intervento di assistenza FOR-052 CL-040,CC40,19.87
MOV-002630,2025-07-23,6403,"Lavorazione esterna a ore FOR-033 - 27 ore a 29,00 euro",CC10,783.00
MOV-002631,2025-07-23,6421,Trasporto su vendite vettore FOR-014 - DDT 7688,CC30,40.07
MOV-002632,2025-07-23,6421,Trasporto su vendite vettore FOR-014 - DDT 1022,CC30,21.65
MOV-002633,2025-07-23,6421,Trasporto su vendite vettore FOR-012 - DDT 4989,CC30,33.20
MOV-002634,2025-07-23,6421,Trasporto su vendite vettore FOR-014 - DDT 5345,CC30,21.78
MOV-002635,2025-07-23,6421,Trasporto su vendite vettore FOR-014 - DDT 6763,CC30,55.93
MOV-002636,2025-07-23,6421,Trasporto su vendite vettore FOR-014 - DDT 6243,CC30,25.39
MOV-002637,2025-07-23,6432,Ricambi per intervento di assistenza FOR-051 CL-069,CC40,73.24
MOV-002638,2025-07-23,6432,Ricambi per intervento di assistenza FOR-052 CL-162,CC40,58.79
MOV-002639,2025-07-23,6432,Ricambi per intervento di assistenza FOR-052 CL-140,CC40,17.92
MOV-002640,2025-07-24,6403,"Lavorazione esterna a ore FOR-032 - 15 ore a 29,00 euro",CC10,435.00
MOV-002641,2025-07-24,6403,"Lavorazione esterna a ore FOR-032 - 25 ore a 29,00 euro",CC10,725.00
MOV-002642,2025-07-24,6403,"Lavorazione esterna a ore FOR-034 - 28 ore a 29,00 euro",CC10,812.00
MOV-002643,2025-07-24,6421,Trasporto su vendite vettore FOR-011 - DDT 1806,CC30,56.61
MOV-002644,2025-07-24,6421,Trasporto su vendite vettore FOR-011 - DDT 6192,CC30,38.13
MOV-002645,2025-07-24,6421,Trasporto su vendite vettore FOR-011 - DDT 5586,CC30,53.30
MOV-002646,2025-07-24,6421,Trasporto su vendite vettore FOR-013 - DDT 7063,CC30,25.78
MOV-002647,2025-07-24,6421,Trasporto su vendite vettore FOR-013 - DDT 4736,CC30,53.43
MOV-002648,2025-07-24,6421,Trasporto su vendite vettore FOR-013 - DDT 4545,CC30,55.52
MOV-002649,2025-07-24,6421,Trasporto su vendite vettore FOR-013 - DDT 0087,CC30,34.27
MOV-002650,2025-07-24,6421,Trasporto su vendite vettore FOR-014 - DDT 0427,CC30,28.05
MOV-002651,2025-07-24,6421,Trasporto su vendite vettore FOR-011 - DDT 3619,CC30,24.06
MOV-002652,2025-07-24,6421,Trasporto su vendite vettore FOR-013 - DDT 7399,CC30,52.55
MOV-002653,2025-07-24,6421,Trasporto su vendite vettore FOR-013 - DDT 6384,CC30,24.23
MOV-002654,2025-07-24,6421,Trasporto su vendite vettore FOR-013 - DDT 6670,CC30,56.32
MOV-002655,2025-07-24,6432,Ricambi per intervento di assistenza FOR-052 CL-100,CC40,25.54
MOV-002656,2025-07-24,6432,Trasferta tecnico di assistenza - intervento presso cliente CL-164,CC40,29.02
MOV-002657,2025-07-24,6432,Ricambi per intervento di assistenza FOR-052 CL-054,CC40,66.90
MOV-002658,2025-07-24,6432,Ricambi per intervento di assistenza FOR-052 CL-136,CC40,62.58
MOV-002659,2025-07-25,6421,Trasporto su vendite vettore FOR-013 - DDT 3201,CC30,38.48
MOV-002660,2025-07-25,6421,Trasporto su vendite vettore FOR-013 - DDT 7304,CC30,16.31
MOV-002661,2025-07-25,6421,Trasporto su vendite vettore FOR-011 - DDT 2597,CC30,46.66
MOV-002662,2025-07-25,6421,Trasporto su vendite vettore FOR-014 - DDT 3858,CC30,43.78
MOV-002663,2025-07-25,6421,Trasporto su vendite vettore FOR-011 - DDT 6299,CC30,31.08
MOV-002664,2025-07-25,6421,Trasporto su vendite vettore FOR-013 - DDT 7681,CC30,51.22
MOV-002665,2025-07-25,6421,Trasporto su vendite vettore FOR-013 - DDT 5117,CC30,32.38
MOV-002666,2025-07-25,6421,Trasporto su vendite vettore FOR-011 - DDT 5914,CC30,53.46
MOV-002667,2025-07-26,6403,"Lavorazione esterna a ore FOR-032 - 33 ore a 29,00 euro",CC10,957.00
MOV-002668,2025-07-26,6421,Trasporto su vendite vettore FOR-012 - DDT 7595,CC30,21.95
MOV-002669,2025-07-26,6421,Trasporto su vendite vettore FOR-011 - DDT 4190,CC30,23.30
MOV-002670,2025-07-26,6421,Trasporto su vendite vettore FOR-013 - DDT 1514,CC30,19.85
MOV-002671,2025-07-26,6421,Trasporto su vendite vettore FOR-014 - DDT 9963,CC30,15.49
MOV-002672,2025-07-26,6421,Trasporto su vendite vettore FOR-011 - DDT 6172,CC30,29.23
MOV-002673,2025-07-26,6421,Trasporto su vendite vettore FOR-012 - DDT 0294,CC30,15.31
MOV-002674,2025-07-26,6421,Trasporto su vendite vettore FOR-013 - DDT 5143,CC30,22.50
MOV-002675,2025-07-26,6421,Trasporto su vendite vettore FOR-011 - DDT 2117,CC30,56.31
MOV-002676,2025-07-26,6421,Trasporto su vendite vettore FOR-011 - DDT 7049,CC30,30.68
MOV-002677,2025-07-26,6421,Trasporto su vendite vettore FOR-012 - DDT 8193,CC30,29.07
MOV-002678,2025-07-26,6421,Trasporto su vendite vettore FOR-011 - DDT 2005,CC30,16.25
MOV-002679,2025-07-26,6421,Trasporto su vendite vettore FOR-012 - DDT 6671,CC30,20.09
MOV-002680,2025-07-26,6421,Trasporto su vendite vettore FOR-013 - DDT 4469,CC30,32.98
MOV-002681,2025-07-26,6421,Trasporto su vendite vettore FOR-012 - DDT 7432,CC30,22.61
MOV-002682,2025-07-26,6432,Ricambi per intervento di assistenza FOR-051 CL-144,CC40,52.78
MOV-002683,2025-07-26,6432,Ricambi per intervento di assistenza FOR-052 CL-029,CC40,64.64
MOV-002684,2025-07-27,6421,Trasporto su vendite vettore FOR-013 - DDT 4031,CC30,52.80
MOV-002685,2025-07-27,6421,Trasporto su vendite vettore FOR-013 - DDT 7511,CC30,30.92
MOV-002686,2025-07-27,6421,Trasporto su vendite vettore FOR-012 - DDT 9882,CC30,40.43
MOV-002687,2025-07-27,6421,Trasporto su vendite vettore FOR-013 - DDT 1942,CC30,30.38
MOV-002688,2025-07-27,6421,Trasporto su vendite vettore FOR-013 - DDT 6307,CC30,20.32
MOV-002689,2025-07-27,6421,Trasporto su vendite vettore FOR-011 - DDT 9796,CC30,29.74
MOV-002690,2025-07-27,6432,Ricambi per intervento di assistenza FOR-051 CL-028,CC40,47.92
MOV-002691,2025-07-27,6432,Ricambi per intervento di assistenza FOR-051 CL-161,CC40,59.63
MOV-002692,2025-07-27,6432,Ricambi per intervento di assistenza FOR-051 CL-229,CC40,73.11
MOV-002693,2025-07-27,6432,Ricambi per intervento di assistenza FOR-051 CL-172,CC40,26.97
MOV-002694,2025-07-28,6403,"Lavorazione esterna a ore FOR-031 - 22 ore a 29,00 euro",CC10,638.00
MOV-002695,2025-07-28,6403,"Lavorazione esterna a ore FOR-031 - 23 ore a 29,00 euro",CC10,667.00
MOV-002696,2025-07-28,6421,Trasporto su vendite vettore FOR-014 - DDT 2023,CC30,52.86
MOV-002697,2025-07-28,6421,Trasporto su vendite vettore FOR-014 - DDT 7378,CC30,44.86
MOV-002698,2025-07-28,6421,Trasporto su vendite vettore FOR-013 - DDT 6117,CC30,57.98
MOV-002699,2025-07-28,6421,Trasporto su vendite vettore FOR-014 - DDT 6814,CC30,54.72
MOV-002700,2025-07-28,6421,Trasporto su vendite vettore FOR-011 - DDT 7636,CC30,22.37
MOV-002701,2025-07-28,6421,Trasporto su vendite vettore FOR-011 - DDT 1845,CC30,47.45
MOV-002702,2025-07-28,6421,Trasporto su vendite vettore FOR-014 - DDT 0309,CC30,58.65
MOV-002703,2025-07-28,6421,Trasporto su vendite vettore FOR-012 - DDT 2166,CC30,25.19
MOV-002704,2025-07-28,6421,Trasporto su vendite vettore FOR-012 - DDT 4558,CC30,37.92
MOV-002705,2025-07-28,6432,Trasferta tecnico di assistenza - intervento presso cliente CL-031,CC40,49.50
MOV-002706,2025-07-28,6432,Ricambi per intervento di assistenza FOR-052 CL-234,CC40,83.58
MOV-002707,2025-07-29,6421,Trasporto su vendite vettore FOR-013 - DDT 6300,CC30,27.12
MOV-002708,2025-07-29,6421,Trasporto su vendite vettore FOR-011 - DDT 9010,CC30,16.07
MOV-002709,2025-07-29,6421,Trasporto su vendite vettore FOR-013 - DDT 6165,CC30,27.52
MOV-002710,2025-07-29,6421,Trasporto su vendite vettore FOR-014 - DDT 9119,CC30,35.53
MOV-002711,2025-07-29,6421,Trasporto su vendite vettore FOR-011 - DDT 2596,CC30,27.49
MOV-002712,2025-07-29,6421,Trasporto su vendite vettore FOR-012 - DDT 8120,CC30,29.02
MOV-002713,2025-07-29,6421,Trasporto su vendite vettore FOR-011 - DDT 5361,CC30,47.85
MOV-002714,2025-07-29,6421,Trasporto su vendite vettore FOR-014 - DDT 8911,CC30,57.27
MOV-002715,2025-07-29,6421,Trasporto su vendite vettore FOR-012 - DDT 4136,CC30,18.49
MOV-002716,2025-07-29,6421,Trasporto su vendite vettore FOR-013 - DDT 0152,CC30,16.37
MOV-002717,2025-07-29,6421,Trasporto su vendite vettore FOR-014 - DDT 9416,CC30,16.12
MOV-002718,2025-07-30,6403,"Straordinari di reparto - 16 ore a 26,00 euro",CC10,416.00
MOV-002719,2025-07-30,6421,Trasporto su vendite vettore FOR-013 - DDT 3695,CC30,15.04
MOV-002720,2025-07-30,6421,Trasporto su vendite vettore FOR-011 - DDT 8803,CC30,55.36
MOV-002721,2025-07-30,6421,Trasporto su vendite vettore FOR-011 - DDT 2106,CC30,52.55
MOV-002722,2025-07-30,6421,Trasporto su vendite vettore FOR-011 - DDT 3078,CC30,43.29
MOV-002723,2025-07-30,6432,Ricambi per intervento di assistenza FOR-052 CL-016,CC40,53.01
MOV-002724,2025-07-30,6432,Ricambi per intervento di assistenza FOR-052 CL-219,CC40,46.70
MOV-002725,2025-07-30,6432,Ricambi per intervento di assistenza FOR-052 CL-143,CC40,57.94
MOV-002726,2025-07-31,6401,Quota ammortamento impianto IMP-01 - luglio 2025,CC10,1833.33
MOV-002727,2025-07-31,6401,Quota ammortamento impianto IMP-02 - luglio 2025,CC10,1666.67
MOV-002728,2025-07-31,6401,Quota ammortamento impianto IMP-03 - luglio 2025,CC10,1500.00
MOV-002729,2025-07-31,6401,Quota ammortamento impianto IMP-04 - luglio 2025,CC10,1166.67
MOV-002730,2025-07-31,6402,Retribuzioni produzione indiretta - luglio 2025 - retribuzioni lorde,CC10,2644.83
MOV-002731,2025-07-31,6402,Retribuzioni produzione indiretta - luglio 2025 - contributi a carico impresa,CC10,831.23
MOV-002732,2025-07-31,6402,Retribuzioni produzione indiretta - luglio 2025 - quota TFR,CC10,302.27
MOV-002733,2025-07-31,6411,Retribuzioni ufficio ordini - luglio 2025 - retribuzioni lorde,CC20,10595.82
MOV-002734,2025-07-31,6411,Retribuzioni ufficio ordini - luglio 2025 - contributi a carico impresa,CC20,3330.12
MOV-002735,2025-07-31,6411,Retribuzioni ufficio ordini - luglio 2025 - quota TFR,CC20,1210.95
MOV-002736,2025-07-31,6421,Trasporto su vendite vettore FOR-014 - DDT 9938,CC30,58.54
MOV-002737,2025-07-31,6421,Trasporto su vendite vettore FOR-012 - DDT 8032,CC30,29.94
MOV-002738,2025-07-31,6421,Trasporto su vendite vettore FOR-012 - DDT 0228,CC30,41.32
MOV-002739,2025-07-31,6421,Trasporto su vendite vettore FOR-012 - DDT 3946,CC30,55.75
MOV-002740,2025-07-31,6422,Personale di spedizione - luglio 2025 - retribuzioni lorde,CC30,2627.22
MOV-002741,2025-07-31,6422,Personale di spedizione - luglio 2025 - contributi a carico impresa,CC30,825.70
MOV-002742,2025-07-31,6422,Personale di spedizione - luglio 2025 - quota TFR,CC30,300.25
MOV-002743,2025-07-31,6431,Retribuzioni tecnici di assistenza - luglio 2025 - retribuzioni lorde,CC40,7095.28
MOV-002744,2025-07-31,6431,Retribuzioni tecnici di assistenza - luglio 2025 - contributi a carico impresa,CC40,2229.95
MOV-002745,2025-07-31,6431,Retribuzioni tecnici di assistenza - luglio 2025 - quota TFR,CC40,810.89
MOV-002746,2025-07-31,6432,Ricambi per intervento di assistenza FOR-052 CL-049,CC40,32.85
MOV-002747,2025-07-31,6432,Trasferta tecnico di assistenza - intervento presso cliente CL-076,CC40,88.49
MOV-002748,2025-07-31,6441,Retribuzioni amministrative - luglio 2025 - retribuzioni lorde,CC50,2570.81
MOV-002749,2025-07-31,6441,Retribuzioni amministrative - luglio 2025 - contributi a carico impresa,CC50,807.97
MOV-002750,2025-07-31,6441,Retribuzioni amministrative - luglio 2025 - quota TFR,CC50,293.80
MOV-002751,2025-08-01,6403,"Straordinari di reparto - 3 ore a 26,00 euro",CC10,78.00
MOV-002752,2025-08-01,6412,Canone sistemi di gestione ordini FOR-040 - agosto 2025,CC20,4500.00
MOV-002753,2025-08-01,6421,Trasporto su vendite vettore FOR-013 - DDT 6388,CC30,56.31
MOV-002754,2025-08-01,6421,Trasporto su vendite vettore FOR-013 - DDT 8665,CC30,25.46
MOV-002755,2025-08-01,6421,Trasporto su vendite vettore FOR-014 - DDT 9674,CC30,45.34
MOV-002756,2025-08-01,6421,Trasporto su vendite vettore FOR-013 - DDT 8127,CC30,31.97
MOV-002757,2025-08-01,6421,Trasporto su vendite vettore FOR-014 - DDT 5601,CC30,52.69
MOV-002758,2025-08-01,6421,Trasporto su vendite vettore FOR-013 - DDT 1261,CC30,31.37
MOV-002759,2025-08-01,6421,Trasporto su vendite vettore FOR-014 - DDT 2466,CC30,17.07
MOV-002760,2025-08-01,6421,Trasporto su vendite vettore FOR-012 - DDT 3446,CC30,54.27
MOV-002761,2025-08-01,6421,Trasporto su vendite vettore FOR-012 - DDT 6886,CC30,36.70
MOV-002762,2025-08-01,6421,Trasporto su vendite vettore FOR-013 - DDT 0287,CC30,18.90
MOV-002763,2025-08-02,6421,Trasporto su vendite vettore FOR-012 - DDT 7448,CC30,33.12
MOV-002764,2025-08-02,6421,Trasporto su vendite vettore FOR-012 - DDT 1998,CC30,49.27
MOV-002765,2025-08-02,6421,Trasporto su vendite vettore FOR-014 - DDT 2563,CC30,27.49
MOV-002766,2025-08-02,6421,Trasporto su vendite vettore FOR-013 - DDT 8096,CC30,42.09
MOV-002767,2025-08-02,6421,Trasporto su vendite vettore FOR-013 - DDT 3416,CC30,52.07
MOV-002768,2025-08-02,6421,Trasporto su vendite vettore FOR-012 - DDT 4903,CC30,18.21
MOV-002769,2025-08-02,6421,Trasporto su vendite vettore FOR-012 - DDT 2538,CC30,40.03
MOV-002770,2025-08-02,6421,Trasporto su vendite vettore FOR-012 - DDT 0350,CC30,37.57
MOV-002771,2025-08-02,6421,Trasporto su vendite vettore FOR-011 - DDT 7741,CC30,49.16
MOV-002772,2025-08-02,6421,Trasporto su vendite vettore FOR-013 - DDT 0684,CC30,35.18
MOV-002773,2025-08-02,6421,Trasporto su vendite vettore FOR-012 - DDT 0506,CC30,45.52
MOV-002774,2025-08-03,6421,Trasporto su vendite vettore FOR-013 - DDT 6720,CC30,43.50
MOV-002775,2025-08-03,6421,Trasporto su vendite vettore FOR-011 - DDT 5235,CC30,55.60
MOV-002776,2025-08-03,6421,Trasporto su vendite vettore FOR-014 - DDT 2353,CC30,16.94
MOV-002777,2025-08-03,6421,Trasporto su vendite vettore FOR-011 - DDT 5988,CC30,15.88
MOV-002778,2025-08-03,6421,Trasporto su vendite vettore FOR-013 - DDT 1291,CC30,24.14
MOV-002779,2025-08-03,6421,Trasporto su vendite vettore FOR-013 - DDT 0782,CC30,58.64
MOV-002780,2025-08-03,6421,Trasporto su vendite vettore FOR-012 - DDT 3523,CC30,20.50
MOV-002781,2025-08-03,6421,Trasporto su vendite vettore FOR-014 - DDT 4891,CC30,42.15
MOV-002782,2025-08-03,6421,Trasporto su vendite vettore FOR-011 - DDT 4125,CC30,29.67
MOV-002783,2025-08-03,6421,Trasporto su vendite vettore FOR-014 - DDT 8947,CC30,27.08
MOV-002784,2025-08-03,6421,Trasporto su vendite vettore FOR-014 - DDT 0365,CC30,54.53
MOV-002785,2025-08-03,6432,Ricambi per intervento di assistenza FOR-052 CL-103,CC40,15.78
MOV-002786,2025-08-03,6432,Ricambi per intervento di assistenza FOR-051 CL-205,CC40,40.95
MOV-002787,2025-08-03,6432,Trasferta tecnico di assistenza - intervento presso cliente CL-105,CC40,16.65
MOV-002788,2025-08-04,6421,Trasporto su vendite vettore FOR-012 - DDT 4984,CC30,26.61
MOV-002789,2025-08-04,6421,Trasporto su vendite vettore FOR-013 - DDT 7243,CC30,24.56
MOV-002790,2025-08-04,6421,Trasporto su vendite vettore FOR-012 - DDT 1138,CC30,54.82
MOV-002791,2025-08-04,6421,Trasporto su vendite vettore FOR-012 - DDT 1959,CC30,34.26
MOV-002792,2025-08-04,6421,Trasporto su vendite vettore FOR-012 - DDT 0956,CC30,33.09
MOV-002793,2025-08-04,6421,Trasporto su vendite vettore FOR-013 - DDT 4177,CC30,24.55
MOV-002794,2025-08-04,6421,Trasporto su vendite vettore FOR-011 - DDT 0611,CC30,49.68
MOV-002795,2025-08-04,6421,Trasporto su vendite vettore FOR-011 - DDT 8288,CC30,43.52
MOV-002796,2025-08-04,6421,Trasporto su vendite vettore FOR-012 - DDT 1232,CC30,18.52
MOV-002797,2025-08-04,6432,Ricambi per intervento di assistenza FOR-052 CL-208,CC40,77.72
MOV-002798,2025-08-05,6421,Trasporto su vendite vettore FOR-014 - DDT 0169,CC30,45.91
MOV-002799,2025-08-05,6421,Trasporto su vendite vettore FOR-011 - DDT 4108,CC30,36.53
MOV-002800,2025-08-05,6421,Trasporto su vendite vettore FOR-013 - DDT 1099,CC30,52.08
MOV-002801,2025-08-05,6421,Trasporto su vendite vettore FOR-013 - DDT 8145,CC30,58.36
MOV-002802,2025-08-05,6421,Trasporto su vendite vettore FOR-012 - DDT 6067,CC30,15.19
MOV-002803,2025-08-05,6421,Trasporto su vendite vettore FOR-012 - DDT 4655,CC30,34.07
MOV-002804,2025-08-05,6421,Trasporto su vendite vettore FOR-014 - DDT 9735,CC30,54.65
MOV-002805,2025-08-05,6421,Trasporto su vendite vettore FOR-014 - DDT 6904,CC30,46.47
MOV-002806,2025-08-05,6421,Trasporto su vendite vettore FOR-012 - DDT 8817,CC30,56.69
MOV-002807,2025-08-05,6421,Trasporto su vendite vettore FOR-012 - DDT 3711,CC30,16.39
MOV-002808,2025-08-05,6421,Trasporto su vendite vettore FOR-012 - DDT 9943,CC30,48.65
MOV-002809,2025-08-05,6421,Trasporto su vendite vettore FOR-014 - DDT 8145,CC30,40.20
MOV-002810,2025-08-05,6432,Trasferta tecnico di assistenza - intervento presso cliente CL-145,CC40,87.56
MOV-002811,2025-08-05,6432,Ricambi per intervento di assistenza FOR-051 CL-046,CC40,57.39
MOV-002812,2025-08-06,6421,Trasporto su vendite vettore FOR-014 - DDT 5271,CC30,40.80
MOV-002813,2025-08-06,6421,Trasporto su vendite vettore FOR-012 - DDT 0502,CC30,58.70
MOV-002814,2025-08-06,6421,Trasporto su vendite vettore FOR-014 - DDT 9498,CC30,18.49
MOV-002815,2025-08-06,6421,Trasporto su vendite vettore FOR-013 - DDT 9479,CC30,52.11
MOV-002816,2025-08-06,6421,Trasporto su vendite vettore FOR-013 - DDT 6685,CC30,53.34
MOV-002817,2025-08-06,6421,Trasporto su vendite vettore FOR-012 - DDT 1929,CC30,41.77
MOV-002818,2025-08-06,6421,Trasporto su vendite vettore FOR-014 - DDT 6107,CC30,34.44
MOV-002819,2025-08-06,6421,Trasporto su vendite vettore FOR-012 - DDT 7993,CC30,42.46
MOV-002820,2025-08-06,6421,Trasporto su vendite vettore FOR-012 - DDT 0367,CC30,19.29
MOV-002821,2025-08-06,6421,Trasporto su vendite vettore FOR-014 - DDT 0372,CC30,33.73
MOV-002822,2025-08-06,6421,Trasporto su vendite vettore FOR-012 - DDT 8136,CC30,44.99
MOV-002823,2025-08-06,6421,Trasporto su vendite vettore FOR-012 - DDT 7370,CC30,24.02
MOV-002824,2025-08-06,6421,Trasporto su vendite vettore FOR-014 - DDT 4578,CC30,54.25
MOV-002825,2025-08-06,6421,Trasporto su vendite vettore FOR-012 - DDT 1774,CC30,31.07
MOV-002826,2025-08-06,6421,Trasporto su vendite vettore FOR-014 - DDT 7954,CC30,55.65
MOV-002827,2025-08-06,6421,Trasporto su vendite vettore FOR-011 - DDT 1393,CC30,18.73
MOV-002828,2025-08-06,6421,Trasporto su vendite vettore FOR-012 - DDT 8265,CC30,21.27
MOV-002829,2025-08-06,6421,Trasporto su vendite vettore FOR-011 - DDT 0418,CC30,28.55
MOV-002830,2025-08-06,6432,Ricambi per intervento di assistenza FOR-052 CL-248,CC40,19.45
MOV-002831,2025-08-07,6403,"Straordinari di reparto - 4 ore a 26,00 euro",CC10,104.00
MOV-002832,2025-08-07,6421,Trasporto su vendite vettore FOR-011 - DDT 8083,CC30,36.84
MOV-002833,2025-08-07,6421,Trasporto su vendite vettore FOR-014 - DDT 5469,CC30,42.10
MOV-002834,2025-08-07,6421,Trasporto su vendite vettore FOR-012 - DDT 9881,CC30,36.34
MOV-002835,2025-08-07,6421,Trasporto su vendite vettore FOR-014 - DDT 3093,CC30,19.91
MOV-002836,2025-08-07,6421,Trasporto su vendite vettore FOR-014 - DDT 8571,CC30,47.09
MOV-002837,2025-08-07,6421,Trasporto su vendite vettore FOR-012 - DDT 6873,CC30,31.76
MOV-002838,2025-08-07,6421,Trasporto su vendite vettore FOR-014 - DDT 2061,CC30,39.86
MOV-002839,2025-08-07,6421,Trasporto su vendite vettore FOR-014 - DDT 1139,CC30,33.54
MOV-002840,2025-08-07,6421,Trasporto su vendite vettore FOR-013 - DDT 8405,CC30,20.44
MOV-002841,2025-08-07,6421,Trasporto su vendite vettore FOR-014 - DDT 4162,CC30,25.85
MOV-002842,2025-08-07,6421,Trasporto su vendite vettore FOR-013 - DDT 4394,CC30,52.42
MOV-002843,2025-08-07,6421,Trasporto su vendite vettore FOR-011 - DDT 6878,CC30,19.99
MOV-002844,2025-08-07,6421,Trasporto su vendite vettore FOR-013 - DDT 1593,CC30,30.99
MOV-002845,2025-08-07,6421,Trasporto su vendite vettore FOR-012 - DDT 7233,CC30,48.40
MOV-002846,2025-08-07,6421,Trasporto su vendite vettore FOR-012 - DDT 3242,CC30,25.98
MOV-002847,2025-08-07,6421,Trasporto su vendite vettore FOR-011 - DDT 0960,CC30,51.61
MOV-002848,2025-08-08,6403,"Lavorazione esterna a ore FOR-032 - 4 ore a 29,00 euro",CC10,116.00
MOV-002849,2025-08-08,6403,"Lavorazione esterna a ore FOR-032 - 6 ore a 29,00 euro",CC10,174.00
MOV-002850,2025-08-08,6421,Trasporto su vendite vettore FOR-013 - DDT 2219,CC30,44.66
MOV-002851,2025-08-08,6421,Trasporto su vendite vettore FOR-011 - DDT 7786,CC30,23.67
MOV-002852,2025-08-08,6421,Trasporto su vendite vettore FOR-012 - DDT 8135,CC30,24.21
MOV-002853,2025-08-08,6421,Trasporto su vendite vettore FOR-011 - DDT 5349,CC30,24.40
MOV-002854,2025-08-08,6421,Trasporto su vendite vettore FOR-012 - DDT 8500,CC30,28.37
MOV-002855,2025-08-08,6421,Trasporto su vendite vettore FOR-011 - DDT 6727,CC30,30.46
MOV-002856,2025-08-08,6421,Trasporto su vendite vettore FOR-012 - DDT 1823,CC30,17.56
MOV-002857,2025-08-08,6421,Trasporto su vendite vettore FOR-012 - DDT 6099,CC30,29.13
MOV-002858,2025-08-08,6421,Trasporto su vendite vettore FOR-013 - DDT 7655,CC30,17.70
MOV-002859,2025-08-08,6421,Trasporto su vendite vettore FOR-014 - DDT 7348,CC30,53.02
MOV-002860,2025-08-08,6421,Trasporto su vendite vettore FOR-013 - DDT 4966,CC30,41.05
MOV-002861,2025-08-08,6421,Trasporto su vendite vettore FOR-011 - DDT 5429,CC30,34.66
MOV-002862,2025-08-08,6421,Trasporto su vendite vettore FOR-014 - DDT 1310,CC30,45.40
MOV-002863,2025-08-08,6421,Trasporto su vendite vettore FOR-013 - DDT 6694,CC30,16.77
MOV-002864,2025-08-08,6421,Trasporto su vendite vettore FOR-014 - DDT 8695,CC30,42.10
MOV-002865,2025-08-08,6421,Trasporto su vendite vettore FOR-012 - DDT 1104,CC30,33.36
MOV-002866,2025-08-08,6432,Ricambi per intervento di assistenza FOR-051 CL-019,CC40,57.39
MOV-002867,2025-08-08,6432,Ricambi per intervento di assistenza FOR-052 CL-152,CC40,43.71
MOV-002868,2025-08-08,6432,Trasferta tecnico di assistenza - intervento presso cliente CL-150,CC40,75.76
MOV-002869,2025-08-08,6432,Trasferta tecnico di assistenza - intervento presso cliente CL-075,CC40,70.02
MOV-002870,2025-08-09,6421,Trasporto su vendite vettore FOR-011 - DDT 7166,CC30,27.27
MOV-002871,2025-08-09,6421,Trasporto su vendite vettore FOR-014 - DDT 3418,CC30,53.55
MOV-002872,2025-08-09,6421,Trasporto su vendite vettore FOR-014 - DDT 8184,CC30,37.00
MOV-002873,2025-08-09,6421,Trasporto su vendite vettore FOR-012 - DDT 2418,CC30,57.19
MOV-002874,2025-08-09,6421,Trasporto su vendite vettore FOR-012 - DDT 9858,CC30,17.12
MOV-002875,2025-08-09,6421,Trasporto su vendite vettore FOR-014 - DDT 1646,CC30,23.97
MOV-002876,2025-08-09,6421,Trasporto su vendite vettore FOR-014 - DDT 3635,CC30,55.95
MOV-002877,2025-08-10,6403,"Straordinari di reparto - 3 ore a 26,00 euro",CC10,78.00
MOV-002878,2025-08-10,6403,"Straordinari di reparto - 3 ore a 26,00 euro",CC10,78.00
MOV-002879,2025-08-10,6421,Trasporto su vendite vettore FOR-011 - DDT 4658,CC30,42.71
MOV-002880,2025-08-10,6421,Trasporto su vendite vettore FOR-012 - DDT 0932,CC30,21.55
MOV-002881,2025-08-10,6421,Trasporto su vendite vettore FOR-014 - DDT 7640,CC30,26.61
MOV-002882,2025-08-10,6421,Trasporto su vendite vettore FOR-013 - DDT 1570,CC30,52.39
MOV-002883,2025-08-10,6421,Trasporto su vendite vettore FOR-013 - DDT 5097,CC30,46.87
MOV-002884,2025-08-10,6421,Trasporto su vendite vettore FOR-014 - DDT 4510,CC30,30.42
MOV-002885,2025-08-10,6421,Trasporto su vendite vettore FOR-012 - DDT 8516,CC30,44.59
MOV-002886,2025-08-11,6421,Trasporto su vendite vettore FOR-012 - DDT 8329,CC30,43.27
MOV-002887,2025-08-11,6421,Trasporto su vendite vettore FOR-012 - DDT 6617,CC30,22.21
MOV-002888,2025-08-11,6421,Trasporto su vendite vettore FOR-013 - DDT 0941,CC30,35.47
MOV-002889,2025-08-11,6421,Trasporto su vendite vettore FOR-013 - DDT 9022,CC30,43.49
MOV-002890,2025-08-11,6421,Trasporto su vendite vettore FOR-011 - DDT 8788,CC30,16.58
MOV-002891,2025-08-11,6421,Trasporto su vendite vettore FOR-013 - DDT 4042,CC30,46.74
MOV-002892,2025-08-11,6421,Trasporto su vendite vettore FOR-011 - DDT 4140,CC30,32.16
MOV-002893,2025-08-11,6421,Trasporto su vendite vettore FOR-013 - DDT 3022,CC30,42.32
MOV-002894,2025-08-11,6421,Trasporto su vendite vettore FOR-011 - DDT 5594,CC30,14.93
MOV-002895,2025-08-11,6421,Trasporto su vendite vettore FOR-014 - DDT 3251,CC30,24.68
MOV-002896,2025-08-11,6421,Trasporto su vendite vettore FOR-013 - DDT 0919,CC30,36.07
MOV-002897,2025-08-11,6421,Trasporto su vendite vettore FOR-013 - DDT 9397,CC30,46.16
MOV-002898,2025-08-11,6421,Trasporto su vendite vettore FOR-011 - DDT 9673,CC30,57.30
MOV-002899,2025-08-11,6432,Ricambi per intervento di assistenza FOR-051 CL-047,CC40,23.18
MOV-002900,2025-08-11,6432,Trasferta tecnico di assistenza - intervento presso cliente CL-083,CC40,40.49
MOV-002901,2025-08-11,6432,Ricambi per intervento di assistenza FOR-051 CL-021,CC40,26.51
MOV-002902,2025-08-12,6421,Trasporto su vendite vettore FOR-013 - DDT 9557,CC30,29.49
MOV-002903,2025-08-12,6421,Trasporto su vendite vettore FOR-014 - DDT 6973,CC30,26.80
MOV-002904,2025-08-12,6421,Trasporto su vendite vettore FOR-013 - DDT 5777,CC30,33.80
MOV-002905,2025-08-12,6421,Trasporto su vendite vettore FOR-014 - DDT 4445,CC30,49.92
MOV-002906,2025-08-12,6421,Trasporto su vendite vettore FOR-013 - DDT 4755,CC30,47.60
MOV-002907,2025-08-12,6421,Trasporto su vendite vettore FOR-014 - DDT 7654,CC30,53.15
MOV-002908,2025-08-12,6421,Trasporto su vendite vettore FOR-014 - DDT 1899,CC30,50.85
MOV-002909,2025-08-12,6421,Trasporto su vendite vettore FOR-012 - DDT 2733,CC30,34.13
MOV-002910,2025-08-12,6432,Ricambi per intervento di assistenza FOR-051 CL-244,CC40,87.46
MOV-002911,2025-08-13,6403,"Straordinari di reparto - 3 ore a 26,00 euro",CC10,78.00
MOV-002912,2025-08-13,6421,Trasporto su vendite vettore FOR-013 - DDT 8610,CC30,38.31
MOV-002913,2025-08-13,6421,Trasporto su vendite vettore FOR-011 - DDT 5267,CC30,29.58
MOV-002914,2025-08-13,6421,Trasporto su vendite vettore FOR-012 - DDT 7339,CC30,15.79
MOV-002915,2025-08-13,6421,Trasporto su vendite vettore FOR-012 - DDT 1185,CC30,27.13
MOV-002916,2025-08-13,6421,Trasporto su vendite vettore FOR-013 - DDT 5524,CC30,29.34
MOV-002917,2025-08-13,6421,Trasporto su vendite vettore FOR-012 - DDT 4256,CC30,25.19
MOV-002918,2025-08-13,6421,Trasporto su vendite vettore FOR-013 - DDT 9385,CC30,43.87
MOV-002919,2025-08-13,6421,Trasporto su vendite vettore FOR-014 - DDT 6434,CC30,17.22
MOV-002920,2025-08-13,6421,Trasporto su vendite vettore FOR-011 - DDT 9392,CC30,17.11
MOV-002921,2025-08-13,6421,Trasporto su vendite vettore FOR-011 - DDT 2398,CC30,16.04
MOV-002922,2025-08-13,6421,Trasporto su vendite vettore FOR-013 - DDT 8707,CC30,39.26
MOV-002923,2025-08-13,6421,Trasporto su vendite vettore FOR-011 - DDT 0773,CC30,48.73
MOV-002924,2025-08-13,6421,Trasporto su vendite vettore FOR-011 - DDT 6043,CC30,31.58
MOV-002925,2025-08-13,6421,Trasporto su vendite vettore FOR-012 - DDT 6911,CC30,33.17
MOV-002926,2025-08-13,6421,Trasporto su vendite vettore FOR-011 - DDT 5316,CC30,21.99
MOV-002927,2025-08-13,6421,Trasporto su vendite vettore FOR-014 - DDT 4199,CC30,52.43
MOV-002928,2025-08-14,6421,Trasporto su vendite vettore FOR-012 - DDT 2177,CC30,43.60
MOV-002929,2025-08-14,6421,Trasporto su vendite vettore FOR-012 - DDT 6905,CC30,46.39
MOV-002930,2025-08-14,6421,Trasporto su vendite vettore FOR-011 - DDT 9769,CC30,52.25
MOV-002931,2025-08-14,6421,Trasporto su vendite vettore FOR-012 - DDT 8804,CC30,42.07
MOV-002932,2025-08-14,6421,Trasporto su vendite vettore FOR-011 - DDT 9746,CC30,25.37
MOV-002933,2025-08-14,6421,Trasporto su vendite vettore FOR-013 - DDT 9334,CC30,24.66
MOV-002934,2025-08-14,6421,Trasporto su vendite vettore FOR-014 - DDT 8476,CC30,20.84
MOV-002935,2025-08-14,6421,Trasporto su vendite vettore FOR-011 - DDT 4154,CC30,51.86
MOV-002936,2025-08-14,6421,Trasporto su vendite vettore FOR-011 - DDT 0468,CC30,51.12
MOV-002937,2025-08-14,6421,Trasporto su vendite vettore FOR-012 - DDT 2449,CC30,42.00
MOV-002938,2025-08-14,6432,Ricambi per intervento di assistenza FOR-052 CL-156,CC40,73.95
MOV-002939,2025-08-14,6432,Ricambi per intervento di assistenza FOR-052 CL-137,CC40,75.12
MOV-002940,2025-08-14,6432,Trasferta tecnico di assistenza - intervento presso cliente CL-195,CC40,50.15
MOV-002941,2025-08-15,6421,Trasporto su vendite vettore FOR-013 - DDT 2562,CC30,42.32
MOV-002942,2025-08-15,6421,Trasporto su vendite vettore FOR-011 - DDT 9679,CC30,28.99
MOV-002943,2025-08-15,6421,Trasporto su vendite vettore FOR-012 - DDT 1279,CC30,47.35
MOV-002944,2025-08-15,6421,Trasporto su vendite vettore FOR-014 - DDT 5599,CC30,20.50
MOV-002945,2025-08-15,6421,Trasporto su vendite vettore FOR-012 - DDT 8209,CC30,21.41
MOV-002946,2025-08-15,6421,Trasporto su vendite vettore FOR-013 - DDT 4018,CC30,25.17
MOV-002947,2025-08-15,6421,Trasporto su vendite vettore FOR-012 - DDT 0499,CC30,15.02
MOV-002948,2025-08-15,6421,Trasporto su vendite vettore FOR-014 - DDT 0512,CC30,30.38
MOV-002949,2025-08-15,6421,Trasporto su vendite vettore FOR-014 - DDT 6707,CC30,38.37
MOV-002950,2025-08-15,6421,Trasporto su vendite vettore FOR-011 - DDT 9127,CC30,56.81
MOV-002951,2025-08-15,6421,Trasporto su vendite vettore FOR-012 - DDT 1895,CC30,48.47
MOV-002952,2025-08-15,6421,Trasporto su vendite vettore FOR-014 - DDT 5878,CC30,25.11
MOV-002953,2025-08-15,6421,Trasporto su vendite vettore FOR-013 - DDT 4073,CC30,58.64
MOV-002954,2025-08-15,6432,Trasferta tecnico di assistenza - intervento presso cliente CL-142,CC40,69.51
MOV-002955,2025-08-15,6432,Ricambi per intervento di assistenza FOR-051 CL-169,CC40,64.35
MOV-002956,2025-08-16,6403,"Lavorazione esterna a ore FOR-032 - 5 ore a 29,00 euro",CC10,145.00
MOV-002957,2025-08-16,6421,Trasporto su vendite vettore FOR-013 - DDT 7679,CC30,40.12
MOV-002958,2025-08-16,6421,Trasporto su vendite vettore FOR-011 - DDT 8927,CC30,40.06
MOV-002959,2025-08-16,6421,Trasporto su vendite vettore FOR-012 - DDT 6855,CC30,22.71
MOV-002960,2025-08-16,6421,Trasporto su vendite vettore FOR-012 - DDT 8100,CC30,39.75
MOV-002961,2025-08-16,6421,Trasporto su vendite vettore FOR-011 - DDT 0379,CC30,39.25
MOV-002962,2025-08-16,6421,Trasporto su vendite vettore FOR-014 - DDT 5116,CC30,22.09
MOV-002963,2025-08-16,6421,Trasporto su vendite vettore FOR-012 - DDT 8168,CC30,20.26
MOV-002964,2025-08-16,6421,Trasporto su vendite vettore FOR-011 - DDT 2829,CC30,27.30
MOV-002965,2025-08-16,6421,Trasporto su vendite vettore FOR-011 - DDT 3418,CC30,21.13
MOV-002966,2025-08-16,6421,Trasporto su vendite vettore FOR-012 - DDT 6818,CC30,52.29
MOV-002967,2025-08-16,6421,Trasporto su vendite vettore FOR-013 - DDT 7525,CC30,26.09
MOV-002968,2025-08-16,6421,Trasporto su vendite vettore FOR-013 - DDT 9258,CC30,47.96
MOV-002969,2025-08-16,6421,Trasporto su vendite vettore FOR-012 - DDT 8025,CC30,54.94
MOV-002970,2025-08-16,6421,Trasporto su vendite vettore FOR-011 - DDT 8848,CC30,53.25
MOV-002971,2025-08-16,6421,Trasporto su vendite vettore FOR-011 - DDT 1090,CC30,30.87
MOV-002972,2025-08-16,6421,Trasporto su vendite vettore FOR-013 - DDT 2086,CC30,56.68
MOV-002973,2025-08-16,6432,Ricambi per intervento di assistenza FOR-052 CL-099,CC40,83.08
MOV-002974,2025-08-17,6421,Trasporto su vendite vettore FOR-013 - DDT 1569,CC30,49.14
MOV-002975,2025-08-17,6421,Trasporto su vendite vettore FOR-013 - DDT 9944,CC30,53.41
MOV-002976,2025-08-17,6421,Trasporto su vendite vettore FOR-012 - DDT 9546,CC30,28.05
MOV-002977,2025-08-17,6421,Trasporto su vendite vettore FOR-011 - DDT 8112,CC30,43.97
MOV-002978,2025-08-17,6421,Trasporto su vendite vettore FOR-012 - DDT 2486,CC30,20.07
MOV-002979,2025-08-17,6421,Trasporto su vendite vettore FOR-012 - DDT 6720,CC30,59.02
MOV-002980,2025-08-17,6421,Trasporto su vendite vettore FOR-011 - DDT 2506,CC30,33.66
MOV-002981,2025-08-17,6421,Trasporto su vendite vettore FOR-013 - DDT 6535,CC30,55.72
MOV-002982,2025-08-17,6421,Trasporto su vendite vettore FOR-012 - DDT 7712,CC30,36.16
MOV-002983,2025-08-17,6421,Trasporto su vendite vettore FOR-014 - DDT 0648,CC30,26.17
MOV-002984,2025-08-17,6432,Ricambi per intervento di assistenza FOR-052 CL-029,CC40,73.42
MOV-002985,2025-08-17,6432,Ricambi per intervento di assistenza FOR-051 CL-173,CC40,16.64
MOV-002986,2025-08-17,6432,Ricambi per intervento di assistenza FOR-051 CL-194,CC40,59.57
MOV-002987,2025-08-18,6403,"Straordinari di reparto - 3 ore a 26,00 euro",CC10,78.00
MOV-002988,2025-08-18,6421,Trasporto su vendite vettore FOR-014 - DDT 2237,CC30,43.00
MOV-002989,2025-08-18,6421,Trasporto su vendite vettore FOR-012 - DDT 8396,CC30,52.15
MOV-002990,2025-08-18,6421,Trasporto su vendite vettore FOR-014 - DDT 6866,CC30,25.22
MOV-002991,2025-08-18,6421,Trasporto su vendite vettore FOR-011 - DDT 6958,CC30,58.96
MOV-002992,2025-08-18,6421,Trasporto su vendite vettore FOR-013 - DDT 1014,CC30,16.89
MOV-002993,2025-08-18,6421,Trasporto su vendite vettore FOR-014 - DDT 4910,CC30,58.84
MOV-002994,2025-08-18,6421,Trasporto su vendite vettore FOR-012 - DDT 1608,CC30,21.90
MOV-002995,2025-08-18,6421,Trasporto su vendite vettore FOR-013 - DDT 9338,CC30,27.51
MOV-002996,2025-08-18,6421,Trasporto su vendite vettore FOR-011 - DDT 3029,CC30,15.91
MOV-002997,2025-08-18,6421,Trasporto su vendite vettore FOR-013 - DDT 7801,CC30,17.37
MOV-002998,2025-08-18,6421,Trasporto su vendite vettore FOR-014 - DDT 8497,CC30,45.14
MOV-002999,2025-08-18,6421,Trasporto su vendite vettore FOR-012 - DDT 0577,CC30,37.94
MOV-003000,2025-08-18,6421,Trasporto su vendite vettore FOR-011 - DDT 6099,CC30,53.66
MOV-003001,2025-08-18,6421,Trasporto su vendite vettore FOR-012 - DDT 9932,CC30,35.40
MOV-003002,2025-08-18,6421,Trasporto su vendite vettore FOR-014 - DDT 0991,CC30,40.62
MOV-003003,2025-08-18,6432,Ricambi per intervento di assistenza FOR-052 CL-151,CC40,23.53
MOV-003004,2025-08-18,6432,Ricambi per intervento di assistenza FOR-051 CL-064,CC40,23.81
MOV-003005,2025-08-19,6421,Trasporto su vendite vettore FOR-012 - DDT 4686,CC30,24.03
MOV-003006,2025-08-19,6421,Trasporto su vendite vettore FOR-012 - DDT 7319,CC30,15.62
MOV-003007,2025-08-19,6421,Trasporto su vendite vettore FOR-011 - DDT 8980,CC30,19.13
MOV-003008,2025-08-19,6421,Trasporto su vendite vettore FOR-013 - DDT 6130,CC30,37.62
MOV-003009,2025-08-19,6421,Trasporto su vendite vettore FOR-012 - DDT 6511,CC30,43.56
MOV-003010,2025-08-19,6421,Trasporto su vendite vettore FOR-013 - DDT 5302,CC30,28.04
MOV-003011,2025-08-19,6421,Trasporto su vendite vettore FOR-012 - DDT 0144,CC30,20.36
MOV-003012,2025-08-19,6421,Trasporto su vendite vettore FOR-014 - DDT 6608,CC30,27.20
MOV-003013,2025-08-19,6421,Trasporto su vendite vettore FOR-012 - DDT 6635,CC30,19.11
MOV-003014,2025-08-19,6432,Trasferta tecnico di assistenza - intervento presso cliente CL-019,CC40,15.75
MOV-003015,2025-08-19,6432,Ricambi per intervento di assistenza FOR-052 CL-174,CC40,47.30
MOV-003016,2025-08-19,6432,Ricambi per intervento di assistenza FOR-052 CL-223,CC40,51.08
MOV-003017,2025-08-19,6432,Ricambi per intervento di assistenza FOR-052 CL-197,CC40,26.55
MOV-003018,2025-08-20,6421,Trasporto su vendite vettore FOR-013 - DDT 1956,CC30,31.16
MOV-003019,2025-08-20,6421,Trasporto su vendite vettore FOR-013 - DDT 9332,CC30,50.96
MOV-003020,2025-08-20,6421,Trasporto su vendite vettore FOR-011 - DDT 2882,CC30,45.96
MOV-003021,2025-08-20,6421,Trasporto su vendite vettore FOR-013 - DDT 1454,CC30,40.16
MOV-003022,2025-08-20,6432,Ricambi per intervento di assistenza FOR-051 CL-088,CC40,66.28
MOV-003023,2025-08-20,6432,Trasferta tecnico di assistenza - intervento presso cliente CL-090,CC40,81.56
MOV-003024,2025-08-20,6432,Ricambi per intervento di assistenza FOR-052 CL-010,CC40,51.22
MOV-003025,2025-08-20,6432,Ricambi per intervento di assistenza FOR-052 CL-218,CC40,39.58
MOV-003026,2025-08-21,6421,Trasporto su vendite vettore FOR-014 - DDT 3524,CC30,51.95
MOV-003027,2025-08-21,6421,Trasporto su vendite vettore FOR-014 - DDT 8988,CC30,57.90
MOV-003028,2025-08-21,6421,Trasporto su vendite vettore FOR-013 - DDT 9372,CC30,19.75
MOV-003029,2025-08-21,6421,Trasporto su vendite vettore FOR-013 - DDT 2752,CC30,30.23
MOV-003030,2025-08-21,6421,Trasporto su vendite vettore FOR-014 - DDT 1486,CC30,24.74
MOV-003031,2025-08-21,6421,Trasporto su vendite vettore FOR-013 - DDT 6965,CC30,56.56
MOV-003032,2025-08-21,6421,Trasporto su vendite vettore FOR-014 - DDT 2815,CC30,53.27
MOV-003033,2025-08-21,6421,Trasporto su vendite vettore FOR-014 - DDT 9359,CC30,42.42
MOV-003034,2025-08-21,6421,Trasporto su vendite vettore FOR-014 - DDT 1304,CC30,54.66
MOV-003035,2025-08-21,6432,Trasferta tecnico di assistenza - intervento presso cliente CL-233,CC40,67.19
MOV-003036,2025-08-22,6421,Trasporto su vendite vettore FOR-013 - DDT 5883,CC30,53.28
MOV-003037,2025-08-22,6421,Trasporto su vendite vettore FOR-013 - DDT 0703,CC30,36.88
MOV-003038,2025-08-22,6421,Trasporto su vendite vettore FOR-011 - DDT 7864,CC30,52.66
MOV-003039,2025-08-22,6421,Trasporto su vendite vettore FOR-014 - DDT 5661,CC30,14.78
MOV-003040,2025-08-22,6421,Trasporto su vendite vettore FOR-012 - DDT 3921,CC30,38.73
MOV-003041,2025-08-22,6421,Trasporto su vendite vettore FOR-014 - DDT 5277,CC30,17.01
MOV-003042,2025-08-22,6421,Trasporto su vendite vettore FOR-014 - DDT 9595,CC30,41.62
MOV-003043,2025-08-22,6421,Trasporto su vendite vettore FOR-014 - DDT 0612,CC30,41.61
MOV-003044,2025-08-22,6421,Trasporto su vendite vettore FOR-011 - DDT 3208,CC30,56.58
MOV-003045,2025-08-22,6432,Ricambi per intervento di assistenza FOR-052 CL-125,CC40,81.53
MOV-003046,2025-08-23,6403,"Lavorazione esterna a ore FOR-034 - 3 ore a 29,00 euro",CC10,87.00
MOV-003047,2025-08-23,6421,Trasporto su vendite vettore FOR-012 - DDT 1471,CC30,46.89
MOV-003048,2025-08-23,6421,Trasporto su vendite vettore FOR-011 - DDT 0958,CC30,18.80
MOV-003049,2025-08-23,6421,Trasporto su vendite vettore FOR-014 - DDT 3060,CC30,22.94
MOV-003050,2025-08-23,6421,Trasporto su vendite vettore FOR-011 - DDT 7270,CC30,37.29
MOV-003051,2025-08-23,6421,Trasporto su vendite vettore FOR-014 - DDT 3305,CC30,51.77
MOV-003052,2025-08-23,6421,Trasporto su vendite vettore FOR-011 - DDT 6679,CC30,55.59
MOV-003053,2025-08-23,6421,Trasporto su vendite vettore FOR-014 - DDT 6907,CC30,15.85
MOV-003054,2025-08-23,6421,Trasporto su vendite vettore FOR-013 - DDT 4607,CC30,42.73
MOV-003055,2025-08-23,6421,Trasporto su vendite vettore FOR-011 - DDT 8610,CC30,51.96
MOV-003056,2025-08-23,6421,Trasporto su vendite vettore FOR-013 - DDT 7557,CC30,40.31
MOV-003057,2025-08-23,6421,Trasporto su vendite vettore FOR-011 - DDT 8643,CC30,22.72
MOV-003058,2025-08-23,6421,Trasporto su vendite vettore FOR-013 - DDT 9235,CC30,54.65
MOV-003059,2025-08-23,6421,Trasporto su vendite vettore FOR-014 - DDT 2780,CC30,45.58
MOV-003060,2025-08-23,6421,Trasporto su vendite vettore FOR-014 - DDT 7716,CC30,37.28
MOV-003061,2025-08-24,6421,Trasporto su vendite vettore FOR-013 - DDT 2229,CC30,30.89
MOV-003062,2025-08-24,6421,Trasporto su vendite vettore FOR-014 - DDT 9371,CC30,19.27
MOV-003063,2025-08-24,6421,Trasporto su vendite vettore FOR-014 - DDT 4999,CC30,40.15
MOV-003064,2025-08-24,6421,Trasporto su vendite vettore FOR-012 - DDT 0674,CC30,56.72
MOV-003065,2025-08-24,6421,Trasporto su vendite vettore FOR-014 - DDT 0710,CC30,46.58
MOV-003066,2025-08-24,6421,Trasporto su vendite vettore FOR-011 - DDT 2609,CC30,30.01
MOV-003067,2025-08-24,6421,Trasporto su vendite vettore FOR-014 - DDT 1949,CC30,35.00
MOV-003068,2025-08-24,6421,Trasporto su vendite vettore FOR-012 - DDT 2805,CC30,15.86
MOV-003069,2025-08-24,6432,Ricambi per intervento di assistenza FOR-051 CL-176,CC40,84.94
MOV-003070,2025-08-24,6432,Ricambi per intervento di assistenza FOR-052 CL-050,CC40,30.29
MOV-003071,2025-08-24,6432,Ricambi per intervento di assistenza FOR-051 CL-090,CC40,60.26
MOV-003072,2025-08-25,6403,"Straordinari di reparto - 2 ore a 26,00 euro",CC10,52.00
MOV-003073,2025-08-25,6403,"Straordinari di reparto - 4 ore a 26,00 euro",CC10,104.00
MOV-003074,2025-08-25,6421,Trasporto su vendite vettore FOR-012 - DDT 3639,CC30,45.41
MOV-003075,2025-08-25,6421,Trasporto su vendite vettore FOR-011 - DDT 0503,CC30,19.60
MOV-003076,2025-08-25,6421,Trasporto su vendite vettore FOR-011 - DDT 9748,CC30,56.97
MOV-003077,2025-08-25,6421,Trasporto su vendite vettore FOR-011 - DDT 3115,CC30,28.36
MOV-003078,2025-08-25,6421,Trasporto su vendite vettore FOR-011 - DDT 2992,CC30,23.43
MOV-003079,2025-08-25,6421,Trasporto su vendite vettore FOR-013 - DDT 2874,CC30,21.09
MOV-003080,2025-08-25,6421,Trasporto su vendite vettore FOR-014 - DDT 4389,CC30,35.58
MOV-003081,2025-08-26,6421,Trasporto su vendite vettore FOR-014 - DDT 2377,CC30,49.90
MOV-003082,2025-08-26,6421,Trasporto su vendite vettore FOR-014 - DDT 0409,CC30,22.81
MOV-003083,2025-08-26,6421,Trasporto su vendite vettore FOR-014 - DDT 8387,CC30,28.55
MOV-003084,2025-08-26,6421,Trasporto su vendite vettore FOR-011 - DDT 5032,CC30,35.87
MOV-003085,2025-08-26,6421,Trasporto su vendite vettore FOR-011 - DDT 4814,CC30,46.09
MOV-003086,2025-08-26,6421,Trasporto su vendite vettore FOR-013 - DDT 5495,CC30,32.88
MOV-003087,2025-08-26,6421,Trasporto su vendite vettore FOR-011 - DDT 4032,CC30,46.55
MOV-003088,2025-08-26,6421,Trasporto su vendite vettore FOR-011 - DDT 5633,CC30,42.49
MOV-003089,2025-08-26,6421,Trasporto su vendite vettore FOR-012 - DDT 7358,CC30,22.92
MOV-003090,2025-08-26,6421,Trasporto su vendite vettore FOR-011 - DDT 5585,CC30,50.81
MOV-003091,2025-08-26,6432,Ricambi per intervento di assistenza FOR-052 CL-028,CC40,44.62
MOV-003092,2025-08-26,6432,Trasferta tecnico di assistenza - intervento presso cliente CL-169,CC40,51.84
MOV-003093,2025-08-26,6432,Ricambi per intervento di assistenza FOR-051 CL-202,CC40,18.20
MOV-003094,2025-08-27,6421,Trasporto su vendite vettore FOR-011 - DDT 9465,CC30,17.12
MOV-003095,2025-08-27,6421,Trasporto su vendite vettore FOR-012 - DDT 8642,CC30,46.25
MOV-003096,2025-08-27,6421,Trasporto su vendite vettore FOR-012 - DDT 9255,CC30,47.70
MOV-003097,2025-08-27,6421,Trasporto su vendite vettore FOR-014 - DDT 7432,CC30,37.66
MOV-003098,2025-08-27,6421,Trasporto su vendite vettore FOR-014 - DDT 8198,CC30,20.18
MOV-003099,2025-08-27,6421,Trasporto su vendite vettore FOR-013 - DDT 7930,CC30,24.25
MOV-003100,2025-08-27,6432,Ricambi per intervento di assistenza FOR-052 CL-233,CC40,57.54
MOV-003101,2025-08-27,6432,Ricambi per intervento di assistenza FOR-052 CL-151,CC40,19.13
MOV-003102,2025-08-28,6421,Trasporto su vendite vettore FOR-013 - DDT 9056,CC30,43.40
MOV-003103,2025-08-28,6421,Trasporto su vendite vettore FOR-011 - DDT 9667,CC30,55.57
MOV-003104,2025-08-28,6421,Trasporto su vendite vettore FOR-013 - DDT 2219,CC30,32.59
MOV-003105,2025-08-28,6421,Trasporto su vendite vettore FOR-013 - DDT 4714,CC30,15.58
MOV-003106,2025-08-28,6421,Trasporto su vendite vettore FOR-014 - DDT 4742,CC30,26.50
MOV-003107,2025-08-28,6421,Trasporto su vendite vettore FOR-011 - DDT 3137,CC30,20.02
MOV-003108,2025-08-28,6421,Trasporto su vendite vettore FOR-012 - DDT 3111,CC30,25.57
MOV-003109,2025-08-28,6421,Trasporto su vendite vettore FOR-011 - DDT 8438,CC30,27.24
MOV-003110,2025-08-28,6421,Trasporto su vendite vettore FOR-013 - DDT 0056,CC30,22.46
MOV-003111,2025-08-28,6421,Trasporto su vendite vettore FOR-014 - DDT 0358,CC30,43.75
MOV-003112,2025-08-28,6421,Trasporto su vendite vettore FOR-012 - DDT 4111,CC30,27.96
MOV-003113,2025-08-28,6432,Ricambi per intervento di assistenza FOR-051 CL-233,CC40,43.15
MOV-003114,2025-08-29,6421,Trasporto su vendite vettore FOR-012 - DDT 0089,CC30,17.04
MOV-003115,2025-08-29,6421,Trasporto su vendite vettore FOR-011 - DDT 7028,CC30,45.38
MOV-003116,2025-08-29,6421,Trasporto su vendite vettore FOR-013 - DDT 5012,CC30,23.87
MOV-003117,2025-08-29,6421,Trasporto su vendite vettore FOR-011 - DDT 4873,CC30,50.19
MOV-003118,2025-08-29,6421,Trasporto su vendite vettore FOR-012 - DDT 0617,CC30,37.40
MOV-003119,2025-08-29,6421,Trasporto su vendite vettore FOR-011 - DDT 8062,CC30,47.83
MOV-003120,2025-08-29,6421,Trasporto su vendite vettore FOR-011 - DDT 9176,CC30,54.63
MOV-003121,2025-08-29,6421,Trasporto su vendite vettore FOR-011 - DDT 1283,CC30,16.26
MOV-003122,2025-08-29,6421,Trasporto su vendite vettore FOR-011 - DDT 5075,CC30,21.54
MOV-003123,2025-08-29,6421,Trasporto su vendite vettore FOR-011 - DDT 2843,CC30,29.06
MOV-003124,2025-08-29,6421,Trasporto su vendite vettore FOR-012 - DDT 0459,CC30,25.19
MOV-003125,2025-08-29,6421,Trasporto su vendite vettore FOR-012 - DDT 9880,CC30,18.91
MOV-003126,2025-08-29,6432,Ricambi per intervento di assistenza FOR-052 CL-239,CC40,64.55
MOV-003127,2025-08-30,6403,"Lavorazione esterna a ore FOR-032 - 3 ore a 29,00 euro",CC10,87.00
MOV-003128,2025-08-30,6421,Trasporto su vendite vettore FOR-012 - DDT 2560,CC30,26.87
MOV-003129,2025-08-30,6421,Trasporto su vendite vettore FOR-014 - DDT 6459,CC30,53.24
MOV-003130,2025-08-30,6421,Trasporto su vendite vettore FOR-014 - DDT 9438,CC30,44.40
MOV-003131,2025-08-30,6421,Trasporto su vendite vettore FOR-012 - DDT 9233,CC30,26.47
MOV-003132,2025-08-30,6421,Trasporto su vendite vettore FOR-013 - DDT 5885,CC30,38.00
MOV-003133,2025-08-30,6421,Trasporto su vendite vettore FOR-013 - DDT 3201,CC30,23.61
MOV-003134,2025-08-30,6421,Trasporto su vendite vettore FOR-012 - DDT 5046,CC30,29.84
MOV-003135,2025-08-30,6421,Trasporto su vendite vettore FOR-014 - DDT 6316,CC30,23.20
MOV-003136,2025-08-30,6421,Trasporto su vendite vettore FOR-013 - DDT 6559,CC30,51.03
MOV-003137,2025-08-30,6421,Trasporto su vendite vettore FOR-012 - DDT 2694,CC30,48.58
MOV-003138,2025-08-30,6421,Trasporto su vendite vettore FOR-011 - DDT 6286,CC30,22.24
MOV-003139,2025-08-30,6421,Trasporto su vendite vettore FOR-011 - DDT 2442,CC30,25.81
MOV-003140,2025-08-30,6421,Trasporto su vendite vettore FOR-011 - DDT 9345,CC30,46.77
MOV-003141,2025-08-31,6401,Quota ammortamento impianto IMP-01 - agosto 2025,CC10,1833.33
MOV-003142,2025-08-31,6401,Quota ammortamento impianto IMP-02 - agosto 2025,CC10,1666.67
MOV-003143,2025-08-31,6401,Quota ammortamento impianto IMP-03 - agosto 2025,CC10,1500.00
MOV-003144,2025-08-31,6401,Quota ammortamento impianto IMP-04 - agosto 2025,CC10,1166.67
MOV-003145,2025-08-31,6402,Retribuzioni produzione indiretta - agosto 2025 - retribuzioni lorde,CC10,2834.20
MOV-003146,2025-08-31,6402,Retribuzioni produzione indiretta - agosto 2025 - contributi a carico impresa,CC10,890.75
MOV-003147,2025-08-31,6402,Retribuzioni produzione indiretta - agosto 2025 - quota TFR,CC10,323.91
MOV-003148,2025-08-31,6403,"Straordinari di reparto - 4 ore a 26,00 euro",CC10,104.00
MOV-003149,2025-08-31,6411,Retribuzioni ufficio ordini - agosto 2025 - retribuzioni lorde,CC20,10217.28
MOV-003150,2025-08-31,6411,Retribuzioni ufficio ordini - agosto 2025 - contributi a carico impresa,CC20,3211.14
MOV-003151,2025-08-31,6411,Retribuzioni ufficio ordini - agosto 2025 - quota TFR,CC20,1167.69
MOV-003152,2025-08-31,6421,Trasporto su vendite vettore FOR-011 - DDT 2975,CC30,54.71
MOV-003153,2025-08-31,6421,Trasporto su vendite vettore FOR-013 - DDT 7119,CC30,45.56
MOV-003154,2025-08-31,6421,Trasporto su vendite vettore FOR-012 - DDT 2887,CC30,30.68
MOV-003155,2025-08-31,6421,Trasporto su vendite vettore FOR-014 - DDT 2348,CC30,37.72
MOV-003156,2025-08-31,6421,Trasporto su vendite vettore FOR-011 - DDT 5981,CC30,47.26
MOV-003157,2025-08-31,6421,Trasporto su vendite vettore FOR-011 - DDT 4319,CC30,52.81
MOV-003158,2025-08-31,6421,Trasporto su vendite vettore FOR-011 - DDT 2706,CC30,24.33
MOV-003159,2025-08-31,6421,Trasporto su vendite vettore FOR-011 - DDT 5280,CC30,47.34
MOV-003160,2025-08-31,6421,Trasporto su vendite vettore FOR-011 - DDT 0588,CC30,30.90
MOV-003161,2025-08-31,6422,Personale di spedizione - agosto 2025 - retribuzioni lorde,CC30,2371.63
MOV-003162,2025-08-31,6422,Personale di spedizione - agosto 2025 - contributi a carico impresa,CC30,745.37
MOV-003163,2025-08-31,6422,Personale di spedizione - agosto 2025 - quota TFR,CC30,271.04
MOV-003164,2025-08-31,6431,Retribuzioni tecnici di assistenza - agosto 2025 - retribuzioni lorde,CC40,6751.35
MOV-003165,2025-08-31,6431,Retribuzioni tecnici di assistenza - agosto 2025 - contributi a carico impresa,CC40,2121.85
MOV-003166,2025-08-31,6431,Retribuzioni tecnici di assistenza - agosto 2025 - quota TFR,CC40,771.59
MOV-003167,2025-08-31,6441,Retribuzioni amministrative - agosto 2025 - retribuzioni lorde,CC50,2811.14
MOV-003168,2025-08-31,6441,Retribuzioni amministrative - agosto 2025 - contributi a carico impresa,CC50,883.50
MOV-003169,2025-08-31,6441,Retribuzioni amministrative - agosto 2025 - quota TFR,CC50,321.28
MOV-003170,2025-09-01,6412,Canone sistemi di gestione ordini FOR-040 - settembre 2025,CC20,4500.00
MOV-003171,2025-09-01,6421,Trasporto su vendite vettore FOR-013 - DDT 3239,CC30,48.59
MOV-003172,2025-09-01,6421,Trasporto su vendite vettore FOR-014 - DDT 0408,CC30,33.55
MOV-003173,2025-09-01,6421,Trasporto su vendite vettore FOR-011 - DDT 4131,CC30,41.20
MOV-003174,2025-09-01,6421,Trasporto su vendite vettore FOR-012 - DDT 2182,CC30,24.66
MOV-003175,2025-09-01,6421,Trasporto su vendite vettore FOR-014 - DDT 2599,CC30,15.46
MOV-003176,2025-09-01,6421,Trasporto su vendite vettore FOR-011 - DDT 4394,CC30,26.23
MOV-003177,2025-09-01,6421,Trasporto su vendite vettore FOR-014 - DDT 0606,CC30,54.21
MOV-003178,2025-09-01,6421,Trasporto su vendite vettore FOR-011 - DDT 7387,CC30,41.44
MOV-003179,2025-09-01,6421,Trasporto su vendite vettore FOR-013 - DDT 2433,CC30,26.65
MOV-003180,2025-09-01,6421,Trasporto su vendite vettore FOR-011 - DDT 7406,CC30,34.99
MOV-003181,2025-09-01,6432,Ricambi per intervento di assistenza FOR-052 CL-179,CC40,50.11
MOV-003182,2025-09-01,6432,Ricambi per intervento di assistenza FOR-052 CL-015,CC40,47.00
MOV-003183,2025-09-01,6432,Ricambi per intervento di assistenza FOR-051 CL-164,CC40,76.11
MOV-003184,2025-09-01,6432,Trasferta tecnico di assistenza - intervento presso cliente CL-181,CC40,15.82
MOV-003185,2025-09-01,6432,Ricambi per intervento di assistenza FOR-051 CL-143,CC40,75.65
MOV-003186,2025-09-01,6432,Ricambi per intervento di assistenza FOR-051 CL-079,CC40,84.37
MOV-003187,2025-09-02,6403,"Lavorazione esterna a ore FOR-031 - 37 ore a 29,00 euro",CC10,1073.00
MOV-003188,2025-09-02,6421,Trasporto su vendite vettore FOR-014 - DDT 5019,CC30,57.51
MOV-003189,2025-09-02,6421,Trasporto su vendite vettore FOR-012 - DDT 0246,CC30,17.96
MOV-003190,2025-09-02,6421,Trasporto su vendite vettore FOR-011 - DDT 4575,CC30,40.28
MOV-003191,2025-09-02,6421,Trasporto su vendite vettore FOR-011 - DDT 6495,CC30,28.81
MOV-003192,2025-09-02,6421,Trasporto su vendite vettore FOR-011 - DDT 4024,CC30,28.59
MOV-003193,2025-09-02,6421,Trasporto su vendite vettore FOR-013 - DDT 2536,CC30,37.89
MOV-003194,2025-09-02,6421,Trasporto su vendite vettore FOR-012 - DDT 6088,CC30,14.78
MOV-003195,2025-09-02,6421,Trasporto su vendite vettore FOR-012 - DDT 3789,CC30,58.44
MOV-003196,2025-09-02,6421,Trasporto su vendite vettore FOR-013 - DDT 6066,CC30,16.77
MOV-003197,2025-09-02,6421,Trasporto su vendite vettore FOR-012 - DDT 7509,CC30,53.44
MOV-003198,2025-09-02,6421,Trasporto su vendite vettore FOR-011 - DDT 3992,CC30,16.00
MOV-003199,2025-09-02,6421,Trasporto su vendite vettore FOR-013 - DDT 1242,CC30,20.15
MOV-003200,2025-09-02,6421,Trasporto su vendite vettore FOR-012 - DDT 4043,CC30,50.17
MOV-003201,2025-09-02,6421,Trasporto su vendite vettore FOR-013 - DDT 6578,CC30,39.38
MOV-003202,2025-09-02,6432,Ricambi per intervento di assistenza FOR-052 CL-240,CC40,26.95
MOV-003203,2025-09-03,6421,Trasporto su vendite vettore FOR-012 - DDT 1080,CC30,35.60
MOV-003204,2025-09-03,6421,Trasporto su vendite vettore FOR-012 - DDT 4040,CC30,59.06
MOV-003205,2025-09-03,6421,Trasporto su vendite vettore FOR-014 - DDT 0258,CC30,58.05
MOV-003206,2025-09-03,6421,Trasporto su vendite vettore FOR-014 - DDT 7497,CC30,56.68
MOV-003207,2025-09-03,6421,Trasporto su vendite vettore FOR-011 - DDT 0310,CC30,50.67
MOV-003208,2025-09-03,6421,Trasporto su vendite vettore FOR-014 - DDT 2460,CC30,55.27
MOV-003209,2025-09-03,6421,Trasporto su vendite vettore FOR-014 - DDT 1920,CC30,34.65
MOV-003210,2025-09-03,6421,Trasporto su vendite vettore FOR-012 - DDT 1672,CC30,26.30
MOV-003211,2025-09-03,6421,Trasporto su vendite vettore FOR-012 - DDT 6983,CC30,40.94
MOV-003212,2025-09-03,6421,Trasporto su vendite vettore FOR-014 - DDT 3254,CC30,24.11
MOV-003213,2025-09-03,6432,Trasferta tecnico di assistenza - intervento presso cliente CL-134,CC40,29.27
MOV-003214,2025-09-03,6432,Trasferta tecnico di assistenza - intervento presso cliente CL-239,CC40,71.13
MOV-003215,2025-09-04,6403,"Lavorazione esterna a ore FOR-034 - 23 ore a 29,00 euro",CC10,667.00
MOV-003216,2025-09-04,6421,Trasporto su vendite vettore FOR-011 - DDT 1409,CC30,25.64
MOV-003217,2025-09-04,6421,Trasporto su vendite vettore FOR-011 - DDT 8489,CC30,49.12
MOV-003218,2025-09-04,6421,Trasporto su vendite vettore FOR-014 - DDT 1207,CC30,24.87
MOV-003219,2025-09-04,6421,Trasporto su vendite vettore FOR-012 - DDT 5524,CC30,19.99
MOV-003220,2025-09-04,6421,Trasporto su vendite vettore FOR-013 - DDT 1729,CC30,14.94
MOV-003221,2025-09-04,6421,Trasporto su vendite vettore FOR-013 - DDT 9117,CC30,23.42
MOV-003222,2025-09-04,6421,Trasporto su vendite vettore FOR-012 - DDT 0634,CC30,23.22
MOV-003223,2025-09-04,6421,Trasporto su vendite vettore FOR-014 - DDT 4390,CC30,46.19
MOV-003224,2025-09-04,6421,Trasporto su vendite vettore FOR-012 - DDT 8991,CC30,54.48
MOV-003225,2025-09-04,6421,Trasporto su vendite vettore FOR-014 - DDT 1133,CC30,25.34
MOV-003226,2025-09-04,6421,Trasporto su vendite vettore FOR-014 - DDT 8670,CC30,42.14
MOV-003227,2025-09-04,6421,Trasporto su vendite vettore FOR-014 - DDT 7509,CC30,48.10
MOV-003228,2025-09-04,6421,Trasporto su vendite vettore FOR-014 - DDT 2550,CC30,41.31
MOV-003229,2025-09-04,6421,Trasporto su vendite vettore FOR-011 - DDT 8722,CC30,23.31
MOV-003230,2025-09-05,6403,"Lavorazione esterna a ore FOR-032 - 16 ore a 29,00 euro",CC10,464.00
MOV-003231,2025-09-05,6421,Trasporto su vendite vettore FOR-014 - DDT 6763,CC30,41.38
MOV-003232,2025-09-05,6421,Trasporto su vendite vettore FOR-013 - DDT 7172,CC30,26.58
MOV-003233,2025-09-05,6421,Trasporto su vendite vettore FOR-013 - DDT 3843,CC30,56.91
MOV-003234,2025-09-05,6421,Trasporto su vendite vettore FOR-011 - DDT 0085,CC30,50.79
MOV-003235,2025-09-05,6421,Trasporto su vendite vettore FOR-013 - DDT 4752,CC30,17.29
MOV-003236,2025-09-05,6421,Trasporto su vendite vettore FOR-014 - DDT 3372,CC30,54.17
MOV-003237,2025-09-05,6421,Trasporto su vendite vettore FOR-014 - DDT 3168,CC30,39.05
MOV-003238,2025-09-05,6421,Trasporto su vendite vettore FOR-013 - DDT 0514,CC30,31.56
MOV-003239,2025-09-05,6432,Trasferta tecnico di assistenza - intervento presso cliente CL-141,CC40,87.49
MOV-003240,2025-09-05,6432,Ricambi per intervento di assistenza FOR-052 CL-214,CC40,67.76
MOV-003241,2025-09-05,6432,Ricambi per intervento di assistenza FOR-052 CL-097,CC40,47.94
MOV-003242,2025-09-05,6432,Trasferta tecnico di assistenza - intervento presso cliente CL-093,CC40,31.72
MOV-003243,2025-09-05,6432,Ricambi per intervento di assistenza FOR-051 CL-130,CC40,65.67
MOV-003244,2025-09-06,6403,"Lavorazione esterna a ore FOR-033 - 37 ore a 29,00 euro",CC10,1073.00
MOV-003245,2025-09-06,6421,Trasporto su vendite vettore FOR-014 - DDT 7498,CC30,27.30
MOV-003246,2025-09-06,6421,Trasporto su vendite vettore FOR-014 - DDT 5016,CC30,58.52
MOV-003247,2025-09-06,6421,Trasporto su vendite vettore FOR-011 - DDT 0007,CC30,26.24
MOV-003248,2025-09-06,6432,Ricambi per intervento di assistenza FOR-051 CL-230,CC40,59.58
MOV-003249,2025-09-07,6403,"Straordinari di reparto - 13 ore a 26,00 euro",CC10,338.00
MOV-003250,2025-09-07,6421,Trasporto su vendite vettore FOR-013 - DDT 5035,CC30,50.29
MOV-003251,2025-09-07,6421,Trasporto su vendite vettore FOR-011 - DDT 1034,CC30,42.57
MOV-003252,2025-09-07,6421,Trasporto su vendite vettore FOR-014 - DDT 7196,CC30,27.63
MOV-003253,2025-09-07,6421,Trasporto su vendite vettore FOR-013 - DDT 8837,CC30,21.73
MOV-003254,2025-09-07,6421,Trasporto su vendite vettore FOR-013 - DDT 1309,CC30,49.77
MOV-003255,2025-09-07,6421,Trasporto su vendite vettore FOR-011 - DDT 0406,CC30,14.81
MOV-003256,2025-09-07,6421,Trasporto su vendite vettore FOR-014 - DDT 5708,CC30,39.06
MOV-003257,2025-09-07,6421,Trasporto su vendite vettore FOR-013 - DDT 6943,CC30,56.53
MOV-003258,2025-09-07,6421,Trasporto su vendite vettore FOR-011 - DDT 8851,CC30,58.62
MOV-003259,2025-09-07,6421,Trasporto su vendite vettore FOR-013 - DDT 9751,CC30,55.47
MOV-003260,2025-09-07,6421,Trasporto su vendite vettore FOR-013 - DDT 6245,CC30,56.38
MOV-003261,2025-09-07,6421,Trasporto su vendite vettore FOR-012 - DDT 3629,CC30,22.83
MOV-003262,2025-09-07,6421,Trasporto su vendite vettore FOR-012 - DDT 1436,CC30,20.47
MOV-003263,2025-09-07,6432,Trasferta tecnico di assistenza - intervento presso cliente CL-224,CC40,45.75
MOV-003264,2025-09-08,6403,"Straordinari di reparto - 27 ore a 26,00 euro",CC10,702.00
MOV-003265,2025-09-08,6421,Trasporto su vendite vettore FOR-014 - DDT 9793,CC30,23.53
MOV-003266,2025-09-08,6421,Trasporto su vendite vettore FOR-012 - DDT 1411,CC30,16.37
MOV-003267,2025-09-08,6421,Trasporto su vendite vettore FOR-014 - DDT 5617,CC30,16.34
MOV-003268,2025-09-08,6421,Trasporto su vendite vettore FOR-011 - DDT 0823,CC30,29.51
MOV-003269,2025-09-08,6421,Trasporto su vendite vettore FOR-014 - DDT 6495,CC30,39.06
MOV-003270,2025-09-08,6421,Trasporto su vendite vettore FOR-012 - DDT 7843,CC30,26.27
MOV-003271,2025-09-08,6421,Trasporto su vendite vettore FOR-011 - DDT 4769,CC30,32.10
MOV-003272,2025-09-08,6421,Trasporto su vendite vettore FOR-013 - DDT 4588,CC30,32.80
MOV-003273,2025-09-08,6421,Trasporto su vendite vettore FOR-012 - DDT 7887,CC30,41.11
MOV-003274,2025-09-08,6421,Trasporto su vendite vettore FOR-013 - DDT 7818,CC30,45.45
MOV-003275,2025-09-08,6421,Trasporto su vendite vettore FOR-014 - DDT 6081,CC30,40.63
MOV-003276,2025-09-08,6432,Ricambi per intervento di assistenza FOR-052 CL-197,CC40,77.92
MOV-003277,2025-09-08,6432,Trasferta tecnico di assistenza - intervento presso cliente CL-055,CC40,62.62
MOV-003278,2025-09-08,6432,Ricambi per intervento di assistenza FOR-051 CL-120,CC40,17.44
MOV-003279,2025-09-08,6432,Ricambi per intervento di assistenza FOR-051 CL-230,CC40,32.07
MOV-003280,2025-09-09,6421,Trasporto su vendite vettore FOR-013 - DDT 8749,CC30,54.24
MOV-003281,2025-09-09,6421,Trasporto su vendite vettore FOR-012 - DDT 6852,CC30,29.63
MOV-003282,2025-09-09,6421,Trasporto su vendite vettore FOR-012 - DDT 9022,CC30,20.32
MOV-003283,2025-09-09,6421,Trasporto su vendite vettore FOR-014 - DDT 3240,CC30,49.33
MOV-003284,2025-09-09,6421,Trasporto su vendite vettore FOR-013 - DDT 4133,CC30,22.23
MOV-003285,2025-09-09,6421,Trasporto su vendite vettore FOR-013 - DDT 1720,CC30,47.98
MOV-003286,2025-09-09,6432,Trasferta tecnico di assistenza - intervento presso cliente CL-249,CC40,85.27
MOV-003287,2025-09-10,6403,"Lavorazione esterna a ore FOR-033 - 19 ore a 29,00 euro",CC10,551.00
MOV-003288,2025-09-10,6421,Trasporto su vendite vettore FOR-012 - DDT 0239,CC30,28.94
MOV-003289,2025-09-10,6421,Trasporto su vendite vettore FOR-011 - DDT 2267,CC30,18.13
MOV-003290,2025-09-10,6421,Trasporto su vendite vettore FOR-012 - DDT 7224,CC30,46.94
MOV-003291,2025-09-10,6421,Trasporto su vendite vettore FOR-013 - DDT 7016,CC30,58.72
MOV-003292,2025-09-10,6421,Trasporto su vendite vettore FOR-012 - DDT 2498,CC30,30.36
MOV-003293,2025-09-10,6421,Trasporto su vendite vettore FOR-014 - DDT 8102,CC30,24.29
MOV-003294,2025-09-10,6421,Trasporto su vendite vettore FOR-014 - DDT 9498,CC30,20.08
MOV-003295,2025-09-10,6421,Trasporto su vendite vettore FOR-011 - DDT 9070,CC30,57.32
MOV-003296,2025-09-10,6421,Trasporto su vendite vettore FOR-013 - DDT 4737,CC30,49.61
MOV-003297,2025-09-10,6421,Trasporto su vendite vettore FOR-013 - DDT 2470,CC30,34.87
MOV-003298,2025-09-10,6421,Trasporto su vendite vettore FOR-013 - DDT 1500,CC30,19.82
MOV-003299,2025-09-10,6421,Trasporto su vendite vettore FOR-012 - DDT 9661,CC30,34.54
MOV-003300,2025-09-10,6432,Ricambi per intervento di assistenza FOR-051 CL-209,CC40,71.00
MOV-003301,2025-09-11,6421,Trasporto su vendite vettore FOR-011 - DDT 3420,CC30,19.73
MOV-003302,2025-09-11,6421,Trasporto su vendite vettore FOR-011 - DDT 8551,CC30,44.45
MOV-003303,2025-09-11,6421,Trasporto su vendite vettore FOR-014 - DDT 5564,CC30,30.86
MOV-003304,2025-09-11,6421,Trasporto su vendite vettore FOR-011 - DDT 4812,CC30,47.02
MOV-003305,2025-09-11,6421,Trasporto su vendite vettore FOR-013 - DDT 2384,CC30,48.42
MOV-003306,2025-09-11,6421,Trasporto su vendite vettore FOR-011 - DDT 0178,CC30,29.68
MOV-003307,2025-09-11,6421,Trasporto su vendite vettore FOR-012 - DDT 8345,CC30,48.10
MOV-003308,2025-09-11,6432,Trasferta tecnico di assistenza - intervento presso cliente CL-204,CC40,53.94
MOV-003309,2025-09-12,6421,Trasporto su vendite vettore FOR-011 - DDT 9345,CC30,47.70
MOV-003310,2025-09-12,6421,Trasporto su vendite vettore FOR-012 - DDT 1700,CC30,22.65
MOV-003311,2025-09-12,6421,Trasporto su vendite vettore FOR-012 - DDT 9174,CC30,34.22
MOV-003312,2025-09-12,6421,Trasporto su vendite vettore FOR-011 - DDT 3018,CC30,48.88
MOV-003313,2025-09-12,6421,Trasporto su vendite vettore FOR-013 - DDT 9613,CC30,18.87
MOV-003314,2025-09-12,6421,Trasporto su vendite vettore FOR-013 - DDT 0899,CC30,38.96
MOV-003315,2025-09-12,6421,Trasporto su vendite vettore FOR-012 - DDT 1527,CC30,19.74
MOV-003316,2025-09-12,6432,Trasferta tecnico di assistenza - intervento presso cliente CL-092,CC40,39.45
MOV-003317,2025-09-12,6432,Ricambi per intervento di assistenza FOR-052 CL-128,CC40,19.68
MOV-003318,2025-09-13,6403,"Straordinari di reparto - 28 ore a 26,00 euro",CC10,728.00
MOV-003319,2025-09-13,6421,Trasporto su vendite vettore FOR-013 - DDT 9674,CC30,56.49
MOV-003320,2025-09-13,6421,Trasporto su vendite vettore FOR-014 - DDT 8274,CC30,58.53
MOV-003321,2025-09-13,6421,Trasporto su vendite vettore FOR-013 - DDT 9126,CC30,31.83
MOV-003322,2025-09-13,6421,Trasporto su vendite vettore FOR-013 - DDT 5666,CC30,21.08
MOV-003323,2025-09-13,6421,Trasporto su vendite vettore FOR-012 - DDT 7621,CC30,44.50
MOV-003324,2025-09-13,6421,Trasporto su vendite vettore FOR-011 - DDT 2883,CC30,49.43
MOV-003325,2025-09-13,6421,Trasporto su vendite vettore FOR-011 - DDT 9605,CC30,38.75
MOV-003326,2025-09-13,6432,Ricambi per intervento di assistenza FOR-051 CL-120,CC40,36.65
MOV-003327,2025-09-13,6432,Ricambi per intervento di assistenza FOR-051 CL-240,CC40,62.30
MOV-003328,2025-09-14,6421,Trasporto su vendite vettore FOR-011 - DDT 0050,CC30,29.25
MOV-003329,2025-09-14,6421,Trasporto su vendite vettore FOR-011 - DDT 6499,CC30,45.87
MOV-003330,2025-09-14,6421,Trasporto su vendite vettore FOR-011 - DDT 6990,CC30,38.37
MOV-003331,2025-09-14,6421,Trasporto su vendite vettore FOR-011 - DDT 9873,CC30,22.78
MOV-003332,2025-09-14,6421,Trasporto su vendite vettore FOR-014 - DDT 5639,CC30,37.15
MOV-003333,2025-09-14,6421,Trasporto su vendite vettore FOR-012 - DDT 2803,CC30,28.20
MOV-003334,2025-09-14,6421,Trasporto su vendite vettore FOR-012 - DDT 3108,CC30,38.26
MOV-003335,2025-09-14,6421,Trasporto su vendite vettore FOR-014 - DDT 8426,CC30,53.41
MOV-003336,2025-09-14,6421,Trasporto su vendite vettore FOR-014 - DDT 1811,CC30,31.15
MOV-003337,2025-09-14,6421,Trasporto su vendite vettore FOR-013 - DDT 3692,CC30,37.54
MOV-003338,2025-09-14,6421,Trasporto su vendite vettore FOR-011 - DDT 6698,CC30,41.98
MOV-003339,2025-09-14,6421,Trasporto su vendite vettore FOR-013 - DDT 2486,CC30,19.21
MOV-003340,2025-09-14,6421,Trasporto su vendite vettore FOR-014 - DDT 7092,CC30,42.34
MOV-003341,2025-09-14,6421,Trasporto su vendite vettore FOR-012 - DDT 9985,CC30,27.40
MOV-003342,2025-09-14,6421,Trasporto su vendite vettore FOR-013 - DDT 3918,CC30,45.23
MOV-003343,2025-09-14,6421,Trasporto su vendite vettore FOR-014 - DDT 0697,CC30,45.19
MOV-003344,2025-09-14,6432,Ricambi per intervento di assistenza FOR-052 CL-079,CC40,61.14
MOV-003345,2025-09-14,6432,Trasferta tecnico di assistenza - intervento presso cliente CL-051,CC40,52.07
MOV-003346,2025-09-14,6432,Ricambi per intervento di assistenza FOR-051 CL-211,CC40,78.27
MOV-003347,2025-09-15,6421,Trasporto su vendite vettore FOR-014 - DDT 2879,CC30,36.25
MOV-003348,2025-09-15,6421,Trasporto su vendite vettore FOR-011 - DDT 6280,CC30,41.93
MOV-003349,2025-09-15,6421,Trasporto su vendite vettore FOR-011 - DDT 5639,CC30,51.62
MOV-003350,2025-09-15,6421,Trasporto su vendite vettore FOR-013 - DDT 3801,CC30,54.42
MOV-003351,2025-09-15,6421,Trasporto su vendite vettore FOR-012 - DDT 7625,CC30,26.02
MOV-003352,2025-09-15,6421,Trasporto su vendite vettore FOR-011 - DDT 1649,CC30,46.75
MOV-003353,2025-09-15,6421,Trasporto su vendite vettore FOR-011 - DDT 6628,CC30,52.77
MOV-003354,2025-09-15,6421,Trasporto su vendite vettore FOR-013 - DDT 9086,CC30,27.48
MOV-003355,2025-09-16,6421,Trasporto su vendite vettore FOR-011 - DDT 8086,CC30,40.75
MOV-003356,2025-09-16,6421,Trasporto su vendite vettore FOR-012 - DDT 5952,CC30,41.61
MOV-003357,2025-09-16,6421,Trasporto su vendite vettore FOR-011 - DDT 5223,CC30,22.80
MOV-003358,2025-09-16,6421,Trasporto su vendite vettore FOR-011 - DDT 5434,CC30,37.31
MOV-003359,2025-09-16,6421,Trasporto su vendite vettore FOR-013 - DDT 0897,CC30,23.16
MOV-003360,2025-09-16,6421,Trasporto su vendite vettore FOR-011 - DDT 4676,CC30,26.06
MOV-003361,2025-09-16,6421,Trasporto su vendite vettore FOR-011 - DDT 9441,CC30,40.96
MOV-003362,2025-09-16,6421,Trasporto su vendite vettore FOR-012 - DDT 1381,CC30,22.80
MOV-003363,2025-09-16,6421,Trasporto su vendite vettore FOR-011 - DDT 8928,CC30,20.61
MOV-003364,2025-09-16,6421,Trasporto su vendite vettore FOR-013 - DDT 1787,CC30,43.84
MOV-003365,2025-09-16,6421,Trasporto su vendite vettore FOR-014 - DDT 8277,CC30,33.18
MOV-003366,2025-09-16,6421,Trasporto su vendite vettore FOR-013 - DDT 0760,CC30,31.70
MOV-003367,2025-09-16,6421,Trasporto su vendite vettore FOR-013 - DDT 3804,CC30,29.24
MOV-003368,2025-09-16,6421,Trasporto su vendite vettore FOR-013 - DDT 4308,CC30,39.14
MOV-003369,2025-09-16,6432,Trasferta tecnico di assistenza - intervento presso cliente CL-031,CC40,41.62
MOV-003370,2025-09-17,6421,Trasporto su vendite vettore FOR-013 - DDT 7580,CC30,27.16
MOV-003371,2025-09-17,6421,Trasporto su vendite vettore FOR-014 - DDT 8316,CC30,43.53
MOV-003372,2025-09-17,6421,Trasporto su vendite vettore FOR-014 - DDT 7617,CC30,21.00
MOV-003373,2025-09-17,6421,Trasporto su vendite vettore FOR-013 - DDT 0352,CC30,56.39
MOV-003374,2025-09-17,6421,Trasporto su vendite vettore FOR-012 - DDT 5871,CC30,55.88
MOV-003375,2025-09-17,6421,Trasporto su vendite vettore FOR-013 - DDT 8146,CC30,40.46
MOV-003376,2025-09-17,6421,Trasporto su vendite vettore FOR-012 - DDT 0366,CC30,18.21
MOV-003377,2025-09-17,6421,Trasporto su vendite vettore FOR-014 - DDT 1897,CC30,25.13
MOV-003378,2025-09-17,6432,Ricambi per intervento di assistenza FOR-052 CL-230,CC40,65.05
MOV-003379,2025-09-18,6403,"Straordinari di reparto - 25 ore a 26,00 euro",CC10,650.00
MOV-003380,2025-09-18,6421,Trasporto su vendite vettore FOR-012 - DDT 4981,CC30,56.15
MOV-003381,2025-09-18,6421,Trasporto su vendite vettore FOR-012 - DDT 1182,CC30,43.74
MOV-003382,2025-09-18,6421,Trasporto su vendite vettore FOR-012 - DDT 3471,CC30,45.27
MOV-003383,2025-09-18,6421,Trasporto su vendite vettore FOR-014 - DDT 4331,CC30,17.02
MOV-003384,2025-09-18,6421,Trasporto su vendite vettore FOR-013 - DDT 9260,CC30,54.57
MOV-003385,2025-09-18,6421,Trasporto su vendite vettore FOR-012 - DDT 6441,CC30,25.25
MOV-003386,2025-09-18,6432,Trasferta tecnico di assistenza - intervento presso cliente CL-217,CC40,87.91
MOV-003387,2025-09-19,6421,Trasporto su vendite vettore FOR-013 - DDT 1692,CC30,47.76
MOV-003388,2025-09-19,6421,Trasporto su vendite vettore FOR-014 - DDT 0580,CC30,55.52
MOV-003389,2025-09-19,6421,Trasporto su vendite vettore FOR-011 - DDT 7623,CC30,55.41
MOV-003390,2025-09-19,6421,Trasporto su vendite vettore FOR-013 - DDT 0009,CC30,25.77
MOV-003391,2025-09-19,6421,Trasporto su vendite vettore FOR-014 - DDT 1067,CC30,42.99
MOV-003392,2025-09-19,6421,Trasporto su vendite vettore FOR-014 - DDT 7159,CC30,42.46
MOV-003393,2025-09-19,6421,Trasporto su vendite vettore FOR-014 - DDT 1958,CC30,31.13
MOV-003394,2025-09-19,6421,Trasporto su vendite vettore FOR-013 - DDT 9698,CC30,57.30
MOV-003395,2025-09-19,6421,Trasporto su vendite vettore FOR-012 - DDT 3044,CC30,50.63
MOV-003396,2025-09-19,6421,Trasporto su vendite vettore FOR-013 - DDT 3194,CC30,49.89
MOV-003397,2025-09-19,6432,Trasferta tecnico di assistenza - intervento presso cliente CL-039,CC40,57.09
MOV-003398,2025-09-20,6403,"Lavorazione esterna a ore FOR-031 - 21 ore a 29,00 euro",CC10,609.00
MOV-003399,2025-09-20,6403,"Lavorazione esterna a ore FOR-032 - 33 ore a 29,00 euro",CC10,957.00
MOV-003400,2025-09-20,6421,Trasporto su vendite vettore FOR-012 - DDT 2208,CC30,27.90
MOV-003401,2025-09-20,6421,Trasporto su vendite vettore FOR-012 - DDT 8632,CC30,21.62
MOV-003402,2025-09-20,6421,Trasporto su vendite vettore FOR-013 - DDT 7183,CC30,28.88
MOV-003403,2025-09-20,6421,Trasporto su vendite vettore FOR-014 - DDT 9395,CC30,54.35
MOV-003404,2025-09-20,6421,Trasporto su vendite vettore FOR-011 - DDT 5339,CC30,16.65
MOV-003405,2025-09-20,6421,Trasporto su vendite vettore FOR-014 - DDT 6661,CC30,30.63
MOV-003406,2025-09-20,6421,Trasporto su vendite vettore FOR-013 - DDT 4536,CC30,22.42
MOV-003407,2025-09-20,6421,Trasporto su vendite vettore FOR-014 - DDT 6805,CC30,44.20
MOV-003408,2025-09-20,6421,Trasporto su vendite vettore FOR-013 - DDT 0551,CC30,24.71
MOV-003409,2025-09-20,6421,Trasporto su vendite vettore FOR-011 - DDT 7988,CC30,49.83
MOV-003410,2025-09-20,6421,Trasporto su vendite vettore FOR-011 - DDT 2766,CC30,20.75
MOV-003411,2025-09-20,6421,Trasporto su vendite vettore FOR-013 - DDT 4214,CC30,54.46
MOV-003412,2025-09-20,6421,Trasporto su vendite vettore FOR-011 - DDT 9748,CC30,30.56
MOV-003413,2025-09-20,6432,Ricambi per intervento di assistenza FOR-051 CL-228,CC40,77.25
MOV-003414,2025-09-21,6421,Trasporto su vendite vettore FOR-013 - DDT 4971,CC30,45.86
MOV-003415,2025-09-21,6421,Trasporto su vendite vettore FOR-012 - DDT 0259,CC30,43.95
MOV-003416,2025-09-21,6421,Trasporto su vendite vettore FOR-012 - DDT 5047,CC30,16.93
MOV-003417,2025-09-21,6421,Trasporto su vendite vettore FOR-013 - DDT 0029,CC30,28.45
MOV-003418,2025-09-21,6421,Trasporto su vendite vettore FOR-012 - DDT 3531,CC30,22.23
MOV-003419,2025-09-21,6421,Trasporto su vendite vettore FOR-012 - DDT 2448,CC30,56.46
MOV-003420,2025-09-21,6421,Trasporto su vendite vettore FOR-013 - DDT 1429,CC30,19.81
MOV-003421,2025-09-21,6421,Trasporto su vendite vettore FOR-013 - DDT 9793,CC30,56.13
MOV-003422,2025-09-21,6432,Ricambi per intervento di assistenza FOR-051 CL-065,CC40,20.27
MOV-003423,2025-09-22,6421,Trasporto su vendite vettore FOR-012 - DDT 0896,CC30,34.34
MOV-003424,2025-09-22,6421,Trasporto su vendite vettore FOR-013 - DDT 7512,CC30,23.90
MOV-003425,2025-09-22,6421,Trasporto su vendite vettore FOR-014 - DDT 3450,CC30,29.96
MOV-003426,2025-09-22,6421,Trasporto su vendite vettore FOR-011 - DDT 5957,CC30,21.59
MOV-003427,2025-09-22,6421,Trasporto su vendite vettore FOR-011 - DDT 5061,CC30,15.85
MOV-003428,2025-09-22,6421,Trasporto su vendite vettore FOR-013 - DDT 7056,CC30,28.34
MOV-003429,2025-09-22,6421,Trasporto su vendite vettore FOR-013 - DDT 0826,CC30,25.59
MOV-003430,2025-09-22,6421,Trasporto su vendite vettore FOR-011 - DDT 1127,CC30,47.48
MOV-003431,2025-09-22,6421,Trasporto su vendite vettore FOR-013 - DDT 3081,CC30,27.04
MOV-003432,2025-09-22,6432,Ricambi per intervento di assistenza FOR-052 CL-067,CC40,79.11
MOV-003433,2025-09-22,6432,Trasferta tecnico di assistenza - intervento presso cliente CL-059,CC40,32.18
MOV-003434,2025-09-23,6421,Trasporto su vendite vettore FOR-014 - DDT 7467,CC30,29.71
MOV-003435,2025-09-23,6421,Trasporto su vendite vettore FOR-014 - DDT 1568,CC30,44.82
MOV-003436,2025-09-23,6421,Trasporto su vendite vettore FOR-014 - DDT 8589,CC30,44.18
MOV-003437,2025-09-23,6421,Trasporto su vendite vettore FOR-013 - DDT 1611,CC30,48.58
MOV-003438,2025-09-23,6421,Trasporto su vendite vettore FOR-011 - DDT 3168,CC30,19.52
MOV-003439,2025-09-23,6421,Trasporto su vendite vettore FOR-011 - DDT 4076,CC30,34.75
MOV-003440,2025-09-23,6421,Trasporto su vendite vettore FOR-012 - DDT 9776,CC30,47.49
MOV-003441,2025-09-23,6421,Trasporto su vendite vettore FOR-012 - DDT 1867,CC30,24.59
MOV-003442,2025-09-24,6421,Trasporto su vendite vettore FOR-013 - DDT 4404,CC30,33.40
MOV-003443,2025-09-24,6421,Trasporto su vendite vettore FOR-011 - DDT 9193,CC30,59.07
MOV-003444,2025-09-24,6421,Trasporto su vendite vettore FOR-012 - DDT 0769,CC30,15.08
MOV-003445,2025-09-24,6421,Trasporto su vendite vettore FOR-013 - DDT 0236,CC30,54.35
MOV-003446,2025-09-24,6421,Trasporto su vendite vettore FOR-011 - DDT 6306,CC30,46.67
MOV-003447,2025-09-24,6421,Trasporto su vendite vettore FOR-013 - DDT 6691,CC30,33.82
MOV-003448,2025-09-24,6421,Trasporto su vendite vettore FOR-013 - DDT 9485,CC30,15.83
MOV-003449,2025-09-24,6421,Trasporto su vendite vettore FOR-014 - DDT 0457,CC30,32.73
MOV-003450,2025-09-24,6421,Trasporto su vendite vettore FOR-012 - DDT 7793,CC30,39.02
MOV-003451,2025-09-24,6421,Trasporto su vendite vettore FOR-013 - DDT 0604,CC30,28.54
MOV-003452,2025-09-24,6421,Trasporto su vendite vettore FOR-011 - DDT 0606,CC30,58.72
MOV-003453,2025-09-24,6432,Ricambi per intervento di assistenza FOR-051 CL-069,CC40,64.54
MOV-003454,2025-09-25,6403,"Straordinari di reparto - 15 ore a 26,00 euro",CC10,390.00
MOV-003455,2025-09-25,6403,"Lavorazione esterna a ore FOR-034 - 13 ore a 29,00 euro",CC10,377.00
MOV-003456,2025-09-25,6421,Trasporto su vendite vettore FOR-012 - DDT 4993,CC30,39.70
MOV-003457,2025-09-25,6421,Trasporto su vendite vettore FOR-014 - DDT 9491,CC30,48.69
MOV-003458,2025-09-25,6421,Trasporto su vendite vettore FOR-014 - DDT 9214,CC30,23.67
MOV-003459,2025-09-25,6421,Trasporto su vendite vettore FOR-012 - DDT 8354,CC30,30.50
MOV-003460,2025-09-25,6421,Trasporto su vendite vettore FOR-011 - DDT 5199,CC30,42.36
MOV-003461,2025-09-25,6421,Trasporto su vendite vettore FOR-014 - DDT 9673,CC30,46.37
MOV-003462,2025-09-25,6421,Trasporto su vendite vettore FOR-011 - DDT 7909,CC30,37.92
MOV-003463,2025-09-25,6421,Trasporto su vendite vettore FOR-011 - DDT 0631,CC30,53.74
MOV-003464,2025-09-25,6421,Trasporto su vendite vettore FOR-013 - DDT 1336,CC30,50.71
MOV-003465,2025-09-25,6421,Trasporto su vendite vettore FOR-011 - DDT 3756,CC30,53.19
MOV-003466,2025-09-25,6421,Trasporto su vendite vettore FOR-012 - DDT 2568,CC30,51.97
MOV-003467,2025-09-25,6421,Trasporto su vendite vettore FOR-013 - DDT 0927,CC30,38.23
MOV-003468,2025-09-25,6421,Trasporto su vendite vettore FOR-014 - DDT 5726,CC30,25.58
MOV-003469,2025-09-25,6421,Trasporto su vendite vettore FOR-011 - DDT 6837,CC30,46.00
MOV-003470,2025-09-25,6421,Trasporto su vendite vettore FOR-012 - DDT 3589,CC30,33.30
MOV-003471,2025-09-25,6421,Trasporto su vendite vettore FOR-014 - DDT 3776,CC30,22.89
MOV-003472,2025-09-25,6421,Trasporto su vendite vettore FOR-014 - DDT 7704,CC30,21.10
MOV-003473,2025-09-25,6421,Trasporto su vendite vettore FOR-011 - DDT 4241,CC30,17.86
MOV-003474,2025-09-26,6421,Trasporto su vendite vettore FOR-014 - DDT 0281,CC30,29.30
MOV-003475,2025-09-26,6421,Trasporto su vendite vettore FOR-011 - DDT 1907,CC30,39.34
MOV-003476,2025-09-26,6421,Trasporto su vendite vettore FOR-011 - DDT 4891,CC30,48.39
MOV-003477,2025-09-26,6421,Trasporto su vendite vettore FOR-011 - DDT 1983,CC30,36.08
MOV-003478,2025-09-26,6421,Trasporto su vendite vettore FOR-014 - DDT 6823,CC30,22.05
MOV-003479,2025-09-26,6421,Trasporto su vendite vettore FOR-011 - DDT 3224,CC30,29.32
MOV-003480,2025-09-26,6421,Trasporto su vendite vettore FOR-014 - DDT 7032,CC30,52.29
MOV-003481,2025-09-26,6421,Trasporto su vendite vettore FOR-011 - DDT 8162,CC30,27.67
MOV-003482,2025-09-26,6421,Trasporto su vendite vettore FOR-012 - DDT 0013,CC30,23.00
MOV-003483,2025-09-26,6421,Trasporto su vendite vettore FOR-013 - DDT 9806,CC30,23.37
MOV-003484,2025-09-26,6432,Trasferta tecnico di assistenza - intervento presso cliente CL-148,CC40,41.97
MOV-003485,2025-09-27,6421,Trasporto su vendite vettore FOR-011 - DDT 1884,CC30,53.09
MOV-003486,2025-09-27,6421,Trasporto su vendite vettore FOR-014 - DDT 6508,CC30,18.39
MOV-003487,2025-09-27,6421,Trasporto su vendite vettore FOR-014 - DDT 9618,CC30,44.01
MOV-003488,2025-09-27,6421,Trasporto su vendite vettore FOR-013 - DDT 8801,CC30,48.12
MOV-003489,2025-09-27,6421,Trasporto su vendite vettore FOR-014 - DDT 7995,CC30,37.65
MOV-003490,2025-09-27,6421,Trasporto su vendite vettore FOR-012 - DDT 4870,CC30,41.96
MOV-003491,2025-09-27,6421,Trasporto su vendite vettore FOR-012 - DDT 8530,CC30,51.17
MOV-003492,2025-09-27,6421,Trasporto su vendite vettore FOR-011 - DDT 1888,CC30,35.20
MOV-003493,2025-09-27,6421,Trasporto su vendite vettore FOR-011 - DDT 5652,CC30,16.93
MOV-003494,2025-09-27,6421,Trasporto su vendite vettore FOR-012 - DDT 5279,CC30,50.93
MOV-003495,2025-09-27,6421,Trasporto su vendite vettore FOR-013 - DDT 1692,CC30,51.84
MOV-003496,2025-09-27,6421,Trasporto su vendite vettore FOR-014 - DDT 5079,CC30,42.88
MOV-003497,2025-09-27,6421,Trasporto su vendite vettore FOR-013 - DDT 1495,CC30,52.28
MOV-003498,2025-09-27,6432,Trasferta tecnico di assistenza - intervento presso cliente CL-038,CC40,34.56
MOV-003499,2025-09-27,6432,Trasferta tecnico di assistenza - intervento presso cliente CL-177,CC40,61.71
MOV-003500,2025-09-28,6421,Trasporto su vendite vettore FOR-012 - DDT 7242,CC30,42.56
MOV-003501,2025-09-28,6421,Trasporto su vendite vettore FOR-014 - DDT 2955,CC30,32.02
MOV-003502,2025-09-28,6421,Trasporto su vendite vettore FOR-014 - DDT 9553,CC30,46.39
MOV-003503,2025-09-28,6421,Trasporto su vendite vettore FOR-012 - DDT 0966,CC30,52.33
MOV-003504,2025-09-28,6421,Trasporto su vendite vettore FOR-012 - DDT 5149,CC30,21.12
MOV-003505,2025-09-28,6421,Trasporto su vendite vettore FOR-011 - DDT 1864,CC30,22.79
MOV-003506,2025-09-28,6421,Trasporto su vendite vettore FOR-012 - DDT 0219,CC30,40.03
MOV-003507,2025-09-28,6421,Trasporto su vendite vettore FOR-012 - DDT 4733,CC30,41.91
MOV-003508,2025-09-28,6421,Trasporto su vendite vettore FOR-013 - DDT 6637,CC30,24.18
MOV-003509,2025-09-28,6421,Trasporto su vendite vettore FOR-012 - DDT 3157,CC30,41.20
MOV-003510,2025-09-28,6432,Ricambi per intervento di assistenza FOR-051 CL-244,CC40,76.46
MOV-003511,2025-09-29,6403,"Lavorazione esterna a ore FOR-033 - 13 ore a 29,00 euro",CC10,377.00
MOV-003512,2025-09-29,6421,Trasporto su vendite vettore FOR-011 - DDT 3463,CC30,39.78
MOV-003513,2025-09-29,6421,Trasporto su vendite vettore FOR-013 - DDT 4318,CC30,15.04
MOV-003514,2025-09-29,6421,Trasporto su vendite vettore FOR-011 - DDT 7522,CC30,53.96
MOV-003515,2025-09-29,6421,Trasporto su vendite vettore FOR-014 - DDT 2760,CC30,56.42
MOV-003516,2025-09-29,6421,Trasporto su vendite vettore FOR-011 - DDT 8237,CC30,16.78
MOV-003517,2025-09-29,6421,Trasporto su vendite vettore FOR-012 - DDT 5512,CC30,41.21
MOV-003518,2025-09-29,6421,Trasporto su vendite vettore FOR-011 - DDT 9294,CC30,54.01
MOV-003519,2025-09-29,6421,Trasporto su vendite vettore FOR-013 - DDT 7106,CC30,33.03
MOV-003520,2025-09-29,6421,Trasporto su vendite vettore FOR-012 - DDT 7675,CC30,22.18
MOV-003521,2025-09-29,6421,Trasporto su vendite vettore FOR-014 - DDT 9836,CC30,52.04
MOV-003522,2025-09-29,6421,Trasporto su vendite vettore FOR-011 - DDT 9762,CC30,40.30
MOV-003523,2025-09-29,6432,Ricambi per intervento di assistenza FOR-051 CL-201,CC40,61.58
MOV-003524,2025-09-29,6432,Ricambi per intervento di assistenza FOR-051 CL-097,CC40,52.47
MOV-003525,2025-09-30,6401,Quota ammortamento impianto IMP-01 - settembre 2025,CC10,1833.33
MOV-003526,2025-09-30,6401,Quota ammortamento impianto IMP-02 - settembre 2025,CC10,1666.66
MOV-003527,2025-09-30,6401,Quota ammortamento impianto IMP-03 - settembre 2025,CC10,1500.00
MOV-003528,2025-09-30,6401,Quota ammortamento impianto IMP-04 - settembre 2025,CC10,1166.66
MOV-003529,2025-09-30,6402,Retribuzioni produzione indiretta - settembre 2025 - retribuzioni lorde,CC10,2584.18
MOV-003530,2025-09-30,6402,Retribuzioni produzione indiretta - settembre 2025 - contributi a carico impresa,CC10,812.17
MOV-003531,2025-09-30,6402,Retribuzioni produzione indiretta - settembre 2025 - quota TFR,CC10,295.34
MOV-003532,2025-09-30,6411,Retribuzioni ufficio ordini - settembre 2025 - retribuzioni lorde,CC20,10684.65
MOV-003533,2025-09-30,6411,Retribuzioni ufficio ordini - settembre 2025 - contributi a carico impresa,CC20,3358.03
MOV-003534,2025-09-30,6411,Retribuzioni ufficio ordini - settembre 2025 - quota TFR,CC20,1221.10
MOV-003535,2025-09-30,6421,Trasporto su vendite vettore FOR-013 - DDT 0023,CC30,55.07
MOV-003536,2025-09-30,6421,Trasporto su vendite vettore FOR-012 - DDT 4371,CC30,21.79
MOV-003537,2025-09-30,6421,Trasporto su vendite vettore FOR-013 - DDT 2703,CC30,28.63
MOV-003538,2025-09-30,6421,Trasporto su vendite vettore FOR-012 - DDT 8467,CC30,31.77
MOV-003539,2025-09-30,6421,Trasporto su vendite vettore FOR-012 - DDT 0646,CC30,51.44
MOV-003540,2025-09-30,6421,Trasporto su vendite vettore FOR-012 - DDT 4392,CC30,24.23
MOV-003541,2025-09-30,6421,Trasporto su vendite vettore FOR-014 - DDT 6059,CC30,45.65
MOV-003542,2025-09-30,6421,Trasporto su vendite vettore FOR-012 - DDT 7422,CC30,40.30
MOV-003543,2025-09-30,6421,Trasporto su vendite vettore FOR-014 - DDT 3654,CC30,39.50
MOV-003544,2025-09-30,6421,Trasporto su vendite vettore FOR-014 - DDT 7792,CC30,40.44
MOV-003545,2025-09-30,6421,Trasporto su vendite vettore FOR-014 - DDT 5361,CC30,53.65
MOV-003546,2025-09-30,6421,Trasporto su vendite vettore FOR-012 - DDT 0646,CC30,50.63
MOV-003547,2025-09-30,6421,Trasporto su vendite vettore FOR-011 - DDT 7564,CC30,38.75
MOV-003548,2025-09-30,6422,Personale di spedizione - settembre 2025 - retribuzioni lorde,CC30,2488.16
MOV-003549,2025-09-30,6422,Personale di spedizione - settembre 2025 - contributi a carico impresa,CC30,781.99
MOV-003550,2025-09-30,6422,Personale di spedizione - settembre 2025 - quota TFR,CC30,284.37
MOV-003551,2025-09-30,6431,Retribuzioni tecnici di assistenza - settembre 2025 - retribuzioni lorde,CC40,6795.60
MOV-003552,2025-09-30,6431,Retribuzioni tecnici di assistenza - settembre 2025 - contributi a carico impresa,CC40,2135.76
MOV-003553,2025-09-30,6431,Retribuzioni tecnici di assistenza - settembre 2025 - quota TFR,CC40,776.64
MOV-003554,2025-09-30,6432,Trasferta tecnico di assistenza - intervento presso cliente CL-169,CC40,58.70
MOV-003555,2025-09-30,6432,Trasferta tecnico di assistenza - intervento presso cliente CL-185,CC40,50.41
MOV-003556,2025-09-30,6432,Trasferta tecnico di assistenza - intervento presso cliente CL-064,CC40,16.99
MOV-003557,2025-09-30,6441,Retribuzioni amministrative - settembre 2025 - retribuzioni lorde,CC50,2922.27
MOV-003558,2025-09-30,6441,Retribuzioni amministrative - settembre 2025 - contributi a carico impresa,CC50,918.43
MOV-003559,2025-09-30,6441,Retribuzioni amministrative - settembre 2025 - quota TFR,CC50,333.97
MOV-003560,2025-10-01,6403,"Lavorazione esterna a ore FOR-032 - 23 ore a 29,00 euro",CC10,667.00
MOV-003561,2025-10-01,6412,Canone sistemi di gestione ordini FOR-040 - ottobre 2025,CC20,4500.00
MOV-003562,2025-10-01,6421,Trasporto su vendite vettore FOR-013 - DDT 1094,CC30,36.16
MOV-003563,2025-10-01,6421,Trasporto su vendite vettore FOR-013 - DDT 2536,CC30,35.14
MOV-003564,2025-10-01,6421,Trasporto su vendite vettore FOR-012 - DDT 8127,CC30,53.47
MOV-003565,2025-10-01,6421,Trasporto su vendite vettore FOR-013 - DDT 9282,CC30,45.60
MOV-003566,2025-10-01,6421,Trasporto su vendite vettore FOR-011 - DDT 5061,CC30,45.90
MOV-003567,2025-10-01,6421,Trasporto su vendite vettore FOR-013 - DDT 8941,CC30,45.82
MOV-003568,2025-10-01,6421,Trasporto su vendite vettore FOR-013 - DDT 3129,CC30,44.81
MOV-003569,2025-10-01,6421,Trasporto su vendite vettore FOR-012 - DDT 3810,CC30,20.38
MOV-003570,2025-10-01,6421,Trasporto su vendite vettore FOR-014 - DDT 5368,CC30,18.35
MOV-003571,2025-10-01,6421,Trasporto su vendite vettore FOR-012 - DDT 5203,CC30,51.17
MOV-003572,2025-10-01,6421,Trasporto su vendite vettore FOR-013 - DDT 1639,CC30,47.02
MOV-003573,2025-10-01,6432,Ricambi per intervento di assistenza FOR-051 CL-095,CC40,32.42
MOV-003574,2025-10-02,6421,Trasporto su vendite vettore FOR-013 - DDT 1286,CC30,36.99
MOV-003575,2025-10-02,6421,Trasporto su vendite vettore FOR-011 - DDT 0881,CC30,35.74
MOV-003576,2025-10-02,6421,Trasporto su vendite vettore FOR-012 - DDT 0664,CC30,50.90
MOV-003577,2025-10-02,6421,Trasporto su vendite vettore FOR-012 - DDT 6934,CC30,51.03
MOV-003578,2025-10-02,6421,Trasporto su vendite vettore FOR-013 - DDT 5409,CC30,50.73
MOV-003579,2025-10-02,6421,Trasporto su vendite vettore FOR-012 - DDT 9870,CC30,25.23
MOV-003580,2025-10-02,6421,Trasporto su vendite vettore FOR-014 - DDT 1395,CC30,48.76
MOV-003581,2025-10-02,6421,Trasporto su vendite vettore FOR-014 - DDT 7701,CC30,18.25
MOV-003582,2025-10-02,6421,Trasporto su vendite vettore FOR-011 - DDT 9740,CC30,24.92
MOV-003583,2025-10-02,6432,Ricambi per intervento di assistenza FOR-051 CL-079,CC40,52.29
MOV-003584,2025-10-02,6432,Trasferta tecnico di assistenza - intervento presso cliente CL-040,CC40,59.94
MOV-003585,2025-10-02,6432,Trasferta tecnico di assistenza - intervento presso cliente CL-231,CC40,17.45
MOV-003586,2025-10-03,6421,Trasporto su vendite vettore FOR-013 - DDT 1706,CC30,23.72
MOV-003587,2025-10-03,6421,Trasporto su vendite vettore FOR-014 - DDT 0755,CC30,48.87
MOV-003588,2025-10-03,6421,Trasporto su vendite vettore FOR-014 - DDT 4612,CC30,16.77
MOV-003589,2025-10-03,6421,Trasporto su vendite vettore FOR-014 - DDT 5346,CC30,15.90
MOV-003590,2025-10-03,6421,Trasporto su vendite vettore FOR-013 - DDT 4823,CC30,21.95
MOV-003591,2025-10-03,6421,Trasporto su vendite vettore FOR-014 - DDT 5879,CC30,53.47
MOV-003592,2025-10-03,6421,Trasporto su vendite vettore FOR-013 - DDT 9832,CC30,48.44
MOV-003593,2025-10-03,6432,Trasferta tecnico di assistenza - intervento presso cliente CL-062,CC40,26.11
MOV-003594,2025-10-04,6403,"Lavorazione esterna a ore FOR-033 - 15 ore a 29,00 euro",CC10,435.00
MOV-003595,2025-10-04,6421,Trasporto su vendite vettore FOR-013 - DDT 1409,CC30,56.59
MOV-003596,2025-10-04,6421,Trasporto su vendite vettore FOR-012 - DDT 4332,CC30,25.43
MOV-003597,2025-10-04,6421,Trasporto su vendite vettore FOR-011 - DDT 2615,CC30,36.19
MOV-003598,2025-10-04,6421,Trasporto su vendite vettore FOR-012 - DDT 5469,CC30,40.92
MOV-003599,2025-10-04,6421,Trasporto su vendite vettore FOR-014 - DDT 5981,CC30,58.03
MOV-003600,2025-10-04,6421,Trasporto su vendite vettore FOR-012 - DDT 1875,CC30,49.96
MOV-003601,2025-10-05,6421,Trasporto su vendite vettore FOR-013 - DDT 8464,CC30,26.09
MOV-003602,2025-10-05,6421,Trasporto su vendite vettore FOR-013 - DDT 0581,CC30,28.83
MOV-003603,2025-10-05,6421,Trasporto su vendite vettore FOR-011 - DDT 6911,CC30,30.10
MOV-003604,2025-10-05,6421,Trasporto su vendite vettore FOR-011 - DDT 1965,CC30,19.86
MOV-003605,2025-10-05,6421,Trasporto su vendite vettore FOR-014 - DDT 9565,CC30,25.13
MOV-003606,2025-10-05,6421,Trasporto su vendite vettore FOR-013 - DDT 0150,CC30,20.91
MOV-003607,2025-10-05,6421,Trasporto su vendite vettore FOR-011 - DDT 6614,CC30,30.39
MOV-003608,2025-10-05,6421,Trasporto su vendite vettore FOR-012 - DDT 3876,CC30,34.60
MOV-003609,2025-10-05,6421,Trasporto su vendite vettore FOR-011 - DDT 9962,CC30,57.43
MOV-003610,2025-10-05,6432,Ricambi per intervento di assistenza FOR-051 CL-246,CC40,62.12
MOV-003611,2025-10-06,6403,"Straordinari di reparto - 8 ore a 26,00 euro",CC10,208.00
MOV-003612,2025-10-06,6421,Trasporto su vendite vettore FOR-012 - DDT 5802,CC30,59.04
MOV-003613,2025-10-06,6421,Trasporto su vendite vettore FOR-012 - DDT 4054,CC30,22.02
MOV-003614,2025-10-06,6421,Trasporto su vendite vettore FOR-012 - DDT 4908,CC30,37.72
MOV-003615,2025-10-06,6421,Trasporto su vendite vettore FOR-014 - DDT 4784,CC30,31.05
MOV-003616,2025-10-06,6421,Trasporto su vendite vettore FOR-014 - DDT 3810,CC30,52.50
MOV-003617,2025-10-06,6421,Trasporto su vendite vettore FOR-012 - DDT 8387,CC30,36.83
MOV-003618,2025-10-06,6421,Trasporto su vendite vettore FOR-013 - DDT 4242,CC30,41.38
MOV-003619,2025-10-06,6421,Trasporto su vendite vettore FOR-012 - DDT 5305,CC30,33.49
MOV-003620,2025-10-06,6421,Trasporto su vendite vettore FOR-014 - DDT 7904,CC30,42.50
MOV-003621,2025-10-06,6421,Trasporto su vendite vettore FOR-013 - DDT 7256,CC30,50.29
MOV-003622,2025-10-06,6421,Trasporto su vendite vettore FOR-012 - DDT 6433,CC30,56.40
MOV-003623,2025-10-06,6421,Trasporto su vendite vettore FOR-011 - DDT 3300,CC30,38.88
MOV-003624,2025-10-06,6421,Trasporto su vendite vettore FOR-012 - DDT 6758,CC30,27.19
MOV-003625,2025-10-06,6421,Trasporto su vendite vettore FOR-013 - DDT 7319,CC30,15.21
MOV-003626,2025-10-06,6421,Trasporto su vendite vettore FOR-011 - DDT 9928,CC30,41.78
MOV-003627,2025-10-06,6421,Trasporto su vendite vettore FOR-013 - DDT 5344,CC30,22.52
MOV-003628,2025-10-06,6432,Ricambi per intervento di assistenza FOR-051 CL-091,CC40,23.55
MOV-003629,2025-10-06,6432,Ricambi per intervento di assistenza FOR-052 CL-199,CC40,55.40
MOV-003630,2025-10-06,6432,Ricambi per intervento di assistenza FOR-052 CL-095,CC40,38.66
MOV-003631,2025-10-07,6403,"Lavorazione esterna a ore FOR-031 - 11 ore a 29,00 euro",CC10,319.00
MOV-003632,2025-10-07,6421,Trasporto su vendite vettore FOR-014 - DDT 1628,CC30,58.13
MOV-003633,2025-10-07,6421,Trasporto su vendite vettore FOR-012 - DDT 1584,CC30,25.30
MOV-003634,2025-10-07,6421,Trasporto su vendite vettore FOR-014 - DDT 3654,CC30,26.47
MOV-003635,2025-10-07,6421,Trasporto su vendite vettore FOR-011 - DDT 6765,CC30,28.10
MOV-003636,2025-10-07,6421,Trasporto su vendite vettore FOR-011 - DDT 9755,CC30,56.26
MOV-003637,2025-10-07,6421,Trasporto su vendite vettore FOR-014 - DDT 5695,CC30,24.56
MOV-003638,2025-10-07,6421,Trasporto su vendite vettore FOR-013 - DDT 7727,CC30,18.35
MOV-003639,2025-10-07,6421,Trasporto su vendite vettore FOR-011 - DDT 7929,CC30,14.98
MOV-003640,2025-10-07,6421,Trasporto su vendite vettore FOR-013 - DDT 0156,CC30,48.45
MOV-003641,2025-10-07,6421,Trasporto su vendite vettore FOR-012 - DDT 3737,CC30,23.12
MOV-003642,2025-10-07,6421,Trasporto su vendite vettore FOR-013 - DDT 5814,CC30,18.34
MOV-003643,2025-10-07,6432,Trasferta tecnico di assistenza - intervento presso cliente CL-175,CC40,58.80
MOV-003644,2025-10-08,6403,"Lavorazione esterna a ore FOR-032 - 13 ore a 29,00 euro",CC10,377.00
MOV-003645,2025-10-08,6421,Trasporto su vendite vettore FOR-014 - DDT 3294,CC30,34.32
MOV-003646,2025-10-08,6421,Trasporto su vendite vettore FOR-013 - DDT 5896,CC30,39.67
MOV-003647,2025-10-08,6421,Trasporto su vendite vettore FOR-014 - DDT 0604,CC30,35.85
MOV-003648,2025-10-08,6421,Trasporto su vendite vettore FOR-012 - DDT 3666,CC30,39.89
MOV-003649,2025-10-08,6421,Trasporto su vendite vettore FOR-011 - DDT 6918,CC30,51.87
MOV-003650,2025-10-08,6421,Trasporto su vendite vettore FOR-011 - DDT 6126,CC30,40.77
MOV-003651,2025-10-08,6421,Trasporto su vendite vettore FOR-011 - DDT 2767,CC30,28.83
MOV-003652,2025-10-08,6421,Trasporto su vendite vettore FOR-013 - DDT 2898,CC30,55.99
MOV-003653,2025-10-08,6432,Ricambi per intervento di assistenza FOR-052 CL-003,CC40,24.31
MOV-003654,2025-10-08,6432,Trasferta tecnico di assistenza - intervento presso cliente CL-042,CC40,38.61
MOV-003655,2025-10-09,6403,"Lavorazione esterna a ore FOR-032 - 18 ore a 29,00 euro",CC10,522.00
MOV-003656,2025-10-09,6421,Trasporto su vendite vettore FOR-012 - DDT 5997,CC30,40.87
MOV-003657,2025-10-09,6421,Trasporto su vendite vettore FOR-013 - DDT 4814,CC30,15.88
MOV-003658,2025-10-09,6421,Trasporto su vendite vettore FOR-012 - DDT 0564,CC30,32.51
MOV-003659,2025-10-09,6421,Trasporto su vendite vettore FOR-012 - DDT 0761,CC30,52.40
MOV-003660,2025-10-09,6421,Trasporto su vendite vettore FOR-011 - DDT 2167,CC30,15.37
MOV-003661,2025-10-09,6421,Trasporto su vendite vettore FOR-011 - DDT 2082,CC30,55.45
MOV-003662,2025-10-09,6421,Trasporto su vendite vettore FOR-012 - DDT 4577,CC30,30.91
MOV-003663,2025-10-09,6421,Trasporto su vendite vettore FOR-014 - DDT 1048,CC30,22.37
MOV-003664,2025-10-09,6421,Trasporto su vendite vettore FOR-012 - DDT 9215,CC30,54.78
MOV-003665,2025-10-09,6421,Trasporto su vendite vettore FOR-012 - DDT 8539,CC30,29.66
MOV-003666,2025-10-09,6421,Trasporto su vendite vettore FOR-013 - DDT 1971,CC30,25.16
MOV-003667,2025-10-09,6421,Trasporto su vendite vettore FOR-011 - DDT 8375,CC30,24.97
MOV-003668,2025-10-09,6421,Trasporto su vendite vettore FOR-013 - DDT 1545,CC30,16.75
MOV-003669,2025-10-09,6432,Ricambi per intervento di assistenza FOR-051 CL-016,CC40,74.98
MOV-003670,2025-10-10,6403,"Lavorazione esterna a ore FOR-031 - 16 ore a 29,00 euro",CC10,464.00
MOV-003671,2025-10-10,6403,"Lavorazione esterna a ore FOR-032 - 12 ore a 29,00 euro",CC10,348.00
MOV-003672,2025-10-10,6421,Trasporto su vendite vettore FOR-013 - DDT 9566,CC30,16.84
MOV-003673,2025-10-10,6421,Trasporto su vendite vettore FOR-011 - DDT 4696,CC30,15.93
MOV-003674,2025-10-10,6421,Trasporto su vendite vettore FOR-014 - DDT 1892,CC30,30.34
MOV-003675,2025-10-10,6421,Trasporto su vendite vettore FOR-013 - DDT 2225,CC30,37.87
MOV-003676,2025-10-10,6421,Trasporto su vendite vettore FOR-014 - DDT 6944,CC30,28.85
MOV-003677,2025-10-10,6421,Trasporto su vendite vettore FOR-012 - DDT 4097,CC30,22.54
MOV-003678,2025-10-10,6421,Trasporto su vendite vettore FOR-012 - DDT 1389,CC30,57.07
MOV-003679,2025-10-10,6421,Trasporto su vendite vettore FOR-012 - DDT 9867,CC30,31.09
MOV-003680,2025-10-10,6421,Trasporto su vendite vettore FOR-013 - DDT 0016,CC30,35.46
MOV-003681,2025-10-10,6421,Trasporto su vendite vettore FOR-013 - DDT 6927,CC30,53.28
MOV-003682,2025-10-10,6432,Trasferta tecnico di assistenza - intervento presso cliente CL-159,CC40,63.87
MOV-003683,2025-10-10,6432,Ricambi per intervento di assistenza FOR-052 CL-151,CC40,56.66
MOV-003684,2025-10-11,6403,"Straordinari di reparto - 7 ore a 26,00 euro",CC10,182.00
MOV-003685,2025-10-11,6403,"Lavorazione esterna a ore FOR-032 - 13 ore a 29,00 euro",CC10,377.00
MOV-003686,2025-10-11,6403,"Lavorazione esterna a ore FOR-034 - 15 ore a 29,00 euro",CC10,435.00
MOV-003687,2025-10-11,6421,Trasporto su vendite vettore FOR-014 - DDT 6269,CC30,27.04
MOV-003688,2025-10-11,6421,Trasporto su vendite vettore FOR-011 - DDT 7762,CC30,24.90
MOV-003689,2025-10-11,6421,Trasporto su vendite vettore FOR-013 - DDT 1806,CC30,24.07
MOV-003690,2025-10-11,6421,Trasporto su vendite vettore FOR-012 - DDT 4733,CC30,31.04
MOV-003691,2025-10-11,6421,Trasporto su vendite vettore FOR-014 - DDT 3615,CC30,43.25
MOV-003692,2025-10-11,6421,Trasporto su vendite vettore FOR-011 - DDT 2165,CC30,43.37
MOV-003693,2025-10-11,6421,Trasporto su vendite vettore FOR-012 - DDT 4132,CC30,44.17
MOV-003694,2025-10-11,6421,Trasporto su vendite vettore FOR-011 - DDT 1921,CC30,57.62
MOV-003695,2025-10-11,6421,Trasporto su vendite vettore FOR-012 - DDT 5989,CC30,34.42
MOV-003696,2025-10-11,6421,Trasporto su vendite vettore FOR-011 - DDT 5596,CC30,54.95
MOV-003697,2025-10-11,6432,Ricambi per intervento di assistenza FOR-052 CL-156,CC40,62.53
MOV-003698,2025-10-11,6432,Trasferta tecnico di assistenza - intervento presso cliente CL-182,CC40,20.05
MOV-003699,2025-10-11,6432,Trasferta tecnico di assistenza - intervento presso cliente CL-238,CC40,34.78
MOV-003700,2025-10-12,6421,Trasporto su vendite vettore FOR-014 - DDT 7333,CC30,38.82
MOV-003701,2025-10-12,6421,Trasporto su vendite vettore FOR-013 - DDT 0629,CC30,20.83
MOV-003702,2025-10-12,6421,Trasporto su vendite vettore FOR-013 - DDT 7580,CC30,21.52
MOV-003703,2025-10-12,6421,Trasporto su vendite vettore FOR-013 - DDT 6282,CC30,18.00
MOV-003704,2025-10-12,6421,Trasporto su vendite vettore FOR-013 - DDT 4556,CC30,31.11
MOV-003705,2025-10-12,6421,Trasporto su vendite vettore FOR-013 - DDT 7825,CC30,22.37
MOV-003706,2025-10-12,6432,Trasferta tecnico di assistenza - intervento presso cliente CL-191,CC40,41.95
MOV-003707,2025-10-12,6432,Ricambi per intervento di assistenza FOR-052 CL-037,CC40,59.25
MOV-003708,2025-10-13,6403,"Straordinari di reparto - 11 ore a 26,00 euro",CC10,286.00
MOV-003709,2025-10-13,6403,"Lavorazione esterna a ore FOR-032 - 11 ore a 29,00 euro",CC10,319.00
MOV-003710,2025-10-13,6421,Trasporto su vendite vettore FOR-011 - DDT 2196,CC30,53.87
MOV-003711,2025-10-13,6421,Trasporto su vendite vettore FOR-013 - DDT 2470,CC30,27.81
MOV-003712,2025-10-13,6421,Trasporto su vendite vettore FOR-012 - DDT 6125,CC30,22.53
MOV-003713,2025-10-13,6421,Trasporto su vendite vettore FOR-014 - DDT 3332,CC30,57.73
MOV-003714,2025-10-13,6421,Trasporto su vendite vettore FOR-012 - DDT 8990,CC30,33.34
MOV-003715,2025-10-13,6421,Trasporto su vendite vettore FOR-012 - DDT 2912,CC30,50.06
MOV-003716,2025-10-13,6421,Trasporto su vendite vettore FOR-012 - DDT 9377,CC30,15.51
MOV-003717,2025-10-13,6421,Trasporto su vendite vettore FOR-013 - DDT 5724,CC30,44.54
MOV-003718,2025-10-13,6421,Trasporto su vendite vettore FOR-012 - DDT 3207,CC30,23.72
MOV-003719,2025-10-13,6421,Trasporto su vendite vettore FOR-011 - DDT 4340,CC30,30.02
MOV-003720,2025-10-13,6421,Trasporto su vendite vettore FOR-013 - DDT 2725,CC30,17.47
MOV-003721,2025-10-13,6421,Trasporto su vendite vettore FOR-013 - DDT 7013,CC30,24.43
MOV-003722,2025-10-13,6421,Trasporto su vendite vettore FOR-012 - DDT 7263,CC30,56.19
MOV-003723,2025-10-13,6421,Trasporto su vendite vettore FOR-011 - DDT 2872,CC30,30.94
MOV-003724,2025-10-13,6421,Trasporto su vendite vettore FOR-012 - DDT 6313,CC30,20.76
MOV-003725,2025-10-13,6421,Trasporto su vendite vettore FOR-011 - DDT 5483,CC30,15.49
MOV-003726,2025-10-13,6432,Ricambi per intervento di assistenza FOR-051 CL-086,CC40,72.01
MOV-003727,2025-10-14,6421,Trasporto su vendite vettore FOR-013 - DDT 1091,CC30,26.75
MOV-003728,2025-10-14,6421,Trasporto su vendite vettore FOR-013 - DDT 3233,CC30,40.24
MOV-003729,2025-10-14,6421,Trasporto su vendite vettore FOR-011 - DDT 0843,CC30,39.56
MOV-003730,2025-10-14,6421,Trasporto su vendite vettore FOR-014 - DDT 3227,CC30,50.27
MOV-003731,2025-10-14,6421,Trasporto su vendite vettore FOR-011 - DDT 4215,CC30,56.54
MOV-003732,2025-10-14,6421,Trasporto su vendite vettore FOR-012 - DDT 6614,CC30,44.21
MOV-003733,2025-10-14,6421,Trasporto su vendite vettore FOR-014 - DDT 6854,CC30,18.92
MOV-003734,2025-10-14,6421,Trasporto su vendite vettore FOR-013 - DDT 5668,CC30,45.29
MOV-003735,2025-10-14,6421,Trasporto su vendite vettore FOR-012 - DDT 8697,CC30,57.78
MOV-003736,2025-10-14,6421,Trasporto su vendite vettore FOR-013 - DDT 8523,CC30,28.79
MOV-003737,2025-10-14,6421,Trasporto su vendite vettore FOR-011 - DDT 9068,CC30,42.06
MOV-003738,2025-10-14,6421,Trasporto su vendite vettore FOR-014 - DDT 7447,CC30,56.16
MOV-003739,2025-10-14,6421,Trasporto su vendite vettore FOR-012 - DDT 5310,CC30,52.56
MOV-003740,2025-10-14,6421,Trasporto su vendite vettore FOR-014 - DDT 6432,CC30,20.61
MOV-003741,2025-10-14,6432,Ricambi per intervento di assistenza FOR-052 CL-194,CC40,78.35
MOV-003742,2025-10-14,6432,Trasferta tecnico di assistenza - intervento presso cliente CL-044,CC40,58.76
MOV-003743,2025-10-15,6421,Trasporto su vendite vettore FOR-012 - DDT 7282,CC30,16.56
MOV-003744,2025-10-15,6421,Trasporto su vendite vettore FOR-014 - DDT 3391,CC30,58.38
MOV-003745,2025-10-15,6421,Trasporto su vendite vettore FOR-014 - DDT 9217,CC30,21.74
MOV-003746,2025-10-15,6421,Trasporto su vendite vettore FOR-011 - DDT 8772,CC30,38.39
MOV-003747,2025-10-15,6421,Trasporto su vendite vettore FOR-014 - DDT 5969,CC30,16.32
MOV-003748,2025-10-15,6421,Trasporto su vendite vettore FOR-013 - DDT 5836,CC30,21.29
MOV-003749,2025-10-15,6421,Trasporto su vendite vettore FOR-011 - DDT 8834,CC30,44.12
MOV-003750,2025-10-15,6421,Trasporto su vendite vettore FOR-011 - DDT 7757,CC30,28.78
MOV-003751,2025-10-15,6421,Trasporto su vendite vettore FOR-012 - DDT 3819,CC30,44.08
MOV-003752,2025-10-15,6421,Trasporto su vendite vettore FOR-013 - DDT 1391,CC30,51.08
MOV-003753,2025-10-15,6421,Trasporto su vendite vettore FOR-012 - DDT 2487,CC30,32.98
MOV-003754,2025-10-15,6421,Trasporto su vendite vettore FOR-013 - DDT 2683,CC30,15.87
MOV-003755,2025-10-15,6421,Trasporto su vendite vettore FOR-011 - DDT 5561,CC30,29.05
MOV-003756,2025-10-15,6421,Trasporto su vendite vettore FOR-012 - DDT 7993,CC30,19.18
MOV-003757,2025-10-15,6421,Trasporto su vendite vettore FOR-013 - DDT 3450,CC30,44.70
MOV-003758,2025-10-15,6432,Ricambi per intervento di assistenza FOR-051 CL-073,CC40,62.21
MOV-003759,2025-10-15,6432,Ricambi per intervento di assistenza FOR-052 CL-010,CC40,60.57
MOV-003760,2025-10-16,6403,"Lavorazione esterna a ore FOR-033 - 20 ore a 29,00 euro",CC10,580.00
MOV-003761,2025-10-16,6403,"Lavorazione esterna a ore FOR-031 - 8 ore a 29,00 euro",CC10,232.00
MOV-003762,2025-10-16,6421,Trasporto su vendite vettore FOR-014 - DDT 0506,CC30,18.72
MOV-003763,2025-10-16,6421,Trasporto su vendite vettore FOR-014 - DDT 4060,CC30,34.89
MOV-003764,2025-10-16,6421,Trasporto su vendite vettore FOR-012 - DDT 0427,CC30,52.09
MOV-003765,2025-10-16,6421,Trasporto su vendite vettore FOR-013 - DDT 0129,CC30,43.94
MOV-003766,2025-10-16,6421,Trasporto su vendite vettore FOR-014 - DDT 9318,CC30,25.83
MOV-003767,2025-10-16,6421,Trasporto su vendite vettore FOR-012 - DDT 5219,CC30,34.84
MOV-003768,2025-10-16,6421,Trasporto su vendite vettore FOR-014 - DDT 3724,CC30,50.38
MOV-003769,2025-10-16,6421,Trasporto su vendite vettore FOR-014 - DDT 2285,CC30,47.73
MOV-003770,2025-10-16,6432,Trasferta tecnico di assistenza - intervento presso cliente CL-008,CC40,44.79
MOV-003771,2025-10-16,6432,Ricambi per intervento di assistenza FOR-051 CL-030,CC40,69.51
MOV-003772,2025-10-17,6403,"Straordinari di reparto - 13 ore a 26,00 euro",CC10,338.00
MOV-003773,2025-10-17,6421,Trasporto su vendite vettore FOR-013 - DDT 6386,CC30,42.79
MOV-003774,2025-10-17,6421,Trasporto su vendite vettore FOR-014 - DDT 0447,CC30,33.01
MOV-003775,2025-10-17,6421,Trasporto su vendite vettore FOR-012 - DDT 1417,CC30,49.98
MOV-003776,2025-10-17,6421,Trasporto su vendite vettore FOR-013 - DDT 1090,CC30,15.31
MOV-003777,2025-10-17,6421,Trasporto su vendite vettore FOR-012 - DDT 7926,CC30,40.43
MOV-003778,2025-10-17,6421,Trasporto su vendite vettore FOR-014 - DDT 2564,CC30,50.41
MOV-003779,2025-10-17,6421,Trasporto su vendite vettore FOR-011 - DDT 7553,CC30,46.57
MOV-003780,2025-10-17,6421,Trasporto su vendite vettore FOR-012 - DDT 1702,CC30,18.54
MOV-003781,2025-10-17,6421,Trasporto su vendite vettore FOR-012 - DDT 3940,CC30,19.08
MOV-003782,2025-10-17,6421,Trasporto su vendite vettore FOR-011 - DDT 2402,CC30,28.35
MOV-003783,2025-10-17,6421,Trasporto su vendite vettore FOR-012 - DDT 5382,CC30,52.22
MOV-003784,2025-10-17,6432,Ricambi per intervento di assistenza FOR-052 CL-147,CC40,77.27
MOV-003785,2025-10-17,6432,Ricambi per intervento di assistenza FOR-052 CL-131,CC40,37.78
MOV-003786,2025-10-18,6421,Trasporto su vendite vettore FOR-014 - DDT 2264,CC30,41.91
MOV-003787,2025-10-18,6421,Trasporto su vendite vettore FOR-014 - DDT 7298,CC30,21.21
MOV-003788,2025-10-18,6421,Trasporto su vendite vettore FOR-014 - DDT 0760,CC30,25.03
MOV-003789,2025-10-18,6421,Trasporto su vendite vettore FOR-011 - DDT 1197,CC30,27.77
MOV-003790,2025-10-18,6421,Trasporto su vendite vettore FOR-014 - DDT 6295,CC30,31.23
MOV-003791,2025-10-18,6421,Trasporto su vendite vettore FOR-014 - DDT 1741,CC30,42.81
MOV-003792,2025-10-18,6421,Trasporto su vendite vettore FOR-013 - DDT 8603,CC30,37.87
MOV-003793,2025-10-18,6421,Trasporto su vendite vettore FOR-013 - DDT 8421,CC30,53.97
MOV-003794,2025-10-18,6432,Trasferta tecnico di assistenza - intervento presso cliente CL-236,CC40,65.50
MOV-003795,2025-10-18,6432,Ricambi per intervento di assistenza FOR-052 CL-051,CC40,86.60
MOV-003796,2025-10-19,6421,Trasporto su vendite vettore FOR-014 - DDT 4013,CC30,44.15
MOV-003797,2025-10-19,6421,Trasporto su vendite vettore FOR-013 - DDT 0667,CC30,43.44
MOV-003798,2025-10-19,6421,Trasporto su vendite vettore FOR-012 - DDT 0723,CC30,44.48
MOV-003799,2025-10-19,6421,Trasporto su vendite vettore FOR-011 - DDT 4597,CC30,23.13
MOV-003800,2025-10-19,6421,Trasporto su vendite vettore FOR-012 - DDT 1312,CC30,29.03
MOV-003801,2025-10-19,6421,Trasporto su vendite vettore FOR-011 - DDT 5099,CC30,46.89
MOV-003802,2025-10-19,6421,Trasporto su vendite vettore FOR-012 - DDT 0066,CC30,25.28
MOV-003803,2025-10-19,6421,Trasporto su vendite vettore FOR-014 - DDT 2027,CC30,19.60
MOV-003804,2025-10-19,6432,Trasferta tecnico di assistenza - intervento presso cliente CL-145,CC40,49.90
MOV-003805,2025-10-19,6432,Ricambi per intervento di assistenza FOR-052 CL-196,CC40,72.20
MOV-003806,2025-10-19,6432,Ricambi per intervento di assistenza FOR-052 CL-102,CC40,44.15
MOV-003807,2025-10-19,6432,Trasferta tecnico di assistenza - intervento presso cliente CL-027,CC40,78.23
MOV-003808,2025-10-20,6421,Trasporto su vendite vettore FOR-014 - DDT 0431,CC30,35.68
MOV-003809,2025-10-20,6421,Trasporto su vendite vettore FOR-012 - DDT 7391,CC30,17.59
MOV-003810,2025-10-20,6421,Trasporto su vendite vettore FOR-012 - DDT 9800,CC30,48.08
MOV-003811,2025-10-20,6421,Trasporto su vendite vettore FOR-013 - DDT 4701,CC30,38.25
MOV-003812,2025-10-20,6421,Trasporto su vendite vettore FOR-011 - DDT 4929,CC30,20.53
MOV-003813,2025-10-20,6421,Trasporto su vendite vettore FOR-013 - DDT 3505,CC30,49.15
MOV-003814,2025-10-20,6421,Trasporto su vendite vettore FOR-012 - DDT 9893,CC30,36.58
MOV-003815,2025-10-21,6421,Trasporto su vendite vettore FOR-013 - DDT 1744,CC30,56.07
MOV-003816,2025-10-21,6421,Trasporto su vendite vettore FOR-011 - DDT 8994,CC30,32.72
MOV-003817,2025-10-21,6421,Trasporto su vendite vettore FOR-014 - DDT 5211,CC30,52.05
MOV-003818,2025-10-21,6421,Trasporto su vendite vettore FOR-013 - DDT 2757,CC30,45.47
MOV-003819,2025-10-21,6421,Trasporto su vendite vettore FOR-012 - DDT 5503,CC30,55.68
MOV-003820,2025-10-21,6421,Trasporto su vendite vettore FOR-012 - DDT 0169,CC30,36.96
MOV-003821,2025-10-21,6421,Trasporto su vendite vettore FOR-012 - DDT 0860,CC30,25.14
MOV-003822,2025-10-21,6421,Trasporto su vendite vettore FOR-012 - DDT 9129,CC30,54.50
MOV-003823,2025-10-21,6421,Trasporto su vendite vettore FOR-014 - DDT 8078,CC30,17.69
MOV-003824,2025-10-21,6421,Trasporto su vendite vettore FOR-011 - DDT 4784,CC30,37.64
MOV-003825,2025-10-21,6421,Trasporto su vendite vettore FOR-011 - DDT 4678,CC30,21.16
MOV-003826,2025-10-21,6432,Ricambi per intervento di assistenza FOR-052 CL-245,CC40,75.48
MOV-003827,2025-10-21,6432,Ricambi per intervento di assistenza FOR-051 CL-215,CC40,39.71
MOV-003828,2025-10-22,6421,Trasporto su vendite vettore FOR-011 - DDT 8724,CC30,20.89
MOV-003829,2025-10-22,6421,Trasporto su vendite vettore FOR-014 - DDT 1469,CC30,45.71
MOV-003830,2025-10-22,6421,Trasporto su vendite vettore FOR-011 - DDT 1121,CC30,26.47
MOV-003831,2025-10-22,6421,Trasporto su vendite vettore FOR-014 - DDT 4127,CC30,53.36
MOV-003832,2025-10-22,6421,Trasporto su vendite vettore FOR-011 - DDT 2938,CC30,23.93
MOV-003833,2025-10-22,6421,Trasporto su vendite vettore FOR-014 - DDT 3200,CC30,15.17
MOV-003834,2025-10-22,6432,Ricambi per intervento di assistenza FOR-052 CL-101,CC40,34.61
MOV-003835,2025-10-22,6432,Ricambi per intervento di assistenza FOR-051 CL-152,CC40,78.60
MOV-003836,2025-10-22,6432,Ricambi per intervento di assistenza FOR-052 CL-206,CC40,21.40
MOV-003837,2025-10-22,6432,Trasferta tecnico di assistenza - intervento presso cliente CL-054,CC40,49.78
MOV-003838,2025-10-23,6403,"Straordinari di reparto - 13 ore a 26,00 euro",CC10,338.00
MOV-003839,2025-10-23,6403,"Straordinari di reparto - 7 ore a 26,00 euro",CC10,182.00
MOV-003840,2025-10-23,6421,Trasporto su vendite vettore FOR-014 - DDT 5249,CC30,18.44
MOV-003841,2025-10-23,6421,Trasporto su vendite vettore FOR-011 - DDT 3157,CC30,20.48
MOV-003842,2025-10-23,6421,Trasporto su vendite vettore FOR-014 - DDT 0656,CC30,38.37
MOV-003843,2025-10-23,6421,Trasporto su vendite vettore FOR-011 - DDT 7525,CC30,26.39
MOV-003844,2025-10-23,6421,Trasporto su vendite vettore FOR-012 - DDT 6739,CC30,52.97
MOV-003845,2025-10-23,6421,Trasporto su vendite vettore FOR-011 - DDT 5971,CC30,31.36
MOV-003846,2025-10-23,6421,Trasporto su vendite vettore FOR-012 - DDT 7439,CC30,46.02
MOV-003847,2025-10-23,6432,Trasferta tecnico di assistenza - intervento presso cliente CL-185,CC40,71.22
MOV-003848,2025-10-24,6403,"Straordinari di reparto - 10 ore a 26,00 euro",CC10,260.00
MOV-003849,2025-10-24,6421,Trasporto su vendite vettore FOR-012 - DDT 9972,CC30,42.14
MOV-003850,2025-10-24,6421,Trasporto su vendite vettore FOR-011 - DDT 8696,CC30,52.31
MOV-003851,2025-10-24,6421,Trasporto su vendite vettore FOR-013 - DDT 6287,CC30,51.84
MOV-003852,2025-10-24,6421,Trasporto su vendite vettore FOR-014 - DDT 7061,CC30,19.84
MOV-003853,2025-10-24,6421,Trasporto su vendite vettore FOR-012 - DDT 8236,CC30,18.97
MOV-003854,2025-10-24,6421,Trasporto su vendite vettore FOR-011 - DDT 7530,CC30,22.80
MOV-003855,2025-10-24,6421,Trasporto su vendite vettore FOR-011 - DDT 7598,CC30,48.93
MOV-003856,2025-10-24,6421,Trasporto su vendite vettore FOR-014 - DDT 4127,CC30,31.92
MOV-003857,2025-10-24,6421,Trasporto su vendite vettore FOR-011 - DDT 8053,CC30,43.90
MOV-003858,2025-10-24,6421,Trasporto su vendite vettore FOR-012 - DDT 7546,CC30,44.04
MOV-003859,2025-10-24,6421,Trasporto su vendite vettore FOR-011 - DDT 9201,CC30,20.02
MOV-003860,2025-10-24,6432,Ricambi per intervento di assistenza FOR-052 CL-089,CC40,78.66
MOV-003861,2025-10-24,6432,Ricambi per intervento di assistenza FOR-052 CL-067,CC40,72.28
MOV-003862,2025-10-24,6432,Trasferta tecnico di assistenza - intervento presso cliente CL-178,CC40,51.60
MOV-003863,2025-10-25,6403,"Lavorazione esterna a ore FOR-031 - 14 ore a 29,00 euro",CC10,406.00
MOV-003864,2025-10-25,6421,Trasporto su vendite vettore FOR-014 - DDT 4696,CC30,53.73
MOV-003865,2025-10-25,6421,Trasporto su vendite vettore FOR-014 - DDT 1937,CC30,23.47
MOV-003866,2025-10-25,6421,Trasporto su vendite vettore FOR-012 - DDT 0665,CC30,41.72
MOV-003867,2025-10-25,6421,Trasporto su vendite vettore FOR-011 - DDT 6362,CC30,53.07
MOV-003868,2025-10-25,6421,Trasporto su vendite vettore FOR-012 - DDT 6559,CC30,51.15
MOV-003869,2025-10-25,6421,Trasporto su vendite vettore FOR-011 - DDT 0598,CC30,52.58
MOV-003870,2025-10-25,6421,Trasporto su vendite vettore FOR-014 - DDT 6832,CC30,46.05
MOV-003871,2025-10-25,6421,Trasporto su vendite vettore FOR-012 - DDT 9742,CC30,22.90
MOV-003872,2025-10-25,6421,Trasporto su vendite vettore FOR-013 - DDT 5534,CC30,34.05
MOV-003873,2025-10-25,6421,Trasporto su vendite vettore FOR-014 - DDT 7503,CC30,36.63
MOV-003874,2025-10-25,6421,Trasporto su vendite vettore FOR-013 - DDT 3425,CC30,21.41
MOV-003875,2025-10-26,6421,Trasporto su vendite vettore FOR-011 - DDT 6248,CC30,16.95
MOV-003876,2025-10-26,6421,Trasporto su vendite vettore FOR-012 - DDT 4850,CC30,33.67
MOV-003877,2025-10-26,6421,Trasporto su vendite vettore FOR-011 - DDT 3209,CC30,53.54
MOV-003878,2025-10-26,6421,Trasporto su vendite vettore FOR-013 - DDT 6955,CC30,22.24
MOV-003879,2025-10-26,6421,Trasporto su vendite vettore FOR-011 - DDT 1575,CC30,22.93
MOV-003880,2025-10-26,6421,Trasporto su vendite vettore FOR-012 - DDT 2734,CC30,27.22
MOV-003881,2025-10-26,6421,Trasporto su vendite vettore FOR-012 - DDT 6311,CC30,28.44
MOV-003882,2025-10-26,6421,Trasporto su vendite vettore FOR-011 - DDT 8798,CC30,51.70
MOV-003883,2025-10-26,6421,Trasporto su vendite vettore FOR-013 - DDT 8134,CC30,41.97
MOV-003884,2025-10-26,6421,Trasporto su vendite vettore FOR-012 - DDT 9567,CC30,18.85
MOV-003885,2025-10-26,6432,Ricambi per intervento di assistenza FOR-051 CL-068,CC40,55.06
MOV-003886,2025-10-26,6432,Ricambi per intervento di assistenza FOR-052 CL-065,CC40,50.33
MOV-003887,2025-10-27,6421,Trasporto su vendite vettore FOR-013 - DDT 1368,CC30,46.54
MOV-003888,2025-10-27,6421,Trasporto su vendite vettore FOR-012 - DDT 2448,CC30,43.83
MOV-003889,2025-10-27,6421,Trasporto su vendite vettore FOR-014 - DDT 4253,CC30,43.34
MOV-003890,2025-10-27,6421,Trasporto su vendite vettore FOR-011 - DDT 0487,CC30,43.28
MOV-003891,2025-10-27,6421,Trasporto su vendite vettore FOR-011 - DDT 1742,CC30,14.84
MOV-003892,2025-10-27,6421,Trasporto su vendite vettore FOR-012 - DDT 8825,CC30,22.93
MOV-003893,2025-10-27,6421,Trasporto su vendite vettore FOR-014 - DDT 9495,CC30,56.25
MOV-003894,2025-10-27,6421,Trasporto su vendite vettore FOR-014 - DDT 9229,CC30,41.93
MOV-003895,2025-10-27,6421,Trasporto su vendite vettore FOR-013 - DDT 0489,CC30,46.82
MOV-003896,2025-10-27,6421,Trasporto su vendite vettore FOR-014 - DDT 5056,CC30,21.17
MOV-003897,2025-10-27,6421,Trasporto su vendite vettore FOR-013 - DDT 7461,CC30,25.13
MOV-003898,2025-10-27,6421,Trasporto su vendite vettore FOR-012 - DDT 8132,CC30,14.88
MOV-003899,2025-10-27,6432,Ricambi per intervento di assistenza FOR-052 CL-235,CC40,22.90
MOV-003900,2025-10-27,6432,Ricambi per intervento di assistenza FOR-052 CL-051,CC40,54.81
MOV-003901,2025-10-27,6432,Ricambi per intervento di assistenza FOR-051 CL-137,CC40,33.78
MOV-003902,2025-10-28,6403,"Straordinari di reparto - 14 ore a 26,00 euro",CC10,364.00
MOV-003903,2025-10-28,6403,"Straordinari di reparto - 16 ore a 26,00 euro",CC10,416.00
MOV-003904,2025-10-28,6421,Trasporto su vendite vettore FOR-014 - DDT 7207,CC30,43.45
MOV-003905,2025-10-28,6421,Trasporto su vendite vettore FOR-012 - DDT 3259,CC30,52.94
MOV-003906,2025-10-28,6421,Trasporto su vendite vettore FOR-012 - DDT 4833,CC30,39.11
MOV-003907,2025-10-28,6421,Trasporto su vendite vettore FOR-014 - DDT 7295,CC30,48.75
MOV-003908,2025-10-28,6421,Trasporto su vendite vettore FOR-014 - DDT 7222,CC30,43.73
MOV-003909,2025-10-28,6421,Trasporto su vendite vettore FOR-014 - DDT 0421,CC30,52.65
MOV-003910,2025-10-28,6421,Trasporto su vendite vettore FOR-013 - DDT 3541,CC30,29.27
MOV-003911,2025-10-28,6421,Trasporto su vendite vettore FOR-014 - DDT 6459,CC30,14.80
MOV-003912,2025-10-28,6421,Trasporto su vendite vettore FOR-012 - DDT 4642,CC30,38.12
MOV-003913,2025-10-28,6421,Trasporto su vendite vettore FOR-014 - DDT 3366,CC30,50.78
MOV-003914,2025-10-28,6421,Trasporto su vendite vettore FOR-011 - DDT 4543,CC30,55.89
MOV-003915,2025-10-29,6403,"Straordinari di reparto - 16 ore a 26,00 euro",CC10,416.00
MOV-003916,2025-10-29,6421,Trasporto su vendite vettore FOR-014 - DDT 6459,CC30,39.69
MOV-003917,2025-10-29,6421,Trasporto su vendite vettore FOR-014 - DDT 9230,CC30,26.72
MOV-003918,2025-10-29,6421,Trasporto su vendite vettore FOR-013 - DDT 2869,CC30,56.58
MOV-003919,2025-10-29,6421,Trasporto su vendite vettore FOR-011 - DDT 3116,CC30,17.84
MOV-003920,2025-10-29,6421,Trasporto su vendite vettore FOR-012 - DDT 3796,CC30,47.27
MOV-003921,2025-10-29,6421,Trasporto su vendite vettore FOR-012 - DDT 6053,CC30,56.76
MOV-003922,2025-10-29,6421,Trasporto su vendite vettore FOR-011 - DDT 5135,CC30,20.63
MOV-003923,2025-10-29,6421,Trasporto su vendite vettore FOR-012 - DDT 9215,CC30,40.53
MOV-003924,2025-10-29,6432,Ricambi per intervento di assistenza FOR-052 CL-126,CC40,32.48
MOV-003925,2025-10-29,6432,Ricambi per intervento di assistenza FOR-051 CL-142,CC40,69.40
MOV-003926,2025-10-29,6432,Ricambi per intervento di assistenza FOR-052 CL-237,CC40,18.65
MOV-003927,2025-10-30,6403,"Lavorazione esterna a ore FOR-031 - 13 ore a 29,00 euro",CC10,377.00
MOV-003928,2025-10-30,6421,Trasporto su vendite vettore FOR-014 - DDT 7609,CC30,28.12
MOV-003929,2025-10-30,6421,Trasporto su vendite vettore FOR-013 - DDT 5866,CC30,56.12
MOV-003930,2025-10-30,6421,Trasporto su vendite vettore FOR-012 - DDT 7836,CC30,27.14
MOV-003931,2025-10-30,6432,Trasferta tecnico di assistenza - intervento presso cliente CL-091,CC40,88.63
MOV-003932,2025-10-30,6432,Ricambi per intervento di assistenza FOR-052 CL-213,CC40,65.02
MOV-003933,2025-10-30,6432,Trasferta tecnico di assistenza - intervento presso cliente CL-189,CC40,73.35
MOV-003934,2025-10-31,6401,Quota ammortamento impianto IMP-01 - ottobre 2025,CC10,1833.33
MOV-003935,2025-10-31,6401,Quota ammortamento impianto IMP-02 - ottobre 2025,CC10,1666.66
MOV-003936,2025-10-31,6401,Quota ammortamento impianto IMP-03 - ottobre 2025,CC10,1500.00
MOV-003937,2025-10-31,6401,Quota ammortamento impianto IMP-04 - ottobre 2025,CC10,1166.66
MOV-003938,2025-10-31,6402,Retribuzioni produzione indiretta - ottobre 2025 - retribuzioni lorde,CC10,2711.56
MOV-003939,2025-10-31,6402,Retribuzioni produzione indiretta - ottobre 2025 - contributi a carico impresa,CC10,852.21
MOV-003940,2025-10-31,6402,Retribuzioni produzione indiretta - ottobre 2025 - quota TFR,CC10,309.89
MOV-003941,2025-10-31,6403,"Lavorazione esterna a ore FOR-033 - 13 ore a 29,00 euro",CC10,377.00
MOV-003942,2025-10-31,6411,Retribuzioni ufficio ordini - ottobre 2025 - retribuzioni lorde,CC20,11270.22
MOV-003943,2025-10-31,6411,Retribuzioni ufficio ordini - ottobre 2025 - contributi a carico impresa,CC20,3542.07
MOV-003944,2025-10-31,6411,Retribuzioni ufficio ordini - ottobre 2025 - quota TFR,CC20,1288.02
MOV-003945,2025-10-31,6421,Trasporto su vendite vettore FOR-012 - DDT 7553,CC30,40.58
MOV-003946,2025-10-31,6421,Trasporto su vendite vettore FOR-013 - DDT 4646,CC30,18.68
MOV-003947,2025-10-31,6421,Trasporto su vendite vettore FOR-011 - DDT 6711,CC30,37.09
MOV-003948,2025-10-31,6421,Trasporto su vendite vettore FOR-012 - DDT 5588,CC30,37.51
MOV-003949,2025-10-31,6421,Trasporto su vendite vettore FOR-012 - DDT 9648,CC30,24.35
MOV-003950,2025-10-31,6421,Trasporto su vendite vettore FOR-014 - DDT 5220,CC30,49.64
MOV-003951,2025-10-31,6421,Trasporto su vendite vettore FOR-012 - DDT 0188,CC30,45.97
MOV-003952,2025-10-31,6421,Trasporto su vendite vettore FOR-013 - DDT 1907,CC30,39.03
MOV-003953,2025-10-31,6421,Trasporto su vendite vettore FOR-011 - DDT 6611,CC30,51.93
MOV-003954,2025-10-31,6421,Trasporto su vendite vettore FOR-011 - DDT 0983,CC30,25.43
MOV-003955,2025-10-31,6421,Trasporto su vendite vettore FOR-014 - DDT 7237,CC30,31.54
MOV-003956,2025-10-31,6422,Personale di spedizione - ottobre 2025 - retribuzioni lorde,CC30,2600.39
MOV-003957,2025-10-31,6422,Personale di spedizione - ottobre 2025 - contributi a carico impresa,CC30,817.26
MOV-003958,2025-10-31,6422,Personale di spedizione - ottobre 2025 - quota TFR,CC30,297.19
MOV-003959,2025-10-31,6431,Retribuzioni tecnici di assistenza - ottobre 2025 - retribuzioni lorde,CC40,6922.35
MOV-003960,2025-10-31,6431,Retribuzioni tecnici di assistenza - ottobre 2025 - contributi a carico impresa,CC40,2175.60
MOV-003961,2025-10-31,6431,Retribuzioni tecnici di assistenza - ottobre 2025 - quota TFR,CC40,791.12
MOV-003962,2025-10-31,6432,Ricambi per intervento di assistenza FOR-052 CL-181,CC40,20.80
MOV-003963,2025-10-31,6432,Trasferta tecnico di assistenza - intervento presso cliente CL-168,CC40,44.89
MOV-003964,2025-10-31,6441,Retribuzioni amministrative - ottobre 2025 - retribuzioni lorde,CC50,2801.50
MOV-003965,2025-10-31,6441,Retribuzioni amministrative - ottobre 2025 - contributi a carico impresa,CC50,880.47
MOV-003966,2025-10-31,6441,Retribuzioni amministrative - ottobre 2025 - quota TFR,CC50,320.17
MOV-003967,2025-11-01,6403,"Lavorazione esterna a ore FOR-032 - 5 ore a 29,00 euro",CC10,145.00
MOV-003968,2025-11-01,6412,Canone sistemi di gestione ordini FOR-040 - novembre 2025,CC20,4500.00
MOV-003969,2025-11-01,6421,Trasporto su vendite vettore FOR-011 - DDT 5453,CC30,34.22
MOV-003970,2025-11-01,6421,Trasporto su vendite vettore FOR-013 - DDT 6563,CC30,49.34
MOV-003971,2025-11-01,6421,Trasporto su vendite vettore FOR-014 - DDT 0211,CC30,20.50
MOV-003972,2025-11-01,6421,Trasporto su vendite vettore FOR-013 - DDT 6781,CC30,20.64
MOV-003973,2025-11-01,6421,Trasporto su vendite vettore FOR-014 - DDT 3263,CC30,50.73
MOV-003974,2025-11-01,6421,Trasporto su vendite vettore FOR-012 - DDT 8144,CC30,26.79
MOV-003975,2025-11-02,6403,"Straordinari di reparto - 6 ore a 26,00 euro",CC10,156.00
MOV-003976,2025-11-02,6421,Trasporto su vendite vettore FOR-014 - DDT 2295,CC30,50.91
MOV-003977,2025-11-02,6421,Trasporto su vendite vettore FOR-011 - DDT 1367,CC30,54.44
MOV-003978,2025-11-02,6421,Trasporto su vendite vettore FOR-012 - DDT 2404,CC30,43.44
MOV-003979,2025-11-02,6421,Trasporto su vendite vettore FOR-011 - DDT 9915,CC30,26.59
MOV-003980,2025-11-02,6421,Trasporto su vendite vettore FOR-011 - DDT 7473,CC30,26.05
MOV-003981,2025-11-02,6421,Trasporto su vendite vettore FOR-012 - DDT 4298,CC30,35.61
MOV-003982,2025-11-02,6421,Trasporto su vendite vettore FOR-012 - DDT 3253,CC30,21.99
MOV-003983,2025-11-02,6421,Trasporto su vendite vettore FOR-012 - DDT 8829,CC30,15.31
MOV-003984,2025-11-02,6421,Trasporto su vendite vettore FOR-011 - DDT 7818,CC30,50.10
MOV-003985,2025-11-02,6421,Trasporto su vendite vettore FOR-014 - DDT 4571,CC30,43.71
MOV-003986,2025-11-02,6421,Trasporto su vendite vettore FOR-014 - DDT 5386,CC30,33.48
MOV-003987,2025-11-02,6421,Trasporto su vendite vettore FOR-014 - DDT 9543,CC30,49.62
MOV-003988,2025-11-02,6421,Trasporto su vendite vettore FOR-012 - DDT 3111,CC30,18.88
MOV-003989,2025-11-02,6421,Trasporto su vendite vettore FOR-011 - DDT 6278,CC30,44.41
MOV-003990,2025-11-02,6421,Trasporto su vendite vettore FOR-013 - DDT 4830,CC30,56.70
MOV-003991,2025-11-02,6421,Trasporto su vendite vettore FOR-012 - DDT 5132,CC30,32.52
MOV-003992,2025-11-03,6403,"Lavorazione esterna a ore FOR-032 - 13 ore a 29,00 euro",CC10,377.00
MOV-003993,2025-11-03,6421,Trasporto su vendite vettore FOR-011 - DDT 5739,CC30,42.08
MOV-003994,2025-11-03,6421,Trasporto su vendite vettore FOR-013 - DDT 6572,CC30,36.42
MOV-003995,2025-11-03,6421,Trasporto su vendite vettore FOR-014 - DDT 1268,CC30,29.95
MOV-003996,2025-11-03,6421,Trasporto su vendite vettore FOR-012 - DDT 6955,CC30,35.05
MOV-003997,2025-11-03,6421,Trasporto su vendite vettore FOR-013 - DDT 6662,CC30,20.53
MOV-003998,2025-11-03,6421,Trasporto su vendite vettore FOR-013 - DDT 7472,CC30,35.00
MOV-003999,2025-11-03,6421,Trasporto su vendite vettore FOR-014 - DDT 2945,CC30,23.02
MOV-004000,2025-11-03,6421,Trasporto su vendite vettore FOR-012 - DDT 5551,CC30,15.96
MOV-004001,2025-11-03,6421,Trasporto su vendite vettore FOR-011 - DDT 4149,CC30,56.47
MOV-004002,2025-11-03,6421,Trasporto su vendite vettore FOR-014 - DDT 5969,CC30,36.60
MOV-004003,2025-11-03,6432,Ricambi per intervento di assistenza FOR-051 CL-140,CC40,30.36
MOV-004004,2025-11-03,6432,Ricambi per intervento di assistenza FOR-051 CL-181,CC40,74.39
MOV-004005,2025-11-04,6403,"Lavorazione esterna a ore FOR-034 - 10 ore a 29,00 euro",CC10,290.00
MOV-004006,2025-11-04,6421,Trasporto su vendite vettore FOR-014 - DDT 3411,CC30,51.47
MOV-004007,2025-11-04,6421,Trasporto su vendite vettore FOR-012 - DDT 6815,CC30,33.85
MOV-004008,2025-11-04,6421,Trasporto su vendite vettore FOR-011 - DDT 6566,CC30,49.34
MOV-004009,2025-11-04,6421,Trasporto su vendite vettore FOR-014 - DDT 0710,CC30,48.70
MOV-004010,2025-11-04,6421,Trasporto su vendite vettore FOR-012 - DDT 3589,CC30,27.59
MOV-004011,2025-11-04,6421,Trasporto su vendite vettore FOR-011 - DDT 8248,CC30,37.52
MOV-004012,2025-11-04,6421,Trasporto su vendite vettore FOR-014 - DDT 4412,CC30,46.93
MOV-004013,2025-11-04,6421,Trasporto su vendite vettore FOR-011 - DDT 1854,CC30,24.45
MOV-004014,2025-11-04,6421,Trasporto su vendite vettore FOR-014 - DDT 1680,CC30,28.26
MOV-004015,2025-11-04,6421,Trasporto su vendite vettore FOR-011 - DDT 1172,CC30,39.96
MOV-004016,2025-11-04,6421,Trasporto su vendite vettore FOR-012 - DDT 0707,CC30,50.58
MOV-004017,2025-11-04,6432,Trasferta tecnico di assistenza - intervento presso cliente CL-067,CC40,24.11
MOV-004018,2025-11-04,6432,Ricambi per intervento di assistenza FOR-052 CL-085,CC40,70.75
MOV-004019,2025-11-04,6432,Ricambi per intervento di assistenza FOR-051 CL-038,CC40,36.25
MOV-004020,2025-11-04,6432,Ricambi per intervento di assistenza FOR-051 CL-239,CC40,64.68
MOV-004021,2025-11-04,6432,Trasferta tecnico di assistenza - intervento presso cliente CL-214,CC40,48.42
MOV-004022,2025-11-05,6403,"Straordinari di reparto - 6 ore a 26,00 euro",CC10,156.00
MOV-004023,2025-11-05,6403,"Lavorazione esterna a ore FOR-032 - 11 ore a 29,00 euro",CC10,319.00
MOV-004024,2025-11-05,6421,Trasporto su vendite vettore FOR-012 - DDT 4317,CC30,49.65
MOV-004025,2025-11-05,6421,Trasporto su vendite vettore FOR-014 - DDT 7450,CC30,39.83
MOV-004026,2025-11-05,6421,Trasporto su vendite vettore FOR-013 - DDT 8824,CC30,37.41
MOV-004027,2025-11-05,6421,Trasporto su vendite vettore FOR-014 - DDT 0646,CC30,55.05
MOV-004028,2025-11-05,6421,Trasporto su vendite vettore FOR-011 - DDT 8645,CC30,34.18
MOV-004029,2025-11-05,6421,Trasporto su vendite vettore FOR-014 - DDT 8931,CC30,33.34
MOV-004030,2025-11-05,6421,Trasporto su vendite vettore FOR-011 - DDT 0857,CC30,55.69
MOV-004031,2025-11-05,6421,Trasporto su vendite vettore FOR-011 - DDT 0825,CC30,36.26
MOV-004032,2025-11-05,6421,Trasporto su vendite vettore FOR-013 - DDT 5527,CC30,56.35
MOV-004033,2025-11-05,6421,Trasporto su vendite vettore FOR-011 - DDT 7813,CC30,42.55
MOV-004034,2025-11-05,6432,Ricambi per intervento di assistenza FOR-051 CL-151,CC40,87.07
MOV-004035,2025-11-05,6432,Ricambi per intervento di assistenza FOR-051 CL-041,CC40,50.43
MOV-004036,2025-11-05,6432,Trasferta tecnico di assistenza - intervento presso cliente CL-076,CC40,20.64
MOV-004037,2025-11-05,6432,Trasferta tecnico di assistenza - intervento presso cliente CL-010,CC40,64.83
MOV-004038,2025-11-06,6403,"Lavorazione esterna a ore FOR-031 - 13 ore a 29,00 euro",CC10,377.00
MOV-004039,2025-11-06,6421,Trasporto su vendite vettore FOR-012 - DDT 9725,CC30,37.23
MOV-004040,2025-11-06,6421,Trasporto su vendite vettore FOR-012 - DDT 0533,CC30,36.86
MOV-004041,2025-11-06,6421,Trasporto su vendite vettore FOR-012 - DDT 1667,CC30,34.88
MOV-004042,2025-11-06,6421,Trasporto su vendite vettore FOR-013 - DDT 3947,CC30,38.44
MOV-004043,2025-11-06,6421,Trasporto su vendite vettore FOR-012 - DDT 8151,CC30,54.12
MOV-004044,2025-11-06,6421,Trasporto su vendite vettore FOR-011 - DDT 4008,CC30,54.60
MOV-004045,2025-11-06,6421,Trasporto su vendite vettore FOR-014 - DDT 9382,CC30,19.45
MOV-004046,2025-11-06,6421,Trasporto su vendite vettore FOR-011 - DDT 5186,CC30,48.32
MOV-004047,2025-11-06,6421,Trasporto su vendite vettore FOR-012 - DDT 6750,CC30,42.78
MOV-004048,2025-11-06,6421,Trasporto su vendite vettore FOR-011 - DDT 3640,CC30,21.97
MOV-004049,2025-11-06,6421,Trasporto su vendite vettore FOR-014 - DDT 4650,CC30,57.14
MOV-004050,2025-11-06,6421,Trasporto su vendite vettore FOR-014 - DDT 9539,CC30,31.71
MOV-004051,2025-11-06,6421,Trasporto su vendite vettore FOR-011 - DDT 2696,CC30,30.77
MOV-004052,2025-11-06,6421,Trasporto su vendite vettore FOR-013 - DDT 4672,CC30,52.84
MOV-004053,2025-11-06,6421,Trasporto su vendite vettore FOR-012 - DDT 3970,CC30,32.95
MOV-004054,2025-11-06,6421,Trasporto su vendite vettore FOR-012 - DDT 3650,CC30,30.09
MOV-004055,2025-11-06,6421,Trasporto su vendite vettore FOR-011 - DDT 0155,CC30,43.93
MOV-004056,2025-11-06,6421,Trasporto su vendite vettore FOR-013 - DDT 3858,CC30,20.80
MOV-004057,2025-11-06,6432,Trasferta tecnico di assistenza - intervento presso cliente CL-082,CC40,50.30
MOV-004058,2025-11-07,6421,Trasporto su vendite vettore FOR-013 - DDT 9529,CC30,31.63
MOV-004059,2025-11-07,6421,Trasporto su vendite vettore FOR-012 - DDT 6743,CC30,35.27
MOV-004060,2025-11-07,6421,Trasporto su vendite vettore FOR-012 - DDT 3177,CC30,58.27
MOV-004061,2025-11-07,6432,Trasferta tecnico di assistenza - intervento presso cliente CL-249,CC40,60.35
MOV-004062,2025-11-07,6432,Trasferta tecnico di assistenza - intervento presso cliente CL-247,CC40,33.39
MOV-004063,2025-11-07,6432,Trasferta tecnico di assistenza - intervento presso cliente CL-111,CC40,48.03
MOV-004064,2025-11-08,6403,"Lavorazione esterna a ore FOR-032 - 8 ore a 29,00 euro",CC10,232.00
MOV-004065,2025-11-08,6421,Trasporto su vendite vettore FOR-011 - DDT 2712,CC30,33.30
MOV-004066,2025-11-08,6421,Trasporto su vendite vettore FOR-012 - DDT 7200,CC30,25.52
MOV-004067,2025-11-08,6421,Trasporto su vendite vettore FOR-013 - DDT 5436,CC30,47.02
MOV-004068,2025-11-08,6421,Trasporto su vendite vettore FOR-013 - DDT 6863,CC30,39.39
MOV-004069,2025-11-08,6421,Trasporto su vendite vettore FOR-011 - DDT 2049,CC30,43.45
MOV-004070,2025-11-08,6421,Trasporto su vendite vettore FOR-012 - DDT 4687,CC30,44.35
MOV-004071,2025-11-08,6421,Trasporto su vendite vettore FOR-013 - DDT 8475,CC30,50.42
MOV-004072,2025-11-08,6421,Trasporto su vendite vettore FOR-014 - DDT 5589,CC30,53.67
MOV-004073,2025-11-08,6421,Trasporto su vendite vettore FOR-011 - DDT 1332,CC30,24.33
MOV-004074,2025-11-08,6421,Trasporto su vendite vettore FOR-013 - DDT 3652,CC30,20.64
MOV-004075,2025-11-08,6421,Trasporto su vendite vettore FOR-011 - DDT 1689,CC30,54.02
MOV-004076,2025-11-09,6421,Trasporto su vendite vettore FOR-011 - DDT 9271,CC30,35.40
MOV-004077,2025-11-09,6421,Trasporto su vendite vettore FOR-014 - DDT 3802,CC30,41.59
MOV-004078,2025-11-09,6421,Trasporto su vendite vettore FOR-012 - DDT 1025,CC30,26.99
MOV-004079,2025-11-09,6421,Trasporto su vendite vettore FOR-012 - DDT 8210,CC30,32.39
MOV-004080,2025-11-09,6421,Trasporto su vendite vettore FOR-014 - DDT 2320,CC30,52.16
MOV-004081,2025-11-09,6421,Trasporto su vendite vettore FOR-011 - DDT 7035,CC30,31.89
MOV-004082,2025-11-09,6421,Trasporto su vendite vettore FOR-013 - DDT 4643,CC30,23.25
MOV-004083,2025-11-09,6421,Trasporto su vendite vettore FOR-012 - DDT 8242,CC30,52.56
MOV-004084,2025-11-09,6421,Trasporto su vendite vettore FOR-013 - DDT 4839,CC30,49.04
MOV-004085,2025-11-09,6421,Trasporto su vendite vettore FOR-014 - DDT 1145,CC30,27.46
MOV-004086,2025-11-09,6421,Trasporto su vendite vettore FOR-014 - DDT 1044,CC30,18.17
MOV-004087,2025-11-09,6432,Ricambi per intervento di assistenza FOR-051 CL-192,CC40,44.68
MOV-004088,2025-11-10,6403,"Straordinari di reparto - 9 ore a 26,00 euro",CC10,234.00
MOV-004089,2025-11-10,6403,"Lavorazione esterna a ore FOR-032 - 12 ore a 29,00 euro",CC10,348.00
MOV-004090,2025-11-10,6421,Trasporto su vendite vettore FOR-011 - DDT 5646,CC30,34.67
MOV-004091,2025-11-10,6421,Trasporto su vendite vettore FOR-014 - DDT 3017,CC30,49.34
MOV-004092,2025-11-10,6421,Trasporto su vendite vettore FOR-013 - DDT 0300,CC30,43.15
MOV-004093,2025-11-10,6421,Trasporto su vendite vettore FOR-013 - DDT 4261,CC30,37.97
MOV-004094,2025-11-10,6421,Trasporto su vendite vettore FOR-013 - DDT 8344,CC30,33.46
MOV-004095,2025-11-10,6421,Trasporto su vendite vettore FOR-011 - DDT 3737,CC30,55.08
MOV-004096,2025-11-10,6421,Trasporto su vendite vettore FOR-011 - DDT 9150,CC30,21.41
MOV-004097,2025-11-10,6421,Trasporto su vendite vettore FOR-011 - DDT 8189,CC30,40.30
MOV-004098,2025-11-10,6421,Trasporto su vendite vettore FOR-012 - DDT 1360,CC30,52.71
MOV-004099,2025-11-10,6421,Trasporto su vendite vettore FOR-014 - DDT 9767,CC30,14.91
MOV-004100,2025-11-10,6421,Trasporto su vendite vettore FOR-013 - DDT 3128,CC30,28.23
MOV-004101,2025-11-10,6432,Ricambi per intervento di assistenza FOR-052 CL-149,CC40,51.78
MOV-004102,2025-11-11,6421,Trasporto su vendite vettore FOR-013 - DDT 5187,CC30,27.73
MOV-004103,2025-11-11,6421,Trasporto su vendite vettore FOR-012 - DDT 4557,CC30,52.55
MOV-004104,2025-11-11,6421,Trasporto su vendite vettore FOR-012 - DDT 9087,CC30,19.94
MOV-004105,2025-11-11,6421,Trasporto su vendite vettore FOR-011 - DDT 3793,CC30,31.38
MOV-004106,2025-11-11,6421,Trasporto su vendite vettore FOR-013 - DDT 5009,CC30,33.88
MOV-004107,2025-11-11,6421,Trasporto su vendite vettore FOR-013 - DDT 4564,CC30,58.36
MOV-004108,2025-11-11,6421,Trasporto su vendite vettore FOR-013 - DDT 5284,CC30,41.42
MOV-004109,2025-11-11,6421,Trasporto su vendite vettore FOR-012 - DDT 0459,CC30,30.68
MOV-004110,2025-11-11,6421,Trasporto su vendite vettore FOR-013 - DDT 2271,CC30,19.85
MOV-004111,2025-11-11,6432,Trasferta tecnico di assistenza - intervento presso cliente CL-081,CC40,66.72
MOV-004112,2025-11-11,6432,Trasferta tecnico di assistenza - intervento presso cliente CL-090,CC40,55.54
MOV-004113,2025-11-11,6432,Ricambi per intervento di assistenza FOR-051 CL-210,CC40,79.90
MOV-004114,2025-11-11,6432,Ricambi per intervento di assistenza FOR-051 CL-164,CC40,18.06
MOV-004115,2025-11-12,6403,"Lavorazione esterna a ore FOR-034 - 12 ore a 29,00 euro",CC10,348.00
MOV-004116,2025-11-12,6421,Trasporto su vendite vettore FOR-014 - DDT 3684,CC30,32.52
MOV-004117,2025-11-12,6421,Trasporto su vendite vettore FOR-012 - DDT 8886,CC30,25.47
MOV-004118,2025-11-12,6421,Trasporto su vendite vettore FOR-012 - DDT 3411,CC30,27.37
MOV-004119,2025-11-12,6421,Trasporto su vendite vettore FOR-013 - DDT 9722,CC30,54.15
MOV-004120,2025-11-12,6421,Trasporto su vendite vettore FOR-014 - DDT 0990,CC30,18.28
MOV-004121,2025-11-12,6421,Trasporto su vendite vettore FOR-013 - DDT 5696,CC30,16.69
MOV-004122,2025-11-12,6421,Trasporto su vendite vettore FOR-011 - DDT 2028,CC30,18.22
MOV-004123,2025-11-12,6421,Trasporto su vendite vettore FOR-014 - DDT 9016,CC30,57.80
MOV-004124,2025-11-12,6421,Trasporto su vendite vettore FOR-013 - DDT 4747,CC30,52.03
MOV-004125,2025-11-12,6421,Trasporto su vendite vettore FOR-014 - DDT 7409,CC30,53.45
MOV-004126,2025-11-13,6403,"Straordinari di reparto - 4 ore a 26,00 euro",CC10,104.00
MOV-004127,2025-11-13,6421,Trasporto su vendite vettore FOR-011 - DDT 9639,CC30,45.23
MOV-004128,2025-11-13,6421,Trasporto su vendite vettore FOR-012 - DDT 6908,CC30,16.13
MOV-004129,2025-11-13,6421,Trasporto su vendite vettore FOR-014 - DDT 1645,CC30,37.68
MOV-004130,2025-11-13,6421,Trasporto su vendite vettore FOR-014 - DDT 4723,CC30,26.39
MOV-004131,2025-11-13,6421,Trasporto su vendite vettore FOR-013 - DDT 8667,CC30,33.59
MOV-004132,2025-11-13,6421,Trasporto su vendite vettore FOR-011 - DDT 4017,CC30,51.30
MOV-004133,2025-11-13,6421,Trasporto su vendite vettore FOR-014 - DDT 5489,CC30,41.88
MOV-004134,2025-11-13,6421,Trasporto su vendite vettore FOR-014 - DDT 4490,CC30,47.10
MOV-004135,2025-11-13,6421,Trasporto su vendite vettore FOR-013 - DDT 6398,CC30,58.64
MOV-004136,2025-11-13,6421,Trasporto su vendite vettore FOR-011 - DDT 7157,CC30,16.81
MOV-004137,2025-11-13,6421,Trasporto su vendite vettore FOR-012 - DDT 3285,CC30,52.19
MOV-004138,2025-11-13,6432,Trasferta tecnico di assistenza - intervento presso cliente CL-250,CC40,87.96
MOV-004139,2025-11-14,6421,Trasporto su vendite vettore FOR-014 - DDT 9163,CC30,50.40
MOV-004140,2025-11-14,6421,Trasporto su vendite vettore FOR-014 - DDT 0023,CC30,44.77
MOV-004141,2025-11-14,6421,Trasporto su vendite vettore FOR-012 - DDT 2670,CC30,34.10
MOV-004142,2025-11-14,6421,Trasporto su vendite vettore FOR-011 - DDT 1120,CC30,50.54
MOV-004143,2025-11-14,6421,Trasporto su vendite vettore FOR-012 - DDT 0586,CC30,42.51
MOV-004144,2025-11-14,6421,Trasporto su vendite vettore FOR-012 - DDT 5862,CC30,19.80
MOV-004145,2025-11-14,6421,Trasporto su vendite vettore FOR-011 - DDT 6330,CC30,33.50
MOV-004146,2025-11-14,6432,Ricambi per intervento di assistenza FOR-051 CL-165,CC40,22.10
MOV-004147,2025-11-14,6432,Ricambi per intervento di assistenza FOR-052 CL-051,CC40,20.08
MOV-004148,2025-11-15,6403,"Lavorazione esterna a ore FOR-033 - 10 ore a 29,00 euro",CC10,290.00
MOV-004149,2025-11-15,6421,Trasporto su vendite vettore FOR-012 - DDT 7524,CC30,29.15
MOV-004150,2025-11-15,6421,Trasporto su vendite vettore FOR-012 - DDT 8656,CC30,46.94
MOV-004151,2025-11-15,6421,Trasporto su vendite vettore FOR-012 - DDT 5795,CC30,40.72
MOV-004152,2025-11-15,6421,Trasporto su vendite vettore FOR-011 - DDT 0037,CC30,25.43
MOV-004153,2025-11-15,6421,Trasporto su vendite vettore FOR-011 - DDT 2494,CC30,40.76
MOV-004154,2025-11-15,6421,Trasporto su vendite vettore FOR-012 - DDT 4089,CC30,50.97
MOV-004155,2025-11-15,6421,Trasporto su vendite vettore FOR-012 - DDT 8808,CC30,45.95
MOV-004156,2025-11-15,6421,Trasporto su vendite vettore FOR-013 - DDT 1014,CC30,32.39
MOV-004157,2025-11-15,6432,Trasferta tecnico di assistenza - intervento presso cliente CL-110,CC40,60.05
MOV-004158,2025-11-16,6421,Trasporto su vendite vettore FOR-013 - DDT 9229,CC30,33.03
MOV-004159,2025-11-16,6421,Trasporto su vendite vettore FOR-012 - DDT 9197,CC30,36.50
MOV-004160,2025-11-16,6421,Trasporto su vendite vettore FOR-012 - DDT 0736,CC30,22.06
MOV-004161,2025-11-16,6421,Trasporto su vendite vettore FOR-013 - DDT 1898,CC30,38.22
MOV-004162,2025-11-16,6421,Trasporto su vendite vettore FOR-011 - DDT 1523,CC30,17.71
MOV-004163,2025-11-16,6421,Trasporto su vendite vettore FOR-011 - DDT 5769,CC30,55.68
MOV-004164,2025-11-16,6421,Trasporto su vendite vettore FOR-012 - DDT 0212,CC30,51.03
MOV-004165,2025-11-16,6421,Trasporto su vendite vettore FOR-012 - DDT 2162,CC30,54.95
MOV-004166,2025-11-16,6421,Trasporto su vendite vettore FOR-012 - DDT 2014,CC30,24.42
MOV-004167,2025-11-16,6421,Trasporto su vendite vettore FOR-012 - DDT 2520,CC30,42.25
MOV-004168,2025-11-16,6421,Trasporto su vendite vettore FOR-011 - DDT 5749,CC30,42.18
MOV-004169,2025-11-16,6421,Trasporto su vendite vettore FOR-014 - DDT 8523,CC30,24.89
MOV-004170,2025-11-16,6421,Trasporto su vendite vettore FOR-014 - DDT 3452,CC30,34.92
MOV-004171,2025-11-16,6432,Trasferta tecnico di assistenza - intervento presso cliente CL-245,CC40,46.18
MOV-004172,2025-11-16,6432,Ricambi per intervento di assistenza FOR-051 CL-012,CC40,74.07
MOV-004173,2025-11-17,6421,Trasporto su vendite vettore FOR-014 - DDT 3896,CC30,42.56
MOV-004174,2025-11-17,6421,Trasporto su vendite vettore FOR-012 - DDT 1258,CC30,36.20
MOV-004175,2025-11-17,6421,Trasporto su vendite vettore FOR-013 - DDT 1118,CC30,55.18
MOV-004176,2025-11-17,6421,Trasporto su vendite vettore FOR-013 - DDT 4502,CC30,22.55
MOV-004177,2025-11-17,6421,Trasporto su vendite vettore FOR-011 - DDT 4356,CC30,30.34
MOV-004178,2025-11-17,6421,Trasporto su vendite vettore FOR-013 - DDT 7683,CC30,28.01
MOV-004179,2025-11-17,6421,Trasporto su vendite vettore FOR-012 - DDT 9994,CC30,32.76
MOV-004180,2025-11-17,6421,Trasporto su vendite vettore FOR-014 - DDT 4044,CC30,30.35
MOV-004181,2025-11-17,6432,Trasferta tecnico di assistenza - intervento presso cliente CL-146,CC40,48.44
MOV-004182,2025-11-18,6421,Trasporto su vendite vettore FOR-013 - DDT 6688,CC30,46.88
MOV-004183,2025-11-18,6421,Trasporto su vendite vettore FOR-013 - DDT 8247,CC30,29.44
MOV-004184,2025-11-18,6421,Trasporto su vendite vettore FOR-011 - DDT 2777,CC30,49.42
MOV-004185,2025-11-18,6421,Trasporto su vendite vettore FOR-012 - DDT 5290,CC30,54.06
MOV-004186,2025-11-18,6421,Trasporto su vendite vettore FOR-012 - DDT 4430,CC30,28.70
MOV-004187,2025-11-18,6421,Trasporto su vendite vettore FOR-014 - DDT 4605,CC30,54.18
MOV-004188,2025-11-18,6421,Trasporto su vendite vettore FOR-012 - DDT 8501,CC30,58.52
MOV-004189,2025-11-18,6421,Trasporto su vendite vettore FOR-014 - DDT 5141,CC30,36.94
MOV-004190,2025-11-18,6421,Trasporto su vendite vettore FOR-011 - DDT 8505,CC30,57.83
MOV-004191,2025-11-18,6421,Trasporto su vendite vettore FOR-013 - DDT 1117,CC30,21.45
MOV-004192,2025-11-18,6432,Ricambi per intervento di assistenza FOR-052 CL-107,CC40,79.89
MOV-004193,2025-11-19,6421,Trasporto su vendite vettore FOR-014 - DDT 2607,CC30,58.88
MOV-004194,2025-11-19,6421,Trasporto su vendite vettore FOR-013 - DDT 0616,CC30,36.53
MOV-004195,2025-11-19,6421,Trasporto su vendite vettore FOR-011 - DDT 1160,CC30,29.11
MOV-004196,2025-11-19,6421,Trasporto su vendite vettore FOR-013 - DDT 5706,CC30,25.21
MOV-004197,2025-11-19,6421,Trasporto su vendite vettore FOR-011 - DDT 4632,CC30,44.99
MOV-004198,2025-11-19,6421,Trasporto su vendite vettore FOR-012 - DDT 3132,CC30,30.41
MOV-004199,2025-11-19,6421,Trasporto su vendite vettore FOR-014 - DDT 0591,CC30,44.06
MOV-004200,2025-11-19,6421,Trasporto su vendite vettore FOR-011 - DDT 4307,CC30,18.78
MOV-004201,2025-11-19,6421,Trasporto su vendite vettore FOR-012 - DDT 9829,CC30,18.76
MOV-004202,2025-11-19,6421,Trasporto su vendite vettore FOR-013 - DDT 6165,CC30,46.31
MOV-004203,2025-11-19,6421,Trasporto su vendite vettore FOR-013 - DDT 9968,CC30,15.62
MOV-004204,2025-11-19,6421,Trasporto su vendite vettore FOR-011 - DDT 1950,CC30,18.94
MOV-004205,2025-11-19,6421,Trasporto su vendite vettore FOR-012 - DDT 0538,CC30,48.45
MOV-004206,2025-11-19,6421,Trasporto su vendite vettore FOR-012 - DDT 5920,CC30,18.33
MOV-004207,2025-11-20,6403,"Straordinari di reparto - 9 ore a 26,00 euro",CC10,234.00
MOV-004208,2025-11-20,6421,Trasporto su vendite vettore FOR-014 - DDT 1082,CC30,51.45
MOV-004209,2025-11-20,6421,Trasporto su vendite vettore FOR-011 - DDT 7559,CC30,42.99
MOV-004210,2025-11-20,6421,Trasporto su vendite vettore FOR-013 - DDT 0773,CC30,47.59
MOV-004211,2025-11-20,6421,Trasporto su vendite vettore FOR-012 - DDT 5993,CC30,15.00
MOV-004212,2025-11-20,6421,Trasporto su vendite vettore FOR-012 - DDT 8313,CC30,34.03
MOV-004213,2025-11-20,6421,Trasporto su vendite vettore FOR-014 - DDT 4574,CC30,31.37
MOV-004214,2025-11-20,6421,Trasporto su vendite vettore FOR-014 - DDT 4619,CC30,25.05
MOV-004215,2025-11-20,6421,Trasporto su vendite vettore FOR-013 - DDT 2340,CC30,37.57
MOV-004216,2025-11-20,6421,Trasporto su vendite vettore FOR-013 - DDT 9287,CC30,51.54
MOV-004217,2025-11-20,6421,Trasporto su vendite vettore FOR-011 - DDT 1099,CC30,37.09
MOV-004218,2025-11-20,6421,Trasporto su vendite vettore FOR-011 - DDT 2934,CC30,58.95
MOV-004219,2025-11-20,6421,Trasporto su vendite vettore FOR-013 - DDT 0900,CC30,30.51
MOV-004220,2025-11-20,6421,Trasporto su vendite vettore FOR-011 - DDT 0585,CC30,24.87
MOV-004221,2025-11-20,6421,Trasporto su vendite vettore FOR-011 - DDT 3260,CC30,48.96
MOV-004222,2025-11-20,6432,Ricambi per intervento di assistenza FOR-052 CL-111,CC40,71.84
MOV-004223,2025-11-21,6403,"Lavorazione esterna a ore FOR-034 - 12 ore a 29,00 euro",CC10,348.00
MOV-004224,2025-11-21,6421,Trasporto su vendite vettore FOR-012 - DDT 0357,CC30,42.11
MOV-004225,2025-11-21,6421,Trasporto su vendite vettore FOR-012 - DDT 2628,CC30,39.76
MOV-004226,2025-11-21,6421,Trasporto su vendite vettore FOR-014 - DDT 0180,CC30,57.22
MOV-004227,2025-11-21,6421,Trasporto su vendite vettore FOR-012 - DDT 5367,CC30,23.42
MOV-004228,2025-11-21,6421,Trasporto su vendite vettore FOR-011 - DDT 6309,CC30,16.86
MOV-004229,2025-11-21,6421,Trasporto su vendite vettore FOR-012 - DDT 7064,CC30,15.15
MOV-004230,2025-11-21,6421,Trasporto su vendite vettore FOR-014 - DDT 6769,CC30,55.21
MOV-004231,2025-11-21,6421,Trasporto su vendite vettore FOR-013 - DDT 8653,CC30,16.56
MOV-004232,2025-11-21,6421,Trasporto su vendite vettore FOR-014 - DDT 8631,CC30,36.08
MOV-004233,2025-11-21,6421,Trasporto su vendite vettore FOR-011 - DDT 5522,CC30,43.36
MOV-004234,2025-11-21,6421,Trasporto su vendite vettore FOR-014 - DDT 9412,CC30,31.15
MOV-004235,2025-11-21,6432,Ricambi per intervento di assistenza FOR-052 CL-246,CC40,49.19
MOV-004236,2025-11-21,6432,Ricambi per intervento di assistenza FOR-051 CL-237,CC40,59.42
MOV-004237,2025-11-22,6403,"Straordinari di reparto - 4 ore a 26,00 euro",CC10,104.00
MOV-004238,2025-11-22,6403,"Lavorazione esterna a ore FOR-033 - 12 ore a 29,00 euro",CC10,348.00
MOV-004239,2025-11-22,6421,Trasporto su vendite vettore FOR-012 - DDT 7569,CC30,47.90
MOV-004240,2025-11-22,6421,Trasporto su vendite vettore FOR-012 - DDT 6648,CC30,45.21
MOV-004241,2025-11-22,6421,Trasporto su vendite vettore FOR-013 - DDT 4763,CC30,34.19
MOV-004242,2025-11-22,6421,Trasporto su vendite vettore FOR-014 - DDT 0004,CC30,24.76
MOV-004243,2025-11-22,6421,Trasporto su vendite vettore FOR-011 - DDT 1493,CC30,33.26
MOV-004244,2025-11-22,6421,Trasporto su vendite vettore FOR-013 - DDT 2823,CC30,55.20
MOV-004245,2025-11-22,6421,Trasporto su vendite vettore FOR-012 - DDT 2951,CC30,38.06
MOV-004246,2025-11-22,6421,Trasporto su vendite vettore FOR-012 - DDT 8811,CC30,31.04
MOV-004247,2025-11-23,6421,Trasporto su vendite vettore FOR-013 - DDT 4155,CC30,21.34
MOV-004248,2025-11-23,6421,Trasporto su vendite vettore FOR-011 - DDT 4578,CC30,40.45
MOV-004249,2025-11-23,6421,Trasporto su vendite vettore FOR-014 - DDT 7209,CC30,55.92
MOV-004250,2025-11-23,6421,Trasporto su vendite vettore FOR-014 - DDT 9952,CC30,39.84
MOV-004251,2025-11-23,6421,Trasporto su vendite vettore FOR-014 - DDT 4355,CC30,48.55
MOV-004252,2025-11-23,6421,Trasporto su vendite vettore FOR-013 - DDT 5699,CC30,39.85
MOV-004253,2025-11-23,6421,Trasporto su vendite vettore FOR-012 - DDT 1349,CC30,53.64
MOV-004254,2025-11-23,6421,Trasporto su vendite vettore FOR-014 - DDT 1743,CC30,58.50
MOV-004255,2025-11-23,6421,Trasporto su vendite vettore FOR-011 - DDT 3265,CC30,39.50
MOV-004256,2025-11-23,6421,Trasporto su vendite vettore FOR-011 - DDT 5555,CC30,27.00
MOV-004257,2025-11-23,6421,Trasporto su vendite vettore FOR-014 - DDT 3506,CC30,45.38
MOV-004258,2025-11-23,6421,Trasporto su vendite vettore FOR-012 - DDT 7912,CC30,37.79
MOV-004259,2025-11-23,6432,Trasferta tecnico di assistenza - intervento presso cliente CL-148,CC40,29.34
MOV-004260,2025-11-24,6403,"Straordinari di reparto - 9 ore a 26,00 euro",CC10,234.00
MOV-004261,2025-11-24,6421,Trasporto su vendite vettore FOR-013 - DDT 3579,CC30,15.41
MOV-004262,2025-11-24,6421,Trasporto su vendite vettore FOR-012 - DDT 2503,CC30,21.86
MOV-004263,2025-11-24,6421,Trasporto su vendite vettore FOR-014 - DDT 7088,CC30,38.93
MOV-004264,2025-11-24,6421,Trasporto su vendite vettore FOR-012 - DDT 6453,CC30,42.14
MOV-004265,2025-11-24,6421,Trasporto su vendite vettore FOR-014 - DDT 3342,CC30,58.85
MOV-004266,2025-11-24,6421,Trasporto su vendite vettore FOR-014 - DDT 2954,CC30,31.86
MOV-004267,2025-11-24,6421,Trasporto su vendite vettore FOR-013 - DDT 7407,CC30,47.48
MOV-004268,2025-11-24,6421,Trasporto su vendite vettore FOR-011 - DDT 3976,CC30,26.07
MOV-004269,2025-11-24,6421,Trasporto su vendite vettore FOR-012 - DDT 0216,CC30,43.90
MOV-004270,2025-11-25,6403,"Straordinari di reparto - 5 ore a 26,00 euro",CC10,130.00
MOV-004271,2025-11-25,6403,"Lavorazione esterna a ore FOR-033 - 9 ore a 29,00 euro",CC10,261.00
MOV-004272,2025-11-25,6421,Trasporto su vendite vettore FOR-013 - DDT 6032,CC30,18.93
MOV-004273,2025-11-25,6421,Trasporto su vendite vettore FOR-012 - DDT 0799,CC30,47.70
MOV-004274,2025-11-25,6421,Trasporto su vendite vettore FOR-011 - DDT 8507,CC30,57.97
MOV-004275,2025-11-25,6421,Trasporto su vendite vettore FOR-014 - DDT 9225,CC30,20.15
MOV-004276,2025-11-25,6421,Trasporto su vendite vettore FOR-011 - DDT 0946,CC30,15.04
MOV-004277,2025-11-25,6421,Trasporto su vendite vettore FOR-012 - DDT 9263,CC30,42.52
MOV-004278,2025-11-25,6421,Trasporto su vendite vettore FOR-013 - DDT 9245,CC30,53.63
MOV-004279,2025-11-25,6421,Trasporto su vendite vettore FOR-014 - DDT 9134,CC30,39.03
MOV-004280,2025-11-25,6421,Trasporto su vendite vettore FOR-012 - DDT 9501,CC30,23.85
MOV-004281,2025-11-25,6421,Trasporto su vendite vettore FOR-011 - DDT 1475,CC30,44.94
MOV-004282,2025-11-25,6421,Trasporto su vendite vettore FOR-014 - DDT 6101,CC30,50.99
MOV-004283,2025-11-25,6421,Trasporto su vendite vettore FOR-013 - DDT 5001,CC30,30.32
MOV-004284,2025-11-25,6421,Trasporto su vendite vettore FOR-011 - DDT 4802,CC30,54.83
MOV-004285,2025-11-25,6421,Trasporto su vendite vettore FOR-013 - DDT 8411,CC30,34.60
MOV-004286,2025-11-25,6421,Trasporto su vendite vettore FOR-014 - DDT 1846,CC30,48.90
MOV-004287,2025-11-25,6421,Trasporto su vendite vettore FOR-013 - DDT 8018,CC30,33.18
MOV-004288,2025-11-25,6421,Trasporto su vendite vettore FOR-014 - DDT 9481,CC30,48.80
MOV-004289,2025-11-25,6432,Ricambi per intervento di assistenza FOR-052 CL-010,CC40,70.75
MOV-004290,2025-11-25,6432,Trasferta tecnico di assistenza - intervento presso cliente CL-086,CC40,88.13
MOV-004291,2025-11-25,6432,Trasferta tecnico di assistenza - intervento presso cliente CL-093,CC40,79.84
MOV-004292,2025-11-26,6403,"Straordinari di reparto - 6 ore a 26,00 euro",CC10,156.00
MOV-004293,2025-11-26,6403,"Lavorazione esterna a ore FOR-032 - 4 ore a 29,00 euro",CC10,116.00
MOV-004294,2025-11-26,6421,Trasporto su vendite vettore FOR-012 - DDT 7569,CC30,37.94
MOV-004295,2025-11-26,6421,Trasporto su vendite vettore FOR-012 - DDT 2351,CC30,36.54
MOV-004296,2025-11-26,6421,Trasporto su vendite vettore FOR-011 - DDT 2301,CC30,37.85
MOV-004297,2025-11-26,6421,Trasporto su vendite vettore FOR-011 - DDT 5544,CC30,45.53
MOV-004298,2025-11-26,6421,Trasporto su vendite vettore FOR-014 - DDT 9000,CC30,39.99
MOV-004299,2025-11-26,6421,Trasporto su vendite vettore FOR-011 - DDT 2884,CC30,16.61
MOV-004300,2025-11-26,6421,Trasporto su vendite vettore FOR-011 - DDT 8516,CC30,52.33
MOV-004301,2025-11-26,6421,Trasporto su vendite vettore FOR-014 - DDT 1857,CC30,19.40
MOV-004302,2025-11-26,6421,Trasporto su vendite vettore FOR-012 - DDT 4819,CC30,46.34
MOV-004303,2025-11-26,6421,Trasporto su vendite vettore FOR-011 - DDT 3808,CC30,50.63
MOV-004304,2025-11-26,6421,Trasporto su vendite vettore FOR-011 - DDT 4161,CC30,36.23
MOV-004305,2025-11-26,6421,Trasporto su vendite vettore FOR-013 - DDT 9095,CC30,51.58
MOV-004306,2025-11-26,6421,Trasporto su vendite vettore FOR-012 - DDT 2677,CC30,24.03
MOV-004307,2025-11-27,6403,"Straordinari di reparto - 3 ore a 26,00 euro",CC10,78.00
MOV-004308,2025-11-27,6421,Trasporto su vendite vettore FOR-014 - DDT 7607,CC30,43.04
MOV-004309,2025-11-27,6421,Trasporto su vendite vettore FOR-013 - DDT 8757,CC30,23.08
MOV-004310,2025-11-27,6421,Trasporto su vendite vettore FOR-011 - DDT 4678,CC30,47.97
MOV-004311,2025-11-27,6421,Trasporto su vendite vettore FOR-012 - DDT 2780,CC30,31.38
MOV-004312,2025-11-27,6421,Trasporto su vendite vettore FOR-013 - DDT 7332,CC30,52.49
MOV-004313,2025-11-27,6421,Trasporto su vendite vettore FOR-014 - DDT 9788,CC30,28.38
MOV-004314,2025-11-27,6421,Trasporto su vendite vettore FOR-012 - DDT 9873,CC30,29.66
MOV-004315,2025-11-27,6421,Trasporto su vendite vettore FOR-014 - DDT 2368,CC30,42.93
MOV-004316,2025-11-27,6421,Trasporto su vendite vettore FOR-013 - DDT 7936,CC30,49.99
MOV-004317,2025-11-27,6421,Trasporto su vendite vettore FOR-014 - DDT 3731,CC30,52.12
MOV-004318,2025-11-27,6432,Ricambi per intervento di assistenza FOR-051 CL-189,CC40,16.39
MOV-004319,2025-11-28,6421,Trasporto su vendite vettore FOR-011 - DDT 4337,CC30,18.74
MOV-004320,2025-11-28,6421,Trasporto su vendite vettore FOR-012 - DDT 5232,CC30,27.44
MOV-004321,2025-11-28,6421,Trasporto su vendite vettore FOR-014 - DDT 7068,CC30,54.07
MOV-004322,2025-11-28,6421,Trasporto su vendite vettore FOR-012 - DDT 2302,CC30,16.85
MOV-004323,2025-11-28,6421,Trasporto su vendite vettore FOR-012 - DDT 6625,CC30,28.93
MOV-004324,2025-11-28,6421,Trasporto su vendite vettore FOR-014 - DDT 6881,CC30,43.42
MOV-004325,2025-11-28,6421,Trasporto su vendite vettore FOR-014 - DDT 9225,CC30,40.59
MOV-004326,2025-11-28,6421,Trasporto su vendite vettore FOR-013 - DDT 9085,CC30,33.94
MOV-004327,2025-11-28,6421,Trasporto su vendite vettore FOR-013 - DDT 5236,CC30,50.33
MOV-004328,2025-11-28,6421,Trasporto su vendite vettore FOR-013 - DDT 6818,CC30,31.21
MOV-004329,2025-11-28,6421,Trasporto su vendite vettore FOR-011 - DDT 3372,CC30,58.36
MOV-004330,2025-11-28,6432,Ricambi per intervento di assistenza FOR-052 CL-198,CC40,22.43
MOV-004331,2025-11-29,6421,Trasporto su vendite vettore FOR-013 - DDT 8280,CC30,41.43
MOV-004332,2025-11-29,6421,Trasporto su vendite vettore FOR-013 - DDT 1868,CC30,44.96
MOV-004333,2025-11-29,6421,Trasporto su vendite vettore FOR-014 - DDT 8776,CC30,46.49
MOV-004334,2025-11-29,6421,Trasporto su vendite vettore FOR-014 - DDT 8006,CC30,34.83
MOV-004335,2025-11-29,6421,Trasporto su vendite vettore FOR-012 - DDT 8070,CC30,28.09
MOV-004336,2025-11-29,6421,Trasporto su vendite vettore FOR-014 - DDT 5920,CC30,18.44
MOV-004337,2025-11-29,6421,Trasporto su vendite vettore FOR-011 - DDT 1490,CC30,22.74
MOV-004338,2025-11-29,6421,Trasporto su vendite vettore FOR-014 - DDT 8389,CC30,49.22
MOV-004339,2025-11-29,6421,Trasporto su vendite vettore FOR-011 - DDT 4859,CC30,31.95
MOV-004340,2025-11-29,6421,Trasporto su vendite vettore FOR-014 - DDT 1527,CC30,22.86
MOV-004341,2025-11-29,6421,Trasporto su vendite vettore FOR-013 - DDT 5161,CC30,47.67
MOV-004342,2025-11-29,6421,Trasporto su vendite vettore FOR-014 - DDT 0383,CC30,37.72
MOV-004343,2025-11-29,6421,Trasporto su vendite vettore FOR-014 - DDT 4295,CC30,45.49
MOV-004344,2025-11-29,6432,Ricambi per intervento di assistenza FOR-052 CL-084,CC40,56.76
MOV-004345,2025-11-29,6432,Trasferta tecnico di assistenza - intervento presso cliente CL-155,CC40,66.09
MOV-004346,2025-11-30,6401,Quota ammortamento impianto IMP-01 - novembre 2025,CC10,1833.33
MOV-004347,2025-11-30,6401,Quota ammortamento impianto IMP-02 - novembre 2025,CC10,1666.66
MOV-004348,2025-11-30,6401,Quota ammortamento impianto IMP-03 - novembre 2025,CC10,1500.00
MOV-004349,2025-11-30,6401,Quota ammortamento impianto IMP-04 - novembre 2025,CC10,1166.66
MOV-004350,2025-11-30,6402,Retribuzioni produzione indiretta - novembre 2025 - retribuzioni lorde,CC10,2543.34
MOV-004351,2025-11-30,6402,Retribuzioni produzione indiretta - novembre 2025 - contributi a carico impresa,CC10,799.33
MOV-004352,2025-11-30,6402,Retribuzioni produzione indiretta - novembre 2025 - quota TFR,CC10,290.67
MOV-004353,2025-11-30,6403,"Lavorazione esterna a ore FOR-033 - 13 ore a 29,00 euro",CC10,377.00
MOV-004354,2025-11-30,6411,Retribuzioni ufficio ordini - novembre 2025 - retribuzioni lorde,CC20,11029.92
MOV-004355,2025-11-30,6411,Retribuzioni ufficio ordini - novembre 2025 - contributi a carico impresa,CC20,3466.55
MOV-004356,2025-11-30,6411,Retribuzioni ufficio ordini - novembre 2025 - quota TFR,CC20,1260.56
MOV-004357,2025-11-30,6421,Trasporto su vendite vettore FOR-013 - DDT 0329,CC30,52.86
MOV-004358,2025-11-30,6421,Trasporto su vendite vettore FOR-012 - DDT 4538,CC30,56.74
MOV-004359,2025-11-30,6421,Trasporto su vendite vettore FOR-012 - DDT 0157,CC30,30.35
MOV-004360,2025-11-30,6421,Trasporto su vendite vettore FOR-013 - DDT 3980,CC30,34.95
MOV-004361,2025-11-30,6421,Trasporto su vendite vettore FOR-012 - DDT 5389,CC30,34.88
MOV-004362,2025-11-30,6421,Trasporto su vendite vettore FOR-014 - DDT 6991,CC30,24.16
MOV-004363,2025-11-30,6421,Trasporto su vendite vettore FOR-013 - DDT 7566,CC30,21.51
MOV-004364,2025-11-30,6421,Trasporto su vendite vettore FOR-011 - DDT 0613,CC30,49.07
MOV-004365,2025-11-30,6421,Trasporto su vendite vettore FOR-014 - DDT 0305,CC30,14.95
MOV-004366,2025-11-30,6421,Trasporto su vendite vettore FOR-014 - DDT 7159,CC30,47.81
MOV-004367,2025-11-30,6421,Trasporto su vendite vettore FOR-014 - DDT 7540,CC30,36.11
MOV-004368,2025-11-30,6421,Trasporto su vendite vettore FOR-012 - DDT 0789,CC30,41.09
MOV-004369,2025-11-30,6421,Trasporto su vendite vettore FOR-011 - DDT 5821,CC30,43.51
MOV-004370,2025-11-30,6421,Trasporto su vendite vettore FOR-014 - DDT 5409,CC30,45.23
MOV-004371,2025-11-30,6422,Personale di spedizione - novembre 2025 - retribuzioni lorde,CC30,2567.56
MOV-004372,2025-11-30,6422,Personale di spedizione - novembre 2025 - contributi a carico impresa,CC30,806.95
MOV-004373,2025-11-30,6422,Personale di spedizione - novembre 2025 - quota TFR,CC30,293.43
MOV-004374,2025-11-30,6431,Retribuzioni tecnici di assistenza - novembre 2025 - retribuzioni lorde,CC40,6850.86
MOV-004375,2025-11-30,6431,Retribuzioni tecnici di assistenza - novembre 2025 - contributi a carico impresa,CC40,2153.13
MOV-004376,2025-11-30,6431,Retribuzioni tecnici di assistenza - novembre 2025 - quota TFR,CC40,782.95
MOV-004377,2025-11-30,6432,Ricambi per intervento di assistenza FOR-052 CL-050,CC40,22.96
MOV-004378,2025-11-30,6432,Ricambi per intervento di assistenza FOR-051 CL-247,CC40,44.33
MOV-004379,2025-11-30,6432,Trasferta tecnico di assistenza - intervento presso cliente CL-171,CC40,27.44
MOV-004380,2025-11-30,6441,Retribuzioni amministrative - novembre 2025 - retribuzioni lorde,CC50,2855.98
MOV-004381,2025-11-30,6441,Retribuzioni amministrative - novembre 2025 - contributi a carico impresa,CC50,897.59
MOV-004382,2025-11-30,6441,Retribuzioni amministrative - novembre 2025 - quota TFR,CC50,326.40
MOV-004383,2025-12-01,6412,Canone sistemi di gestione ordini FOR-040 - dicembre 2025,CC20,4500.00
MOV-004384,2025-12-01,6421,Trasporto su vendite vettore FOR-011 - DDT 1742,CC30,39.01
MOV-004385,2025-12-01,6421,Trasporto su vendite vettore FOR-013 - DDT 2244,CC30,27.96
MOV-004386,2025-12-01,6421,Trasporto su vendite vettore FOR-013 - DDT 4920,CC30,54.60
MOV-004387,2025-12-01,6421,Trasporto su vendite vettore FOR-013 - DDT 6341,CC30,35.01
MOV-004388,2025-12-01,6421,Trasporto su vendite vettore FOR-014 - DDT 1771,CC30,50.64
MOV-004389,2025-12-01,6421,Trasporto su vendite vettore FOR-012 - DDT 5695,CC30,44.21
MOV-004390,2025-12-01,6421,Trasporto su vendite vettore FOR-012 - DDT 0850,CC30,55.68
MOV-004391,2025-12-01,6421,Trasporto su vendite vettore FOR-013 - DDT 5562,CC30,57.96
MOV-004392,2025-12-01,6432,Ricambi per intervento di assistenza FOR-052 CL-210,CC40,19.81
MOV-004393,2025-12-02,6421,Trasporto su vendite vettore FOR-013 - DDT 5312,CC30,24.75
MOV-004394,2025-12-02,6421,Trasporto su vendite vettore FOR-014 - DDT 4549,CC30,15.15
MOV-004395,2025-12-02,6421,Trasporto su vendite vettore FOR-012 - DDT 7130,CC30,24.39
MOV-004396,2025-12-02,6421,Trasporto su vendite vettore FOR-013 - DDT 4585,CC30,24.66
MOV-004397,2025-12-02,6421,Trasporto su vendite vettore FOR-011 - DDT 0586,CC30,20.72
MOV-004398,2025-12-02,6421,Trasporto su vendite vettore FOR-013 - DDT 1710,CC30,22.64
MOV-004399,2025-12-02,6421,Trasporto su vendite vettore FOR-013 - DDT 7179,CC30,26.12
MOV-004400,2025-12-02,6421,Trasporto su vendite vettore FOR-013 - DDT 8782,CC30,28.70
MOV-004401,2025-12-02,6421,Trasporto su vendite vettore FOR-012 - DDT 5704,CC30,31.93
MOV-004402,2025-12-02,6421,Trasporto su vendite vettore FOR-012 - DDT 0814,CC30,24.23
MOV-004403,2025-12-02,6421,Trasporto su vendite vettore FOR-013 - DDT 2912,CC30,57.62
MOV-004404,2025-12-02,6421,Trasporto su vendite vettore FOR-014 - DDT 5653,CC30,40.68
MOV-004405,2025-12-02,6432,Ricambi per intervento di assistenza FOR-051 CL-099,CC40,25.34
MOV-004406,2025-12-03,6403,"Lavorazione esterna a ore FOR-034 - 4 ore a 29,00 euro",CC10,116.00
MOV-004407,2025-12-03,6421,Trasporto su vendite vettore FOR-011 - DDT 7390,CC30,37.39
MOV-004408,2025-12-03,6421,Trasporto su vendite vettore FOR-011 - DDT 0035,CC30,42.61
MOV-004409,2025-12-03,6421,Trasporto su vendite vettore FOR-012 - DDT 9716,CC30,38.49
MOV-004410,2025-12-03,6421,Trasporto su vendite vettore FOR-011 - DDT 9266,CC30,22.56
MOV-004411,2025-12-03,6421,Trasporto su vendite vettore FOR-012 - DDT 2774,CC30,27.25
MOV-004412,2025-12-03,6421,Trasporto su vendite vettore FOR-013 - DDT 1905,CC30,31.16
MOV-004413,2025-12-03,6421,Trasporto su vendite vettore FOR-011 - DDT 8476,CC30,26.86
MOV-004414,2025-12-03,6421,Trasporto su vendite vettore FOR-012 - DDT 5668,CC30,21.98
MOV-004415,2025-12-04,6421,Trasporto su vendite vettore FOR-014 - DDT 5993,CC30,46.21
MOV-004416,2025-12-04,6421,Trasporto su vendite vettore FOR-014 - DDT 2171,CC30,46.60
MOV-004417,2025-12-04,6421,Trasporto su vendite vettore FOR-013 - DDT 5590,CC30,53.65
MOV-004418,2025-12-04,6421,Trasporto su vendite vettore FOR-014 - DDT 2099,CC30,50.72
MOV-004419,2025-12-04,6421,Trasporto su vendite vettore FOR-012 - DDT 9604,CC30,48.71
MOV-004420,2025-12-04,6421,Trasporto su vendite vettore FOR-011 - DDT 0614,CC30,34.28
MOV-004421,2025-12-04,6421,Trasporto su vendite vettore FOR-014 - DDT 9827,CC30,56.99
MOV-004422,2025-12-04,6421,Trasporto su vendite vettore FOR-012 - DDT 9610,CC30,32.44
MOV-004423,2025-12-04,6421,Trasporto su vendite vettore FOR-011 - DDT 1974,CC30,41.03
MOV-004424,2025-12-04,6421,Trasporto su vendite vettore FOR-011 - DDT 6358,CC30,16.60
MOV-004425,2025-12-04,6432,Ricambi per intervento di assistenza FOR-051 CL-113,CC40,80.47
MOV-004426,2025-12-05,6421,Trasporto su vendite vettore FOR-012 - DDT 1979,CC30,46.87
MOV-004427,2025-12-05,6421,Trasporto su vendite vettore FOR-012 - DDT 5267,CC30,54.57
MOV-004428,2025-12-05,6421,Trasporto su vendite vettore FOR-011 - DDT 9261,CC30,25.16
MOV-004429,2025-12-05,6421,Trasporto su vendite vettore FOR-012 - DDT 6642,CC30,24.56
MOV-004430,2025-12-05,6421,Trasporto su vendite vettore FOR-013 - DDT 0704,CC30,46.93
MOV-004431,2025-12-05,6421,Trasporto su vendite vettore FOR-012 - DDT 7683,CC30,47.19
MOV-004432,2025-12-05,6421,Trasporto su vendite vettore FOR-011 - DDT 6147,CC30,55.97
MOV-004433,2025-12-05,6421,Trasporto su vendite vettore FOR-012 - DDT 0693,CC30,22.21
MOV-004434,2025-12-05,6421,Trasporto su vendite vettore FOR-014 - DDT 8416,CC30,22.05
MOV-004435,2025-12-05,6432,Ricambi per intervento di assistenza FOR-051 CL-188,CC40,81.66
MOV-004436,2025-12-06,6403,"Lavorazione esterna a ore FOR-032 - 2 ore a 29,00 euro",CC10,58.00
MOV-004437,2025-12-06,6421,Trasporto su vendite vettore FOR-011 - DDT 3814,CC30,35.18
MOV-004438,2025-12-06,6421,Trasporto su vendite vettore FOR-013 - DDT 0075,CC30,48.78
MOV-004439,2025-12-06,6421,Trasporto su vendite vettore FOR-013 - DDT 7635,CC30,45.43
MOV-004440,2025-12-06,6421,Trasporto su vendite vettore FOR-014 - DDT 2382,CC30,30.21
MOV-004441,2025-12-06,6421,Trasporto su vendite vettore FOR-011 - DDT 2994,CC30,32.06
MOV-004442,2025-12-06,6421,Trasporto su vendite vettore FOR-012 - DDT 0351,CC30,29.44
MOV-004443,2025-12-06,6421,Trasporto su vendite vettore FOR-014 - DDT 7025,CC30,48.89
MOV-004444,2025-12-06,6421,Trasporto su vendite vettore FOR-014 - DDT 4459,CC30,21.41
MOV-004445,2025-12-06,6421,Trasporto su vendite vettore FOR-014 - DDT 2592,CC30,19.33
MOV-004446,2025-12-06,6421,Trasporto su vendite vettore FOR-012 - DDT 8055,CC30,27.49
MOV-004447,2025-12-06,6421,Trasporto su vendite vettore FOR-013 - DDT 9527,CC30,37.50
MOV-004448,2025-12-06,6421,Trasporto su vendite vettore FOR-012 - DDT 5193,CC30,16.81
MOV-004449,2025-12-06,6421,Trasporto su vendite vettore FOR-013 - DDT 3544,CC30,44.42
MOV-004450,2025-12-06,6421,Trasporto su vendite vettore FOR-011 - DDT 1214,CC30,37.03
MOV-004451,2025-12-06,6421,Trasporto su vendite vettore FOR-012 - DDT 4454,CC30,31.63
MOV-004452,2025-12-06,6432,Trasferta tecnico di assistenza - intervento presso cliente CL-087,CC40,69.64
MOV-004453,2025-12-07,6421,Trasporto su vendite vettore FOR-011 - DDT 5283,CC30,55.18
MOV-004454,2025-12-07,6421,Trasporto su vendite vettore FOR-014 - DDT 8298,CC30,46.97
MOV-004455,2025-12-07,6421,Trasporto su vendite vettore FOR-013 - DDT 1060,CC30,29.11
MOV-004456,2025-12-07,6421,Trasporto su vendite vettore FOR-011 - DDT 9044,CC30,57.81
MOV-004457,2025-12-07,6421,Trasporto su vendite vettore FOR-014 - DDT 0390,CC30,43.37
MOV-004458,2025-12-07,6421,Trasporto su vendite vettore FOR-012 - DDT 0589,CC30,20.55
MOV-004459,2025-12-07,6421,Trasporto su vendite vettore FOR-014 - DDT 4400,CC30,50.47
MOV-004460,2025-12-07,6421,Trasporto su vendite vettore FOR-011 - DDT 5537,CC30,17.31
MOV-004461,2025-12-07,6421,Trasporto su vendite vettore FOR-011 - DDT 6932,CC30,32.58
MOV-004462,2025-12-07,6421,Trasporto su vendite vettore FOR-012 - DDT 5301,CC30,45.24
MOV-004463,2025-12-07,6421,Trasporto su vendite vettore FOR-014 - DDT 3508,CC30,22.06
MOV-004464,2025-12-07,6421,Trasporto su vendite vettore FOR-013 - DDT 3111,CC30,25.00
MOV-004465,2025-12-07,6421,Trasporto su vendite vettore FOR-011 - DDT 4165,CC30,46.79
MOV-004466,2025-12-07,6421,Trasporto su vendite vettore FOR-014 - DDT 2841,CC30,47.02
MOV-004467,2025-12-07,6421,Trasporto su vendite vettore FOR-013 - DDT 5539,CC30,24.20
MOV-004468,2025-12-07,6432,Ricambi per intervento di assistenza FOR-052 CL-177,CC40,35.39
MOV-004469,2025-12-08,6403,"Straordinari di reparto - 3 ore a 26,00 euro",CC10,78.00
MOV-004470,2025-12-08,6403,"Lavorazione esterna a ore FOR-032 - 4 ore a 29,00 euro",CC10,116.00
MOV-004471,2025-12-08,6421,Trasporto su vendite vettore FOR-013 - DDT 4787,CC30,57.26
MOV-004472,2025-12-08,6421,Trasporto su vendite vettore FOR-011 - DDT 6544,CC30,30.17
MOV-004473,2025-12-08,6421,Trasporto su vendite vettore FOR-011 - DDT 3359,CC30,46.11
MOV-004474,2025-12-08,6421,Trasporto su vendite vettore FOR-012 - DDT 9016,CC30,24.52
MOV-004475,2025-12-08,6421,Trasporto su vendite vettore FOR-014 - DDT 3584,CC30,30.26
MOV-004476,2025-12-08,6421,Trasporto su vendite vettore FOR-012 - DDT 3447,CC30,18.14
MOV-004477,2025-12-08,6421,Trasporto su vendite vettore FOR-013 - DDT 7608,CC30,48.74
MOV-004478,2025-12-08,6421,Trasporto su vendite vettore FOR-011 - DDT 7066,CC30,48.19
MOV-004479,2025-12-08,6421,Trasporto su vendite vettore FOR-014 - DDT 2788,CC30,46.38
MOV-004480,2025-12-08,6421,Trasporto su vendite vettore FOR-011 - DDT 4148,CC30,38.36
MOV-004481,2025-12-08,6421,Trasporto su vendite vettore FOR-013 - DDT 1183,CC30,28.18
MOV-004482,2025-12-08,6421,Trasporto su vendite vettore FOR-014 - DDT 1695,CC30,21.38
MOV-004483,2025-12-08,6432,Ricambi per intervento di assistenza FOR-052 CL-035,CC40,88.77
MOV-004484,2025-12-08,6432,Trasferta tecnico di assistenza - intervento presso cliente CL-091,CC40,72.99
MOV-004485,2025-12-08,6432,Trasferta tecnico di assistenza - intervento presso cliente CL-191,CC40,29.08
MOV-004486,2025-12-08,6432,Trasferta tecnico di assistenza - intervento presso cliente CL-098,CC40,42.48
MOV-004487,2025-12-09,6403,"Straordinari di reparto - 3 ore a 26,00 euro",CC10,78.00
MOV-004488,2025-12-09,6403,"Straordinari di reparto - 2 ore a 26,00 euro",CC10,52.00
MOV-004489,2025-12-09,6421,Trasporto su vendite vettore FOR-012 - DDT 4038,CC30,30.96
MOV-004490,2025-12-09,6421,Trasporto su vendite vettore FOR-012 - DDT 4657,CC30,22.95
MOV-004491,2025-12-09,6421,Trasporto su vendite vettore FOR-014 - DDT 2965,CC30,41.95
MOV-004492,2025-12-09,6421,Trasporto su vendite vettore FOR-013 - DDT 8638,CC30,46.36
MOV-004493,2025-12-09,6421,Trasporto su vendite vettore FOR-014 - DDT 7684,CC30,46.01
MOV-004494,2025-12-09,6421,Trasporto su vendite vettore FOR-011 - DDT 4647,CC30,29.88
MOV-004495,2025-12-09,6421,Trasporto su vendite vettore FOR-011 - DDT 9631,CC30,39.79
MOV-004496,2025-12-09,6421,Trasporto su vendite vettore FOR-014 - DDT 3545,CC30,31.48
MOV-004497,2025-12-09,6421,Trasporto su vendite vettore FOR-013 - DDT 7410,CC30,18.18
MOV-004498,2025-12-09,6432,Ricambi per intervento di assistenza FOR-051 CL-024,CC40,20.06
MOV-004499,2025-12-09,6432,Ricambi per intervento di assistenza FOR-051 CL-078,CC40,34.73
MOV-004500,2025-12-10,6421,Trasporto su vendite vettore FOR-011 - DDT 9261,CC30,42.46
MOV-004501,2025-12-10,6421,Trasporto su vendite vettore FOR-013 - DDT 6418,CC30,58.73
MOV-004502,2025-12-10,6421,Trasporto su vendite vettore FOR-011 - DDT 5515,CC30,53.76
MOV-004503,2025-12-10,6421,Trasporto su vendite vettore FOR-013 - DDT 9555,CC30,31.33
MOV-004504,2025-12-10,6421,Trasporto su vendite vettore FOR-014 - DDT 5842,CC30,47.78
MOV-004505,2025-12-10,6421,Trasporto su vendite vettore FOR-014 - DDT 7752,CC30,46.55
MOV-004506,2025-12-10,6421,Trasporto su vendite vettore FOR-014 - DDT 0768,CC30,28.26
MOV-004507,2025-12-10,6421,Trasporto su vendite vettore FOR-012 - DDT 9995,CC30,26.70
MOV-004508,2025-12-10,6421,Trasporto su vendite vettore FOR-013 - DDT 1935,CC30,56.32
MOV-004509,2025-12-10,6421,Trasporto su vendite vettore FOR-014 - DDT 4240,CC30,34.38
MOV-004510,2025-12-10,6421,Trasporto su vendite vettore FOR-011 - DDT 4362,CC30,56.02
MOV-004511,2025-12-10,6421,Trasporto su vendite vettore FOR-011 - DDT 2696,CC30,28.27
MOV-004512,2025-12-10,6421,Trasporto su vendite vettore FOR-014 - DDT 7437,CC30,35.54
MOV-004513,2025-12-10,6421,Trasporto su vendite vettore FOR-014 - DDT 7394,CC30,46.35
MOV-004514,2025-12-10,6432,Trasferta tecnico di assistenza - intervento presso cliente CL-107,CC40,77.96
MOV-004515,2025-12-10,6432,Trasferta tecnico di assistenza - intervento presso cliente CL-129,CC40,63.35
MOV-004516,2025-12-10,6432,Trasferta tecnico di assistenza - intervento presso cliente CL-147,CC40,75.80
MOV-004517,2025-12-11,6403,"Straordinari di reparto - 2 ore a 26,00 euro",CC10,52.00
MOV-004518,2025-12-11,6403,"Lavorazione esterna a ore FOR-032 - 4 ore a 29,00 euro",CC10,116.00
MOV-004519,2025-12-11,6421,Trasporto su vendite vettore FOR-011 - DDT 6099,CC30,35.55
MOV-004520,2025-12-11,6421,Trasporto su vendite vettore FOR-012 - DDT 4502,CC30,27.29
MOV-004521,2025-12-11,6421,Trasporto su vendite vettore FOR-013 - DDT 2496,CC30,15.67
MOV-004522,2025-12-11,6421,Trasporto su vendite vettore FOR-011 - DDT 5798,CC30,58.56
MOV-004523,2025-12-11,6421,Trasporto su vendite vettore FOR-014 - DDT 3807,CC30,37.52
MOV-004524,2025-12-11,6421,Trasporto su vendite vettore FOR-011 - DDT 2115,CC30,43.25
MOV-004525,2025-12-11,6421,Trasporto su vendite vettore FOR-014 - DDT 3023,CC30,40.60
MOV-004526,2025-12-11,6421,Trasporto su vendite vettore FOR-012 - DDT 7846,CC30,53.72
MOV-004527,2025-12-11,6432,Ricambi per intervento di assistenza FOR-051 CL-147,CC40,32.55
MOV-004528,2025-12-11,6432,Trasferta tecnico di assistenza - intervento presso cliente CL-177,CC40,40.61
MOV-004529,2025-12-12,6421,Trasporto su vendite vettore FOR-013 - DDT 8915,CC30,54.01
MOV-004530,2025-12-12,6421,Trasporto su vendite vettore FOR-012 - DDT 4606,CC30,20.26
MOV-004531,2025-12-12,6421,Trasporto su vendite vettore FOR-014 - DDT 4144,CC30,26.76
MOV-004532,2025-12-12,6421,Trasporto su vendite vettore FOR-012 - DDT 9581,CC30,22.24
MOV-004533,2025-12-12,6421,Trasporto su vendite vettore FOR-012 - DDT 9375,CC30,39.49
MOV-004534,2025-12-12,6421,Trasporto su vendite vettore FOR-013 - DDT 9081,CC30,57.54
MOV-004535,2025-12-12,6421,Trasporto su vendite vettore FOR-011 - DDT 8831,CC30,32.13
MOV-004536,2025-12-12,6421,Trasporto su vendite vettore FOR-012 - DDT 3437,CC30,37.79
MOV-004537,2025-12-12,6421,Trasporto su vendite vettore FOR-013 - DDT 9405,CC30,41.78
MOV-004538,2025-12-12,6421,Trasporto su vendite vettore FOR-014 - DDT 8603,CC30,18.34
MOV-004539,2025-12-12,6421,Trasporto su vendite vettore FOR-013 - DDT 4480,CC30,15.59
MOV-004540,2025-12-12,6421,Trasporto su vendite vettore FOR-013 - DDT 1544,CC30,49.98
MOV-004541,2025-12-13,6421,Trasporto su vendite vettore FOR-013 - DDT 7639,CC30,31.40
MOV-004542,2025-12-13,6421,Trasporto su vendite vettore FOR-012 - DDT 3739,CC30,49.53
MOV-004543,2025-12-13,6421,Trasporto su vendite vettore FOR-012 - DDT 9190,CC30,58.95
MOV-004544,2025-12-13,6421,Trasporto su vendite vettore FOR-012 - DDT 3656,CC30,29.34
MOV-004545,2025-12-13,6421,Trasporto su vendite vettore FOR-014 - DDT 1166,CC30,28.51
MOV-004546,2025-12-13,6421,Trasporto su vendite vettore FOR-013 - DDT 8597,CC30,30.09
MOV-004547,2025-12-13,6421,Trasporto su vendite vettore FOR-013 - DDT 7846,CC30,46.70
MOV-004548,2025-12-13,6421,Trasporto su vendite vettore FOR-012 - DDT 7060,CC30,56.53
MOV-004549,2025-12-13,6421,Trasporto su vendite vettore FOR-014 - DDT 4444,CC30,57.00
MOV-004550,2025-12-13,6421,Trasporto su vendite vettore FOR-014 - DDT 6485,CC30,17.54
MOV-004551,2025-12-13,6432,Trasferta tecnico di assistenza - intervento presso cliente CL-071,CC40,41.87
MOV-004552,2025-12-13,6432,Ricambi per intervento di assistenza FOR-052 CL-216,CC40,38.73
MOV-004553,2025-12-13,6432,Ricambi per intervento di assistenza FOR-051 CL-210,CC40,66.64
MOV-004554,2025-12-13,6432,Trasferta tecnico di assistenza - intervento presso cliente CL-143,CC40,33.22
MOV-004555,2025-12-13,6432,Trasferta tecnico di assistenza - intervento presso cliente CL-061,CC40,49.96
MOV-004556,2025-12-14,6403,"Lavorazione esterna a ore FOR-031 - 2 ore a 29,00 euro",CC10,58.00
MOV-004557,2025-12-14,6403,"Lavorazione esterna a ore FOR-033 - 3 ore a 29,00 euro",CC10,87.00
MOV-004558,2025-12-14,6421,Trasporto su vendite vettore FOR-012 - DDT 8870,CC30,25.89
MOV-004559,2025-12-14,6421,Trasporto su vendite vettore FOR-012 - DDT 6729,CC30,34.87
MOV-004560,2025-12-14,6421,Trasporto su vendite vettore FOR-011 - DDT 2263,CC30,26.59
MOV-004561,2025-12-14,6421,Trasporto su vendite vettore FOR-011 - DDT 9137,CC30,27.35
MOV-004562,2025-12-14,6421,Trasporto su vendite vettore FOR-014 - DDT 7475,CC30,18.10
MOV-004563,2025-12-14,6421,Trasporto su vendite vettore FOR-013 - DDT 8421,CC30,16.95
MOV-004564,2025-12-14,6421,Trasporto su vendite vettore FOR-012 - DDT 5611,CC30,14.99
MOV-004565,2025-12-14,6421,Trasporto su vendite vettore FOR-013 - DDT 3224,CC30,39.50
MOV-004566,2025-12-14,6421,Trasporto su vendite vettore FOR-014 - DDT 0430,CC30,25.70
MOV-004567,2025-12-14,6421,Trasporto su vendite vettore FOR-012 - DDT 7079,CC30,43.13
MOV-004568,2025-12-14,6421,Trasporto su vendite vettore FOR-013 - DDT 9686,CC30,33.74
MOV-004569,2025-12-14,6421,Trasporto su vendite vettore FOR-011 - DDT 8929,CC30,15.57
MOV-004570,2025-12-14,6432,Ricambi per intervento di assistenza FOR-051 CL-223,CC40,69.20
MOV-004571,2025-12-15,6403,"Straordinari di reparto - 2 ore a 26,00 euro",CC10,52.00
MOV-004572,2025-12-15,6403,"Lavorazione esterna a ore FOR-033 - 3 ore a 29,00 euro",CC10,87.00
MOV-004573,2025-12-15,6421,Trasporto su vendite vettore FOR-011 - DDT 1878,CC30,23.03
MOV-004574,2025-12-15,6421,Trasporto su vendite vettore FOR-014 - DDT 2150,CC30,48.73
MOV-004575,2025-12-15,6421,Trasporto su vendite vettore FOR-012 - DDT 4707,CC30,27.62
MOV-004576,2025-12-15,6421,Trasporto su vendite vettore FOR-012 - DDT 5470,CC30,33.70
MOV-004577,2025-12-15,6421,Trasporto su vendite vettore FOR-011 - DDT 6983,CC30,51.56
MOV-004578,2025-12-15,6432,Trasferta tecnico di assistenza - intervento presso cliente CL-032,CC40,86.62
MOV-004579,2025-12-15,6432,Ricambi per intervento di assistenza FOR-052 CL-240,CC40,67.21
MOV-004580,2025-12-15,6432,Ricambi per intervento di assistenza FOR-052 CL-080,CC40,52.99
MOV-004581,2025-12-16,6403,"Straordinari di reparto - 2 ore a 26,00 euro",CC10,52.00
MOV-004582,2025-12-16,6421,Trasporto su vendite vettore FOR-014 - DDT 4343,CC30,54.32
MOV-004583,2025-12-16,6421,Trasporto su vendite vettore FOR-011 - DDT 6652,CC30,35.41
MOV-004584,2025-12-16,6421,Trasporto su vendite vettore FOR-012 - DDT 6870,CC30,22.49
MOV-004585,2025-12-16,6421,Trasporto su vendite vettore FOR-012 - DDT 0197,CC30,32.94
MOV-004586,2025-12-16,6421,Trasporto su vendite vettore FOR-013 - DDT 0233,CC30,46.92
MOV-004587,2025-12-16,6421,Trasporto su vendite vettore FOR-012 - DDT 3076,CC30,41.50
MOV-004588,2025-12-16,6421,Trasporto su vendite vettore FOR-011 - DDT 3326,CC30,45.36
MOV-004589,2025-12-16,6421,Trasporto su vendite vettore FOR-011 - DDT 8253,CC30,42.72
MOV-004590,2025-12-16,6421,Trasporto su vendite vettore FOR-012 - DDT 7440,CC30,32.49
MOV-004591,2025-12-16,6421,Trasporto su vendite vettore FOR-011 - DDT 3842,CC30,16.95
MOV-004592,2025-12-16,6421,Trasporto su vendite vettore FOR-012 - DDT 0360,CC30,53.72
MOV-004593,2025-12-16,6421,Trasporto su vendite vettore FOR-011 - DDT 8318,CC30,54.45
MOV-004594,2025-12-16,6421,Trasporto su vendite vettore FOR-013 - DDT 5164,CC30,39.46
MOV-004595,2025-12-16,6421,Trasporto su vendite vettore FOR-012 - DDT 6026,CC30,38.28
MOV-004596,2025-12-16,6421,Trasporto su vendite vettore FOR-011 - DDT 4433,CC30,37.62
MOV-004597,2025-12-16,6421,Trasporto su vendite vettore FOR-013 - DDT 4196,CC30,36.36
MOV-004598,2025-12-16,6421,Trasporto su vendite vettore FOR-012 - DDT 8690,CC30,45.83
MOV-004599,2025-12-16,6432,Trasferta tecnico di assistenza - intervento presso cliente CL-069,CC40,36.51
MOV-004600,2025-12-17,6421,Trasporto su vendite vettore FOR-014 - DDT 4262,CC30,34.04
MOV-004601,2025-12-17,6421,Trasporto su vendite vettore FOR-012 - DDT 5042,CC30,24.04
MOV-004602,2025-12-17,6421,Trasporto su vendite vettore FOR-014 - DDT 7956,CC30,51.10
MOV-004603,2025-12-17,6421,Trasporto su vendite vettore FOR-014 - DDT 4572,CC30,33.44
MOV-004604,2025-12-17,6421,Trasporto su vendite vettore FOR-013 - DDT 9863,CC30,56.45
MOV-004605,2025-12-17,6421,Trasporto su vendite vettore FOR-012 - DDT 9889,CC30,34.15
MOV-004606,2025-12-17,6421,Trasporto su vendite vettore FOR-011 - DDT 6188,CC30,23.97
MOV-004607,2025-12-17,6421,Trasporto su vendite vettore FOR-011 - DDT 0810,CC30,16.39
MOV-004608,2025-12-17,6421,Trasporto su vendite vettore FOR-014 - DDT 0899,CC30,33.66
MOV-004609,2025-12-17,6421,Trasporto su vendite vettore FOR-012 - DDT 6734,CC30,37.63
MOV-004610,2025-12-17,6421,Trasporto su vendite vettore FOR-014 - DDT 1778,CC30,20.25
MOV-004611,2025-12-17,6432,Ricambi per intervento di assistenza FOR-051 CL-145,CC40,86.36
MOV-004612,2025-12-17,6432,Ricambi per intervento di assistenza FOR-051 CL-070,CC40,32.45
MOV-004613,2025-12-17,6432,Trasferta tecnico di assistenza - intervento presso cliente CL-138,CC40,56.61
MOV-004614,2025-12-18,6421,Trasporto su vendite vettore FOR-011 - DDT 6072,CC30,39.90
MOV-004615,2025-12-18,6421,Trasporto su vendite vettore FOR-014 - DDT 9103,CC30,15.00
MOV-004616,2025-12-18,6421,Trasporto su vendite vettore FOR-012 - DDT 5521,CC30,42.22
MOV-004617,2025-12-18,6421,Trasporto su vendite vettore FOR-012 - DDT 3955,CC30,34.77
MOV-004618,2025-12-18,6421,Trasporto su vendite vettore FOR-013 - DDT 7604,CC30,24.62
MOV-004619,2025-12-18,6421,Trasporto su vendite vettore FOR-013 - DDT 5068,CC30,18.77
MOV-004620,2025-12-18,6421,Trasporto su vendite vettore FOR-012 - DDT 0470,CC30,18.31
MOV-004621,2025-12-18,6421,Trasporto su vendite vettore FOR-014 - DDT 1722,CC30,41.32
MOV-004622,2025-12-18,6421,Trasporto su vendite vettore FOR-013 - DDT 5489,CC30,32.27
MOV-004623,2025-12-18,6421,Trasporto su vendite vettore FOR-011 - DDT 9755,CC30,38.78
MOV-004624,2025-12-18,6421,Trasporto su vendite vettore FOR-011 - DDT 3314,CC30,25.68
MOV-004625,2025-12-18,6421,Trasporto su vendite vettore FOR-011 - DDT 5283,CC30,38.85
MOV-004626,2025-12-18,6421,Trasporto su vendite vettore FOR-014 - DDT 9571,CC30,49.49
MOV-004627,2025-12-18,6421,Trasporto su vendite vettore FOR-012 - DDT 5609,CC30,57.18
MOV-004628,2025-12-18,6432,Ricambi per intervento di assistenza FOR-051 CL-196,CC40,56.45
MOV-004629,2025-12-18,6432,Ricambi per intervento di assistenza FOR-052 CL-151,CC40,60.00
MOV-004630,2025-12-18,6432,Ricambi per intervento di assistenza FOR-051 CL-177,CC40,83.00
MOV-004631,2025-12-19,6421,Trasporto su vendite vettore FOR-013 - DDT 6151,CC30,28.49
MOV-004632,2025-12-19,6421,Trasporto su vendite vettore FOR-014 - DDT 5526,CC30,57.93
MOV-004633,2025-12-19,6421,Trasporto su vendite vettore FOR-013 - DDT 8631,CC30,18.79
MOV-004634,2025-12-19,6421,Trasporto su vendite vettore FOR-013 - DDT 5764,CC30,23.42
MOV-004635,2025-12-19,6421,Trasporto su vendite vettore FOR-011 - DDT 1523,CC30,54.81
MOV-004636,2025-12-19,6421,Trasporto su vendite vettore FOR-013 - DDT 5244,CC30,51.08
MOV-004637,2025-12-19,6421,Trasporto su vendite vettore FOR-012 - DDT 6597,CC30,22.91
MOV-004638,2025-12-19,6421,Trasporto su vendite vettore FOR-011 - DDT 5462,CC30,26.81
MOV-004639,2025-12-19,6421,Trasporto su vendite vettore FOR-012 - DDT 8784,CC30,32.58
MOV-004640,2025-12-19,6421,Trasporto su vendite vettore FOR-014 - DDT 1357,CC30,44.36
MOV-004641,2025-12-19,6421,Trasporto su vendite vettore FOR-014 - DDT 8113,CC30,35.30
MOV-004642,2025-12-19,6421,Trasporto su vendite vettore FOR-012 - DDT 9043,CC30,52.12
MOV-004643,2025-12-19,6421,Trasporto su vendite vettore FOR-014 - DDT 9861,CC30,34.77
MOV-004644,2025-12-19,6421,Trasporto su vendite vettore FOR-013 - DDT 1331,CC30,49.51
MOV-004645,2025-12-19,6421,Trasporto su vendite vettore FOR-012 - DDT 3866,CC30,57.15
MOV-004646,2025-12-19,6421,Trasporto su vendite vettore FOR-014 - DDT 0838,CC30,18.48
MOV-004647,2025-12-19,6421,Trasporto su vendite vettore FOR-012 - DDT 4229,CC30,16.65
MOV-004648,2025-12-19,6432,Trasferta tecnico di assistenza - intervento presso cliente CL-124,CC40,22.72
MOV-004649,2025-12-19,6432,Ricambi per intervento di assistenza FOR-051 CL-142,CC40,46.56
MOV-004650,2025-12-20,6403,"Straordinari di reparto - 2 ore a 26,00 euro",CC10,52.00
MOV-004651,2025-12-20,6403,"Lavorazione esterna a ore FOR-032 - 4 ore a 29,00 euro",CC10,116.00
MOV-004652,2025-12-20,6421,Trasporto su vendite vettore FOR-012 - DDT 8373,CC30,23.13
MOV-004653,2025-12-20,6421,Trasporto su vendite vettore FOR-014 - DDT 2095,CC30,26.08
MOV-004654,2025-12-20,6421,Trasporto su vendite vettore FOR-012 - DDT 1410,CC30,44.58
MOV-004655,2025-12-20,6421,Trasporto su vendite vettore FOR-013 - DDT 2210,CC30,28.50
MOV-004656,2025-12-20,6421,Trasporto su vendite vettore FOR-011 - DDT 7657,CC30,22.03
MOV-004657,2025-12-20,6421,Trasporto su vendite vettore FOR-014 - DDT 5357,CC30,30.81
MOV-004658,2025-12-20,6421,Trasporto su vendite vettore FOR-013 - DDT 0903,CC30,46.42
MOV-004659,2025-12-20,6432,Trasferta tecnico di assistenza - intervento presso cliente CL-061,CC40,76.79
MOV-004660,2025-12-20,6432,Ricambi per intervento di assistenza FOR-052 CL-130,CC40,81.43
MOV-004661,2025-12-20,6432,Ricambi per intervento di assistenza FOR-052 CL-032,CC40,46.72
MOV-004662,2025-12-20,6432,Ricambi per intervento di assistenza FOR-052 CL-166,CC40,53.30
MOV-004663,2025-12-21,6421,Trasporto su vendite vettore FOR-013 - DDT 5413,CC30,26.21
MOV-004664,2025-12-21,6421,Trasporto su vendite vettore FOR-011 - DDT 7148,CC30,24.60
MOV-004665,2025-12-21,6421,Trasporto su vendite vettore FOR-013 - DDT 1650,CC30,47.76
MOV-004666,2025-12-21,6421,Trasporto su vendite vettore FOR-014 - DDT 8790,CC30,39.23
MOV-004667,2025-12-21,6421,Trasporto su vendite vettore FOR-011 - DDT 1034,CC30,52.56
MOV-004668,2025-12-21,6421,Trasporto su vendite vettore FOR-012 - DDT 4284,CC30,35.57
MOV-004669,2025-12-21,6421,Trasporto su vendite vettore FOR-014 - DDT 7350,CC30,29.42
MOV-004670,2025-12-21,6421,Trasporto su vendite vettore FOR-013 - DDT 4297,CC30,21.77
MOV-004671,2025-12-21,6432,Ricambi per intervento di assistenza FOR-051 CL-084,CC40,32.75
MOV-004672,2025-12-21,6432,Trasferta tecnico di assistenza - intervento presso cliente CL-106,CC40,30.67
MOV-004673,2025-12-21,6432,Ricambi per intervento di assistenza FOR-052 CL-023,CC40,85.92
MOV-004674,2025-12-22,6421,Trasporto su vendite vettore FOR-013 - DDT 3468,CC30,50.76
MOV-004675,2025-12-22,6421,Trasporto su vendite vettore FOR-014 - DDT 4447,CC30,46.53
MOV-004676,2025-12-22,6421,Trasporto su vendite vettore FOR-011 - DDT 5089,CC30,49.69
MOV-004677,2025-12-22,6421,Trasporto su vendite vettore FOR-012 - DDT 5294,CC30,28.39
MOV-004678,2025-12-22,6421,Trasporto su vendite vettore FOR-012 - DDT 5049,CC30,53.48
MOV-004679,2025-12-22,6421,Trasporto su vendite vettore FOR-012 - DDT 5689,CC30,53.50
MOV-004680,2025-12-22,6421,Trasporto su vendite vettore FOR-012 - DDT 3636,CC30,32.10
MOV-004681,2025-12-22,6432,Trasferta tecnico di assistenza - intervento presso cliente CL-234,CC40,30.71
MOV-004682,2025-12-23,6421,Trasporto su vendite vettore FOR-011 - DDT 7840,CC30,37.85
MOV-004683,2025-12-23,6421,Trasporto su vendite vettore FOR-012 - DDT 1788,CC30,17.73
MOV-004684,2025-12-23,6421,Trasporto su vendite vettore FOR-012 - DDT 9470,CC30,19.68
MOV-004685,2025-12-23,6421,Trasporto su vendite vettore FOR-012 - DDT 3343,CC30,34.18
MOV-004686,2025-12-23,6421,Trasporto su vendite vettore FOR-012 - DDT 0712,CC30,40.84
MOV-004687,2025-12-23,6421,Trasporto su vendite vettore FOR-013 - DDT 8430,CC30,51.12
MOV-004688,2025-12-23,6421,Trasporto su vendite vettore FOR-013 - DDT 4938,CC30,39.40
MOV-004689,2025-12-23,6421,Trasporto su vendite vettore FOR-013 - DDT 8783,CC30,19.75
MOV-004690,2025-12-23,6421,Trasporto su vendite vettore FOR-013 - DDT 8539,CC30,17.65
MOV-004691,2025-12-24,6403,"Lavorazione esterna a ore FOR-034 - 2 ore a 29,00 euro",CC10,58.00
MOV-004692,2025-12-24,6421,Trasporto su vendite vettore FOR-011 - DDT 1433,CC30,42.09
MOV-004693,2025-12-24,6421,Trasporto su vendite vettore FOR-014 - DDT 5185,CC30,17.93
MOV-004694,2025-12-24,6421,Trasporto su vendite vettore FOR-013 - DDT 3032,CC30,45.56
MOV-004695,2025-12-24,6421,Trasporto su vendite vettore FOR-011 - DDT 3470,CC30,46.40
MOV-004696,2025-12-24,6421,Trasporto su vendite vettore FOR-013 - DDT 4725,CC30,40.19
MOV-004697,2025-12-24,6421,Trasporto su vendite vettore FOR-013 - DDT 4586,CC30,55.53
MOV-004698,2025-12-24,6421,Trasporto su vendite vettore FOR-012 - DDT 2296,CC30,17.41
MOV-004699,2025-12-24,6421,Trasporto su vendite vettore FOR-014 - DDT 6921,CC30,21.07
MOV-004700,2025-12-24,6421,Trasporto su vendite vettore FOR-014 - DDT 5392,CC30,23.98
MOV-004701,2025-12-24,6421,Trasporto su vendite vettore FOR-011 - DDT 2833,CC30,16.69
MOV-004702,2025-12-24,6421,Trasporto su vendite vettore FOR-013 - DDT 8231,CC30,19.60
MOV-004703,2025-12-24,6432,Trasferta tecnico di assistenza - intervento presso cliente CL-092,CC40,65.50
MOV-004704,2025-12-25,6403,"Straordinari di reparto - 1 ore a 26,00 euro",CC10,26.00
MOV-004705,2025-12-25,6421,Trasporto su vendite vettore FOR-014 - DDT 3379,CC30,46.98
MOV-004706,2025-12-25,6421,Trasporto su vendite vettore FOR-013 - DDT 5275,CC30,35.63
MOV-004707,2025-12-25,6421,Trasporto su vendite vettore FOR-011 - DDT 3719,CC30,28.10
MOV-004708,2025-12-25,6421,Trasporto su vendite vettore FOR-013 - DDT 1322,CC30,29.83
MOV-004709,2025-12-25,6421,Trasporto su vendite vettore FOR-012 - DDT 2796,CC30,36.98
MOV-004710,2025-12-25,6421,Trasporto su vendite vettore FOR-013 - DDT 6297,CC30,26.04
MOV-004711,2025-12-25,6421,Trasporto su vendite vettore FOR-014 - DDT 0341,CC30,38.13
MOV-004712,2025-12-25,6421,Trasporto su vendite vettore FOR-012 - DDT 9153,CC30,51.13
MOV-004713,2025-12-25,6421,Trasporto su vendite vettore FOR-012 - DDT 3906,CC30,22.67
MOV-004714,2025-12-25,6421,Trasporto su vendite vettore FOR-011 - DDT 2252,CC30,41.36
MOV-004715,2025-12-25,6421,Trasporto su vendite vettore FOR-011 - DDT 3475,CC30,18.90
MOV-004716,2025-12-25,6421,Trasporto su vendite vettore FOR-013 - DDT 1112,CC30,24.92
MOV-004717,2025-12-25,6421,Trasporto su vendite vettore FOR-013 - DDT 0445,CC30,37.65
MOV-004718,2025-12-25,6421,Trasporto su vendite vettore FOR-013 - DDT 7110,CC30,48.66
MOV-004719,2025-12-25,6421,Trasporto su vendite vettore FOR-014 - DDT 8760,CC30,36.96
MOV-004720,2025-12-25,6421,Trasporto su vendite vettore FOR-011 - DDT 3151,CC30,31.93
MOV-004721,2025-12-25,6421,Trasporto su vendite vettore FOR-012 - DDT 4904,CC30,58.98
MOV-004722,2025-12-25,6421,Trasporto su vendite vettore FOR-011 - DDT 1305,CC30,45.01
MOV-004723,2025-12-25,6421,Trasporto su vendite vettore FOR-012 - DDT 5587,CC30,44.05
MOV-004724,2025-12-25,6421,Trasporto su vendite vettore FOR-014 - DDT 5179,CC30,49.12
MOV-004725,2025-12-25,6421,Trasporto su vendite vettore FOR-014 - DDT 7865,CC30,58.51
MOV-004726,2025-12-25,6421,Trasporto su vendite vettore FOR-011 - DDT 1667,CC30,22.02
MOV-004727,2025-12-25,6421,Trasporto su vendite vettore FOR-013 - DDT 3233,CC30,41.44
MOV-004728,2025-12-25,6421,Trasporto su vendite vettore FOR-013 - DDT 3712,CC30,47.67
MOV-004729,2025-12-25,6421,Trasporto su vendite vettore FOR-014 - DDT 5215,CC30,33.23
MOV-004730,2025-12-25,6432,Ricambi per intervento di assistenza FOR-052 CL-011,CC40,28.88
MOV-004731,2025-12-25,6432,Ricambi per intervento di assistenza FOR-051 CL-047,CC40,22.43
MOV-004732,2025-12-25,6432,Trasferta tecnico di assistenza - intervento presso cliente CL-139,CC40,28.23
MOV-004733,2025-12-25,6432,Ricambi per intervento di assistenza FOR-052 CL-247,CC40,88.17
MOV-004734,2025-12-26,6421,Trasporto su vendite vettore FOR-012 - DDT 1736,CC30,38.41
MOV-004735,2025-12-26,6421,Trasporto su vendite vettore FOR-014 - DDT 6524,CC30,27.14
MOV-004736,2025-12-26,6421,Trasporto su vendite vettore FOR-011 - DDT 4554,CC30,34.76
MOV-004737,2025-12-26,6421,Trasporto su vendite vettore FOR-012 - DDT 1294,CC30,17.79
MOV-004738,2025-12-26,6421,Trasporto su vendite vettore FOR-014 - DDT 4125,CC30,23.11
MOV-004739,2025-12-26,6421,Trasporto su vendite vettore FOR-011 - DDT 7926,CC30,23.45
MOV-004740,2025-12-26,6421,Trasporto su vendite vettore FOR-011 - DDT 3265,CC30,50.86
MOV-004741,2025-12-26,6421,Trasporto su vendite vettore FOR-011 - DDT 1849,CC30,14.98
MOV-004742,2025-12-26,6421,Trasporto su vendite vettore FOR-013 - DDT 7305,CC30,44.45
MOV-004743,2025-12-26,6421,Trasporto su vendite vettore FOR-012 - DDT 4657,CC30,51.41
MOV-004744,2025-12-26,6432,Ricambi per intervento di assistenza FOR-051 CL-131,CC40,34.15
MOV-004745,2025-12-27,6403,"Lavorazione esterna a ore FOR-033 - 3 ore a 29,00 euro",CC10,87.00
MOV-004746,2025-12-27,6421,Trasporto su vendite vettore FOR-012 - DDT 9151,CC30,56.15
MOV-004747,2025-12-27,6421,Trasporto su vendite vettore FOR-013 - DDT 6806,CC30,41.43
MOV-004748,2025-12-27,6421,Trasporto su vendite vettore FOR-014 - DDT 3378,CC30,29.28
MOV-004749,2025-12-27,6421,Trasporto su vendite vettore FOR-012 - DDT 7395,CC30,58.01
MOV-004750,2025-12-27,6421,Trasporto su vendite vettore FOR-013 - DDT 9865,CC30,38.69
MOV-004751,2025-12-27,6421,Trasporto su vendite vettore FOR-012 - DDT 3776,CC30,45.70
MOV-004752,2025-12-27,6421,Trasporto su vendite vettore FOR-011 - DDT 7063,CC30,49.40
MOV-004753,2025-12-27,6421,Trasporto su vendite vettore FOR-012 - DDT 9157,CC30,40.30
MOV-004754,2025-12-27,6421,Trasporto su vendite vettore FOR-014 - DDT 2384,CC30,54.72
MOV-004755,2025-12-27,6421,Trasporto su vendite vettore FOR-013 - DDT 3474,CC30,17.41
MOV-004756,2025-12-28,6421,Trasporto su vendite vettore FOR-011 - DDT 1520,CC30,54.24
MOV-004757,2025-12-28,6421,Trasporto su vendite vettore FOR-013 - DDT 9119,CC30,42.35
MOV-004758,2025-12-28,6421,Trasporto su vendite vettore FOR-014 - DDT 6503,CC30,38.74
MOV-004759,2025-12-28,6421,Trasporto su vendite vettore FOR-011 - DDT 0276,CC30,24.58
MOV-004760,2025-12-28,6421,Trasporto su vendite vettore FOR-012 - DDT 0076,CC30,41.37
MOV-004761,2025-12-28,6421,Trasporto su vendite vettore FOR-012 - DDT 7079,CC30,55.43
MOV-004762,2025-12-28,6421,Trasporto su vendite vettore FOR-014 - DDT 8440,CC30,17.08
MOV-004763,2025-12-28,6432,Ricambi per intervento di assistenza FOR-052 CL-068,CC40,29.50
MOV-004764,2025-12-28,6432,Ricambi per intervento di assistenza FOR-051 CL-148,CC40,41.92
MOV-004765,2025-12-28,6432,Ricambi per intervento di assistenza FOR-052 CL-185,CC40,84.43
MOV-004766,2025-12-28,6432,Trasferta tecnico di assistenza - intervento presso cliente CL-085,CC40,53.40
MOV-004767,2025-12-28,6432,Ricambi per intervento di assistenza FOR-052 CL-025,CC40,67.71
MOV-004768,2025-12-29,6421,Trasporto su vendite vettore FOR-014 - DDT 3688,CC30,23.89
MOV-004769,2025-12-29,6421,Trasporto su vendite vettore FOR-014 - DDT 1381,CC30,44.05
MOV-004770,2025-12-29,6421,Trasporto su vendite vettore FOR-014 - DDT 8343,CC30,20.12
MOV-004771,2025-12-29,6421,Trasporto su vendite vettore FOR-011 - DDT 7570,CC30,38.69
MOV-004772,2025-12-29,6421,Trasporto su vendite vettore FOR-014 - DDT 5335,CC30,39.71
MOV-004773,2025-12-29,6421,Trasporto su vendite vettore FOR-011 - DDT 6255,CC30,39.48
MOV-004774,2025-12-29,6421,Trasporto su vendite vettore FOR-013 - DDT 0120,CC30,57.51
MOV-004775,2025-12-29,6432,Ricambi per intervento di assistenza FOR-051 CL-113,CC40,59.95
MOV-004776,2025-12-30,6403,"Straordinari di reparto - 2 ore a 26,00 euro",CC10,52.00
MOV-004777,2025-12-30,6421,Trasporto su vendite vettore FOR-014 - DDT 3991,CC30,47.17
MOV-004778,2025-12-30,6421,Trasporto su vendite vettore FOR-012 - DDT 3686,CC30,43.55
MOV-004779,2025-12-30,6421,Trasporto su vendite vettore FOR-011 - DDT 7893,CC30,35.70
MOV-004780,2025-12-30,6421,Trasporto su vendite vettore FOR-011 - DDT 6551,CC30,23.50
MOV-004781,2025-12-30,6421,Trasporto su vendite vettore FOR-012 - DDT 9896,CC30,49.84
MOV-004782,2025-12-30,6421,Trasporto su vendite vettore FOR-012 - DDT 1492,CC30,50.55
MOV-004783,2025-12-30,6421,Trasporto su vendite vettore FOR-014 - DDT 8297,CC30,41.29
MOV-004784,2025-12-31,6401,Quota ammortamento impianto IMP-01 - dicembre 2025,CC10,1833.33
MOV-004785,2025-12-31,6401,Quota ammortamento impianto IMP-02 - dicembre 2025,CC10,1666.66
MOV-004786,2025-12-31,6401,Quota ammortamento impianto IMP-03 - dicembre 2025,CC10,1500.00
MOV-004787,2025-12-31,6401,Quota ammortamento impianto IMP-04 - dicembre 2025,CC10,1166.66
MOV-004788,2025-12-31,6402,Retribuzioni produzione indiretta - dicembre 2025 - retribuzioni lorde,CC10,2529.91
MOV-004789,2025-12-31,6402,Retribuzioni produzione indiretta - dicembre 2025 - contributi a carico impresa,CC10,795.12
MOV-004790,2025-12-31,6402,Retribuzioni produzione indiretta - dicembre 2025 - quota TFR,CC10,289.13
MOV-004791,2025-12-31,6411,Retribuzioni ufficio ordini - dicembre 2025 - retribuzioni lorde,CC20,10725.33
MOV-004792,2025-12-31,6411,Retribuzioni ufficio ordini - dicembre 2025 - contributi a carico impresa,CC20,3370.82
MOV-004793,2025-12-31,6411,Retribuzioni ufficio ordini - dicembre 2025 - quota TFR,CC20,1225.75
MOV-004794,2025-12-31,6421,Trasporto su vendite vettore FOR-011 - DDT 4793,CC30,38.43
MOV-004795,2025-12-31,6421,Trasporto su vendite vettore FOR-013 - DDT 6262,CC30,42.28
MOV-004796,2025-12-31,6421,Trasporto su vendite vettore FOR-011 - DDT 9592,CC30,26.18
MOV-004797,2025-12-31,6421,Trasporto su vendite vettore FOR-014 - DDT 1455,CC30,31.17
MOV-004798,2025-12-31,6421,Trasporto su vendite vettore FOR-013 - DDT 6099,CC30,52.74
MOV-004799,2025-12-31,6421,Trasporto su vendite vettore FOR-011 - DDT 2478,CC30,34.70
MOV-004800,2025-12-31,6421,Trasporto su vendite vettore FOR-012 - DDT 3930,CC30,50.44
MOV-004801,2025-12-31,6421,Trasporto su vendite vettore FOR-012 - DDT 8591,CC30,54.20
MOV-004802,2025-12-31,6422,Personale di spedizione - dicembre 2025 - retribuzioni lorde,CC30,2290.90
MOV-004803,2025-12-31,6422,Personale di spedizione - dicembre 2025 - contributi a carico impresa,CC30,720.00
MOV-004804,2025-12-31,6422,Personale di spedizione - dicembre 2025 - quota TFR,CC30,261.82
MOV-004805,2025-12-31,6431,Retribuzioni tecnici di assistenza - dicembre 2025 - retribuzioni lorde,CC40,6863.26
MOV-004806,2025-12-31,6431,Retribuzioni tecnici di assistenza - dicembre 2025 - contributi a carico impresa,CC40,2157.02
MOV-004807,2025-12-31,6431,Retribuzioni tecnici di assistenza - dicembre 2025 - quota TFR,CC40,784.37
MOV-004808,2025-12-31,6432,Trasferta tecnico di assistenza - intervento presso cliente CL-071,CC40,26.15
MOV-004809,2025-12-31,6432,Ricambi per intervento di assistenza FOR-051 CL-136,CC40,26.44
MOV-004810,2025-12-31,6441,Retribuzioni amministrative - dicembre 2025 - retribuzioni lorde,CC50,2554.94
MOV-004811,2025-12-31,6441,Retribuzioni amministrative - dicembre 2025 - contributi a carico impresa,CC50,802.98
MOV-004812,2025-12-31,6441,Retribuzioni amministrative - dicembre 2025 - quota TFR,CC50,291.99
