id_riga,data_documento,numero_documento,codice_cliente,canale,codice_prodotto,quantita,prezzo_listino,sconto_percentuale,importo_netto_riga
R26-01-00001,2026-01-02,FT-2026-00064,CL-014,diretto,B,2,120.00,0.60,238.56
R26-01-00002,2026-01-02,FT-2026-00064,CL-014,diretto,B,3,120.00,3.14,348.69
R26-01-00003,2026-01-02,FT-2026-00064,CL-014,diretto,B,3,120.00,2.49,351.03
R26-01-00004,2026-01-02,FT-2026-00064,CL-014,diretto,A,0,200.00,0.00,0.00
R26-01-00005,2026-01-02,FT-2026-00066,CL-093,diretto,A,1,200.00,5.77,188.47
R26-01-00006,2026-01-02,FT-2026-00067,CL-092,diretto,A,3,200.00,4.19,574.86
R26-01-00007,2026-01-02,FT-2026-00109,CL-039,diretto,A,3,200.00,4.08,575.52
R26-01-00008,2026-01-02,FT-2026-00142,CL-160,diretto,B,3,120.00,1.71,353.85
R26-01-00009,2026-01-02,FT-2026-00143,CL-030,diretto,B,2,120.00,0.97,237.68
R26-01-00010,2026-01-02,FT-2026-00156,CL-148,diretto,B,2,120.00,0.80,238.08
R26-01-00011,2026-01-02,FT-2026-00195,CL-256,distributori,B,13,120.00,4.20,1494.48
R26-01-00012,2026-01-02,FT-2026-00219,CL-227,distributori,B,10,120.00,5.86,1129.70
R26-01-00013,2026-01-05,FT-2026-00034,CL-150,diretto,B,2,120.00,0.76,238.18
R26-01-00014,2026-01-05,FT-2026-00055,CL-017,diretto,B,2,120.00,1.58,236.22
R26-01-00015,2026-01-05,FT-2026-00117,CL-035,diretto,B,3,120.00,2.30,351.72
R26-01-00016,2026-01-05,FT-2026-00117,CL-035,diretto,A,1,200.00,3.41,193.19
R26-01-00017,2026-01-05,FT-2026-00122,CL-044,diretto,B,1,120.00,0.43,119.49
R26-01-00018,2026-01-05,FT-2026-00122,CL-044,diretto,B,4,120.00,0.57,477.28
R26-01-00019,2026-01-05,FT-2026-00122,CL-044,diretto,C,4,305.00,1.99,1195.72
R26-01-00020,2026-01-05,FT-2026-00122,CL-044,diretto,C,0,305.00,0.00,0.00
R26-01-00021,2026-01-05,FT-2026-00153,CL-042,diretto,A,2,200.00,5.86,376.56
R26-01-00022,2026-01-05,FT-2026-00191,CL-231,distributori,B,10,120.00,5.17,1138.00
R26-01-00023,2026-01-05,FT-2026-00191,CL-231,distributori,A,6,200.00,14.86,1021.74
R26-01-00024,2026-01-05,FT-2026-00199,CL-246,distributori,B,9,120.00,3.02,1047.42
R26-01-00025,2026-01-05,FT-2026-00199,CL-246,distributori,B,10,120.00,4.09,1150.90
R26-01-00026,2026-01-07,FT-2026-00024,CL-058,diretto,A,3,200.00,4.13,575.25
R26-01-00027,2026-01-07,FT-2026-00024,CL-058,diretto,B,2,120.00,2.74,233.42
R26-01-00028,2026-01-07,FT-2026-00028,CL-216,diretto,B,2,120.00,2.86,233.14
R26-01-00029,2026-01-07,FT-2026-00028,CL-216,diretto,A,4,200.00,3.43,772.60
R26-01-00030,2026-01-07,FT-2026-00033,CL-009,diretto,B,2,120.00,1.11,237.34
R26-01-00031,2026-01-07,FT-2026-00057,CL-012,diretto,B,3,120.00,1.34,355.17
R26-01-00032,2026-01-07,FT-2026-00057,CL-012,diretto,B,3,120.00,2.79,349.95
R26-01-00033,2026-01-07,FT-2026-00058,CL-030,diretto,C,1,305.00,0.00,305.00
R26-01-00034,2026-01-07,FT-2026-00070,CL-005,diretto,A,2,200.00,5.39,378.44
R26-01-00035,2026-01-07,FT-2026-00070,CL-005,diretto,C,3,305.00,0.02,914.85
R26-01-00036,2026-01-07,FT-2026-00074,CL-100,diretto,A,3,200.00,3.41,579.54
R26-01-00037,2026-01-07,FT-2026-00099,CL-014,diretto,A,4,200.00,5.58,755.40
R26-01-00038,2026-01-07,FT-2026-00119,CL-025,diretto,A,2,200.00,3.85,384.60
R26-01-00039,2026-01-07,FT-2026-00119,CL-025,diretto,B,1,120.00,1.66,118.01
R26-01-00040,2026-01-07,FT-2026-00119,CL-025,diretto,A,2,200.00,3.29,386.84
R26-01-00041,2026-01-07,FT-2026-00131,CL-022,diretto,A,3,200.00,5.92,564.51
R26-01-00042,2026-01-07,FT-2026-00151,CL-012,diretto,A,5,200.00,3.30,967.05
R26-01-00043,2026-01-07,FT-2026-00151,CL-012,diretto,A,1,200.00,5.81,188.39
R26-01-00044,2026-01-07,FT-2026-00162,CL-221,distributori,B,5,120.00,3.37,579.80
R26-01-00045,2026-01-07,FT-2026-00162,CL-221,distributori,B,14,120.00,3.95,1613.64
R26-01-00046,2026-01-07,FT-2026-00168,CL-232,distributori,A,11,200.00,13.55,1901.90
R26-01-00047,2026-01-07,FT-2026-00168,CL-232,distributori,A,6,200.00,13.82,1034.16
R26-01-00048,2026-01-07,FT-2026-00180,CL-242,distributori,A,10,200.00,13.61,1727.90
R26-01-00049,2026-01-07,FT-2026-00180,CL-242,distributori,B,12,120.00,3.23,1393.56
R26-01-00050,2026-01-07,FT-2026-00180,CL-242,distributori,B,5,120.00,4.10,575.40
R26-01-00051,2026-01-07,FT-2026-00188,CL-237,distributori,B,9,120.00,4.36,1032.93
R26-01-00052,2026-01-07,FT-2026-00188,CL-237,distributori,A,8,200.00,13.96,1376.64
R26-01-00053,2026-01-08,FT-2026-00018,CL-037,diretto,B,3,120.00,0.41,358.53
R26-01-00054,2026-01-08,FT-2026-00019,CL-027,diretto,A,1,200.00,3.81,192.38
R26-01-00055,2026-01-08,FT-2026-00050,CL-001,diretto,B,1,120.00,0.63,119.24
R26-01-00056,2026-01-08,FT-2026-00050,CL-001,diretto,B,1,120.00,1.88,117.74
R26-01-00057,2026-01-08,FT-2026-00052,CL-014,diretto,A,1,200.00,4.56,190.88
R26-01-00058,2026-01-08,FT-2026-00052,CL-014,diretto,B,5,120.00,0.21,598.75
R26-01-00059,2026-01-08,FT-2026-00072,CL-027,diretto,C,6,305.00,2.12,1791.24
R26-01-00060,2026-01-08,FT-2026-00072,CL-027,diretto,C,1,305.00,0.00,305.00
R26-01-00061,2026-01-08,FT-2026-00086,CL-032,diretto,A,3,200.00,5.86,564.84
R26-01-00062,2026-01-08,FT-2026-00092,CL-015,diretto,B,1,120.00,0.42,119.50
R26-01-00063,2026-01-08,FT-2026-00092,CL-015,diretto,A,3,200.00,3.74,577.56
R26-01-00064,2026-01-08,FT-2026-00094,CL-004,diretto,A,4,200.00,3.39,772.88
R26-01-00065,2026-01-08,FT-2026-00094,CL-004,diretto,B,1,120.00,0.43,119.49
R26-01-00066,2026-01-08,FT-2026-00110,CL-027,diretto,A,2,200.00,5.98,376.08
R26-01-00067,2026-01-08,FT-2026-00112,CL-069,diretto,B,3,120.00,1.12,355.98
R26-01-00068,2026-01-08,FT-2026-00112,CL-069,diretto,A,2,200.00,3.59,385.64
R26-01-00069,2026-01-08,FT-2026-00128,CL-005,diretto,B,3,120.00,1.68,353.94
R26-01-00070,2026-01-08,FT-2026-00200,CL-246,distributori,B,6,120.00,4.19,689.82
R26-01-00071,2026-01-08,FT-2026-00200,CL-246,distributori,B,1,120.00,3.95,115.26
R26-01-00072,2026-01-09,FT-2026-00013,CL-031,diretto,A,4,200.00,5.46,756.32
R26-01-00073,2026-01-09,FT-2026-00021,CL-134,diretto,B,2,120.00,2.30,234.48
R26-01-00074,2026-01-09,FT-2026-00096,CL-021,diretto,A,3,200.00,3.62,578.28
R26-01-00075,2026-01-09,FT-2026-00096,CL-021,diretto,C,2,305.00,0.63,606.18
R26-01-00076,2026-01-09,FT-2026-00105,CL-004,diretto,C,3,305.00,0.77,907.95
R26-01-00077,2026-01-09,FT-2026-00105,CL-004,diretto,B,4,120.00,0.56,477.32
R26-01-00078,2026-01-09,FT-2026-00105,CL-004,diretto,C,2,305.00,0.26,608.40
R26-01-00079,2026-01-09,FT-2026-00108,CL-028,diretto,C,5,305.00,0.05,1524.25
R26-01-00080,2026-01-09,FT-2026-00108,CL-028,diretto,A,3,200.00,5.92,564.51
R26-01-00081,2026-01-09,FT-2026-00146,CL-083,diretto,B,3,120.00,1.13,355.92
R26-01-00082,2026-01-09,FT-2026-00159,CL-229,distributori,A,14,200.00,12.64,2446.22
R26-01-00083,2026-01-09,FT-2026-00159,CL-229,distributori,A,7,200.00,13.84,1206.24
R26-01-00084,2026-01-09,FT-2026-00222,CL-247,distributori,A,1,200.00,13.09,173.82
R26-01-00085,2026-01-09,FT-2026-00222,CL-247,distributori,C,14,305.00,7.72,3940.44
R26-01-00086,2026-01-12,FT-2026-00002,CL-027,diretto,A,7,200.00,4.88,1331.68
R26-01-00087,2026-01-12,FT-2026-00002,CL-027,diretto,A,3,200.00,5.46,567.24
R26-01-00088,2026-01-12,FT-2026-00022,CL-027,diretto,A,3,200.00,3.77,577.41
R26-01-00089,2026-01-12,FT-2026-00022,CL-027,diretto,B,1,120.00,1.21,118.55
R26-01-00090,2026-01-12,FT-2026-00022,CL-027,diretto,B,2,120.00,0.90,237.84
R26-01-00091,2026-01-12,FT-2026-00026,CL-002,diretto,B,3,120.00,2.53,350.88
R26-01-00092,2026-01-12,FT-2026-00026,CL-002,diretto,A,3,200.00,3.67,578.01
R26-01-00093,2026-01-12,FT-2026-00027,CL-027,diretto,B,3,120.00,2.39,351.39
R26-01-00094,2026-01-12,FT-2026-00027,CL-027,diretto,B,3,120.00,0.53,358.11
R26-01-00095,2026-01-12,FT-2026-00032,CL-197,diretto,A,3,200.00,5.67,565.98
R26-01-00096,2026-01-12,FT-2026-00037,CL-150,diretto,A,1,200.00,4.32,191.36
R26-01-00097,2026-01-12,FT-2026-00051,CL-027,diretto,B,2,120.00,2.23,234.66
R26-01-00098,2026-01-12,FT-2026-00065,CL-014,diretto,C,3,305.00,1.56,900.69
R26-01-00099,2026-01-12,FT-2026-00065,CL-014,diretto,B,3,120.00,0.67,357.60
R26-01-00100,2026-01-12,FT-2026-00065,CL-014,diretto,A,2,200.00,4.69,381.26
R26-01-00101,2026-01-12,FT-2026-00076,CL-033,diretto,B,4,120.00,1.61,472.28
R26-01-00102,2026-01-12,FT-2026-00076,CL-033,diretto,A,2,200.00,5.62,377.54
R26-01-00103,2026-01-12,FT-2026-00089,CL-004,diretto,B,2,120.00,2.83,233.20
R26-01-00104,2026-01-12,FT-2026-00089,CL-004,diretto,B,2,120.00,1.03,237.52
R26-01-00105,2026-01-12,FT-2026-00190,CL-258,distributori,A,13,200.00,14.40,2225.73
R26-01-00106,2026-01-12,FT-2026-00204,CL-239,distributori,A,6,200.00,13.77,1034.82
R26-01-00107,2026-01-12,FT-2026-00204,CL-239,distributori,B,8,120.00,3.17,929.60
R26-01-00108,2026-01-13,FT-2026-00009,CL-037,diretto,C,2,305.00,0.85,604.84
R26-01-00109,2026-01-13,FT-2026-00035,CL-028,diretto,B,3,120.00,2.69,350.31
R26-01-00110,2026-01-13,FT-2026-00035,CL-028,diretto,B,3,120.00,1.62,354.18
R26-01-00111,2026-01-13,FT-2026-00035,CL-028,diretto,B,1,120.00,1.35,118.38
R26-01-00112,2026-01-13,FT-2026-00039,CL-001,diretto,C,3,305.00,0.00,915.00
R26-01-00113,2026-01-13,FT-2026-00053,CL-014,diretto,A,3,200.00,4.89,570.69
R26-01-00114,2026-01-13,FT-2026-00075,CL-017,diretto,B,1,120.00,0.47,119.44
R26-01-00115,2026-01-13,FT-2026-00083,CL-207,diretto,A,1,200.00,4.44,191.12
R26-01-00116,2026-01-13,FT-2026-00100,CL-002,diretto,B,1,120.00,0.93,118.89
R26-01-00117,2026-01-13,FT-2026-00100,CL-002,diretto,B,1,120.00,1.91,117.71
R26-01-00118,2026-01-13,FT-2026-00100,CL-002,diretto,C,3,305.00,0.57,909.75
R26-01-00119,2026-01-13,FT-2026-00140,CL-025,diretto,B,3,120.00,2.15,352.26
R26-01-00120,2026-01-13,FT-2026-00140,CL-025,diretto,A,1,200.00,3.53,192.95
R26-01-00121,2026-01-13,FT-2026-00154,CL-014,diretto,A,3,200.00,4.13,575.25
R26-01-00122,2026-01-13,FT-2026-00154,CL-014,diretto,B,3,120.00,1.73,353.79
R26-01-00123,2026-01-13,FT-2026-00183,CL-255,distributori,B,8,120.00,4.87,913.28
R26-01-00124,2026-01-14,FT-2026-00017,CL-039,diretto,B,5,120.00,0.89,594.65
R26-01-00125,2026-01-14,FT-2026-00020,CL-024,diretto,A,1,200.00,4.11,191.78
R26-01-00126,2026-01-14,FT-2026-00038,CL-210,diretto,A,3,200.00,4.31,574.14
R26-01-00127,2026-01-14,FT-2026-00038,CL-210,diretto,B,3,120.00,0.65,357.66
R26-01-00128,2026-01-14,FT-2026-00045,CL-045,diretto,A,5,200.00,5.97,940.35
R26-01-00129,2026-01-14,FT-2026-00069,CL-014,diretto,B,3,120.00,2.52,350.94
R26-01-00130,2026-01-14,FT-2026-00069,CL-014,diretto,B,4,120.00,2.04,470.20
R26-01-00131,2026-01-14,FT-2026-00127,CL-038,diretto,B,4,120.00,2.38,468.60
R26-01-00132,2026-01-14,FT-2026-00127,CL-038,diretto,B,1,120.00,1.65,118.02
R26-01-00133,2026-01-14,FT-2026-00134,CL-031,diretto,B,4,120.00,0.34,478.36
R26-01-00134,2026-01-14,FT-2026-00134,CL-031,diretto,B,5,120.00,1.63,590.20
R26-01-00135,2026-01-14,FT-2026-00148,CL-022,diretto,A,2,200.00,5.95,376.20
R26-01-00136,2026-01-14,FT-2026-00161,CL-257,distributori,A,10,200.00,15.63,1687.50
R26-01-00137,2026-01-14,FT-2026-00161,CL-257,distributori,B,8,120.00,4.95,912.48
R26-01-00138,2026-01-14,FT-2026-00185,CL-258,distributori,B,13,120.00,3.63,1503.45
R26-01-00139,2026-01-14,FT-2026-00185,CL-258,distributori,A,14,200.00,12.67,2445.38
R26-01-00140,2026-01-14,FT-2026-00185,CL-258,distributori,A,5,200.00,13.88,861.25
R26-01-00141,2026-01-14,FT-2026-00186,CL-238,distributori,B,6,120.00,5.08,683.46
R26-01-00142,2026-01-14,FT-2026-00186,CL-238,distributori,A,12,200.00,13.87,2067.24
R26-01-00143,2026-01-14,FT-2026-00217,CL-234,distributori,A,5,200.00,13.35,866.50
R26-01-00144,2026-01-14,FT-2026-00217,CL-234,distributori,A,10,200.00,14.70,1706.00
R26-01-00145,2026-01-15,FT-2026-00003,CL-171,diretto,A,2,200.00,5.70,377.22
R26-01-00146,2026-01-15,FT-2026-00003,CL-171,diretto,B,1,120.00,2.43,117.09
R26-01-00147,2026-01-15,FT-2026-00004,CL-094,diretto,B,1,120.00,1.46,118.25
R26-01-00148,2026-01-15,FT-2026-00004,CL-094,diretto,B,3,120.00,2.86,349.71
R26-01-00149,2026-01-15,FT-2026-00004,CL-094,diretto,B,2,120.00,1.49,236.42
R26-01-00150,2026-01-15,FT-2026-00005,CL-019,diretto,A,1,200.00,4.00,192.01
R26-01-00151,2026-01-15,FT-2026-00005,CL-019,diretto,B,1,120.00,0.73,119.13
R26-01-00152,2026-01-15,FT-2026-00005,CL-019,diretto,A,3,200.00,3.77,577.41
R26-01-00153,2026-01-15,FT-2026-00008,CL-021,diretto,B,3,120.00,2.75,350.10
R26-01-00154,2026-01-15,FT-2026-00008,CL-021,diretto,A,1,200.00,3.94,192.13
R26-01-00155,2026-01-15,FT-2026-00008,CL-021,diretto,A,1,200.00,4.35,191.31
R26-01-00156,2026-01-15,FT-2026-00030,CL-027,diretto,A,2,200.00,5.29,378.86
R26-01-00157,2026-01-15,FT-2026-00030,CL-027,diretto,A,3,200.00,3.49,579.06
R26-01-00158,2026-01-15,FT-2026-00046,CL-013,diretto,B,2,120.00,0.61,238.54
R26-01-00159,2026-01-15,FT-2026-00046,CL-013,diretto,C,3,305.00,0.71,908.46
R26-01-00160,2026-01-15,FT-2026-00046,CL-013,diretto,C,4,305.00,0.00,1220.00
R26-01-00161,2026-01-15,FT-2026-00059,CL-044,diretto,A,4,200.00,4.18,766.56
R26-01-00162,2026-01-15,FT-2026-00059,CL-044,diretto,B,2,120.00,3.13,232.48
R26-01-00163,2026-01-15,FT-2026-00059,CL-044,diretto,B,3,120.00,0.63,357.75
R26-01-00164,2026-01-15,FT-2026-00068,CL-010,diretto,A,3,200.00,5.49,567.09
R26-01-00165,2026-01-15,FT-2026-00068,CL-010,diretto,A,3,200.00,3.45,579.30
R26-01-00166,2026-01-15,FT-2026-00095,CL-022,diretto,A,2,200.00,3.43,386.30
R26-01-00167,2026-01-15,FT-2026-00178,CL-229,distributori,A,7,200.00,13.21,1215.06
R26-01-00168,2026-01-15,FT-2026-00178,CL-229,distributori,B,10,120.00,3.43,1158.90
R26-01-00169,2026-01-15,FT-2026-00187,CL-232,distributori,B,5,120.00,3.25,580.50
R26-01-00170,2026-01-15,FT-2026-00193,CL-221,distributori,A,8,200.00,14.51,1367.84
R26-01-00171,2026-01-15,FT-2026-00193,CL-221,distributori,A,7,200.00,13.76,1207.43
R26-01-00172,2026-01-15,FT-2026-00197,CL-250,distributori,A,11,200.00,13.09,1912.02
R26-01-00173,2026-01-15,FT-2026-00201,CL-252,distributori,A,6,200.00,13.67,1036.02
R26-01-00174,2026-01-15,FT-2026-00223,CL-231,distributori,B,8,120.00,4.53,916.48
R26-01-00175,2026-01-15,FT-2026-00223,CL-231,distributori,B,8,120.00,5.06,911.44
R26-01-00176,2026-01-16,FT-2026-00007,CL-014,diretto,B,2,120.00,2.59,233.78
R26-01-00177,2026-01-16,FT-2026-00007,CL-014,diretto,A,3,200.00,3.36,579.87
R26-01-00178,2026-01-16,FT-2026-00025,CL-003,diretto,B,3,120.00,0.33,358.80
R26-01-00179,2026-01-16,FT-2026-00031,CL-021,diretto,A,4,200.00,4.37,765.08
R26-01-00180,2026-01-16,FT-2026-00084,CL-033,diretto,A,2,200.00,5.81,376.78
R26-01-00181,2026-01-16,FT-2026-00084,CL-033,diretto,B,1,120.00,1.19,118.57
R26-01-00182,2026-01-16,FT-2026-00111,CL-039,diretto,B,3,120.00,1.42,354.90
R26-01-00183,2026-01-16,FT-2026-00111,CL-039,diretto,A,3,200.00,4.75,571.53
R26-01-00184,2026-01-16,FT-2026-00137,CL-163,diretto,B,3,120.00,2.06,352.59
R26-01-00185,2026-01-16,FT-2026-00137,CL-163,diretto,C,1,305.00,0.68,302.93
R26-01-00186,2026-01-16,FT-2026-00137,CL-163,diretto,C,1,305.00,1.28,301.09
R26-01-00187,2026-01-16,FT-2026-00166,CL-256,distributori,A,10,200.00,12.69,1746.20
R26-01-00188,2026-01-16,FT-2026-00166,CL-256,distributori,C,12,305.00,7.84,3373.08
R26-01-00189,2026-01-16,FT-2026-00211,CL-221,distributori,B,10,120.00,4.21,1149.50
R26-01-00190,2026-01-16,FT-2026-00211,CL-221,distributori,A,8,200.00,14.35,1370.48
R26-01-00191,2026-01-19,FT-2026-00016,CL-006,diretto,A,1,200.00,3.48,193.05
R26-01-00192,2026-01-19,FT-2026-00041,CL-135,diretto,B,3,120.00,2.17,352.20
R26-01-00193,2026-01-19,FT-2026-00041,CL-135,diretto,B,1,120.00,0.37,119.56
R26-01-00194,2026-01-19,FT-2026-00041,CL-135,diretto,A,3,200.00,3.79,577.26
R26-01-00195,2026-01-19,FT-2026-00063,CL-014,diretto,C,2,305.00,0.00,610.00
R26-01-00196,2026-01-19,FT-2026-00063,CL-014,diretto,A,3,200.00,5.94,564.36
R26-01-00197,2026-01-19,FT-2026-00063,CL-014,diretto,B,1,120.00,1.18,118.58
R26-01-00198,2026-01-19,FT-2026-00091,CL-037,diretto,B,1,120.00,0.81,119.03
R26-01-00199,2026-01-19,FT-2026-00091,CL-037,diretto,C,3,305.00,0.51,910.29
R26-01-00200,2026-01-19,FT-2026-00102,CL-059,diretto,B,2,120.00,1.49,236.42
R26-01-00201,2026-01-19,FT-2026-00104,CL-065,diretto,B,2,120.00,2.02,235.16
R26-01-00202,2026-01-19,FT-2026-00113,CL-022,diretto,B,1,120.00,1.58,118.10
R26-01-00203,2026-01-19,FT-2026-00113,CL-022,diretto,A,4,200.00,3.23,774.20
R26-01-00204,2026-01-19,FT-2026-00121,CL-031,diretto,B,2,120.00,1.92,235.40
R26-01-00205,2026-01-19,FT-2026-00121,CL-031,diretto,B,3,120.00,2.71,350.25
R26-01-00206,2026-01-19,FT-2026-00144,CL-014,diretto,B,2,120.00,1.79,235.70
R26-01-00207,2026-01-19,FT-2026-00144,CL-014,diretto,B,1,120.00,2.24,117.31
R26-01-00208,2026-01-19,FT-2026-00145,CL-027,diretto,B,2,120.00,1.81,235.66
R26-01-00209,2026-01-19,FT-2026-00145,CL-027,diretto,A,5,200.00,5.38,946.25
R26-01-00210,2026-01-19,FT-2026-00163,CL-237,distributori,B,9,120.00,4.29,1033.65
R26-01-00211,2026-01-19,FT-2026-00176,CL-231,distributori,B,7,120.00,5.87,790.72
R26-01-00212,2026-01-19,FT-2026-00176,CL-231,distributori,A,13,200.00,13.54,2247.96
R26-01-00213,2026-01-19,FT-2026-00218,CL-240,distributori,A,12,200.00,12.40,2102.52
R26-01-00214,2026-01-19,FT-2026-00218,CL-240,distributori,B,13,120.00,4.81,1484.99
R26-01-00215,2026-01-20,FT-2026-00040,CL-055,diretto,B,3,120.00,1.94,353.01
R26-01-00216,2026-01-20,FT-2026-00040,CL-055,diretto,C,2,305.00,0.00,610.00
R26-01-00217,2026-01-20,FT-2026-00114,CL-187,diretto,B,2,120.00,2.80,233.28
R26-01-00218,2026-01-20,FT-2026-00114,CL-187,diretto,B,2,120.00,1.06,237.46
R26-01-00219,2026-01-20,FT-2026-00116,CL-053,diretto,B,3,120.00,2.83,349.83
R26-01-00220,2026-01-20,FT-2026-00116,CL-053,diretto,C,2,305.00,0.76,605.38
R26-01-00221,2026-01-20,FT-2026-00124,CL-039,diretto,A,1,200.00,4.02,191.97
R26-01-00222,2026-01-20,FT-2026-00124,CL-039,diretto,B,3,120.00,1.09,356.07
R26-01-00223,2026-01-20,FT-2026-00130,CL-141,diretto,C,2,305.00,0.59,606.38
R26-01-00224,2026-01-20,FT-2026-00136,CL-027,diretto,B,4,120.00,0.46,477.80
R26-01-00225,2026-01-20,FT-2026-00136,CL-027,diretto,A,2,200.00,4.04,383.86
R26-01-00226,2026-01-20,FT-2026-00136,CL-027,diretto,A,4,200.00,3.45,772.44
R26-01-00227,2026-01-20,FT-2026-00208,CL-228,distributori,B,11,120.00,5.79,1243.55
R26-01-00228,2026-01-20,FT-2026-00208,CL-228,distributori,A,14,200.00,14.57,2392.04
R26-01-00229,2026-01-20,FT-2026-00208,CL-228,distributori,A,2,200.00,13.19,347.26
R26-01-00230,2026-01-20,FT-2026-00213,CL-234,distributori,B,8,120.00,5.33,908.80
R26-01-00231,2026-01-20,FT-2026-00213,CL-234,distributori,B,14,120.00,3.55,1620.36
R26-01-00232,2026-01-20,FT-2026-00214,CL-224,distributori,B,11,120.00,4.74,1257.41
R26-01-00233,2026-01-20,FT-2026-00214,CL-224,distributori,A,8,200.00,13.08,1390.72
R26-01-00234,2026-01-20,FT-2026-00214,CL-224,distributori,A,6,200.00,13.69,1035.78
R26-01-00235,2026-01-21,FT-2026-00006,CL-004,diretto,A,3,200.00,4.43,573.45
R26-01-00236,2026-01-21,FT-2026-00006,CL-004,diretto,C,3,305.00,0.15,913.62
R26-01-00237,2026-01-21,FT-2026-00006,CL-004,diretto,A,2,200.00,4.77,380.94
R26-01-00238,2026-01-21,FT-2026-00014,CL-007,diretto,B,1,120.00,2.81,116.63
R26-01-00239,2026-01-21,FT-2026-00014,CL-007,diretto,B,1,120.00,1.23,118.52
R26-01-00240,2026-01-21,FT-2026-00029,CL-155,diretto,C,3,305.00,0.39,911.46
R26-01-00241,2026-01-21,FT-2026-00044,CL-136,diretto,B,2,120.00,0.43,238.98
R26-01-00242,2026-01-21,FT-2026-00085,CL-009,diretto,B,3,120.00,3.02,349.14
R26-01-00243,2026-01-21,FT-2026-00101,CL-014,diretto,A,1,200.00,5.75,188.51
R26-01-00244,2026-01-21,FT-2026-00107,CL-020,diretto,A,1,200.00,5.34,189.32
R26-01-00245,2026-01-21,FT-2026-00107,CL-020,diretto,B,3,120.00,2.26,351.87
R26-01-00246,2026-01-21,FT-2026-00107,CL-020,diretto,A,2,200.00,4.66,381.38
R26-01-00247,2026-01-21,FT-2026-00160,CL-244,distributori,B,7,120.00,5.47,794.08
R26-01-00248,2026-01-21,FT-2026-00179,CL-232,distributori,A,6,200.00,13.77,1034.82
R26-01-00249,2026-01-21,FT-2026-00179,CL-232,distributori,B,6,120.00,4.34,688.74
R26-01-00250,2026-01-21,FT-2026-00184,CL-244,distributori,B,9,120.00,4.20,1034.64
R26-01-00251,2026-01-21,FT-2026-00189,CL-226,distributori,C,6,305.00,7.20,1698.18
R26-01-00252,2026-01-21,FT-2026-00202,CL-239,distributori,B,8,120.00,4.47,917.12
R26-01-00253,2026-01-21,FT-2026-00202,CL-239,distributori,C,1,305.00,7.70,281.51
R26-01-00254,2026-01-21,FT-2026-09002,CL-150,diretto,B,2,120.00,16.67,200.00
R26-01-00255,2026-01-21,FT-2026-09002,CL-150,diretto,B,1,120.00,17.08,99.50
R26-01-00256,2026-01-21,FT-2026-09002,CL-150,diretto,B,1,120.00,17.50,99.00
R26-01-00257,2026-01-22,FT-2026-00080,CL-014,diretto,B,1,120.00,0.61,119.27
R26-01-00258,2026-01-22,FT-2026-00080,CL-014,diretto,A,5,200.00,3.72,962.80
R26-01-00259,2026-01-22,FT-2026-00098,CL-140,diretto,B,2,120.00,0.96,237.70
R26-01-00260,2026-01-22,FT-2026-00098,CL-140,diretto,B,1,120.00,2.46,117.05
R26-01-00261,2026-01-22,FT-2026-00098,CL-140,diretto,B,2,120.00,1.99,235.22
R26-01-00262,2026-01-22,FT-2026-00135,CL-027,diretto,B,3,120.00,1.75,353.70
R26-01-00263,2026-01-22,FT-2026-00141,CL-014,diretto,C,1,305.00,1.07,301.74
R26-01-00264,2026-01-22,FT-2026-00164,CL-232,distributori,B,10,120.00,4.08,1151.10
R26-01-00265,2026-01-22,FT-2026-00164,CL-232,distributori,A,10,200.00,13.81,1723.90
R26-01-00266,2026-01-22,FT-2026-00206,CL-227,distributori,A,13,200.00,12.83,2266.42
R26-01-00267,2026-01-22,FT-2026-00206,CL-227,distributori,B,10,120.00,4.03,1151.60
R26-01-00268,2026-01-23,FT-2026-00047,CL-002,diretto,A,2,200.00,4.84,380.64
R26-01-00269,2026-01-23,FT-2026-00056,CL-014,diretto,A,3,200.00,3.50,579.00
R26-01-00270,2026-01-23,FT-2026-00056,CL-014,diretto,A,2,200.00,4.82,380.72
R26-01-00271,2026-01-23,FT-2026-00060,CL-071,diretto,B,2,120.00,1.31,236.86
R26-01-00272,2026-01-23,FT-2026-00079,CL-014,diretto,A,1,200.00,6.61,186.79
R26-01-00273,2026-01-23,FT-2026-00088,CL-012,diretto,B,4,120.00,0.28,478.64
R26-01-00274,2026-01-23,FT-2026-00088,CL-012,diretto,B,5,120.00,1.85,588.90
R26-01-00275,2026-01-23,FT-2026-00129,CL-065,diretto,C,2,305.00,0.00,610.00
R26-01-00276,2026-01-23,FT-2026-00129,CL-065,diretto,A,2,200.00,5.26,378.98
R26-01-00277,2026-01-23,FT-2026-00139,CL-027,diretto,A,3,200.00,4.98,570.15
R26-01-00278,2026-01-23,FT-2026-00147,CL-034,diretto,C,2,305.00,1.05,603.60
R26-01-00279,2026-01-23,FT-2026-00147,CL-034,diretto,B,1,120.00,1.70,117.96
R26-01-00280,2026-01-23,FT-2026-00147,CL-034,diretto,B,2,120.00,0.36,239.14
R26-01-00281,2026-01-23,FT-2026-00173,CL-257,distributori,C,6,305.00,8.30,1678.02
R26-01-00282,2026-01-23,FT-2026-00173,CL-257,distributori,A,7,200.00,13.57,1210.02
R26-01-00283,2026-01-23,FT-2026-00177,CL-254,distributori,A,10,200.00,12.82,1743.60
R26-01-00284,2026-01-23,FT-2026-00198,CL-253,distributori,C,10,305.00,6.81,2842.30
R26-01-00285,2026-01-23,FT-2026-00198,CL-253,distributori,B,11,120.00,4.25,1263.90
R26-01-00286,2026-01-23,FT-2026-00198,CL-253,distributori,B,9,120.00,4.97,1026.36
R26-01-00287,2026-01-23,FT-2026-00203,CL-223,distributori,A,12,200.00,14.19,2059.44
R26-01-00288,2026-01-23,FT-2026-00203,CL-223,distributori,A,6,200.00,14.43,1026.90
R26-01-00289,2026-01-23,FT-2026-00215,CL-235,distributori,B,8,120.00,4.00,921.60
R26-01-00290,2026-01-23,FT-2026-00215,CL-235,distributori,B,6,120.00,5.38,681.30
R26-01-00291,2026-01-23,FT-2026-00216,CL-237,distributori,B,8,120.00,4.04,921.20
R26-01-00292,2026-01-23,FT-2026-00216,CL-237,distributori,C,8,305.00,8.53,2231.92
R26-01-00293,2026-01-23,FT-2026-00216,CL-237,distributori,B,8,120.00,3.66,924.88
R26-01-00294,2026-01-23,FT-2026-00220,CL-225,distributori,C,9,305.00,9.45,2485.62
R26-01-00295,2026-01-23,FT-2026-00220,CL-225,distributori,C,10,305.00,9.64,2755.90
R26-01-00296,2026-01-26,FT-2026-00012,CL-006,diretto,A,3,200.00,4.22,574.71
R26-01-00297,2026-01-26,FT-2026-00012,CL-006,diretto,B,3,120.00,0.74,357.33
R26-01-00298,2026-01-26,FT-2026-00049,CL-004,diretto,A,3,200.00,5.60,566.40
R26-01-00299,2026-01-26,FT-2026-00049,CL-004,diretto,B,4,120.00,0.60,477.12
R26-01-00300,2026-01-26,FT-2026-00078,CL-178,diretto,B,4,120.00,2.09,469.96
R26-01-00301,2026-01-26,FT-2026-00078,CL-178,diretto,B,2,120.00,1.85,235.56
R26-01-00302,2026-01-26,FT-2026-00078,CL-178,diretto,B,3,120.00,1.88,353.22
R26-01-00303,2026-01-26,FT-2026-00081,CL-134,diretto,B,2,120.00,2.40,234.24
R26-01-00304,2026-01-26,FT-2026-00081,CL-134,diretto,A,2,200.00,5.42,378.32
R26-01-00305,2026-01-26,FT-2026-00081,CL-134,diretto,B,2,120.00,2.63,233.68
R26-01-00306,2026-01-26,FT-2026-00082,CL-187,diretto,A,5,200.00,3.92,960.80
R26-01-00307,2026-01-26,FT-2026-00082,CL-187,diretto,B,1,120.00,0.16,119.81
R26-01-00308,2026-01-26,FT-2026-00090,CL-002,diretto,B,3,120.00,1.46,354.75
R26-01-00309,2026-01-26,FT-2026-00090,CL-002,diretto,C,4,305.00,0.00,1220.00
R26-01-00310,2026-01-26,FT-2026-00132,CL-007,diretto,B,1,120.00,1.47,118.24
R26-01-00311,2026-01-26,FT-2026-00132,CL-007,diretto,A,1,200.00,5.31,189.39
R26-01-00312,2026-01-26,FT-2026-00155,CL-002,diretto,A,4,200.00,5.26,757.92
R26-01-00313,2026-01-26,FT-2026-00155,CL-002,diretto,B,4,120.00,0.92,475.60
R26-01-00314,2026-01-26,FT-2026-00157,CL-040,diretto,C,2,305.00,0.46,607.20
R26-01-00315,2026-01-26,FT-2026-00157,CL-040,diretto,B,1,120.00,1.43,118.28
R26-01-00316,2026-01-26,FT-2026-00157,CL-040,diretto,B,3,120.00,0.84,356.97
R26-01-00317,2026-01-26,FT-2026-00172,CL-250,distributori,B,4,120.00,3.38,463.80
R26-01-00318,2026-01-26,FT-2026-00172,CL-250,distributori,B,9,120.00,5.68,1018.62
R26-01-00319,2026-01-26,FT-2026-00172,CL-250,distributori,A,6,200.00,13.49,1038.18
R26-01-00320,2026-01-26,FT-2026-00174,CL-225,distributori,B,5,120.00,4.89,570.65
R26-01-00321,2026-01-26,FT-2026-00182,CL-225,distributori,B,7,120.00,3.91,807.17
R26-01-00322,2026-01-26,FT-2026-00182,CL-225,distributori,B,7,120.00,3.95,806.82
R26-01-00323,2026-01-26,FT-2026-00182,CL-225,distributori,A,13,200.00,12.60,2272.53
R26-01-00324,2026-01-26,FT-2026-00210,CL-244,distributori,B,10,120.00,3.28,1160.60
R26-01-00325,2026-01-26,FT-2026-00212,CL-254,distributori,A,7,200.00,14.07,1203.09
R26-01-00326,2026-01-26,FT-2026-00212,CL-254,distributori,B,8,120.00,4.55,916.32
R26-01-00327,2026-01-27,FT-2026-00061,CL-007,diretto,A,3,200.00,4.27,574.41
R26-01-00328,2026-01-27,FT-2026-00061,CL-007,diretto,A,3,200.00,5.36,567.87
R26-01-00329,2026-01-27,FT-2026-00077,CL-006,diretto,A,3,200.00,3.61,578.37
R26-01-00330,2026-01-27,FT-2026-00103,CL-012,diretto,A,2,200.00,5.77,376.92
R26-01-00331,2026-01-27,FT-2026-00152,CL-125,diretto,B,1,120.00,0.47,119.44
R26-01-00332,2026-01-27,FT-2026-00175,CL-254,distributori,B,8,120.00,5.70,905.28
R26-01-00333,2026-01-27,FT-2026-00175,CL-254,distributori,B,10,120.00,4.48,1146.30
R26-01-00334,2026-01-27,FT-2026-00175,CL-254,distributori,A,13,200.00,13.56,2247.44
R26-01-00335,2026-01-27,FT-2026-00194,CL-244,distributori,B,11,120.00,3.84,1269.29
R26-01-00336,2026-01-27,FT-2026-00194,CL-244,distributori,B,6,120.00,3.62,693.96
R26-01-00337,2026-01-28,FT-2026-00001,CL-012,diretto,B,4,120.00,2.65,467.28
R26-01-00338,2026-01-28,FT-2026-00001,CL-012,diretto,C,2,305.00,1.95,598.10
R26-01-00339,2026-01-28,FT-2026-00001,CL-012,diretto,B,5,120.00,0.22,598.70
R26-01-00340,2026-01-28,FT-2026-00023,CL-209,diretto,B,4,120.00,1.91,470.84
R26-01-00341,2026-01-28,FT-2026-00023,CL-209,diretto,A,1,200.00,5.70,188.61
R26-01-00342,2026-01-28,FT-2026-00071,CL-210,diretto,A,1,200.00,5.17,189.67
R26-01-00343,2026-01-28,FT-2026-00073,CL-178,diretto,A,2,200.00,5.17,379.34
R26-01-00344,2026-01-28,FT-2026-00073,CL-178,diretto,A,3,200.00,5.97,564.18
R26-01-00345,2026-01-28,FT-2026-00087,CL-027,diretto,B,4,120.00,1.35,473.52
R26-01-00346,2026-01-28,FT-2026-00097,CL-106,diretto,B,2,120.00,0.38,239.10
R26-01-00347,2026-01-28,FT-2026-00097,CL-106,diretto,A,1,200.00,3.90,192.20
R26-01-00348,2026-01-28,FT-2026-00115,CL-030,diretto,A,4,200.00,3.72,770.24
R26-01-00349,2026-01-28,FT-2026-00138,CL-014,diretto,B,2,120.00,0.84,237.98
R26-01-00350,2026-01-28,FT-2026-00149,CL-027,diretto,B,2,120.00,1.26,236.98
R26-01-00351,2026-01-28,FT-2026-00149,CL-027,diretto,A,2,200.00,5.53,377.88
R26-01-00352,2026-01-28,FT-2026-00165,CL-232,distributori,A,9,200.00,13.10,1564.29
R26-01-00353,2026-01-28,FT-2026-00196,CL-231,distributori,A,11,200.00,14.54,1880.12
R26-01-00354,2026-01-28,FT-2026-00196,CL-231,distributori,B,10,120.00,5.60,1132.80
R26-01-00355,2026-01-28,FT-2026-00207,CL-221,distributori,A,9,200.00,13.64,1554.48
R26-01-00356,2026-01-29,FT-2026-00042,CL-028,diretto,A,1,200.00,4.31,191.39
R26-01-00357,2026-01-29,FT-2026-00042,CL-028,diretto,B,3,120.00,0.43,358.47
R26-01-00358,2026-01-29,FT-2026-00042,CL-028,diretto,B,2,120.00,1.48,236.44
R26-01-00359,2026-01-29,FT-2026-00043,CL-036,diretto,C,2,305.00,0.00,610.00
R26-01-00360,2026-01-29,FT-2026-00043,CL-036,diretto,A,3,200.00,5.73,565.62
R26-01-00361,2026-01-29,FT-2026-00054,CL-027,diretto,B,1,120.00,1.24,118.51
R26-01-00362,2026-01-29,FT-2026-00054,CL-027,diretto,A,5,200.00,5.29,947.15
R26-01-00363,2026-01-29,FT-2026-00054,CL-027,diretto,A,2,200.00,5.05,379.82
R26-01-00364,2026-01-29,FT-2026-00125,CL-024,diretto,A,1,200.00,4.35,191.31
R26-01-00365,2026-01-29,FT-2026-00125,CL-024,diretto,B,5,120.00,0.38,597.70
R26-01-00366,2026-01-29,FT-2026-00126,CL-076,diretto,A,2,200.00,4.23,383.10
R26-01-00367,2026-01-29,FT-2026-00158,CL-015,diretto,A,2,200.00,5.60,377.62
R26-01-00368,2026-01-29,FT-2026-00158,CL-015,diretto,B,3,120.00,2.30,351.72
R26-01-00369,2026-01-29,FT-2026-00169,CL-246,distributori,C,9,305.00,7.20,2547.27
R26-01-00370,2026-01-29,FT-2026-00170,CL-250,distributori,A,8,200.00,13.62,1382.16
R26-01-00371,2026-01-29,FT-2026-00170,CL-250,distributori,A,8,200.00,13.24,1388.24
R26-01-00372,2026-01-29,FT-2026-00171,CL-221,distributori,C,10,305.00,8.53,2789.80
R26-01-00373,2026-01-29,FT-2026-00181,CL-233,distributori,A,10,200.00,12.38,1752.40
R26-01-00374,2026-01-29,FT-2026-00209,CL-234,distributori,C,5,305.00,9.43,1381.20
R26-01-00375,2026-01-29,FT-2026-00209,CL-234,distributori,B,11,120.00,5.40,1248.72
R26-01-00376,2026-01-29,FT-2026-00221,CL-244,distributori,C,8,305.00,8.08,2242.88
R26-01-00377,2026-01-30,FT-2026-00010,CL-003,diretto,C,1,305.00,1.35,300.88
R26-01-00378,2026-01-30,FT-2026-00010,CL-003,diretto,B,2,120.00,2.80,233.28
R26-01-00379,2026-01-30,FT-2026-00011,CL-009,diretto,B,5,120.00,0.40,597.60
R26-01-00380,2026-01-30,FT-2026-00015,CL-036,diretto,B,3,120.00,3.13,348.75
R26-01-00381,2026-01-30,FT-2026-00015,CL-036,diretto,A,1,200.00,5.87,188.26
R26-01-00382,2026-01-30,FT-2026-00015,CL-036,diretto,B,5,120.00,1.31,592.15
R26-01-00383,2026-01-30,FT-2026-00036,CL-062,diretto,A,1,200.00,3.33,193.34
R26-01-00384,2026-01-30,FT-2026-00036,CL-062,diretto,B,5,120.00,0.18,598.90
R26-01-00385,2026-01-30,FT-2026-00048,CL-122,diretto,B,1,120.00,1.33,118.41
R26-01-00386,2026-01-30,FT-2026-00062,CL-015,diretto,A,3,200.00,4.61,572.34
R26-01-00387,2026-01-30,FT-2026-00106,CL-091,diretto,A,1,200.00,5.05,189.90
R26-01-00388,2026-01-30,FT-2026-00118,CL-150,diretto,B,2,120.00,1.25,237.00
R26-01-00389,2026-01-30,FT-2026-00118,CL-150,diretto,A,1,200.00,5.02,189.97
R26-01-00390,2026-01-30,FT-2026-00120,CL-029,diretto,A,2,200.00,5.66,377.38
R26-01-00391,2026-01-30,FT-2026-00120,CL-029,diretto,A,4,200.00,4.52,763.88
R26-01-00392,2026-01-30,FT-2026-00123,CL-027,diretto,B,2,120.00,1.63,236.10
R26-01-00393,2026-01-30,FT-2026-00123,CL-027,diretto,B,2,120.00,2.07,235.04
R26-01-00394,2026-01-30,FT-2026-00150,CL-008,diretto,A,3,200.00,3.80,577.20
R26-01-00395,2026-01-30,FT-2026-00150,CL-008,diretto,A,2,200.00,4.51,381.96
R26-01-00396,2026-01-30,FT-2026-00167,CL-226,distributori,B,10,120.00,4.26,1148.90
R26-01-00397,2026-01-30,FT-2026-00192,CL-252,distributori,B,11,120.00,5.66,1245.31
R26-01-00398,2026-01-30,FT-2026-00205,CL-240,distributori,B,14,120.00,4.51,1604.26
R26-01-00399,2026-01-30,FT-2026-00205,CL-240,distributori,B,8,120.00,5.71,905.20
R26-01-00400,2026-01-30,FT-2026-00205,CL-240,distributori,C,12,305.00,9.51,3311.88
R26-02-00401,2026-02-02,FT-2026-00235,CL-063,diretto,A,4,200.00,4.54,763.68
R26-02-00402,2026-02-02,FT-2026-00235,CL-063,diretto,B,2,120.00,1.27,236.96
R26-02-00403,2026-02-02,FT-2026-00239,CL-029,diretto,A,1,200.00,4.38,191.24
R26-02-00404,2026-02-02,FT-2026-00239,CL-029,diretto,B,1,120.00,1.77,117.88
R26-02-00405,2026-02-02,FT-2026-00249,CL-134,diretto,B,3,120.00,0.86,356.91
R26-02-00406,2026-02-02,FT-2026-00250,CL-013,diretto,B,7,120.00,1.78,825.09
R26-02-00407,2026-02-02,FT-2026-00250,CL-013,diretto,B,2,120.00,1.03,237.54
R26-02-00408,2026-02-02,FT-2026-00289,CL-182,diretto,A,1,200.00,3.34,193.33
R26-02-00409,2026-02-02,FT-2026-00293,CL-013,diretto,B,1,120.00,2.28,117.26
R26-02-00410,2026-02-02,FT-2026-00305,CL-004,diretto,A,3,200.00,3.28,580.32
R26-02-00411,2026-02-02,FT-2026-00305,CL-004,diretto,B,1,120.00,0.83,119.00
R26-02-00412,2026-02-02,FT-2026-00337,CL-018,diretto,B,3,120.00,1.42,354.90
R26-02-00413,2026-02-02,FT-2026-00337,CL-018,diretto,B,4,120.00,1.64,472.12
R26-02-00414,2026-02-02,FT-2026-00394,CL-230,distributori,A,14,200.00,13.36,2426.06
R26-02-00415,2026-02-02,FT-2026-00394,CL-230,distributori,B,8,120.00,5.13,910.72
R26-02-00416,2026-02-02,FT-2026-00403,CL-244,distributori,B,11,120.00,5.75,1244.10
R26-02-00417,2026-02-02,FT-2026-00407,CL-220,distributori,B,7,120.00,5.94,790.09
R26-02-00418,2026-02-02,FT-2026-00429,CL-254,distributori,C,8,305.00,7.09,2267.04
R26-02-00419,2026-02-02,FT-2026-00429,CL-254,distributori,B,11,120.00,5.28,1250.26
R26-02-00420,2026-02-02,FT-2026-00439,CL-246,distributori,A,9,200.00,13.92,1549.53
R26-02-00421,2026-02-02,FT-2026-00439,CL-246,distributori,A,7,200.00,14.02,1203.72
R26-02-00422,2026-02-02,FT-2026-00439,CL-246,distributori,B,9,120.00,4.10,1035.72
R26-02-00423,2026-02-02,FT-2026-00441,CL-244,distributori,A,10,200.00,12.90,1742.00
R26-02-00424,2026-02-02,FT-2026-00441,CL-244,distributori,B,10,120.00,3.60,1156.80
R26-02-00425,2026-02-02,FT-2026-00445,CL-232,distributori,B,10,120.00,3.68,1155.90
R26-02-00426,2026-02-02,FT-2026-00450,CL-220,distributori,A,5,200.00,13.09,869.15
R26-02-00427,2026-02-03,FT-2026-00233,CL-012,diretto,A,1,200.00,4.62,190.76
R26-02-00428,2026-02-03,FT-2026-00233,CL-012,diretto,A,3,200.00,3.53,578.85
R26-02-00429,2026-02-03,FT-2026-00242,CL-040,diretto,B,3,120.00,0.69,357.51
R26-02-00430,2026-02-03,FT-2026-00242,CL-040,diretto,B,3,120.00,1.68,353.94
R26-02-00431,2026-02-03,FT-2026-00248,CL-014,diretto,B,3,120.00,2.79,349.95
R26-02-00432,2026-02-03,FT-2026-00253,CL-014,diretto,B,3,120.00,2.39,351.39
R26-02-00433,2026-02-03,FT-2026-00255,CL-039,diretto,C,4,305.00,0.32,1216.08
R26-02-00434,2026-02-03,FT-2026-00264,CL-037,diretto,C,1,305.00,0.00,305.00
R26-02-00435,2026-02-03,FT-2026-00264,CL-037,diretto,A,2,200.00,5.44,378.24
R26-02-00436,2026-02-03,FT-2026-00307,CL-004,diretto,A,2,200.00,5.49,378.04
R26-02-00437,2026-02-03,FT-2026-00319,CL-209,diretto,B,1,120.00,0.47,119.44
R26-02-00438,2026-02-03,FT-2026-00319,CL-209,diretto,B,4,120.00,3.68,462.32
R26-02-00439,2026-02-03,FT-2026-00320,CL-038,diretto,A,3,200.00,4.88,570.72
R26-02-00440,2026-02-03,FT-2026-00332,CL-038,diretto,A,3,200.00,5.08,569.55
R26-02-00441,2026-02-03,FT-2026-00356,CL-160,diretto,A,2,200.00,3.69,385.24
R26-02-00442,2026-02-03,FT-2026-00356,CL-160,diretto,B,2,120.00,0.46,238.90
R26-02-00443,2026-02-03,FT-2026-00359,CL-035,diretto,B,2,120.00,0.93,237.78
R26-02-00444,2026-02-03,FT-2026-00367,CL-014,diretto,B,3,120.00,1.55,354.42
R26-02-00445,2026-02-03,FT-2026-00391,CL-238,distributori,A,9,200.00,13.98,1548.36
R26-02-00446,2026-02-03,FT-2026-00391,CL-238,distributori,B,6,120.00,4.58,687.00
R26-02-00447,2026-02-03,FT-2026-00391,CL-238,distributori,A,7,200.00,14.17,1201.62
R26-02-00448,2026-02-03,FT-2026-00431,CL-253,distributori,A,9,200.00,14.85,1532.79
R26-02-00449,2026-02-03,FT-2026-00431,CL-253,distributori,A,12,200.00,12.59,2097.96
R26-02-00450,2026-02-03,FT-2026-00431,CL-253,distributori,B,6,120.00,5.54,680.10
R26-02-00451,2026-02-03,FT-2026-00435,CL-245,distributori,B,8,120.00,5.32,908.96
R26-02-00452,2026-02-03,FT-2026-00435,CL-245,distributori,B,9,120.00,5.05,1025.46
R26-02-00453,2026-02-03,FT-2026-00435,CL-245,distributori,B,7,120.00,4.74,800.17
R26-02-00454,2026-02-03,FT-2026-00438,CL-221,distributori,A,7,200.00,13.11,1216.46
R26-02-00455,2026-02-03,FT-2026-00449,CL-253,distributori,A,10,200.00,13.16,1736.80
R26-02-00456,2026-02-03,FT-2026-00449,CL-253,distributori,A,2,200.00,13.84,344.64
R26-02-00457,2026-02-04,FT-2026-00226,CL-070,diretto,B,1,120.00,0.95,118.86
R26-02-00458,2026-02-04,FT-2026-00226,CL-070,diretto,C,3,305.00,1.82,898.38
R26-02-00459,2026-02-04,FT-2026-00309,CL-032,diretto,B,4,120.00,0.62,477.04
R26-02-00460,2026-02-04,FT-2026-00368,CL-157,diretto,B,4,120.00,1.29,473.80
R26-02-00461,2026-02-04,FT-2026-00368,CL-157,diretto,B,3,120.00,2.89,349.59
R26-02-00462,2026-02-04,FT-2026-00389,CL-227,distributori,C,9,305.00,10.51,2456.37
R26-02-00463,2026-02-04,FT-2026-00389,CL-227,distributori,B,5,120.00,5.83,565.00
R26-02-00464,2026-02-04,FT-2026-00389,CL-227,distributori,A,11,200.00,12.62,1922.47
R26-02-00465,2026-02-04,FT-2026-00426,CL-252,distributori,A,12,200.00,14.07,2062.44
R26-02-00466,2026-02-04,FT-2026-00426,CL-252,distributori,B,8,120.00,5.90,903.36
R26-02-00467,2026-02-04,FT-2026-00426,CL-252,distributori,B,11,120.00,6.14,1238.93
R26-02-00468,2026-02-04,FT-2026-00433,CL-226,distributori,B,8,120.00,4.10,920.64
R26-02-00469,2026-02-04,FT-2026-00433,CL-226,distributori,B,10,120.00,5.75,1131.00
R26-02-00470,2026-02-05,FT-2026-00232,CL-011,diretto,A,2,200.00,4.14,383.46
R26-02-00471,2026-02-05,FT-2026-00232,CL-011,diretto,B,3,120.00,0.82,357.06
R26-02-00472,2026-02-05,FT-2026-00232,CL-011,diretto,B,4,120.00,2.55,467.76
R26-02-00473,2026-02-05,FT-2026-00246,CL-014,diretto,B,6,120.00,0.39,717.18
R26-02-00474,2026-02-05,FT-2026-00246,CL-014,diretto,A,3,200.00,4.93,570.42
R26-02-00475,2026-02-05,FT-2026-00288,CL-014,diretto,A,2,200.00,5.15,379.42
R26-02-00476,2026-02-05,FT-2026-00288,CL-014,diretto,B,2,120.00,2.54,233.90
R26-02-00477,2026-02-05,FT-2026-00288,CL-014,diretto,A,2,200.00,5.11,379.56
R26-02-00478,2026-02-05,FT-2026-00296,CL-024,diretto,B,5,120.00,2.57,584.60
R26-02-00479,2026-02-05,FT-2026-00296,CL-024,diretto,A,3,200.00,4.80,571.23
R26-02-00480,2026-02-05,FT-2026-00330,CL-008,diretto,A,2,200.00,4.24,383.04
R26-02-00481,2026-02-05,FT-2026-00383,CL-027,diretto,B,3,120.00,1.13,355.92
R26-02-00482,2026-02-05,FT-2026-00383,CL-027,diretto,A,1,200.00,5.88,188.24
R26-02-00483,2026-02-05,FT-2026-00386,CL-253,distributori,B,1,120.00,6.10,112.68
R26-02-00484,2026-02-05,FT-2026-00451,CL-220,distributori,B,11,120.00,2.58,1286.01
R26-02-00485,2026-02-06,FT-2026-00237,CL-026,diretto,A,2,200.00,5.93,376.30
R26-02-00486,2026-02-06,FT-2026-00237,CL-026,diretto,C,4,305.00,1.52,1201.40
R26-02-00487,2026-02-06,FT-2026-00254,CL-157,diretto,B,3,120.00,1.83,353.43
R26-02-00488,2026-02-06,FT-2026-00324,CL-215,diretto,B,1,120.00,0.53,119.37
R26-02-00489,2026-02-06,FT-2026-00324,CL-215,diretto,B,5,120.00,3.01,581.95
R26-02-00490,2026-02-06,FT-2026-00324,CL-215,diretto,B,4,120.00,3.88,461.36
R26-02-00491,2026-02-06,FT-2026-00335,CL-031,diretto,B,3,120.00,1.43,354.84
R26-02-00492,2026-02-06,FT-2026-00335,CL-031,diretto,C,2,305.00,0.65,606.04
R26-02-00493,2026-02-06,FT-2026-00335,CL-031,diretto,A,3,200.00,3.97,576.21
R26-02-00494,2026-02-06,FT-2026-00344,CL-035,diretto,B,1,120.00,0.89,118.93
R26-02-00495,2026-02-06,FT-2026-00355,CL-208,diretto,A,4,200.00,3.39,772.92
R26-02-00496,2026-02-06,FT-2026-00358,CL-119,diretto,B,3,120.00,0.35,358.74
R26-02-00497,2026-02-06,FT-2026-00369,CL-197,diretto,B,1,120.00,0.40,119.52
R26-02-00498,2026-02-06,FT-2026-00369,CL-197,diretto,A,1,200.00,3.93,192.14
R26-02-00499,2026-02-06,FT-2026-00369,CL-197,diretto,A,1,200.00,5.72,188.57
R26-02-00500,2026-02-06,FT-2026-00422,CL-226,distributori,C,8,305.00,9.24,2214.64
R26-02-00501,2026-02-06,FT-2026-00422,CL-226,distributori,B,9,120.00,3.57,1041.48
R26-02-00502,2026-02-09,FT-2026-00230,CL-012,diretto,B,3,120.00,0.73,357.39
R26-02-00503,2026-02-09,FT-2026-00278,CL-014,diretto,C,1,305.00,0.67,302.95
R26-02-00504,2026-02-09,FT-2026-00278,CL-014,diretto,B,2,120.00,1.35,236.76
R26-02-00505,2026-02-09,FT-2026-00278,CL-014,diretto,B,2,120.00,0.23,239.44
R26-02-00506,2026-02-09,FT-2026-00285,CL-002,diretto,B,2,120.00,2.33,234.42
R26-02-00507,2026-02-09,FT-2026-00306,CL-035,diretto,A,3,200.00,5.97,564.21
R26-02-00508,2026-02-09,FT-2026-00306,CL-035,diretto,A,3,200.00,4.35,573.93
R26-02-00509,2026-02-09,FT-2026-00306,CL-035,diretto,B,3,120.00,3.02,349.14
R26-02-00510,2026-02-09,FT-2026-00311,CL-002,diretto,B,3,120.00,2.49,351.03
R26-02-00511,2026-02-09,FT-2026-00336,CL-032,diretto,B,2,120.00,0.81,238.06
R26-02-00512,2026-02-09,FT-2026-00396,CL-248,distributori,B,13,120.00,5.84,1468.87
R26-02-00513,2026-02-09,FT-2026-00396,CL-248,distributori,C,3,305.00,9.28,830.10
R26-02-00514,2026-02-09,FT-2026-00409,CL-227,distributori,C,9,305.00,7.55,2537.64
R26-02-00515,2026-02-09,FT-2026-00416,CL-245,distributori,B,9,120.00,5.16,1024.29
R26-02-00516,2026-02-09,FT-2026-00416,CL-245,distributori,B,9,120.00,3.73,1039.68
R26-02-00517,2026-02-09,FT-2026-00417,CL-240,distributori,A,7,200.00,13.34,1213.31
R26-02-00518,2026-02-09,FT-2026-00417,CL-240,distributori,A,9,200.00,13.85,1550.70
R26-02-00519,2026-02-09,FT-2026-00420,CL-228,distributori,A,11,200.00,13.62,1900.36
R26-02-00520,2026-02-09,FT-2026-00420,CL-228,distributori,A,8,200.00,13.75,1380.00
R26-02-00521,2026-02-09,FT-2026-00420,CL-228,distributori,B,8,120.00,4.68,915.04
R26-02-00522,2026-02-09,FT-2026-00424,CL-254,distributori,A,9,200.00,13.63,1554.75
R26-02-00523,2026-02-09,FT-2026-00432,CL-239,distributori,A,10,200.00,14.81,1703.80
R26-02-00524,2026-02-09,FT-2026-00432,CL-239,distributori,C,1,305.00,7.29,282.78
R26-02-00525,2026-02-09,FT-2026-00437,CL-237,distributori,C,8,305.00,8.83,2224.56
R26-02-00526,2026-02-09,FT-2026-00437,CL-237,distributori,A,11,200.00,14.97,1870.66
R26-02-00527,2026-02-10,FT-2026-00229,CL-030,diretto,B,2,120.00,0.98,237.64
R26-02-00528,2026-02-10,FT-2026-00286,CL-027,diretto,A,2,200.00,3.92,384.34
R26-02-00529,2026-02-10,FT-2026-00286,CL-027,diretto,A,2,200.00,3.62,385.54
R26-02-00530,2026-02-10,FT-2026-00295,CL-005,diretto,B,3,120.00,1.41,354.93
R26-02-00531,2026-02-10,FT-2026-00304,CL-171,diretto,A,2,200.00,5.84,376.66
R26-02-00532,2026-02-10,FT-2026-00348,CL-037,diretto,B,4,120.00,0.98,475.28
R26-02-00533,2026-02-10,FT-2026-00348,CL-037,diretto,C,2,305.00,0.00,610.00
R26-02-00534,2026-02-10,FT-2026-00374,CL-151,diretto,A,2,200.00,3.78,384.88
R26-02-00535,2026-02-10,FT-2026-00374,CL-151,diretto,C,3,305.00,0.00,915.00
R26-02-00536,2026-02-10,FT-2026-00376,CL-021,diretto,C,1,305.00,1.76,299.62
R26-02-00537,2026-02-10,FT-2026-00376,CL-021,diretto,A,3,200.00,4.39,573.66
R26-02-00538,2026-02-10,FT-2026-00405,CL-237,distributori,B,8,120.00,1.78,942.88
R26-02-00539,2026-02-11,FT-2026-00303,CL-042,diretto,A,2,200.00,4.21,383.16
R26-02-00540,2026-02-11,FT-2026-00303,CL-042,diretto,B,1,120.00,2.41,117.11
R26-02-00541,2026-02-11,FT-2026-00310,CL-014,diretto,B,4,120.00,1.93,470.72
R26-02-00542,2026-02-11,FT-2026-00310,CL-014,diretto,B,4,120.00,2.64,467.32
R26-02-00543,2026-02-11,FT-2026-00327,CL-014,diretto,A,4,200.00,3.59,771.28
R26-02-00544,2026-02-11,FT-2026-00333,CL-026,diretto,B,4,120.00,0.59,477.16
R26-02-00545,2026-02-11,FT-2026-00372,CL-042,diretto,B,2,120.00,2.04,235.10
R26-02-00546,2026-02-11,FT-2026-00372,CL-042,diretto,B,3,120.00,1.84,353.37
R26-02-00547,2026-02-11,FT-2026-00395,CL-249,distributori,B,5,120.00,6.09,563.45
R26-02-00548,2026-02-12,FT-2026-00228,CL-045,diretto,A,2,200.00,4.61,381.58
R26-02-00549,2026-02-12,FT-2026-00228,CL-045,diretto,B,2,120.00,0.68,238.38
R26-02-00550,2026-02-12,FT-2026-00238,CL-261,diretto,A,1,200.00,3.37,193.27
R26-02-00551,2026-02-12,FT-2026-00244,CL-032,diretto,B,3,120.00,0.78,357.21
R26-02-00552,2026-02-12,FT-2026-00244,CL-032,diretto,C,1,305.00,1.64,300.01
R26-02-00553,2026-02-12,FT-2026-00261,CL-020,diretto,B,2,120.00,2.73,233.46
R26-02-00554,2026-02-12,FT-2026-00261,CL-020,diretto,B,3,120.00,0.73,357.36
R26-02-00555,2026-02-12,FT-2026-00315,CL-027,diretto,A,3,200.00,3.29,580.26
R26-02-00556,2026-02-12,FT-2026-00315,CL-027,diretto,B,2,120.00,2.83,233.22
R26-02-00557,2026-02-12,FT-2026-00321,CL-011,diretto,B,3,120.00,1.32,355.26
R26-02-00558,2026-02-12,FT-2026-00399,CL-246,distributori,A,12,200.00,13.45,2077.20
R26-02-00559,2026-02-12,FT-2026-00399,CL-246,distributori,A,8,200.00,14.18,1373.20
R26-02-00560,2026-02-12,FT-2026-00404,CL-221,distributori,B,7,120.00,5.80,791.28
R26-02-00561,2026-02-12,FT-2026-00404,CL-221,distributori,B,10,120.00,6.25,1125.00
R26-02-00562,2026-02-12,FT-2026-00404,CL-221,distributori,B,5,120.00,2.08,587.55
R26-02-00563,2026-02-12,FT-2026-00406,CL-246,distributori,B,6,120.00,4.76,685.74
R26-02-00564,2026-02-12,FT-2026-00406,CL-246,distributori,A,13,200.00,12.93,2263.82
R26-02-00565,2026-02-13,FT-2026-00290,CL-011,diretto,B,1,120.00,0.43,119.48
R26-02-00566,2026-02-13,FT-2026-00325,CL-010,diretto,A,1,200.00,4.78,190.44
R26-02-00567,2026-02-13,FT-2026-00326,CL-092,diretto,B,5,120.00,1.28,592.30
R26-02-00568,2026-02-13,FT-2026-00326,CL-092,diretto,B,2,120.00,0.84,237.98
R26-02-00569,2026-02-13,FT-2026-00326,CL-092,diretto,A,4,200.00,5.57,755.44
R26-02-00570,2026-02-13,FT-2026-00331,CL-024,diretto,C,3,305.00,0.00,915.00
R26-02-00571,2026-02-13,FT-2026-00331,CL-024,diretto,B,3,120.00,0.50,358.20
R26-02-00572,2026-02-13,FT-2026-00331,CL-024,diretto,B,2,120.00,2.60,233.76
R26-02-00573,2026-02-13,FT-2026-00352,CL-189,diretto,A,4,200.00,4.38,765.00
R26-02-00574,2026-02-13,FT-2026-00379,CL-020,diretto,B,3,120.00,0.50,358.20
R26-02-00575,2026-02-13,FT-2026-00388,CL-219,distributori,B,6,120.00,5.08,683.40
R26-02-00576,2026-02-13,FT-2026-00388,CL-219,distributori,A,7,200.00,14.28,1200.15
R26-02-00577,2026-02-13,FT-2026-00400,CL-232,distributori,B,14,120.00,6.13,1577.10
R26-02-00578,2026-02-13,FT-2026-00412,CL-243,distributori,A,11,200.00,12.36,1928.08
R26-02-00579,2026-02-16,FT-2026-00234,CL-051,diretto,A,5,200.00,5.27,947.30
R26-02-00580,2026-02-16,FT-2026-00252,CL-011,diretto,B,3,120.00,2.49,351.03
R26-02-00581,2026-02-16,FT-2026-00272,CL-039,diretto,C,1,305.00,1.08,301.70
R26-02-00582,2026-02-16,FT-2026-00273,CL-027,diretto,A,2,200.00,5.86,376.56
R26-02-00583,2026-02-16,FT-2026-00277,CL-006,diretto,A,2,200.00,3.93,384.30
R26-02-00584,2026-02-16,FT-2026-00277,CL-006,diretto,B,3,120.00,0.64,357.69
R26-02-00585,2026-02-16,FT-2026-00302,CL-006,diretto,A,1,200.00,4.48,191.05
R26-02-00586,2026-02-16,FT-2026-00351,CL-037,diretto,C,2,305.00,1.79,599.06
R26-02-00587,2026-02-16,FT-2026-00351,CL-037,diretto,B,2,120.00,0.35,239.16
R26-02-00588,2026-02-16,FT-2026-00351,CL-037,diretto,A,3,200.00,4.64,572.16
R26-02-00589,2026-02-16,FT-2026-00360,CL-007,diretto,A,2,200.00,5.17,379.34
R26-02-00590,2026-02-16,FT-2026-00360,CL-007,diretto,B,2,120.00,2.97,232.88
R26-02-00591,2026-02-16,FT-2026-00364,CL-027,diretto,B,2,120.00,1.26,236.98
R26-02-00592,2026-02-16,FT-2026-00366,CL-199,diretto,B,3,120.00,1.05,356.22
R26-02-00593,2026-02-16,FT-2026-00381,CL-006,diretto,A,3,200.00,4.42,573.48
R26-02-00594,2026-02-16,FT-2026-00381,CL-006,diretto,B,3,120.00,2.58,350.70
R26-02-00595,2026-02-16,FT-2026-00385,CL-251,distributori,A,7,200.00,13.39,1212.61
R26-02-00596,2026-02-16,FT-2026-00390,CL-242,distributori,B,11,120.00,4.02,1266.98
R26-02-00597,2026-02-16,FT-2026-00390,CL-242,distributori,A,12,200.00,13.33,2080.20
R26-02-00598,2026-02-16,FT-2026-00398,CL-241,distributori,A,7,200.00,13.25,1214.57
R26-02-00599,2026-02-16,FT-2026-00398,CL-241,distributori,B,11,120.00,5.41,1248.61
R26-02-00600,2026-02-16,FT-2026-00398,CL-241,distributori,B,9,120.00,6.36,1011.33
R26-02-00601,2026-02-16,FT-2026-00410,CL-243,distributori,A,5,200.00,13.84,861.60
R26-02-00602,2026-02-17,FT-2026-00224,CL-259,diretto,A,2,200.00,6.00,376.00
R26-02-00603,2026-02-17,FT-2026-00224,CL-259,diretto,A,1,200.00,3.76,192.49
R26-02-00604,2026-02-17,FT-2026-00251,CL-201,diretto,B,1,120.00,2.88,116.55
R26-02-00605,2026-02-17,FT-2026-00256,CL-054,diretto,A,1,200.00,5.16,189.69
R26-02-00606,2026-02-17,FT-2026-00268,CL-027,diretto,B,2,120.00,1.11,237.34
R26-02-00607,2026-02-17,FT-2026-00271,CL-147,diretto,A,3,200.00,4.80,571.20
R26-02-00608,2026-02-17,FT-2026-00271,CL-147,diretto,A,1,200.00,5.21,189.59
R26-02-00609,2026-02-17,FT-2026-00271,CL-147,diretto,B,3,120.00,2.73,350.19
R26-02-00610,2026-02-17,FT-2026-00287,CL-010,diretto,B,3,120.00,1.62,354.18
R26-02-00611,2026-02-17,FT-2026-00287,CL-010,diretto,B,2,120.00,0.20,239.52
R26-02-00612,2026-02-17,FT-2026-00292,CL-014,diretto,B,5,120.00,1.73,589.65
R26-02-00613,2026-02-17,FT-2026-00292,CL-014,diretto,C,4,305.00,0.74,1211.00
R26-02-00614,2026-02-17,FT-2026-00292,CL-014,diretto,A,2,200.00,5.58,377.70
R26-02-00615,2026-02-17,FT-2026-00308,CL-018,diretto,B,1,120.00,2.83,116.60
R26-02-00616,2026-02-17,FT-2026-00362,CL-165,diretto,B,1,120.00,1.67,118.00
R26-02-00617,2026-02-17,FT-2026-00362,CL-165,diretto,A,3,200.00,5.54,566.79
R26-02-00618,2026-02-17,FT-2026-00362,CL-165,diretto,B,1,120.00,1.23,118.53
R26-02-00619,2026-02-17,FT-2026-00423,CL-243,distributori,A,9,200.00,14.57,1537.83
R26-02-00620,2026-02-18,FT-2026-00297,CL-061,diretto,B,6,120.00,3.57,694.32
R26-02-00621,2026-02-18,FT-2026-00298,CL-170,diretto,A,1,200.00,5.52,188.96
R26-02-00622,2026-02-18,FT-2026-00342,CL-010,diretto,A,1,200.00,5.68,188.65
R26-02-00623,2026-02-18,FT-2026-00342,CL-010,diretto,A,4,200.00,5.60,755.24
R26-02-00624,2026-02-18,FT-2026-00342,CL-010,diretto,A,2,200.00,5.01,379.96
R26-02-00625,2026-02-18,FT-2026-00347,CL-041,diretto,C,4,305.00,2.07,1194.80
R26-02-00626,2026-02-18,FT-2026-00347,CL-041,diretto,A,4,200.00,3.86,769.16
R26-02-00627,2026-02-18,FT-2026-00354,CL-003,diretto,C,1,305.00,0.00,305.00
R26-02-00628,2026-02-18,FT-2026-00387,CL-228,distributori,B,6,120.00,3.78,692.82
R26-02-00629,2026-02-18,FT-2026-00393,CL-250,distributori,A,11,200.00,13.57,1901.46
R26-02-00630,2026-02-18,FT-2026-00393,CL-250,distributori,A,11,200.00,14.36,1884.08
R26-02-00631,2026-02-18,FT-2026-00393,CL-250,distributori,B,9,120.00,5.93,1016.01
R26-02-00632,2026-02-18,FT-2026-00402,CL-254,distributori,B,10,120.00,6.21,1125.50
R26-02-00633,2026-02-18,FT-2026-00408,CL-253,distributori,A,13,200.00,14.98,2210.65
R26-02-00634,2026-02-18,FT-2026-00408,CL-253,distributori,B,12,120.00,5.17,1365.60
R26-02-00635,2026-02-18,FT-2026-00436,CL-244,distributori,B,8,120.00,5.81,904.24
R26-02-00636,2026-02-18,FT-2026-00436,CL-244,distributori,B,13,120.00,5.14,1479.79
R26-02-00637,2026-02-18,FT-2026-00436,CL-244,distributori,B,9,120.00,4.13,1035.45
R26-02-00638,2026-02-19,FT-2026-00259,CL-009,diretto,A,2,200.00,4.16,383.36
R26-02-00639,2026-02-19,FT-2026-00263,CL-199,diretto,B,1,120.00,1.80,117.84
R26-02-00640,2026-02-19,FT-2026-00263,CL-199,diretto,A,3,200.00,3.53,578.82
R26-02-00641,2026-02-19,FT-2026-00274,CL-026,diretto,B,1,120.00,2.05,117.54
R26-02-00642,2026-02-19,FT-2026-00318,CL-015,diretto,A,2,200.00,5.06,379.78
R26-02-00643,2026-02-19,FT-2026-00318,CL-015,diretto,A,2,200.00,4.01,383.98
R26-02-00644,2026-02-19,FT-2026-00322,CL-002,diretto,C,3,305.00,0.00,915.00
R26-02-00645,2026-02-19,FT-2026-00328,CL-090,diretto,C,4,305.00,0.28,1216.56
R26-02-00646,2026-02-19,FT-2026-00328,CL-090,diretto,B,4,120.00,2.41,468.44
R26-02-00647,2026-02-19,FT-2026-00349,CL-008,diretto,B,2,120.00,2.18,234.78
R26-02-00648,2026-02-19,FT-2026-00349,CL-008,diretto,A,2,200.00,4.15,383.40
R26-02-00649,2026-02-19,FT-2026-00349,CL-008,diretto,A,2,200.00,4.90,380.40
R26-02-00650,2026-02-19,FT-2026-00353,CL-122,diretto,A,2,200.00,5.20,379.20
R26-02-00651,2026-02-19,FT-2026-00361,CL-136,diretto,A,2,200.00,5.25,379.02
R26-02-00652,2026-02-19,FT-2026-00370,CL-185,diretto,B,1,120.00,2.54,116.95
R26-02-00653,2026-02-19,FT-2026-00378,CL-027,diretto,A,4,200.00,4.77,761.84
R26-02-00654,2026-02-19,FT-2026-00378,CL-027,diretto,C,2,305.00,0.94,604.24
R26-02-00655,2026-02-19,FT-2026-00427,CL-252,distributori,B,11,120.00,2.75,1283.70
R26-02-00656,2026-02-19,FT-2026-00427,CL-252,distributori,A,8,200.00,12.65,1397.60
R26-02-00657,2026-02-19,FT-2026-00427,CL-252,distributori,B,7,120.00,3.91,807.17
R26-02-00658,2026-02-19,FT-2026-00442,CL-244,distributori,A,6,200.00,13.54,1037.52
R26-02-00659,2026-02-20,FT-2026-00245,CL-005,diretto,B,2,120.00,0.58,238.60
R26-02-00660,2026-02-20,FT-2026-00245,CL-005,diretto,B,3,120.00,2.46,351.15
R26-02-00661,2026-02-20,FT-2026-00245,CL-005,diretto,C,4,305.00,1.44,1202.48
R26-02-00662,2026-02-20,FT-2026-00262,CL-010,diretto,B,2,120.00,2.67,233.60
R26-02-00663,2026-02-20,FT-2026-00262,CL-010,diretto,A,3,200.00,4.02,575.88
R26-02-00664,2026-02-20,FT-2026-00262,CL-010,diretto,B,2,120.00,0.50,238.80
R26-02-00665,2026-02-20,FT-2026-00275,CL-122,diretto,A,2,200.00,4.34,382.66
R26-02-00666,2026-02-20,FT-2026-00275,CL-122,diretto,B,2,120.00,1.46,236.50
R26-02-00667,2026-02-20,FT-2026-00275,CL-122,diretto,A,1,200.00,4.63,190.75
R26-02-00668,2026-02-20,FT-2026-00300,CL-146,diretto,C,3,305.00,0.24,912.78
R26-02-00669,2026-02-20,FT-2026-00300,CL-146,diretto,C,3,305.00,0.00,915.00
R26-02-00670,2026-02-20,FT-2026-00317,CL-026,diretto,B,1,120.00,0.88,118.95
R26-02-00671,2026-02-20,FT-2026-00317,CL-026,diretto,A,4,200.00,3.40,772.84
R26-02-00672,2026-02-20,FT-2026-00317,CL-026,diretto,C,3,305.00,0.05,914.55
R26-02-00673,2026-02-20,FT-2026-00334,CL-083,diretto,B,1,120.00,2.47,117.04
R26-02-00674,2026-02-20,FT-2026-00345,CL-015,diretto,A,5,200.00,4.22,957.85
R26-02-00675,2026-02-20,FT-2026-00345,CL-015,diretto,A,3,200.00,5.46,567.24
R26-02-00676,2026-02-20,FT-2026-00377,CL-011,diretto,A,2,200.00,4.07,383.74
R26-02-00677,2026-02-20,FT-2026-00414,CL-238,distributori,B,10,120.00,3.67,1156.00
R26-02-00678,2026-02-20,FT-2026-00414,CL-238,distributori,A,11,200.00,12.50,1925.00
R26-02-00679,2026-02-20,FT-2026-00415,CL-242,distributori,A,8,200.00,14.52,1367.76
R26-02-00680,2026-02-23,FT-2026-00231,CL-260,diretto,B,4,120.00,2.66,467.24
R26-02-00681,2026-02-23,FT-2026-00231,CL-260,diretto,B,2,120.00,1.12,237.32
R26-02-00682,2026-02-23,FT-2026-00231,CL-260,diretto,B,3,120.00,2.21,352.05
R26-02-00683,2026-02-23,FT-2026-00241,CL-027,diretto,C,3,305.00,1.15,904.50
R26-02-00684,2026-02-23,FT-2026-00241,CL-027,diretto,B,2,120.00,0.93,237.76
R26-02-00685,2026-02-23,FT-2026-00260,CL-031,diretto,B,2,120.00,2.23,234.64
R26-02-00686,2026-02-23,FT-2026-00270,CL-202,diretto,B,1,120.00,2.23,117.33
R26-02-00687,2026-02-23,FT-2026-00270,CL-202,diretto,B,3,120.00,2.33,351.63
R26-02-00688,2026-02-23,FT-2026-00279,CL-114,diretto,A,2,200.00,4.21,383.18
R26-02-00689,2026-02-23,FT-2026-00279,CL-114,diretto,A,2,200.00,4.51,381.96
R26-02-00690,2026-02-23,FT-2026-00316,CL-040,diretto,A,3,200.00,4.55,572.70
R26-02-00691,2026-02-23,FT-2026-00338,CL-036,diretto,A,1,200.00,4.92,190.17
R26-02-00692,2026-02-23,FT-2026-00341,CL-007,diretto,A,3,200.00,5.41,567.54
R26-02-00693,2026-02-23,FT-2026-00341,CL-007,diretto,B,2,120.00,2.63,233.70
R26-02-00694,2026-02-23,FT-2026-00363,CL-005,diretto,B,2,120.00,1.23,237.06
R26-02-00695,2026-02-23,FT-2026-00382,CL-002,diretto,A,1,200.00,4.94,190.12
R26-02-00696,2026-02-23,FT-2026-00382,CL-002,diretto,B,2,120.00,1.98,235.26
R26-02-00697,2026-02-23,FT-2026-00392,CL-250,distributori,A,1,200.00,12.94,174.13
R26-02-00698,2026-02-23,FT-2026-00392,CL-250,distributori,B,8,120.00,5.82,904.16
R26-02-00699,2026-02-23,FT-2026-00411,CL-249,distributori,A,10,200.00,13.51,1729.90
R26-02-00700,2026-02-23,FT-2026-00411,CL-249,distributori,B,7,120.00,4.58,801.57
R26-02-00701,2026-02-23,FT-2026-00430,CL-250,distributori,B,8,120.00,5.86,903.76
R26-02-00702,2026-02-23,FT-2026-00440,CL-256,distributori,B,14,120.00,5.38,1589.56
R26-02-00703,2026-02-23,FT-2026-00443,CL-250,distributori,B,10,120.00,4.58,1145.10
R26-02-00704,2026-02-23,FT-2026-00444,CL-258,distributori,A,8,200.00,12.33,1402.72
R26-02-00705,2026-02-23,FT-2026-00444,CL-258,distributori,B,12,120.00,6.18,1350.96
R26-02-00706,2026-02-24,FT-2026-00227,CL-006,diretto,B,5,120.00,0.23,598.60
R26-02-00707,2026-02-24,FT-2026-00236,CL-003,diretto,A,3,200.00,3.53,578.85
R26-02-00708,2026-02-24,FT-2026-00236,CL-003,diretto,B,3,120.00,2.03,352.71
R26-02-00709,2026-02-24,FT-2026-00243,CL-016,diretto,A,1,200.00,5.43,189.14
R26-02-00710,2026-02-24,FT-2026-00243,CL-016,diretto,A,3,200.00,5.41,567.54
R26-02-00711,2026-02-24,FT-2026-00265,CL-028,diretto,B,2,120.00,0.99,237.62
R26-02-00712,2026-02-24,FT-2026-00265,CL-028,diretto,B,1,120.00,1.35,118.38
R26-02-00713,2026-02-24,FT-2026-00266,CL-027,diretto,A,4,200.00,3.97,768.24
R26-02-00714,2026-02-24,FT-2026-00266,CL-027,diretto,B,2,120.00,0.60,238.56
R26-02-00715,2026-02-24,FT-2026-00266,CL-027,diretto,A,3,200.00,4.12,575.31
R26-02-00716,2026-02-24,FT-2026-00269,CL-014,diretto,A,1,200.00,5.76,188.48
R26-02-00717,2026-02-24,FT-2026-00269,CL-014,diretto,B,2,120.00,1.23,237.04
R26-02-00718,2026-02-24,FT-2026-00276,CL-038,diretto,A,1,200.00,4.24,191.52
R26-02-00719,2026-02-24,FT-2026-00281,CL-017,diretto,A,3,200.00,4.50,573.00
R26-02-00720,2026-02-24,FT-2026-00282,CL-035,diretto,B,1,120.00,2.11,117.47
R26-02-00721,2026-02-24,FT-2026-00283,CL-007,diretto,B,1,120.00,2.64,116.83
R26-02-00722,2026-02-24,FT-2026-00312,CL-202,diretto,A,5,200.00,4.44,955.60
R26-02-00723,2026-02-24,FT-2026-00312,CL-202,diretto,C,1,305.00,0.41,303.76
R26-02-00724,2026-02-24,FT-2026-00329,CL-003,diretto,B,2,120.00,0.36,239.14
R26-02-00725,2026-02-24,FT-2026-00329,CL-003,diretto,B,4,120.00,1.57,472.48
R26-02-00726,2026-02-24,FT-2026-00329,CL-003,diretto,A,5,200.00,4.56,954.40
R26-02-00727,2026-02-24,FT-2026-00340,CL-010,diretto,C,2,305.00,0.98,604.02
R26-02-00728,2026-02-24,FT-2026-00340,CL-010,diretto,A,2,200.00,4.91,380.36
R26-02-00729,2026-02-24,FT-2026-00350,CL-049,diretto,B,3,120.00,2.92,349.50
R26-02-00730,2026-02-24,FT-2026-00350,CL-049,diretto,B,2,120.00,5.58,226.60
R26-02-00731,2026-02-24,FT-2026-00434,CL-234,distributori,C,10,305.00,7.18,2831.10
R26-02-00732,2026-02-24,FT-2026-00448,CL-254,distributori,B,10,120.00,4.44,1146.70
R26-02-00733,2026-02-24,FT-2026-00448,CL-254,distributori,C,7,305.00,8.50,1953.63
R26-02-00734,2026-02-24,FT-2026-00448,CL-254,distributori,B,10,120.00,4.51,1145.90
R26-02-00735,2026-02-25,FT-2026-00280,CL-181,diretto,C,1,305.00,0.90,302.25
R26-02-00736,2026-02-25,FT-2026-00280,CL-181,diretto,B,3,120.00,1.62,354.18
R26-02-00737,2026-02-25,FT-2026-00291,CL-007,diretto,A,3,200.00,4.63,572.22
R26-02-00738,2026-02-25,FT-2026-00294,CL-010,diretto,B,2,120.00,1.55,236.28
R26-02-00739,2026-02-25,FT-2026-00294,CL-010,diretto,B,2,120.00,1.43,236.56
R26-02-00740,2026-02-25,FT-2026-00301,CL-140,diretto,B,3,120.00,0.53,358.08
R26-02-00741,2026-02-25,FT-2026-00301,CL-140,diretto,B,1,120.00,2.08,117.51
R26-02-00742,2026-02-25,FT-2026-00313,CL-139,diretto,B,1,120.00,1.49,118.21
R26-02-00743,2026-02-25,FT-2026-00313,CL-139,diretto,B,3,120.00,4.13,345.15
R26-02-00744,2026-02-25,FT-2026-00313,CL-139,diretto,A,3,200.00,5.11,569.37
R26-02-00745,2026-02-25,FT-2026-00343,CL-014,diretto,B,2,120.00,1.82,235.64
R26-02-00746,2026-02-25,FT-2026-00365,CL-153,diretto,A,5,200.00,5.94,940.60
R26-02-00747,2026-02-25,FT-2026-00365,CL-153,diretto,B,3,120.00,0.24,359.13
R26-02-00748,2026-02-25,FT-2026-00384,CL-005,diretto,A,5,200.00,3.70,963.05
R26-02-00749,2026-02-25,FT-2026-00384,CL-005,diretto,B,3,120.00,1.14,355.89
R26-02-00750,2026-02-25,FT-2026-00397,CL-243,distributori,B,12,120.00,6.35,1348.56
R26-02-00751,2026-02-25,FT-2026-00397,CL-243,distributori,B,9,120.00,6.19,1013.13
R26-02-00752,2026-02-26,FT-2026-00247,CL-019,diretto,A,3,200.00,5.60,566.40
R26-02-00753,2026-02-26,FT-2026-00247,CL-019,diretto,B,1,120.00,0.73,119.13
R26-02-00754,2026-02-26,FT-2026-00257,CL-027,diretto,A,3,200.00,4.30,574.23
R26-02-00755,2026-02-26,FT-2026-00257,CL-027,diretto,B,2,120.00,0.52,238.76
R26-02-00756,2026-02-26,FT-2026-00258,CL-010,diretto,A,3,200.00,4.04,575.79
R26-02-00757,2026-02-26,FT-2026-00258,CL-010,diretto,A,1,200.00,4.28,191.44
R26-02-00758,2026-02-26,FT-2026-00258,CL-010,diretto,A,3,200.00,5.14,569.19
R26-02-00759,2026-02-26,FT-2026-00267,CL-134,diretto,B,2,120.00,3.47,231.68
R26-02-00760,2026-02-26,FT-2026-00267,CL-134,diretto,A,4,200.00,3.97,768.28
R26-02-00761,2026-02-26,FT-2026-00284,CL-034,diretto,B,2,120.00,0.37,239.12
R26-02-00762,2026-02-26,FT-2026-00284,CL-034,diretto,A,1,200.00,5.42,189.16
R26-02-00763,2026-02-26,FT-2026-00284,CL-034,diretto,C,3,305.00,0.00,915.00
R26-02-00764,2026-02-26,FT-2026-00314,CL-157,diretto,A,2,200.00,5.90,376.40
R26-02-00765,2026-02-26,FT-2026-00339,CL-024,diretto,C,2,305.00,0.33,607.98
R26-02-00766,2026-02-26,FT-2026-00357,CL-027,diretto,B,1,120.00,2.69,116.77
R26-02-00767,2026-02-26,FT-2026-00357,CL-027,diretto,B,2,120.00,0.30,239.28
R26-02-00768,2026-02-26,FT-2026-00371,CL-009,diretto,A,5,200.00,5.23,947.70
R26-02-00769,2026-02-26,FT-2026-00373,CL-017,diretto,A,2,200.00,4.24,383.04
R26-02-00770,2026-02-26,FT-2026-00380,CL-023,diretto,C,2,305.00,0.00,610.00
R26-02-00771,2026-02-26,FT-2026-00380,CL-023,diretto,B,3,120.00,2.18,352.14
R26-02-00772,2026-02-26,FT-2026-00380,CL-023,diretto,A,2,200.00,4.27,382.94
R26-02-00773,2026-02-26,FT-2026-00425,CL-226,distributori,A,9,200.00,13.62,1554.84
R26-02-00774,2026-02-26,FT-2026-00425,CL-226,distributori,B,8,120.00,3.08,930.48
R26-02-00775,2026-02-26,FT-2026-00428,CL-238,distributori,A,5,200.00,14.01,859.95
R26-02-00776,2026-02-26,FT-2026-09001,CL-231,distributori,C,10,305.00,7.50,2821.10
R26-02-00777,2026-02-26,FT-2026-09001,CL-231,distributori,C,14,305.00,8.27,3916.92
R26-02-00778,2026-02-26,FT-2026-09001,CL-231,distributori,C,10,305.00,7.79,2812.40
R26-02-00779,2026-02-26,FT-2026-09001,CL-231,distributori,C,10,305.00,9.61,2756.90
R26-02-00780,2026-02-26,FT-2026-09001,CL-231,distributori,C,13,305.00,7.82,3654.82
R26-02-00781,2026-02-27,FT-2026-00225,CL-027,diretto,A,2,200.00,3.75,385.00
R26-02-00782,2026-02-27,FT-2026-00225,CL-027,diretto,B,2,120.00,2.88,233.08
R26-02-00783,2026-02-27,FT-2026-00225,CL-027,diretto,A,5,200.00,3.87,961.30
R26-02-00784,2026-02-27,FT-2026-00240,CL-083,diretto,B,1,120.00,1.74,117.91
R26-02-00785,2026-02-27,FT-2026-00240,CL-083,diretto,A,2,200.00,3.39,386.46
R26-02-00786,2026-02-27,FT-2026-00299,CL-010,diretto,A,4,200.00,5.62,755.04
R26-02-00787,2026-02-27,FT-2026-00323,CL-027,diretto,A,1,200.00,5.62,188.77
R26-02-00788,2026-02-27,FT-2026-00323,CL-027,diretto,C,4,305.00,0.34,1215.84
R26-02-00789,2026-02-27,FT-2026-00346,CL-074,diretto,C,3,305.00,0.00,915.00
R26-02-00790,2026-02-27,FT-2026-00346,CL-074,diretto,B,5,120.00,0.68,595.95
R26-02-00791,2026-02-27,FT-2026-00375,CL-014,diretto,B,2,120.00,0.34,239.18
R26-02-00792,2026-02-27,FT-2026-00375,CL-014,diretto,B,2,120.00,0.47,238.88
R26-02-00793,2026-02-27,FT-2026-00401,CL-228,distributori,B,9,120.00,4.78,1028.34
R26-02-00794,2026-02-27,FT-2026-00418,CL-221,distributori,A,5,200.00,12.72,872.85
R26-02-00795,2026-02-27,FT-2026-00418,CL-221,distributori,A,8,200.00,12.88,1394.00
R26-02-00796,2026-02-27,FT-2026-00421,CL-238,distributori,A,13,200.00,14.16,2231.84
R26-02-00797,2026-02-27,FT-2026-00421,CL-238,distributori,B,8,120.00,5.63,905.92
R26-02-00798,2026-02-27,FT-2026-00421,CL-238,distributori,A,6,200.00,12.60,1048.86
R26-03-00001,2026-03-02,FT-2026-01023,CL-246,distributori,A,1,200.00,9.95,180.10
R26-03-00002,2026-03-02,FT-2026-01023,CL-246,distributori,B,1,120.00,6.30,112.44
R26-03-00003,2026-03-02,FT-2026-01023,CL-246,distributori,A,2,200.00,6.82,372.72
R26-03-00004,2026-03-02,FT-2026-01026,CL-241,distributori,B,1,120.00,5.68,113.19
R26-03-00005,2026-03-02,FT-2026-01026,CL-241,distributori,B,1,120.00,2.29,117.25
R26-03-00006,2026-03-02,FT-2026-01026,CL-241,distributori,B,2,120.00,6.18,225.18
R26-03-00007,2026-03-02,FT-2026-01043,CL-249,distributori,A,1,200.00,11.12,177.77
R26-03-00008,2026-03-02,FT-2026-01043,CL-249,distributori,C,1,305.00,5.01,289.73
R26-03-00009,2026-03-02,FT-2026-01048,CL-249,distributori,B,2,120.00,5.14,227.66
R26-03-00010,2026-03-02,FT-2026-01048,CL-249,distributori,B,1,120.00,6.10,112.68
R26-03-00011,2026-03-02,FT-2026-01048,CL-249,distributori,B,2,120.00,6.48,224.46
R26-03-00012,2026-03-02,FT-2026-01065,CL-253,distributori,B,2,120.00,6.36,224.74
R26-03-00013,2026-03-02,FT-2026-01065,CL-253,distributori,B,1,120.00,5.06,113.93
R26-03-00014,2026-03-02,FT-2026-01065,CL-253,distributori,B,1,120.00,2.70,116.76
R26-03-00015,2026-03-02,FT-2026-01070,CL-220,distributori,B,1,120.00,6.46,112.25
R26-03-00016,2026-03-02,FT-2026-01070,CL-220,distributori,B,1,120.00,3.59,115.69
R26-03-00017,2026-03-02,FT-2026-01070,CL-220,distributori,B,1,120.00,6.78,111.87
R26-03-00018,2026-03-02,FT-2026-01101,CL-220,distributori,B,1,120.00,5.02,113.98
R26-03-00019,2026-03-02,FT-2026-01101,CL-220,distributori,A,1,200.00,10.16,179.68
R26-03-00020,2026-03-02,FT-2026-01123,CL-003,diretto,C,1,305.00,4.54,291.15
R26-03-00021,2026-03-02,FT-2026-01123,CL-003,diretto,B,1,120.00,6.33,112.41
R26-03-00022,2026-03-02,FT-2026-01135,CL-128,diretto,A,1,200.00,7.61,184.78
R26-03-00023,2026-03-02,FT-2026-01135,CL-128,diretto,A,2,200.00,6.26,374.98
R26-03-00024,2026-03-02,FT-2026-01135,CL-128,diretto,A,2,200.00,10.62,357.54
R26-03-00025,2026-03-02,FT-2026-01183,CL-227,distributori,A,1,200.00,11.23,177.55
R26-03-00026,2026-03-02,FT-2026-01183,CL-227,distributori,A,1,200.00,11.64,176.72
R26-03-00027,2026-03-02,FT-2026-01245,CL-249,distributori,B,2,120.00,2.63,233.70
R26-03-00028,2026-03-02,FT-2026-01245,CL-249,distributori,B,2,120.00,3.50,231.60
R26-03-00029,2026-03-02,FT-2026-01245,CL-249,distributori,B,4,120.00,4.66,457.64
R26-03-00030,2026-03-02,FT-2026-01250,CL-223,distributori,B,1,120.00,5.18,113.79
R26-03-00031,2026-03-02,FT-2026-01250,CL-223,distributori,A,1,200.00,9.82,180.36
R26-03-00032,2026-03-02,FT-2026-01250,CL-223,distributori,B,1,120.00,3.96,115.25
R26-03-00033,2026-03-02,FT-2026-01296,CL-246,distributori,B,1,120.00,6.73,111.93
R26-03-00034,2026-03-02,FT-2026-01296,CL-246,distributori,A,2,200.00,8.30,366.80
R26-03-00035,2026-03-02,FT-2026-01313,CL-186,diretto,B,2,120.00,2.65,233.64
R26-03-00036,2026-03-02,FT-2026-01313,CL-186,diretto,B,2,120.00,2.83,233.20
R26-03-00037,2026-03-02,FT-2026-01313,CL-186,diretto,B,1,120.00,4.08,115.10
R26-03-00038,2026-03-02,FT-2026-01325,CL-062,diretto,C,1,305.00,1.99,298.94
R26-03-00039,2026-03-02,FT-2026-01325,CL-062,diretto,B,1,120.00,4.63,114.44
R26-03-00040,2026-03-02,FT-2026-01325,CL-062,diretto,B,2,120.00,2.69,233.54
R26-03-00041,2026-03-02,FT-2026-01369,CL-225,distributori,B,1,120.00,6.96,111.65
R26-03-00042,2026-03-02,FT-2026-01369,CL-225,distributori,B,2,120.00,6.82,223.64
R26-03-00043,2026-03-02,FT-2026-01393,CL-250,distributori,B,1,120.00,6.12,112.66
R26-03-00044,2026-03-02,FT-2026-01393,CL-250,distributori,C,1,305.00,5.10,289.46
R26-03-00045,2026-03-02,FT-2026-01393,CL-250,distributori,B,1,120.00,3.63,115.64
R26-03-00046,2026-03-02,FT-2026-01409,CL-156,diretto,C,2,305.00,3.63,587.84
R26-03-00047,2026-03-02,FT-2026-01409,CL-156,diretto,B,1,120.00,7.28,111.27
R26-03-00048,2026-03-02,FT-2026-01409,CL-156,diretto,B,3,120.00,4.32,344.46
R26-03-00049,2026-03-02,FT-2026-01446,CL-027,diretto,B,1,120.00,4.08,115.11
R26-03-00050,2026-03-02,FT-2026-01446,CL-027,diretto,B,1,120.00,5.82,113.02
R26-03-00051,2026-03-02,FT-2026-01446,CL-027,diretto,B,3,120.00,3.48,347.46
R26-03-00052,2026-03-02,FT-2026-01463,CL-232,distributori,B,1,120.00,7.34,111.19
R26-03-00053,2026-03-02,FT-2026-01463,CL-232,distributori,C,2,305.00,6.12,572.68
R26-03-00054,2026-03-02,FT-2026-01497,CL-258,distributori,B,1,120.00,6.78,111.86
R26-03-00055,2026-03-02,FT-2026-01497,CL-258,distributori,A,2,200.00,8.77,364.92
R26-03-00056,2026-03-02,FT-2026-01497,CL-258,distributori,B,3,120.00,5.43,340.47
R26-03-00057,2026-03-02,FT-2026-01502,CL-243,distributori,B,1,120.00,4.15,115.02
R26-03-00058,2026-03-02,FT-2026-01502,CL-243,distributori,A,1,200.00,10.37,179.27
R26-03-00059,2026-03-02,FT-2026-01502,CL-243,distributori,A,1,200.00,10.61,178.78
R26-03-00060,2026-03-03,FT-2026-01033,CL-220,distributori,B,1,120.00,5.78,113.06
R26-03-00061,2026-03-03,FT-2026-01033,CL-220,distributori,C,1,305.00,5.57,288.00
R26-03-00062,2026-03-03,FT-2026-01035,CL-170,diretto,B,1,120.00,2.25,117.30
R26-03-00063,2026-03-03,FT-2026-01035,CL-170,diretto,A,1,200.00,9.58,180.85
R26-03-00064,2026-03-03,FT-2026-01084,CL-242,distributori,A,1,200.00,10.91,178.19
R26-03-00065,2026-03-03,FT-2026-01084,CL-242,distributori,C,1,305.00,4.34,291.75
R26-03-00066,2026-03-03,FT-2026-01084,CL-242,distributori,A,2,200.00,9.06,363.76
R26-03-00067,2026-03-03,FT-2026-01092,CL-219,distributori,B,2,120.00,6.56,224.26
R26-03-00068,2026-03-03,FT-2026-01092,CL-219,distributori,B,3,120.00,4.66,343.23
R26-03-00069,2026-03-03,FT-2026-01103,CL-246,distributori,B,2,120.00,6.38,224.68
R26-03-00070,2026-03-03,FT-2026-01103,CL-246,distributori,B,1,120.00,2.40,117.12
R26-03-00071,2026-03-03,FT-2026-01118,CL-179,diretto,B,1,120.00,3.68,115.59
R26-03-00072,2026-03-03,FT-2026-01118,CL-179,diretto,B,2,120.00,6.71,223.90
R26-03-00073,2026-03-03,FT-2026-01118,CL-179,diretto,A,2,200.00,9.10,363.62
R26-03-00074,2026-03-03,FT-2026-01120,CL-149,diretto,A,2,200.00,9.17,363.32
R26-03-00075,2026-03-03,FT-2026-01120,CL-149,diretto,B,1,120.00,2.35,117.18
R26-03-00076,2026-03-03,FT-2026-01146,CL-036,diretto,B,1,120.00,3.68,115.58
R26-03-00077,2026-03-03,FT-2026-01146,CL-036,diretto,A,1,200.00,11.67,176.66
R26-03-00078,2026-03-03,FT-2026-01148,CL-018,diretto,C,2,305.00,2.59,594.18
R26-03-00079,2026-03-03,FT-2026-01148,CL-018,diretto,B,2,120.00,4.95,228.12
R26-03-00080,2026-03-03,FT-2026-01214,CL-115,diretto,B,2,120.00,4.37,229.52
R26-03-00081,2026-03-03,FT-2026-01214,CL-115,diretto,B,2,120.00,5.15,227.64
R26-03-00082,2026-03-03,FT-2026-01214,CL-115,diretto,B,2,120.00,6.06,225.46
R26-03-00083,2026-03-03,FT-2026-01215,CL-246,distributori,A,1,200.00,10.57,178.87
R26-03-00084,2026-03-03,FT-2026-01215,CL-246,distributori,A,2,200.00,10.50,358.00
R26-03-00085,2026-03-03,FT-2026-01215,CL-246,distributori,A,1,200.00,9.84,180.33
R26-03-00086,2026-03-03,FT-2026-01216,CL-009,diretto,B,3,120.00,4.81,342.69
R26-03-00087,2026-03-03,FT-2026-01216,CL-009,diretto,B,2,120.00,5.92,225.80
R26-03-00088,2026-03-03,FT-2026-01221,CL-226,distributori,A,1,200.00,10.10,179.80
R26-03-00089,2026-03-03,FT-2026-01221,CL-226,distributori,B,2,120.00,7.24,222.62
R26-03-00090,2026-03-03,FT-2026-01238,CL-249,distributori,B,1,120.00,5.74,113.11
R26-03-00091,2026-03-03,FT-2026-01238,CL-249,distributori,A,1,200.00,11.30,177.40
R26-03-00092,2026-03-03,FT-2026-01238,CL-249,distributori,B,2,120.00,3.17,232.40
R26-03-00093,2026-03-03,FT-2026-01239,CL-221,distributori,A,1,200.00,9.54,180.93
R26-03-00094,2026-03-03,FT-2026-01239,CL-221,distributori,A,1,200.00,11.38,177.24
R26-03-00095,2026-03-03,FT-2026-01239,CL-221,distributori,B,2,120.00,4.03,230.32
R26-03-00096,2026-03-03,FT-2026-01249,CL-029,diretto,B,2,120.00,4.97,228.08
R26-03-00097,2026-03-03,FT-2026-01249,CL-029,diretto,A,2,200.00,7.17,371.34
R26-03-00098,2026-03-03,FT-2026-01249,CL-029,diretto,B,2,120.00,3.13,232.48
R26-03-00099,2026-03-03,FT-2026-01255,CL-234,distributori,B,2,120.00,5.95,225.72
R26-03-00100,2026-03-03,FT-2026-01255,CL-234,distributori,A,1,200.00,11.23,177.55
R26-03-00101,2026-03-03,FT-2026-01255,CL-234,distributori,B,1,120.00,6.52,112.18
R26-03-00102,2026-03-03,FT-2026-01271,CL-252,distributori,B,2,120.00,6.99,223.22
R26-03-00103,2026-03-03,FT-2026-01271,CL-252,distributori,A,1,200.00,9.87,180.26
R26-03-00104,2026-03-03,FT-2026-01271,CL-252,distributori,B,4,120.00,3.12,465.04
R26-03-00105,2026-03-03,FT-2026-01273,CL-257,distributori,A,1,200.00,10.51,178.98
R26-03-00106,2026-03-03,FT-2026-01273,CL-257,distributori,A,2,200.00,7.72,369.12
R26-03-00107,2026-03-03,FT-2026-01273,CL-257,distributori,A,4,200.00,10.56,715.52
R26-03-00108,2026-03-03,FT-2026-01275,CL-243,distributori,B,1,120.00,5.93,112.89
R26-03-00109,2026-03-03,FT-2026-01275,CL-243,distributori,B,1,120.00,6.34,112.39
R26-03-00110,2026-03-03,FT-2026-01297,CL-241,distributori,A,1,200.00,10.00,180.01
R26-03-00111,2026-03-03,FT-2026-01297,CL-241,distributori,A,3,200.00,8.49,549.09
R26-03-00112,2026-03-03,FT-2026-01297,CL-241,distributori,A,2,200.00,11.56,353.78
R26-03-00113,2026-03-03,FT-2026-01304,CL-241,distributori,B,2,120.00,7.30,222.48
R26-03-00114,2026-03-03,FT-2026-01304,CL-241,distributori,B,1,120.00,5.53,113.37
R26-03-00115,2026-03-03,FT-2026-01304,CL-241,distributori,A,2,200.00,11.40,354.40
R26-03-00116,2026-03-03,FT-2026-01308,CL-113,diretto,B,1,120.00,4.04,115.15
R26-03-00117,2026-03-03,FT-2026-01308,CL-113,diretto,B,1,120.00,5.88,112.94
R26-03-00118,2026-03-03,FT-2026-01353,CL-232,distributori,A,1,200.00,11.64,176.72
R26-03-00119,2026-03-03,FT-2026-01353,CL-232,distributori,A,1,200.00,8.47,183.06
R26-03-00120,2026-03-03,FT-2026-01353,CL-232,distributori,B,2,120.00,4.49,229.22
R26-03-00121,2026-03-03,FT-2026-01356,CL-226,distributori,B,2,120.00,6.20,225.12
R26-03-00122,2026-03-03,FT-2026-01356,CL-226,distributori,B,1,120.00,4.56,114.53
R26-03-00123,2026-03-03,FT-2026-01356,CL-226,distributori,B,3,120.00,6.94,335.01
R26-03-00124,2026-03-03,FT-2026-01361,CL-258,distributori,C,1,305.00,6.89,283.98
R26-03-00125,2026-03-03,FT-2026-01361,CL-258,distributori,A,1,200.00,9.47,181.06
R26-03-00126,2026-03-03,FT-2026-01361,CL-258,distributori,B,2,120.00,5.53,226.72
R26-03-00127,2026-03-03,FT-2026-01373,CL-014,diretto,A,1,200.00,6.83,186.35
R26-03-00128,2026-03-03,FT-2026-01373,CL-014,diretto,A,2,200.00,10.64,357.46
R26-03-00129,2026-03-03,FT-2026-01373,CL-014,diretto,A,1,200.00,8.88,182.24
R26-03-00130,2026-03-03,FT-2026-01392,CL-244,distributori,A,2,200.00,10.39,358.46
R26-03-00131,2026-03-03,FT-2026-01392,CL-244,distributori,B,1,120.00,7.08,111.50
R26-03-00132,2026-03-03,FT-2026-01392,CL-244,distributori,B,2,120.00,7.28,222.52
R26-03-00133,2026-03-03,FT-2026-01403,CL-001,diretto,A,1,200.00,6.97,186.07
R26-03-00134,2026-03-03,FT-2026-01403,CL-001,diretto,A,1,200.00,9.08,181.84
R26-03-00135,2026-03-03,FT-2026-01424,CL-086,diretto,B,2,120.00,4.82,228.44
R26-03-00136,2026-03-03,FT-2026-01424,CL-086,diretto,C,1,305.00,6.90,283.95
R26-03-00137,2026-03-03,FT-2026-01424,CL-086,diretto,B,2,120.00,5.78,226.14
R26-03-00138,2026-03-03,FT-2026-01429,CL-030,diretto,B,1,120.00,4.96,114.05
R26-03-00139,2026-03-03,FT-2026-01429,CL-030,diretto,A,1,200.00,6.12,187.77
R26-03-00140,2026-03-03,FT-2026-01433,CL-189,diretto,B,3,120.00,3.49,347.43
R26-03-00141,2026-03-03,FT-2026-01433,CL-189,diretto,A,1,200.00,11.40,177.20
R26-03-00142,2026-03-03,FT-2026-01433,CL-189,diretto,B,2,120.00,2.52,233.96
R26-03-00143,2026-03-03,FT-2026-01472,CL-207,diretto,B,1,120.00,4.46,114.65
R26-03-00144,2026-03-03,FT-2026-01472,CL-207,diretto,B,2,120.00,6.14,225.26
R26-03-00145,2026-03-03,FT-2026-01472,CL-207,diretto,B,1,120.00,7.14,111.43
R26-03-00146,2026-03-03,FT-2026-01478,CL-250,distributori,A,1,200.00,10.29,179.42
R26-03-00147,2026-03-03,FT-2026-01478,CL-250,distributori,B,1,120.00,5.33,113.61
R26-03-00148,2026-03-03,FT-2026-01484,CL-253,distributori,B,2,120.00,6.05,225.48
R26-03-00149,2026-03-03,FT-2026-01484,CL-253,distributori,A,1,200.00,9.98,180.04
R26-03-00150,2026-03-03,FT-2026-01493,CL-238,distributori,C,2,305.00,7.22,565.94
R26-03-00151,2026-03-03,FT-2026-01493,CL-238,distributori,B,2,120.00,6.03,225.52
R26-03-00152,2026-03-03,FT-2026-01493,CL-238,distributori,C,2,305.00,6.74,568.86
R26-03-00153,2026-03-03,FT-2026-01503,CL-233,distributori,B,1,120.00,7.31,111.23
R26-03-00154,2026-03-03,FT-2026-01503,CL-233,distributori,B,3,120.00,5.41,340.53
R26-03-00155,2026-03-04,FT-2026-01049,CL-236,distributori,B,2,120.00,6.28,224.94
R26-03-00156,2026-03-04,FT-2026-01049,CL-236,distributori,B,1,120.00,5.60,113.28
R26-03-00157,2026-03-04,FT-2026-01049,CL-236,distributori,C,2,305.00,3.52,588.50
R26-03-00158,2026-03-04,FT-2026-01064,CL-221,distributori,A,1,200.00,10.22,179.57
R26-03-00159,2026-03-04,FT-2026-01064,CL-221,distributori,B,2,120.00,4.82,228.44
R26-03-00160,2026-03-04,FT-2026-01075,CL-219,distributori,B,1,120.00,5.07,113.92
R26-03-00161,2026-03-04,FT-2026-01075,CL-219,distributori,A,1,200.00,6.96,186.09
R26-03-00162,2026-03-04,FT-2026-01075,CL-219,distributori,B,1,120.00,2.97,116.44
R26-03-00163,2026-03-04,FT-2026-01083,CL-221,distributori,A,1,200.00,11.05,177.91
R26-03-00164,2026-03-04,FT-2026-01083,CL-221,distributori,A,3,200.00,9.70,541.83
R26-03-00165,2026-03-04,FT-2026-01093,CL-041,diretto,B,1,120.00,3.36,115.97
R26-03-00166,2026-03-04,FT-2026-01093,CL-041,diretto,B,1,120.00,5.56,113.33
R26-03-00167,2026-03-04,FT-2026-01111,CL-219,distributori,B,2,120.00,5.88,225.88
R26-03-00168,2026-03-04,FT-2026-01111,CL-219,distributori,B,1,120.00,3.72,115.54
R26-03-00169,2026-03-04,FT-2026-01111,CL-219,distributori,B,1,120.00,2.54,116.95
R26-03-00170,2026-03-04,FT-2026-01138,CL-225,distributori,B,1,120.00,7.29,111.25
R26-03-00171,2026-03-04,FT-2026-01138,CL-225,distributori,B,1,120.00,5.13,113.84
R26-03-00172,2026-03-04,FT-2026-01138,CL-225,distributori,A,2,200.00,6.26,374.96
R26-03-00173,2026-03-04,FT-2026-01140,CL-014,diretto,B,1,120.00,2.94,116.47
R26-03-00174,2026-03-04,FT-2026-01140,CL-014,diretto,B,1,120.00,6.18,112.58
R26-03-00175,2026-03-04,FT-2026-01140,CL-014,diretto,A,1,200.00,8.45,183.10
R26-03-00176,2026-03-04,FT-2026-01152,CL-234,distributori,C,1,305.00,6.44,285.37
R26-03-00177,2026-03-04,FT-2026-01152,CL-234,distributori,A,1,200.00,7.95,184.11
R26-03-00178,2026-03-04,FT-2026-01152,CL-234,distributori,B,2,120.00,3.81,230.86
R26-03-00179,2026-03-04,FT-2026-01155,CL-258,distributori,B,1,120.00,7.23,111.32
R26-03-00180,2026-03-04,FT-2026-01155,CL-258,distributori,B,2,120.00,5.13,227.68
R26-03-00181,2026-03-04,FT-2026-01179,CL-222,distributori,B,1,120.00,5.40,113.52
R26-03-00182,2026-03-04,FT-2026-01179,CL-222,distributori,B,1,120.00,2.94,116.47
R26-03-00183,2026-03-04,FT-2026-01208,CL-090,diretto,A,1,200.00,9.21,181.58
R26-03-00184,2026-03-04,FT-2026-01208,CL-090,diretto,C,1,305.00,3.70,293.73
R26-03-00185,2026-03-04,FT-2026-01226,CL-230,distributori,B,3,120.00,7.08,334.53
R26-03-00186,2026-03-04,FT-2026-01226,CL-230,distributori,C,1,305.00,6.76,284.39
R26-03-00187,2026-03-04,FT-2026-01232,CL-237,distributori,C,1,305.00,5.42,288.46
R26-03-00188,2026-03-04,FT-2026-01232,CL-237,distributori,A,1,200.00,8.20,183.60
R26-03-00189,2026-03-04,FT-2026-01232,CL-237,distributori,B,2,120.00,5.33,227.20
R26-03-00190,2026-03-04,FT-2026-01265,CL-230,distributori,A,2,200.00,10.96,356.16
R26-03-00191,2026-03-04,FT-2026-01265,CL-230,distributori,B,1,120.00,5.65,113.22
R26-03-00192,2026-03-04,FT-2026-01266,CL-040,diretto,B,1,120.00,4.11,115.07
R26-03-00193,2026-03-04,FT-2026-01266,CL-040,diretto,B,1,120.00,7.06,111.53
R26-03-00194,2026-03-04,FT-2026-01270,CL-231,distributori,B,2,120.00,5.57,226.64
R26-03-00195,2026-03-04,FT-2026-01270,CL-231,distributori,A,1,200.00,9.52,180.96
R26-03-00196,2026-03-04,FT-2026-01329,CL-249,distributori,B,1,120.00,5.99,112.81
R26-03-00197,2026-03-04,FT-2026-01329,CL-249,distributori,A,1,200.00,8.71,182.59
R26-03-00198,2026-03-04,FT-2026-01329,CL-249,distributori,B,2,120.00,4.62,228.92
R26-03-00199,2026-03-04,FT-2026-01330,CL-251,distributori,B,2,120.00,5.18,227.58
R26-03-00200,2026-03-04,FT-2026-01330,CL-251,distributori,B,2,120.00,5.98,225.66
R26-03-00201,2026-03-04,FT-2026-01354,CL-027,diretto,B,1,120.00,3.32,116.02
R26-03-00202,2026-03-04,FT-2026-01354,CL-027,diretto,A,1,200.00,7.05,185.91
R26-03-00203,2026-03-04,FT-2026-01359,CL-170,diretto,B,2,120.00,4.96,228.10
R26-03-00204,2026-03-04,FT-2026-01359,CL-170,diretto,B,1,120.00,4.29,114.85
R26-03-00205,2026-03-04,FT-2026-01359,CL-170,diretto,A,3,200.00,9.59,542.46
R26-03-00206,2026-03-04,FT-2026-01385,CL-012,diretto,A,1,200.00,7.12,185.76
R26-03-00207,2026-03-04,FT-2026-01385,CL-012,diretto,A,1,200.00,9.80,180.41
R26-03-00208,2026-03-04,FT-2026-01385,CL-012,diretto,A,1,200.00,11.57,176.86
R26-03-00209,2026-03-04,FT-2026-01394,CL-037,diretto,B,1,120.00,4.41,114.71
R26-03-00210,2026-03-04,FT-2026-01394,CL-037,diretto,A,1,200.00,11.49,177.03
R26-03-00211,2026-03-04,FT-2026-01477,CL-247,distributori,A,1,200.00,10.30,179.40
R26-03-00212,2026-03-04,FT-2026-01477,CL-247,distributori,A,2,200.00,11.24,355.06
R26-03-00213,2026-03-05,FT-2026-01008,CL-069,diretto,B,2,120.00,4.53,229.12
R26-03-00214,2026-03-05,FT-2026-01008,CL-069,diretto,A,1,200.00,10.41,179.19
R26-03-00215,2026-03-05,FT-2026-01008,CL-069,diretto,B,1,120.00,3.31,116.03
R26-03-00216,2026-03-05,FT-2026-01036,CL-244,distributori,C,2,305.00,7.57,563.82
R26-03-00217,2026-03-05,FT-2026-01036,CL-244,distributori,B,2,120.00,7.15,222.84
R26-03-00218,2026-03-05,FT-2026-01036,CL-244,distributori,A,2,200.00,10.08,359.68
R26-03-00219,2026-03-05,FT-2026-01142,CL-246,distributori,B,1,120.00,7.06,111.53
R26-03-00220,2026-03-05,FT-2026-01142,CL-246,distributori,B,1,120.00,3.80,115.44
R26-03-00221,2026-03-05,FT-2026-01176,CL-231,distributori,A,2,200.00,11.62,353.52
R26-03-00222,2026-03-05,FT-2026-01176,CL-231,distributori,B,1,120.00,7.00,111.60
R26-03-00223,2026-03-05,FT-2026-01184,CL-219,distributori,A,1,200.00,10.53,178.95
R26-03-00224,2026-03-05,FT-2026-01184,CL-219,distributori,B,1,120.00,7.04,111.55
R26-03-00225,2026-03-05,FT-2026-01206,CL-246,distributori,B,1,120.00,6.94,111.67
R26-03-00226,2026-03-05,FT-2026-01206,CL-246,distributori,B,1,120.00,6.14,112.63
R26-03-00227,2026-03-05,FT-2026-01206,CL-246,distributori,B,1,120.00,4.15,115.02
R26-03-00228,2026-03-05,FT-2026-01225,CL-238,distributori,B,1,120.00,5.90,112.92
R26-03-00229,2026-03-05,FT-2026-01225,CL-238,distributori,C,1,305.00,3.77,293.51
R26-03-00230,2026-03-05,FT-2026-01225,CL-238,distributori,A,2,200.00,11.02,355.94
R26-03-00231,2026-03-05,FT-2026-01240,CL-236,distributori,A,1,200.00,9.56,180.89
R26-03-00232,2026-03-05,FT-2026-01240,CL-236,distributori,B,2,120.00,2.55,233.88
R26-03-00233,2026-03-05,FT-2026-01240,CL-236,distributori,A,1,200.00,9.66,180.68
R26-03-00234,2026-03-05,FT-2026-01305,CL-228,distributori,B,2,120.00,4.49,229.22
R26-03-00235,2026-03-05,FT-2026-01305,CL-228,distributori,C,1,305.00,6.94,283.84
R26-03-00236,2026-03-05,FT-2026-01305,CL-228,distributori,B,1,120.00,6.11,112.67
R26-03-00237,2026-03-05,FT-2026-01326,CL-027,diretto,A,1,200.00,7.47,185.06
R26-03-00238,2026-03-05,FT-2026-01326,CL-027,diretto,B,1,120.00,6.48,112.23
R26-03-00239,2026-03-05,FT-2026-01327,CL-257,distributori,B,1,120.00,6.38,112.34
R26-03-00240,2026-03-05,FT-2026-01327,CL-257,distributori,B,3,120.00,5.91,338.73
R26-03-00241,2026-03-05,FT-2026-01327,CL-257,distributori,A,2,200.00,5.83,376.70
R26-03-00242,2026-03-05,FT-2026-01334,CL-027,diretto,B,1,120.00,2.21,117.35
R26-03-00243,2026-03-05,FT-2026-01334,CL-027,diretto,B,1,120.00,5.04,113.95
R26-03-00244,2026-03-05,FT-2026-01335,CL-025,diretto,A,2,200.00,7.35,370.60
R26-03-00245,2026-03-05,FT-2026-01335,CL-025,diretto,A,1,200.00,10.09,179.82
R26-03-00246,2026-03-05,FT-2026-01349,CL-034,diretto,B,1,120.00,4.29,114.85
R26-03-00247,2026-03-05,FT-2026-01349,CL-034,diretto,C,2,305.00,6.18,572.30
R26-03-00248,2026-03-05,FT-2026-01351,CL-027,diretto,B,1,120.00,3.19,116.17
R26-03-00249,2026-03-05,FT-2026-01351,CL-027,diretto,B,3,120.00,0.68,357.57
R26-03-00250,2026-03-05,FT-2026-01351,CL-027,diretto,B,1,120.00,6.18,112.58
R26-03-00251,2026-03-05,FT-2026-01377,CL-021,diretto,B,1,120.00,2.52,116.98
R26-03-00252,2026-03-05,FT-2026-01377,CL-021,diretto,B,1,120.00,4.23,114.92
R26-03-00253,2026-03-05,FT-2026-01377,CL-021,diretto,C,1,305.00,4.36,291.71
R26-03-00254,2026-03-05,FT-2026-01399,CL-020,diretto,A,1,200.00,8.74,182.53
R26-03-00255,2026-03-05,FT-2026-01399,CL-020,diretto,B,2,120.00,0.96,237.70
R26-03-00256,2026-03-05,FT-2026-01399,CL-020,diretto,C,1,305.00,4.08,292.57
R26-03-00257,2026-03-05,FT-2026-01413,CL-235,distributori,B,1,120.00,6.51,112.19
R26-03-00258,2026-03-05,FT-2026-01413,CL-235,distributori,A,2,200.00,7.74,369.06
R26-03-00259,2026-03-05,FT-2026-01413,CL-235,distributori,B,1,120.00,3.78,115.47
R26-03-00260,2026-03-05,FT-2026-01442,CL-246,distributori,A,1,200.00,9.29,181.42
R26-03-00261,2026-03-05,FT-2026-01442,CL-246,distributori,C,2,305.00,2.08,597.34
R26-03-00262,2026-03-05,FT-2026-01442,CL-246,distributori,B,1,120.00,2.56,116.93
R26-03-00263,2026-03-05,FT-2026-01447,CL-242,distributori,B,1,120.00,5.41,113.51
R26-03-00264,2026-03-05,FT-2026-01447,CL-242,distributori,B,1,120.00,2.62,116.86
R26-03-00265,2026-03-05,FT-2026-01449,CL-237,distributori,B,1,120.00,7.00,111.60
R26-03-00266,2026-03-05,FT-2026-01449,CL-237,distributori,B,2,120.00,3.98,230.46
R26-03-00267,2026-03-05,FT-2026-01501,CL-235,distributori,A,1,200.00,9.49,181.03
R26-03-00268,2026-03-05,FT-2026-01501,CL-235,distributori,A,1,200.00,11.05,177.90
R26-03-00269,2026-03-05,FT-2026-01501,CL-235,distributori,C,3,305.00,4.78,871.26
R26-03-00270,2026-03-06,FT-2026-01003,CL-173,diretto,B,1,120.00,3.35,115.98
R26-03-00271,2026-03-06,FT-2026-01003,CL-173,diretto,A,2,200.00,9.00,364.02
R26-03-00272,2026-03-06,FT-2026-01003,CL-173,diretto,B,1,120.00,2.37,117.16
R26-03-00273,2026-03-06,FT-2026-01010,CL-037,diretto,B,1,120.00,4.78,114.26
R26-03-00274,2026-03-06,FT-2026-01010,CL-037,diretto,B,2,120.00,4.83,228.40
R26-03-00275,2026-03-06,FT-2026-01010,CL-037,diretto,B,2,120.00,5.43,226.98
R26-03-00276,2026-03-06,FT-2026-01030,CL-255,distributori,B,1,120.00,7.23,111.32
R26-03-00277,2026-03-06,FT-2026-01030,CL-255,distributori,A,1,200.00,7.29,185.43
R26-03-00278,2026-03-06,FT-2026-01030,CL-255,distributori,B,1,120.00,7.29,111.25
R26-03-00279,2026-03-06,FT-2026-01086,CL-257,distributori,A,2,200.00,9.46,362.18
R26-03-00280,2026-03-06,FT-2026-01086,CL-257,distributori,C,1,305.00,7.35,282.59
R26-03-00281,2026-03-06,FT-2026-01086,CL-257,distributori,C,1,305.00,6.24,285.98
R26-03-00282,2026-03-06,FT-2026-01143,CL-246,distributori,C,1,305.00,5.84,287.19
R26-03-00283,2026-03-06,FT-2026-01143,CL-246,distributori,A,1,200.00,11.23,177.55
R26-03-00284,2026-03-06,FT-2026-01192,CL-008,diretto,B,1,120.00,2.68,116.79
R26-03-00285,2026-03-06,FT-2026-01192,CL-008,diretto,A,1,200.00,10.65,178.71
R26-03-00286,2026-03-06,FT-2026-01192,CL-008,diretto,C,1,305.00,6.20,286.09
R26-03-00287,2026-03-06,FT-2026-01281,CL-244,distributori,B,2,120.00,6.93,223.36
R26-03-00288,2026-03-06,FT-2026-01281,CL-244,distributori,B,2,120.00,6.48,224.44
R26-03-00289,2026-03-06,FT-2026-01357,CL-032,diretto,B,2,120.00,2.15,234.84
R26-03-00290,2026-03-06,FT-2026-01357,CL-032,diretto,A,1,200.00,8.78,182.45
R26-03-00291,2026-03-06,FT-2026-01365,CL-246,distributori,A,1,200.00,9.49,181.02
R26-03-00292,2026-03-06,FT-2026-01365,CL-246,distributori,B,3,120.00,6.98,334.86
R26-03-00293,2026-03-06,FT-2026-01401,CL-257,distributori,A,1,200.00,9.82,180.36
R26-03-00294,2026-03-06,FT-2026-01401,CL-257,distributori,B,2,120.00,5.64,226.46
R26-03-00295,2026-03-06,FT-2026-01401,CL-257,distributori,C,1,305.00,6.49,285.20
R26-03-00296,2026-03-06,FT-2026-01430,CL-258,distributori,A,2,200.00,9.39,362.44
R26-03-00297,2026-03-06,FT-2026-01430,CL-258,distributori,B,1,120.00,6.38,112.34
R26-03-00298,2026-03-06,FT-2026-01430,CL-258,distributori,B,1,120.00,1.24,118.51
R26-03-00299,2026-03-06,FT-2026-01432,CL-072,diretto,B,1,120.00,3.13,116.25
R26-03-00300,2026-03-06,FT-2026-01432,CL-072,diretto,B,1,120.00,3.97,115.24
R26-03-00301,2026-03-06,FT-2026-01432,CL-072,diretto,B,1,120.00,7.00,111.60
R26-03-00302,2026-03-06,FT-2026-01441,CL-233,distributori,B,1,120.00,6.73,111.93
R26-03-00303,2026-03-06,FT-2026-01441,CL-233,distributori,A,1,200.00,11.31,177.38
R26-03-00304,2026-03-06,FT-2026-01444,CL-229,distributori,A,1,200.00,11.41,177.19
R26-03-00305,2026-03-06,FT-2026-01444,CL-229,distributori,B,2,120.00,3.80,230.88
R26-03-00306,2026-03-06,FT-2026-01453,CL-243,distributori,B,1,120.00,5.49,113.41
R26-03-00307,2026-03-06,FT-2026-01453,CL-243,distributori,A,2,200.00,8.38,366.48
R26-03-00308,2026-03-06,FT-2026-01453,CL-243,distributori,B,1,120.00,2.76,116.69
R26-03-00309,2026-03-06,FT-2026-01483,CL-254,distributori,C,3,305.00,5.96,860.46
R26-03-00310,2026-03-06,FT-2026-01483,CL-254,distributori,A,2,200.00,6.80,372.80
R26-03-00311,2026-03-06,FT-2026-01487,CL-242,distributori,A,2,200.00,10.19,359.26
R26-03-00312,2026-03-06,FT-2026-01487,CL-242,distributori,C,1,305.00,5.54,288.09
R26-03-00313,2026-03-06,FT-2026-01487,CL-242,distributori,B,1,120.00,6.52,112.18
R26-03-00314,2026-03-06,FT-2026-01499,CL-019,diretto,A,4,200.00,8.15,734.80
R26-03-00315,2026-03-06,FT-2026-01499,CL-019,diretto,A,1,200.00,9.82,180.37
R26-03-00316,2026-03-09,FT-2026-01012,CL-243,distributori,A,1,200.00,9.73,180.55
R26-03-00317,2026-03-09,FT-2026-01012,CL-243,distributori,B,3,120.00,4.51,343.77
R26-03-00318,2026-03-09,FT-2026-01012,CL-243,distributori,A,1,200.00,10.00,180.00
R26-03-00319,2026-03-09,FT-2026-01014,CL-008,diretto,B,1,120.00,4.98,114.03
R26-03-00320,2026-03-09,FT-2026-01014,CL-008,diretto,B,1,120.00,5.56,113.33
R26-03-00321,2026-03-09,FT-2026-01039,CL-254,distributori,A,1,200.00,9.93,180.15
R26-03-00322,2026-03-09,FT-2026-01039,CL-254,distributori,B,2,120.00,5.53,226.72
R26-03-00323,2026-03-09,FT-2026-01042,CL-003,diretto,A,1,200.00,7.96,184.08
R26-03-00324,2026-03-09,FT-2026-01042,CL-003,diretto,A,2,200.00,10.61,357.56
R26-03-00325,2026-03-09,FT-2026-01056,CL-220,distributori,B,2,120.00,7.20,222.72
R26-03-00326,2026-03-09,FT-2026-01056,CL-220,distributori,A,1,200.00,11.09,177.83
R26-03-00327,2026-03-09,FT-2026-01066,CL-252,distributori,A,1,200.00,11.59,176.82
R26-03-00328,2026-03-09,FT-2026-01066,CL-252,distributori,B,3,120.00,6.92,335.10
R26-03-00329,2026-03-09,FT-2026-01068,CL-252,distributori,B,1,120.00,6.70,111.96
R26-03-00330,2026-03-09,FT-2026-01068,CL-252,distributori,A,1,200.00,10.85,178.30
R26-03-00331,2026-03-09,FT-2026-01068,CL-252,distributori,C,1,305.00,5.46,288.34
R26-03-00332,2026-03-09,FT-2026-01069,CL-220,distributori,A,2,200.00,10.24,359.04
R26-03-00333,2026-03-09,FT-2026-01069,CL-220,distributori,B,1,120.00,2.68,116.79
R26-03-00334,2026-03-09,FT-2026-01069,CL-220,distributori,B,1,120.00,4.34,114.79
R26-03-00335,2026-03-09,FT-2026-01079,CL-121,diretto,B,1,120.00,4.71,114.35
R26-03-00336,2026-03-09,FT-2026-01079,CL-121,diretto,C,1,305.00,5.21,289.12
R26-03-00337,2026-03-09,FT-2026-01099,CL-230,distributori,B,1,120.00,3.98,115.23
R26-03-00338,2026-03-09,FT-2026-01099,CL-230,distributori,B,2,120.00,4.26,229.78
R26-03-00339,2026-03-09,FT-2026-01099,CL-230,distributori,A,2,200.00,10.63,357.50
R26-03-00340,2026-03-09,FT-2026-01104,CL-233,distributori,B,2,120.00,5.19,227.54
R26-03-00341,2026-03-09,FT-2026-01104,CL-233,distributori,A,3,200.00,8.42,549.48
R26-03-00342,2026-03-09,FT-2026-01104,CL-233,distributori,B,1,120.00,5.52,113.38
R26-03-00343,2026-03-09,FT-2026-01114,CL-037,diretto,B,2,120.00,3.56,231.46
R26-03-00344,2026-03-09,FT-2026-01114,CL-037,diretto,B,1,120.00,5.42,113.50
R26-03-00345,2026-03-09,FT-2026-01114,CL-037,diretto,A,1,200.00,9.85,180.30
R26-03-00346,2026-03-09,FT-2026-01117,CL-016,diretto,B,2,120.00,2.64,233.66
R26-03-00347,2026-03-09,FT-2026-01117,CL-016,diretto,B,1,120.00,6.78,111.86
R26-03-00348,2026-03-09,FT-2026-01117,CL-016,diretto,A,1,200.00,10.56,178.88
R26-03-00349,2026-03-09,FT-2026-01122,CL-221,distributori,B,2,120.00,5.11,227.74
R26-03-00350,2026-03-09,FT-2026-01122,CL-221,distributori,B,1,120.00,6.32,112.42
R26-03-00351,2026-03-09,FT-2026-01122,CL-221,distributori,B,2,120.00,4.67,228.80
R26-03-00352,2026-03-09,FT-2026-01131,CL-032,diretto,B,1,120.00,3.03,116.37
R26-03-00353,2026-03-09,FT-2026-01131,CL-032,diretto,B,1,120.00,4.27,114.88
R26-03-00354,2026-03-09,FT-2026-01165,CL-235,distributori,A,1,200.00,9.82,180.36
R26-03-00355,2026-03-09,FT-2026-01165,CL-235,distributori,A,1,200.00,7.37,185.27
R26-03-00356,2026-03-09,FT-2026-01199,CL-248,distributori,B,1,120.00,7.13,111.44
R26-03-00357,2026-03-09,FT-2026-01199,CL-248,distributori,B,1,120.00,7.11,111.47
R26-03-00358,2026-03-09,FT-2026-01201,CL-006,diretto,B,1,120.00,2.52,116.98
R26-03-00359,2026-03-09,FT-2026-01201,CL-006,diretto,B,1,120.00,4.62,114.46
R26-03-00360,2026-03-09,FT-2026-01205,CL-073,diretto,B,1,120.00,2.51,116.99
R26-03-00361,2026-03-09,FT-2026-01205,CL-073,diretto,B,3,120.00,6.48,336.69
R26-03-00362,2026-03-09,FT-2026-01259,CL-005,diretto,B,1,120.00,3.53,115.76
R26-03-00363,2026-03-09,FT-2026-01259,CL-005,diretto,A,1,200.00,9.88,180.24
R26-03-00364,2026-03-09,FT-2026-01259,CL-005,diretto,A,2,200.00,11.60,353.60
R26-03-00365,2026-03-09,FT-2026-01272,CL-244,distributori,B,1,120.00,6.19,112.57
R26-03-00366,2026-03-09,FT-2026-01272,CL-244,distributori,A,1,200.00,11.68,176.65
R26-03-00367,2026-03-09,FT-2026-01272,CL-244,distributori,B,1,120.00,7.09,111.49
R26-03-00368,2026-03-09,FT-2026-01295,CL-243,distributori,B,1,120.00,5.48,113.43
R26-03-00369,2026-03-09,FT-2026-01295,CL-243,distributori,B,1,120.00,2.51,116.99
R26-03-00370,2026-03-09,FT-2026-01295,CL-243,distributori,A,1,200.00,10.21,179.58
R26-03-00371,2026-03-09,FT-2026-01485,CL-254,distributori,A,1,200.00,8.99,182.03
R26-03-00372,2026-03-09,FT-2026-01485,CL-254,distributori,B,1,120.00,2.23,117.33
R26-03-00373,2026-03-10,FT-2026-01024,CL-101,diretto,A,1,200.00,5.91,188.18
R26-03-00374,2026-03-10,FT-2026-01024,CL-101,diretto,A,1,200.00,8.12,183.76
R26-03-00375,2026-03-10,FT-2026-01037,CL-242,distributori,A,1,200.00,11.05,177.90
R26-03-00376,2026-03-10,FT-2026-01037,CL-242,distributori,B,1,120.00,3.53,115.76
R26-03-00377,2026-03-10,FT-2026-01041,CL-250,distributori,A,1,200.00,11.55,176.90
R26-03-00378,2026-03-10,FT-2026-01041,CL-250,distributori,B,1,120.00,2.39,117.13
R26-03-00379,2026-03-10,FT-2026-01041,CL-250,distributori,B,2,120.00,7.18,222.78
R26-03-00380,2026-03-10,FT-2026-01045,CL-250,distributori,A,4,200.00,9.60,723.20
R26-03-00381,2026-03-10,FT-2026-01045,CL-250,distributori,C,1,305.00,5.26,288.96
R26-03-00382,2026-03-10,FT-2026-01045,CL-250,distributori,B,1,120.00,5.18,113.79
R26-03-00383,2026-03-10,FT-2026-01051,CL-047,diretto,B,3,120.00,4.75,342.90
R26-03-00384,2026-03-10,FT-2026-01051,CL-047,diretto,B,1,120.00,5.60,113.28
R26-03-00385,2026-03-10,FT-2026-01058,CL-231,distributori,A,1,200.00,8.20,183.60
R26-03-00386,2026-03-10,FT-2026-01058,CL-231,distributori,A,1,200.00,9.40,181.20
R26-03-00387,2026-03-10,FT-2026-01058,CL-231,distributori,B,3,120.00,3.79,346.35
R26-03-00388,2026-03-10,FT-2026-01076,CL-244,distributori,C,1,305.00,6.52,285.11
R26-03-00389,2026-03-10,FT-2026-01076,CL-244,distributori,C,1,305.00,7.07,283.43
R26-03-00390,2026-03-10,FT-2026-01076,CL-244,distributori,A,2,200.00,9.63,361.48
R26-03-00391,2026-03-10,FT-2026-01082,CL-229,distributori,A,2,200.00,9.56,361.76
R26-03-00392,2026-03-10,FT-2026-01082,CL-229,distributori,B,2,120.00,6.60,224.16
R26-03-00393,2026-03-10,FT-2026-01082,CL-229,distributori,A,2,200.00,9.63,361.50
R26-03-00394,2026-03-10,FT-2026-01106,CL-252,distributori,B,1,120.00,6.61,112.07
R26-03-00395,2026-03-10,FT-2026-01106,CL-252,distributori,A,1,200.00,11.58,176.84
R26-03-00396,2026-03-10,FT-2026-01137,CL-007,diretto,A,2,200.00,8.72,365.14
R26-03-00397,2026-03-10,FT-2026-01137,CL-007,diretto,B,2,120.00,7.00,223.20
R26-03-00398,2026-03-10,FT-2026-01137,CL-007,diretto,A,3,200.00,6.48,561.15
R26-03-00399,2026-03-10,FT-2026-01151,CL-108,diretto,B,1,120.00,2.38,117.14
R26-03-00400,2026-03-10,FT-2026-01151,CL-108,diretto,B,1,120.00,6.00,112.80
R26-03-00401,2026-03-10,FT-2026-01151,CL-108,diretto,B,1,120.00,4.56,114.53
R26-03-00402,2026-03-10,FT-2026-01173,CL-086,diretto,B,1,120.00,4.49,114.61
R26-03-00403,2026-03-10,FT-2026-01173,CL-086,diretto,C,1,305.00,5.84,287.19
R26-03-00404,2026-03-10,FT-2026-01173,CL-086,diretto,A,1,200.00,10.37,179.27
R26-03-00405,2026-03-10,FT-2026-01174,CL-001,diretto,C,1,305.00,5.22,289.09
R26-03-00406,2026-03-10,FT-2026-01174,CL-001,diretto,A,3,200.00,9.86,540.84
R26-03-00407,2026-03-10,FT-2026-01182,CL-009,diretto,B,1,120.00,3.54,115.75
R26-03-00408,2026-03-10,FT-2026-01182,CL-009,diretto,A,2,200.00,11.22,355.12
R26-03-00409,2026-03-10,FT-2026-01182,CL-009,diretto,A,1,200.00,7.77,184.46
R26-03-00410,2026-03-10,FT-2026-01187,CL-225,distributori,B,1,120.00,5.18,113.78
R26-03-00411,2026-03-10,FT-2026-01187,CL-225,distributori,B,1,120.00,5.36,113.57
R26-03-00412,2026-03-10,FT-2026-01187,CL-225,distributori,C,1,305.00,3.95,292.95
R26-03-00413,2026-03-10,FT-2026-01188,CL-006,diretto,B,2,120.00,2.80,233.28
R26-03-00414,2026-03-10,FT-2026-01188,CL-006,diretto,A,1,200.00,10.15,179.70
R26-03-00415,2026-03-10,FT-2026-01211,CL-019,diretto,B,2,120.00,2.99,232.82
R26-03-00416,2026-03-10,FT-2026-01211,CL-019,diretto,B,1,120.00,6.18,112.58
R26-03-00417,2026-03-10,FT-2026-01220,CL-138,diretto,B,1,120.00,4.17,115.00
R26-03-00418,2026-03-10,FT-2026-01220,CL-138,diretto,A,1,200.00,11.01,177.99
R26-03-00419,2026-03-10,FT-2026-01220,CL-138,diretto,C,1,305.00,2.66,296.89
R26-03-00420,2026-03-10,FT-2026-01248,CL-014,diretto,A,2,200.00,6.79,372.84
R26-03-00421,2026-03-10,FT-2026-01248,CL-014,diretto,B,1,120.00,0.51,119.39
R26-03-00422,2026-03-10,FT-2026-01248,CL-014,diretto,B,2,120.00,3.31,232.06
R26-03-00423,2026-03-10,FT-2026-01274,CL-181,diretto,B,1,120.00,1.61,118.07
R26-03-00424,2026-03-10,FT-2026-01274,CL-181,diretto,B,2,120.00,3.68,231.18
R26-03-00425,2026-03-10,FT-2026-01298,CL-221,distributori,B,1,120.00,7.23,111.32
R26-03-00426,2026-03-10,FT-2026-01298,CL-221,distributori,B,3,120.00,6.06,338.19
R26-03-00427,2026-03-10,FT-2026-01320,CL-242,distributori,B,2,120.00,2.70,233.52
R26-03-00428,2026-03-10,FT-2026-01320,CL-242,distributori,B,1,120.00,6.78,111.87
R26-03-00429,2026-03-10,FT-2026-01370,CL-241,distributori,B,1,120.00,6.75,111.90
R26-03-00430,2026-03-10,FT-2026-01370,CL-241,distributori,B,2,120.00,6.71,223.90
R26-03-00431,2026-03-10,FT-2026-01402,CL-230,distributori,A,1,200.00,11.10,177.80
R26-03-00432,2026-03-10,FT-2026-01402,CL-230,distributori,A,1,200.00,10.16,179.69
R26-03-00433,2026-03-10,FT-2026-01416,CL-093,diretto,B,1,120.00,3.10,116.28
R26-03-00434,2026-03-10,FT-2026-01416,CL-093,diretto,B,1,120.00,4.78,114.27
R26-03-00435,2026-03-10,FT-2026-01423,CL-231,distributori,A,1,200.00,11.54,176.92
R26-03-00436,2026-03-10,FT-2026-01423,CL-231,distributori,A,1,200.00,10.06,179.88
R26-03-00437,2026-03-10,FT-2026-01428,CL-230,distributori,B,1,120.00,7.00,111.60
R26-03-00438,2026-03-10,FT-2026-01428,CL-230,distributori,B,1,120.00,6.63,112.05
R26-03-00439,2026-03-10,FT-2026-01428,CL-230,distributori,A,1,200.00,8.32,183.37
R26-03-00440,2026-03-10,FT-2026-01439,CL-247,distributori,A,1,200.00,9.72,180.56
R26-03-00441,2026-03-10,FT-2026-01439,CL-247,distributori,B,1,120.00,4.09,115.09
R26-03-00442,2026-03-10,FT-2026-01439,CL-247,distributori,A,1,200.00,7.82,184.36
R26-03-00443,2026-03-10,FT-2026-01467,CL-014,diretto,B,1,120.00,3.39,115.93
R26-03-00444,2026-03-10,FT-2026-01467,CL-014,diretto,B,1,120.00,2.21,117.35
R26-03-00445,2026-03-10,FT-2026-01467,CL-014,diretto,A,1,200.00,8.82,182.36
R26-03-00446,2026-03-10,FT-2026-01469,CL-257,distributori,B,1,120.00,6.43,112.29
R26-03-00447,2026-03-10,FT-2026-01469,CL-257,distributori,B,2,120.00,7.37,222.32
R26-03-00448,2026-03-10,FT-2026-01469,CL-257,distributori,A,1,200.00,8.97,182.06
R26-03-00449,2026-03-10,FT-2026-01496,CL-242,distributori,B,2,120.00,5.66,226.42
R26-03-00450,2026-03-10,FT-2026-01496,CL-242,distributori,C,1,305.00,4.81,290.34
R26-03-00451,2026-03-11,FT-2026-01002,CL-219,distributori,B,2,120.00,7.24,222.62
R26-03-00452,2026-03-11,FT-2026-01002,CL-219,distributori,A,1,200.00,10.66,178.69
R26-03-00453,2026-03-11,FT-2026-01006,CL-112,diretto,B,1,120.00,2.91,116.51
R26-03-00454,2026-03-11,FT-2026-01006,CL-112,diretto,B,2,120.00,7.01,223.18
R26-03-00455,2026-03-11,FT-2026-01006,CL-112,diretto,B,2,120.00,6.94,223.34
R26-03-00456,2026-03-11,FT-2026-01017,CL-023,diretto,A,4,200.00,7.19,742.48
R26-03-00457,2026-03-11,FT-2026-01017,CL-023,diretto,B,1,120.00,6.19,112.57
R26-03-00458,2026-03-11,FT-2026-01017,CL-023,diretto,C,1,305.00,5.63,287.83
R26-03-00459,2026-03-11,FT-2026-01025,CL-243,distributori,A,1,200.00,11.20,177.61
R26-03-00460,2026-03-11,FT-2026-01025,CL-243,distributori,A,4,200.00,7.35,741.24
R26-03-00461,2026-03-11,FT-2026-01025,CL-243,distributori,C,1,305.00,2.65,296.91
R26-03-00462,2026-03-11,FT-2026-01121,CL-224,distributori,C,2,305.00,7.15,566.38
R26-03-00463,2026-03-11,FT-2026-01121,CL-224,distributori,A,1,200.00,11.29,177.43
R26-03-00464,2026-03-11,FT-2026-01202,CL-244,distributori,A,1,200.00,8.60,182.81
R26-03-00465,2026-03-11,FT-2026-01202,CL-244,distributori,B,2,120.00,5.96,225.70
R26-03-00466,2026-03-11,FT-2026-01227,CL-251,distributori,B,2,120.00,6.43,224.58
R26-03-00467,2026-03-11,FT-2026-01227,CL-251,distributori,B,1,120.00,4.43,114.68
R26-03-00468,2026-03-11,FT-2026-01252,CL-234,distributori,B,1,120.00,6.23,112.52
R26-03-00469,2026-03-11,FT-2026-01252,CL-234,distributori,B,1,120.00,3.58,115.71
R26-03-00470,2026-03-11,FT-2026-01262,CL-258,distributori,C,1,305.00,5.75,287.45
R26-03-00471,2026-03-11,FT-2026-01262,CL-258,distributori,A,1,200.00,8.81,182.39
R26-03-00472,2026-03-11,FT-2026-01262,CL-258,distributori,B,2,120.00,5.55,226.68
R26-03-00473,2026-03-11,FT-2026-01285,CL-040,diretto,B,1,120.00,3.77,115.48
R26-03-00474,2026-03-11,FT-2026-01285,CL-040,diretto,B,1,120.00,2.71,116.75
R26-03-00475,2026-03-11,FT-2026-01312,CL-250,distributori,A,1,200.00,10.36,179.29
R26-03-00476,2026-03-11,FT-2026-01312,CL-250,distributori,B,1,120.00,6.14,112.63
R26-03-00477,2026-03-11,FT-2026-01328,CL-257,distributori,C,3,305.00,5.40,865.62
R26-03-00478,2026-03-11,FT-2026-01328,CL-257,distributori,C,2,305.00,3.59,588.10
R26-03-00479,2026-03-11,FT-2026-01328,CL-257,distributori,A,1,200.00,10.88,178.24
R26-03-00480,2026-03-11,FT-2026-01374,CL-228,distributori,A,4,200.00,10.27,717.84
R26-03-00481,2026-03-11,FT-2026-01374,CL-228,distributori,A,1,200.00,6.84,186.32
R26-03-00482,2026-03-11,FT-2026-01374,CL-228,distributori,B,1,120.00,5.96,112.85
R26-03-00483,2026-03-11,FT-2026-01375,CL-228,distributori,B,1,120.00,2.78,116.67
R26-03-00484,2026-03-11,FT-2026-01375,CL-228,distributori,B,1,120.00,3.07,116.32
R26-03-00485,2026-03-11,FT-2026-01375,CL-228,distributori,C,1,305.00,5.30,288.82
R26-03-00486,2026-03-11,FT-2026-01395,CL-015,diretto,B,1,120.00,2.74,116.71
R26-03-00487,2026-03-11,FT-2026-01395,CL-015,diretto,B,1,120.00,3.09,116.29
R26-03-00488,2026-03-11,FT-2026-01395,CL-015,diretto,A,1,200.00,10.46,179.08
R26-03-00489,2026-03-11,FT-2026-01425,CL-007,diretto,B,1,120.00,4.13,115.04
R26-03-00490,2026-03-11,FT-2026-01425,CL-007,diretto,B,2,120.00,4.58,229.00
R26-03-00491,2026-03-11,FT-2026-01425,CL-007,diretto,B,3,120.00,3.13,348.72
R26-03-00492,2026-03-11,FT-2026-01427,CL-225,distributori,B,2,120.00,6.12,225.32
R26-03-00493,2026-03-11,FT-2026-01427,CL-225,distributori,B,3,120.00,2.95,349.38
R26-03-00494,2026-03-11,FT-2026-01427,CL-225,distributori,A,1,200.00,10.18,179.64
R26-03-00495,2026-03-11,FT-2026-01474,CL-036,diretto,B,1,120.00,2.31,117.23
R26-03-00496,2026-03-11,FT-2026-01474,CL-036,diretto,B,1,120.00,7.26,111.29
R26-03-00497,2026-03-11,FT-2026-01474,CL-036,diretto,A,2,200.00,10.96,356.18
R26-03-00498,2026-03-11,FT-2026-01476,CL-014,diretto,B,1,120.00,3.99,115.21
R26-03-00499,2026-03-11,FT-2026-01476,CL-014,diretto,B,2,120.00,4.05,230.28
R26-03-00500,2026-03-11,FT-2026-01489,CL-095,diretto,B,2,120.00,3.54,231.50
R26-03-00501,2026-03-11,FT-2026-01489,CL-095,diretto,B,3,120.00,5.32,340.86
R26-03-00502,2026-03-11,FT-2026-01489,CL-095,diretto,B,2,120.00,3.40,231.84
R26-03-00503,2026-03-12,FT-2026-01055,CL-221,distributori,A,3,200.00,9.66,542.04
R26-03-00504,2026-03-12,FT-2026-01055,CL-221,distributori,A,1,200.00,11.53,176.95
R26-03-00505,2026-03-12,FT-2026-01055,CL-221,distributori,B,1,120.00,3.51,115.79
R26-03-00506,2026-03-12,FT-2026-01110,CL-247,distributori,B,3,120.00,5.91,338.73
R26-03-00507,2026-03-12,FT-2026-01110,CL-247,distributori,A,3,200.00,10.53,536.85
R26-03-00508,2026-03-12,FT-2026-01110,CL-247,distributori,B,1,120.00,7.10,111.48
R26-03-00509,2026-03-12,FT-2026-01124,CL-133,diretto,B,1,120.00,2.22,117.34
R26-03-00510,2026-03-12,FT-2026-01124,CL-133,diretto,A,1,200.00,9.67,180.66
R26-03-00511,2026-03-12,FT-2026-01124,CL-133,diretto,B,3,120.00,5.94,338.61
R26-03-00512,2026-03-12,FT-2026-01139,CL-083,diretto,B,2,120.00,2.28,234.54
R26-03-00513,2026-03-12,FT-2026-01139,CL-083,diretto,A,2,200.00,10.70,357.20
R26-03-00514,2026-03-12,FT-2026-01139,CL-083,diretto,B,1,120.00,6.19,112.57
R26-03-00515,2026-03-12,FT-2026-01144,CL-238,distributori,B,1,120.00,7.10,111.48
R26-03-00516,2026-03-12,FT-2026-01144,CL-238,distributori,B,1,120.00,5.07,113.92
R26-03-00517,2026-03-12,FT-2026-01161,CL-236,distributori,A,3,200.00,10.05,539.73
R26-03-00518,2026-03-12,FT-2026-01161,CL-236,distributori,A,1,200.00,10.62,178.77
R26-03-00519,2026-03-12,FT-2026-01172,CL-220,distributori,B,1,120.00,6.51,112.19
R26-03-00520,2026-03-12,FT-2026-01172,CL-220,distributori,B,1,120.00,2.13,117.45
R26-03-00521,2026-03-12,FT-2026-01190,CL-011,diretto,B,1,120.00,2.68,116.79
R26-03-00522,2026-03-12,FT-2026-01190,CL-011,diretto,B,2,120.00,6.89,223.46
R26-03-00523,2026-03-12,FT-2026-01190,CL-011,diretto,A,3,200.00,10.07,539.58
R26-03-00524,2026-03-12,FT-2026-01195,CL-024,diretto,B,1,120.00,3.77,115.48
R26-03-00525,2026-03-12,FT-2026-01195,CL-024,diretto,A,1,200.00,10.63,178.74
R26-03-00526,2026-03-12,FT-2026-01197,CL-257,distributori,A,1,200.00,10.62,178.76
R26-03-00527,2026-03-12,FT-2026-01197,CL-257,distributori,A,5,200.00,6.83,931.70
R26-03-00528,2026-03-12,FT-2026-01197,CL-257,distributori,B,2,120.00,5.94,225.74
R26-03-00529,2026-03-12,FT-2026-01222,CL-016,diretto,A,1,200.00,6.92,186.16
R26-03-00530,2026-03-12,FT-2026-01222,CL-016,diretto,A,1,200.00,10.10,179.80
R26-03-00531,2026-03-12,FT-2026-01243,CL-241,distributori,A,1,200.00,10.04,179.92
R26-03-00532,2026-03-12,FT-2026-01243,CL-241,distributori,A,1,200.00,11.69,176.63
R26-03-00533,2026-03-12,FT-2026-01243,CL-241,distributori,A,1,200.00,9.34,181.33
R26-03-00534,2026-03-12,FT-2026-01278,CL-223,distributori,C,1,305.00,5.86,287.12
R26-03-00535,2026-03-12,FT-2026-01278,CL-223,distributori,C,1,305.00,7.15,283.19
R26-03-00536,2026-03-12,FT-2026-01286,CL-198,diretto,A,1,200.00,7.41,185.19
R26-03-00537,2026-03-12,FT-2026-01286,CL-198,diretto,B,2,120.00,5.38,227.10
R26-03-00538,2026-03-12,FT-2026-01286,CL-198,diretto,A,1,200.00,6.87,186.27
R26-03-00539,2026-03-12,FT-2026-01340,CL-257,distributori,B,1,120.00,5.53,113.37
R26-03-00540,2026-03-12,FT-2026-01340,CL-257,distributori,A,2,200.00,9.35,362.60
R26-03-00541,2026-03-12,FT-2026-01367,CL-226,distributori,B,4,120.00,4.14,460.12
R26-03-00542,2026-03-12,FT-2026-01367,CL-226,distributori,A,1,200.00,10.71,178.58
R26-03-00543,2026-03-12,FT-2026-01389,CL-246,distributori,B,1,120.00,6.33,112.40
R26-03-00544,2026-03-12,FT-2026-01389,CL-246,distributori,B,1,120.00,2.93,116.49
R26-03-00545,2026-03-12,FT-2026-01389,CL-246,distributori,A,1,200.00,11.56,176.89
R26-03-00546,2026-03-12,FT-2026-01400,CL-225,distributori,B,1,120.00,6.23,112.52
R26-03-00547,2026-03-12,FT-2026-01400,CL-225,distributori,A,2,200.00,10.88,356.50
R26-03-00548,2026-03-12,FT-2026-01400,CL-225,distributori,B,2,120.00,6.32,224.84
R26-03-00549,2026-03-12,FT-2026-01408,CL-239,distributori,B,1,120.00,7.10,111.48
R26-03-00550,2026-03-12,FT-2026-01408,CL-239,distributori,C,2,305.00,4.00,585.62
R26-03-00551,2026-03-12,FT-2026-01421,CL-206,diretto,A,1,200.00,7.91,184.18
R26-03-00552,2026-03-12,FT-2026-01421,CL-206,diretto,B,1,120.00,3.48,115.82
R26-03-00553,2026-03-12,FT-2026-01431,CL-253,distributori,A,1,200.00,8.42,183.16
R26-03-00554,2026-03-12,FT-2026-01431,CL-253,distributori,B,2,120.00,5.43,226.96
R26-03-00555,2026-03-12,FT-2026-01458,CL-182,diretto,B,1,120.00,3.48,115.83
R26-03-00556,2026-03-12,FT-2026-01458,CL-182,diretto,B,1,120.00,4.45,114.66
R26-03-00557,2026-03-12,FT-2026-01458,CL-182,diretto,B,2,120.00,7.07,223.04
R26-03-00558,2026-03-12,FT-2026-01464,CL-246,distributori,C,1,305.00,5.86,287.12
R26-03-00559,2026-03-12,FT-2026-01464,CL-246,distributori,B,1,120.00,5.66,113.21
R26-03-00560,2026-03-12,FT-2026-01464,CL-246,distributori,B,2,120.00,7.00,223.20
R26-03-00561,2026-03-12,FT-2026-01480,CL-257,distributori,A,1,200.00,11.51,176.98
R26-03-00562,2026-03-12,FT-2026-01480,CL-257,distributori,A,1,200.00,10.48,179.04
R26-03-00563,2026-03-12,FT-2026-01480,CL-257,distributori,A,1,200.00,8.65,182.70
R26-03-00564,2026-03-13,FT-2026-01001,CL-219,distributori,B,1,120.00,4.10,115.08
R26-03-00565,2026-03-13,FT-2026-01001,CL-219,distributori,B,1,120.00,3.73,115.53
R26-03-00566,2026-03-13,FT-2026-01011,CL-244,distributori,B,2,120.00,7.23,222.64
R26-03-00567,2026-03-13,FT-2026-01011,CL-244,distributori,A,2,200.00,9.99,360.04
R26-03-00568,2026-03-13,FT-2026-01080,CL-250,distributori,A,2,200.00,9.72,361.14
R26-03-00569,2026-03-13,FT-2026-01080,CL-250,distributori,A,2,200.00,11.23,355.08
R26-03-00570,2026-03-13,FT-2026-01080,CL-250,distributori,B,3,120.00,3.50,347.40
R26-03-00571,2026-03-13,FT-2026-01113,CL-223,distributori,B,2,120.00,5.99,225.62
R26-03-00572,2026-03-13,FT-2026-01113,CL-223,distributori,B,4,120.00,6.88,446.96
R26-03-00573,2026-03-13,FT-2026-01116,CL-229,distributori,B,2,120.00,6.99,223.22
R26-03-00574,2026-03-13,FT-2026-01116,CL-229,distributori,A,1,200.00,7.31,185.38
R26-03-00575,2026-03-13,FT-2026-01116,CL-229,distributori,B,1,120.00,6.02,112.78
R26-03-00576,2026-03-13,FT-2026-01130,CL-237,distributori,A,3,200.00,11.63,530.25
R26-03-00577,2026-03-13,FT-2026-01130,CL-237,distributori,B,1,120.00,3.63,115.65
R26-03-00578,2026-03-13,FT-2026-01130,CL-237,distributori,B,1,120.00,4.31,114.83
R26-03-00579,2026-03-13,FT-2026-01164,CL-258,distributori,A,1,200.00,11.69,176.63
R26-03-00580,2026-03-13,FT-2026-01164,CL-258,distributori,C,1,305.00,7.22,282.97
R26-03-00581,2026-03-13,FT-2026-01181,CL-229,distributori,B,1,120.00,5.44,113.47
R26-03-00582,2026-03-13,FT-2026-01181,CL-229,distributori,A,2,200.00,9.70,361.22
R26-03-00583,2026-03-13,FT-2026-01186,CL-230,distributori,A,1,200.00,10.57,178.87
R26-03-00584,2026-03-13,FT-2026-01186,CL-230,distributori,B,1,120.00,3.88,115.35
R26-03-00585,2026-03-13,FT-2026-01186,CL-230,distributori,A,2,200.00,7.30,370.80
R26-03-00586,2026-03-13,FT-2026-01191,CL-145,diretto,B,3,120.00,3.20,348.48
R26-03-00587,2026-03-13,FT-2026-01191,CL-145,diretto,B,1,120.00,2.25,117.30
R26-03-00588,2026-03-13,FT-2026-01191,CL-145,diretto,B,1,120.00,5.00,114.00
R26-03-00589,2026-03-13,FT-2026-01234,CL-047,diretto,B,2,120.00,3.15,232.44
R26-03-00590,2026-03-13,FT-2026-01234,CL-047,diretto,A,2,200.00,9.63,361.50
R26-03-00591,2026-03-13,FT-2026-01284,CL-220,distributori,B,1,120.00,5.50,113.40
R26-03-00592,2026-03-13,FT-2026-01284,CL-220,distributori,B,2,120.00,7.29,222.50
R26-03-00593,2026-03-13,FT-2026-01284,CL-220,distributori,B,1,120.00,7.05,111.54
R26-03-00594,2026-03-13,FT-2026-01287,CL-226,distributori,C,1,305.00,7.56,281.93
R26-03-00595,2026-03-13,FT-2026-01287,CL-226,distributori,B,1,120.00,6.71,111.95
R26-03-00596,2026-03-13,FT-2026-01317,CL-248,distributori,B,1,120.00,7.27,111.28
R26-03-00597,2026-03-13,FT-2026-01317,CL-248,distributori,A,1,200.00,9.55,180.91
R26-03-00598,2026-03-13,FT-2026-01317,CL-248,distributori,A,1,200.00,7.58,184.84
R26-03-00599,2026-03-13,FT-2026-01321,CL-027,diretto,A,2,200.00,7.12,371.52
R26-03-00600,2026-03-13,FT-2026-01321,CL-027,diretto,A,1,200.00,9.56,180.88
R26-03-00601,2026-03-13,FT-2026-01321,CL-027,diretto,A,1,200.00,7.56,184.89
R26-03-00602,2026-03-13,FT-2026-01337,CL-049,diretto,A,1,200.00,7.93,184.14
R26-03-00603,2026-03-13,FT-2026-01337,CL-049,diretto,B,1,120.00,6.24,112.51
R26-03-00604,2026-03-13,FT-2026-01337,CL-049,diretto,B,1,120.00,7.09,111.49
R26-03-00605,2026-03-13,FT-2026-01346,CL-258,distributori,B,1,120.00,5.53,113.36
R26-03-00606,2026-03-13,FT-2026-01346,CL-258,distributori,B,1,120.00,6.36,112.37
R26-03-00607,2026-03-13,FT-2026-01346,CL-258,distributori,A,1,200.00,10.43,179.15
R26-03-00608,2026-03-13,FT-2026-01380,CL-225,distributori,B,3,120.00,6.62,336.18
R26-03-00609,2026-03-13,FT-2026-01380,CL-225,distributori,B,2,120.00,6.90,223.44
R26-03-00610,2026-03-13,FT-2026-01380,CL-225,distributori,B,1,120.00,5.98,112.83
R26-03-00611,2026-03-13,FT-2026-01438,CL-253,distributori,A,1,200.00,10.41,179.18
R26-03-00612,2026-03-13,FT-2026-01438,CL-253,distributori,A,2,200.00,8.99,364.04
R26-03-00613,2026-03-13,FT-2026-01438,CL-253,distributori,A,2,200.00,6.89,372.46
R26-03-00614,2026-03-13,FT-2026-01440,CL-246,distributori,A,3,200.00,9.87,540.81
R26-03-00615,2026-03-13,FT-2026-01440,CL-246,distributori,B,1,120.00,3.28,116.06
R26-03-00616,2026-03-13,FT-2026-01466,CL-230,distributori,A,1,200.00,9.78,180.44
R26-03-00617,2026-03-13,FT-2026-01466,CL-230,distributori,C,1,305.00,6.32,285.73
R26-03-00618,2026-03-13,FT-2026-01492,CL-103,diretto,B,2,120.00,4.09,230.18
R26-03-00619,2026-03-13,FT-2026-01492,CL-103,diretto,A,1,200.00,6.25,187.51
R26-03-00620,2026-03-13,FT-2026-01492,CL-103,diretto,B,4,120.00,7.36,444.68
R26-03-00621,2026-03-16,FT-2026-01005,CL-010,diretto,B,2,120.00,3.26,232.18
R26-03-00622,2026-03-16,FT-2026-01005,CL-010,diretto,A,1,200.00,9.51,180.99
R26-03-00623,2026-03-16,FT-2026-01021,CL-244,distributori,B,2,120.00,7.01,223.18
R26-03-00624,2026-03-16,FT-2026-01021,CL-244,distributori,B,3,120.00,4.16,345.03
R26-03-00625,2026-03-16,FT-2026-01046,CL-133,diretto,B,2,120.00,4.94,228.14
R26-03-00626,2026-03-16,FT-2026-01046,CL-133,diretto,B,1,120.00,7.18,111.39
R26-03-00627,2026-03-16,FT-2026-01062,CL-225,distributori,B,2,120.00,5.11,227.74
R26-03-00628,2026-03-16,FT-2026-01062,CL-225,distributori,B,1,120.00,3.83,115.40
R26-03-00629,2026-03-16,FT-2026-01087,CL-156,diretto,A,1,200.00,6.28,187.44
R26-03-00630,2026-03-16,FT-2026-01087,CL-156,diretto,B,1,120.00,6.07,112.72
R26-03-00631,2026-03-16,FT-2026-01087,CL-156,diretto,B,1,120.00,5.00,114.00
R26-03-00632,2026-03-16,FT-2026-01100,CL-007,diretto,B,1,120.00,3.34,115.99
R26-03-00633,2026-03-16,FT-2026-01100,CL-007,diretto,A,1,200.00,6.92,186.17
R26-03-00634,2026-03-16,FT-2026-01100,CL-007,diretto,B,1,120.00,2.85,116.58
R26-03-00635,2026-03-16,FT-2026-01102,CL-014,diretto,B,3,120.00,3.09,348.87
R26-03-00636,2026-03-16,FT-2026-01102,CL-014,diretto,B,1,120.00,4.91,114.11
R26-03-00637,2026-03-16,FT-2026-01102,CL-014,diretto,B,1,120.00,5.04,113.95
R26-03-00638,2026-03-16,FT-2026-01133,CL-227,distributori,A,2,200.00,9.91,360.38
R26-03-00639,2026-03-16,FT-2026-01133,CL-227,distributori,A,1,200.00,8.40,183.21
R26-03-00640,2026-03-16,FT-2026-01167,CL-231,distributori,B,1,120.00,7.00,111.60
R26-03-00641,2026-03-16,FT-2026-01167,CL-231,distributori,C,1,305.00,4.58,291.04
R26-03-00642,2026-03-16,FT-2026-01167,CL-231,distributori,B,3,120.00,7.03,334.68
R26-03-00643,2026-03-16,FT-2026-01200,CL-220,distributori,C,2,305.00,5.59,575.90
R26-03-00644,2026-03-16,FT-2026-01200,CL-220,distributori,B,1,120.00,5.70,113.16
R26-03-00645,2026-03-16,FT-2026-01200,CL-220,distributori,C,1,305.00,5.91,286.98
R26-03-00646,2026-03-16,FT-2026-01217,CL-246,distributori,B,2,120.00,5.39,227.06
R26-03-00647,2026-03-16,FT-2026-01217,CL-246,distributori,B,2,120.00,4.73,228.66
R26-03-00648,2026-03-16,FT-2026-01217,CL-246,distributori,B,1,120.00,6.93,111.69
R26-03-00649,2026-03-16,FT-2026-01218,CL-018,diretto,B,-2,120.00,5.00,-228.00
R26-03-00650,2026-03-16,FT-2026-01218,CL-018,diretto,B,2,120.00,4.25,229.80
R26-03-00651,2026-03-16,FT-2026-01218,CL-018,diretto,B,4,120.00,3.18,464.72
R26-03-00652,2026-03-16,FT-2026-01254,CL-225,distributori,B,1,120.00,5.05,113.94
R26-03-00653,2026-03-16,FT-2026-01254,CL-225,distributori,B,1,120.00,2.45,117.06
R26-03-00654,2026-03-16,FT-2026-01254,CL-225,distributori,C,1,305.00,4.48,291.33
R26-03-00655,2026-03-16,FT-2026-01306,CL-253,distributori,C,2,305.00,6.62,569.60
R26-03-00656,2026-03-16,FT-2026-01306,CL-253,distributori,B,2,120.00,2.23,234.66
R26-03-00657,2026-03-16,FT-2026-01306,CL-253,distributori,B,2,120.00,3.13,232.50
R26-03-00658,2026-03-16,FT-2026-01309,CL-238,distributori,B,1,120.00,6.67,112.00
R26-03-00659,2026-03-16,FT-2026-01309,CL-238,distributori,B,4,120.00,2.37,468.64
R26-03-00660,2026-03-16,FT-2026-01309,CL-238,distributori,B,2,120.00,5.63,226.50
R26-03-00661,2026-03-16,FT-2026-01314,CL-233,distributori,A,1,200.00,11.71,176.58
R26-03-00662,2026-03-16,FT-2026-01314,CL-233,distributori,B,2,120.00,6.62,224.12
R26-03-00663,2026-03-16,FT-2026-01336,CL-027,diretto,C,1,305.00,3.59,294.05
R26-03-00664,2026-03-16,FT-2026-01336,CL-027,diretto,A,2,200.00,10.01,359.98
R26-03-00665,2026-03-16,FT-2026-01336,CL-027,diretto,C,3,305.00,6.63,854.31
R26-03-00666,2026-03-16,FT-2026-01352,CL-245,distributori,B,1,120.00,7.13,111.45
R26-03-00667,2026-03-16,FT-2026-01352,CL-245,distributori,A,1,200.00,10.49,179.03
R26-03-00668,2026-03-16,FT-2026-01352,CL-245,distributori,A,2,200.00,8.78,364.88
R26-03-00669,2026-03-16,FT-2026-01372,CL-220,distributori,A,2,200.00,6.61,373.58
R26-03-00670,2026-03-16,FT-2026-01372,CL-220,distributori,A,1,200.00,6.93,186.15
R26-03-00671,2026-03-16,FT-2026-01376,CL-256,distributori,A,1,200.00,7.47,185.07
R26-03-00672,2026-03-16,FT-2026-01376,CL-256,distributori,B,3,120.00,3.71,346.65
R26-03-00673,2026-03-16,FT-2026-01376,CL-256,distributori,B,2,120.00,3.64,231.26
R26-03-00674,2026-03-16,FT-2026-01391,CL-237,distributori,B,1,120.00,5.21,113.75
R26-03-00675,2026-03-16,FT-2026-01391,CL-237,distributori,B,3,120.00,5.47,340.32
R26-03-00676,2026-03-16,FT-2026-01414,CL-034,diretto,A,1,200.00,8.05,183.90
R26-03-00677,2026-03-16,FT-2026-01414,CL-034,diretto,B,1,120.00,4.98,114.02
R26-03-00678,2026-03-16,FT-2026-01414,CL-034,diretto,B,1,120.00,3.89,115.33
R26-03-00679,2026-03-16,FT-2026-01418,CL-063,diretto,B,1,120.00,2.38,117.15
R26-03-00680,2026-03-16,FT-2026-01418,CL-063,diretto,A,1,200.00,9.16,181.69
R26-03-00681,2026-03-16,FT-2026-01420,CL-121,diretto,B,1,120.00,0.89,118.93
R26-03-00682,2026-03-16,FT-2026-01420,CL-121,diretto,B,1,120.00,6.86,111.77
R26-03-00683,2026-03-16,FT-2026-01420,CL-121,diretto,B,1,120.00,6.94,111.67
R26-03-00684,2026-03-16,FT-2026-01470,CL-019,diretto,A,1,200.00,8.64,182.72
R26-03-00685,2026-03-16,FT-2026-01470,CL-019,diretto,B,1,120.00,6.79,111.85
R26-03-00686,2026-03-16,FT-2026-01470,CL-019,diretto,A,1,200.00,11.14,177.72
R26-03-00687,2026-03-16,FT-2026-01481,CL-026,diretto,B,2,120.00,4.22,229.88
R26-03-00688,2026-03-16,FT-2026-01481,CL-026,diretto,B,1,120.00,4.27,114.88
R26-03-00689,2026-03-17,FT-2026-01018,CL-250,distributori,A,2,200.00,8.27,366.92
R26-03-00690,2026-03-17,FT-2026-01018,CL-250,distributori,B,3,120.00,5.39,340.59
R26-03-00691,2026-03-17,FT-2026-01018,CL-250,distributori,B,1,120.00,7.16,111.41
R26-03-00692,2026-03-17,FT-2026-01027,CL-221,distributori,B,4,120.00,6.13,450.60
R26-03-00693,2026-03-17,FT-2026-01027,CL-221,distributori,B,1,120.00,5.96,112.85
R26-03-00694,2026-03-17,FT-2026-01027,CL-221,distributori,A,1,200.00,11.72,176.57
R26-03-00695,2026-03-17,FT-2026-01053,CL-257,distributori,B,2,120.00,6.15,225.24
R26-03-00696,2026-03-17,FT-2026-01053,CL-257,distributori,A,1,200.00,8.63,182.74
R26-03-00697,2026-03-17,FT-2026-01053,CL-257,distributori,B,1,120.00,4.62,114.46
R26-03-00698,2026-03-17,FT-2026-01129,CL-010,diretto,A,1,200.00,7.15,185.71
R26-03-00699,2026-03-17,FT-2026-01129,CL-010,diretto,B,2,120.00,5.73,226.26
R26-03-00700,2026-03-17,FT-2026-01129,CL-010,diretto,B,2,120.00,6.38,224.70
R26-03-00701,2026-03-17,FT-2026-01156,CL-243,distributori,B,3,120.00,7.32,333.66
R26-03-00702,2026-03-17,FT-2026-01156,CL-243,distributori,B,1,120.00,5.83,113.00
R26-03-00703,2026-03-17,FT-2026-01156,CL-243,distributori,B,2,120.00,3.24,232.22
R26-03-00704,2026-03-17,FT-2026-01213,CL-255,distributori,B,1,120.00,5.37,113.56
R26-03-00705,2026-03-17,FT-2026-01213,CL-255,distributori,A,1,200.00,9.53,180.94
R26-03-00706,2026-03-17,FT-2026-01213,CL-255,distributori,B,3,120.00,4.92,342.30
R26-03-00707,2026-03-17,FT-2026-01224,CL-241,distributori,A,2,200.00,9.50,362.02
R26-03-00708,2026-03-17,FT-2026-01224,CL-241,distributori,A,2,200.00,10.95,356.22
R26-03-00709,2026-03-17,FT-2026-01224,CL-241,distributori,C,1,305.00,5.22,289.08
R26-03-00710,2026-03-17,FT-2026-01235,CL-034,diretto,B,1,120.00,1.20,118.56
R26-03-00711,2026-03-17,FT-2026-01235,CL-034,diretto,A,1,200.00,8.32,183.36
R26-03-00712,2026-03-17,FT-2026-01235,CL-034,diretto,B,2,120.00,5.33,227.22
R26-03-00713,2026-03-17,FT-2026-01258,CL-062,diretto,B,1,120.00,2.26,117.29
R26-03-00714,2026-03-17,FT-2026-01258,CL-062,diretto,C,1,305.00,5.70,287.63
R26-03-00715,2026-03-17,FT-2026-01258,CL-062,diretto,B,1,120.00,2.52,116.98
R26-03-00716,2026-03-17,FT-2026-01267,CL-242,distributori,B,1,120.00,6.45,112.26
R26-03-00717,2026-03-17,FT-2026-01267,CL-242,distributori,B,2,120.00,3.75,231.00
R26-03-00718,2026-03-17,FT-2026-01303,CL-231,distributori,B,1,120.00,7.28,111.26
R26-03-00719,2026-03-17,FT-2026-01303,CL-231,distributori,B,1,120.00,6.32,112.42
R26-03-00720,2026-03-17,FT-2026-01342,CL-035,diretto,B,1,120.00,2.36,117.17
R26-03-00721,2026-03-17,FT-2026-01342,CL-035,diretto,A,1,200.00,9.55,180.91
R26-03-00722,2026-03-17,FT-2026-01343,CL-227,distributori,B,1,120.00,5.47,113.44
R26-03-00723,2026-03-17,FT-2026-01343,CL-227,distributori,A,1,200.00,7.55,184.91
R26-03-00724,2026-03-17,FT-2026-01345,CL-014,diretto,B,2,120.00,2.83,233.22
R26-03-00725,2026-03-17,FT-2026-01345,CL-014,diretto,B,1,120.00,6.04,112.75
R26-03-00726,2026-03-17,FT-2026-01363,CL-258,distributori,A,2,200.00,9.71,361.16
R26-03-00727,2026-03-17,FT-2026-01363,CL-258,distributori,B,1,120.00,1.92,117.70
R26-03-00728,2026-03-17,FT-2026-01364,CL-226,distributori,A,2,200.00,11.12,355.54
R26-03-00729,2026-03-17,FT-2026-01364,CL-226,distributori,A,1,200.00,10.02,179.96
R26-03-00730,2026-03-17,FT-2026-01364,CL-226,distributori,B,1,120.00,5.40,113.52
R26-03-00731,2026-03-17,FT-2026-01384,CL-232,distributori,A,1,200.00,10.97,178.07
R26-03-00732,2026-03-17,FT-2026-01384,CL-232,distributori,A,2,200.00,10.42,358.34
R26-03-00733,2026-03-17,FT-2026-01384,CL-232,distributori,A,1,200.00,10.44,179.13
R26-03-00734,2026-03-17,FT-2026-01398,CL-247,distributori,A,1,200.00,10.42,179.16
R26-03-00735,2026-03-17,FT-2026-01398,CL-247,distributori,C,2,305.00,3.56,588.28
R26-03-00736,2026-03-17,FT-2026-01398,CL-247,distributori,B,1,120.00,0.81,119.03
R26-03-00737,2026-03-17,FT-2026-01412,CL-241,distributori,A,2,200.00,10.59,357.66
R26-03-00738,2026-03-17,FT-2026-01412,CL-241,distributori,A,1,200.00,11.69,176.62
R26-03-00739,2026-03-17,FT-2026-01445,CL-252,distributori,B,1,120.00,6.84,111.79
R26-03-00740,2026-03-17,FT-2026-01445,CL-252,distributori,C,1,305.00,7.42,282.38
R26-03-00741,2026-03-17,FT-2026-01445,CL-252,distributori,B,2,120.00,5.48,226.86
R26-03-00742,2026-03-17,FT-2026-01448,CL-014,diretto,B,1,120.00,3.18,116.19
R26-03-00743,2026-03-17,FT-2026-01448,CL-014,diretto,B,2,120.00,4.72,228.68
R26-03-00744,2026-03-17,FT-2026-01448,CL-014,diretto,B,1,120.00,5.63,113.25
R26-03-00745,2026-03-17,FT-2026-01475,CL-242,distributori,B,2,120.00,5.19,227.54
R26-03-00746,2026-03-17,FT-2026-01475,CL-242,distributori,A,1,200.00,10.40,179.20
R26-03-00747,2026-03-17,FT-2026-01475,CL-242,distributori,A,1,200.00,7.45,185.10
R26-03-00748,2026-03-17,FT-2026-01488,CL-225,distributori,C,2,305.00,6.00,573.42
R26-03-00749,2026-03-17,FT-2026-01488,CL-225,distributori,C,2,305.00,7.25,565.76
R26-03-00750,2026-03-17,FT-2026-01490,CL-251,distributori,A,2,200.00,10.25,359.00
R26-03-00751,2026-03-17,FT-2026-01490,CL-251,distributori,B,2,120.00,2.64,233.66
R26-03-00752,2026-03-17,FT-2026-01490,CL-251,distributori,B,1,120.00,5.28,113.67
R26-03-00753,2026-03-17,FT-2026-01491,CL-226,distributori,C,1,305.00,7.05,283.49
R26-03-00754,2026-03-17,FT-2026-01491,CL-226,distributori,B,1,120.00,6.76,111.89
R26-03-00755,2026-03-18,FT-2026-01038,CL-012,diretto,A,2,200.00,8.39,366.46
R26-03-00756,2026-03-18,FT-2026-01038,CL-012,diretto,B,1,120.00,4.18,114.99
R26-03-00757,2026-03-18,FT-2026-01038,CL-012,diretto,B,1,120.00,6.40,112.32
R26-03-00758,2026-03-18,FT-2026-01054,CL-244,distributori,C,1,305.00,6.91,283.91
R26-03-00759,2026-03-18,FT-2026-01054,CL-244,distributori,A,1,200.00,9.93,180.14
R26-03-00760,2026-03-18,FT-2026-01163,CL-220,distributori,C,2,305.00,6.90,567.90
R26-03-00761,2026-03-18,FT-2026-01163,CL-220,distributori,A,2,200.00,10.58,357.68
R26-03-00762,2026-03-18,FT-2026-01163,CL-220,distributori,B,1,120.00,3.07,116.32
R26-03-00763,2026-03-18,FT-2026-01193,CL-145,diretto,B,2,120.00,2.09,234.98
R26-03-00764,2026-03-18,FT-2026-01193,CL-145,diretto,A,1,200.00,8.03,183.95
R26-03-00765,2026-03-18,FT-2026-01193,CL-145,diretto,C,2,305.00,4.88,580.24
R26-03-00766,2026-03-18,FT-2026-01203,CL-220,distributori,B,1,120.00,7.04,111.55
R26-03-00767,2026-03-18,FT-2026-01203,CL-220,distributori,B,1,120.00,6.39,112.33
R26-03-00768,2026-03-18,FT-2026-01247,CL-246,distributori,A,3,200.00,11.69,529.86
R26-03-00769,2026-03-18,FT-2026-01247,CL-246,distributori,B,1,120.00,4.00,115.20
R26-03-00770,2026-03-18,FT-2026-01247,CL-246,distributori,A,1,200.00,4.33,191.34
R26-03-00771,2026-03-18,FT-2026-01280,CL-240,distributori,B,1,120.00,6.63,112.05
R26-03-00772,2026-03-18,FT-2026-01280,CL-240,distributori,B,2,120.00,6.75,223.80
R26-03-00773,2026-03-18,FT-2026-01280,CL-240,distributori,B,3,120.00,7.28,333.78
R26-03-00774,2026-03-18,FT-2026-01288,CL-040,diretto,B,1,120.00,3.18,116.19
R26-03-00775,2026-03-18,FT-2026-01288,CL-040,diretto,B,1,120.00,2.57,116.92
R26-03-00776,2026-03-18,FT-2026-01288,CL-040,diretto,B,2,120.00,7.06,223.06
R26-03-00777,2026-03-18,FT-2026-01289,CL-038,diretto,B,1,120.00,4.08,115.10
R26-03-00778,2026-03-18,FT-2026-01289,CL-038,diretto,B,1,120.00,2.63,116.84
R26-03-00779,2026-03-18,FT-2026-01289,CL-038,diretto,A,1,200.00,8.14,183.72
R26-03-00780,2026-03-18,FT-2026-01302,CL-032,diretto,A,1,200.00,9.22,181.56
R26-03-00781,2026-03-18,FT-2026-01302,CL-032,diretto,A,1,200.00,9.09,181.83
R26-03-00782,2026-03-18,FT-2026-01302,CL-032,diretto,A,1,200.00,8.21,183.58
R26-03-00783,2026-03-18,FT-2026-01344,CL-248,distributori,A,2,200.00,9.80,360.80
R26-03-00784,2026-03-18,FT-2026-01344,CL-248,distributori,B,5,120.00,7.09,557.45
R26-03-00785,2026-03-18,FT-2026-01344,CL-248,distributori,A,2,200.00,9.00,364.02
R26-03-00786,2026-03-18,FT-2026-01348,CL-222,distributori,A,1,200.00,11.52,176.97
R26-03-00787,2026-03-18,FT-2026-01348,CL-222,distributori,B,2,120.00,3.68,231.16
R26-03-00788,2026-03-18,FT-2026-01387,CL-229,distributori,B,1,120.00,6.85,111.78
R26-03-00789,2026-03-18,FT-2026-01387,CL-229,distributori,C,1,305.00,1.63,300.04
R26-03-00790,2026-03-18,FT-2026-01435,CL-036,diretto,A,2,200.00,6.99,372.04
R26-03-00791,2026-03-18,FT-2026-01435,CL-036,diretto,B,1,120.00,6.53,112.16
R26-03-00792,2026-03-18,FT-2026-01494,CL-248,distributori,B,1,120.00,6.40,112.32
R26-03-00793,2026-03-18,FT-2026-01494,CL-248,distributori,B,1,120.00,7.15,111.42
R26-03-00794,2026-03-18,FT-2026-01494,CL-248,distributori,C,1,305.00,6.19,286.13
R26-03-00795,2026-03-18,FT-2026-01504,CL-240,distributori,B,1,120.00,5.45,113.46
R26-03-00796,2026-03-18,FT-2026-01504,CL-240,distributori,B,2,120.00,5.30,227.28
R26-03-00797,2026-03-18,FT-2026-01504,CL-240,distributori,B,1,120.00,2.36,117.17
R26-03-00798,2026-03-19,FT-2026-01031,CL-027,diretto,B,2,120.00,3.75,231.00
R26-03-00799,2026-03-19,FT-2026-01031,CL-027,diretto,B,1,120.00,5.81,113.03
R26-03-00800,2026-03-19,FT-2026-01031,CL-027,diretto,A,1,200.00,7.76,184.49
R26-03-00801,2026-03-19,FT-2026-01096,CL-238,distributori,B,2,120.00,5.30,227.28
R26-03-00802,2026-03-19,FT-2026-01096,CL-238,distributori,B,1,120.00,6.58,112.10
R26-03-00803,2026-03-19,FT-2026-01096,CL-238,distributori,B,1,120.00,0.05,119.94
R26-03-00804,2026-03-19,FT-2026-01119,CL-039,diretto,B,1,120.00,0.94,118.87
R26-03-00805,2026-03-19,FT-2026-01119,CL-039,diretto,A,2,200.00,9.88,360.50
R26-03-00806,2026-03-19,FT-2026-01119,CL-039,diretto,B,1,120.00,2.30,117.24
R26-03-00807,2026-03-19,FT-2026-01153,CL-183,diretto,B,1,120.00,2.47,117.04
R26-03-00808,2026-03-19,FT-2026-01153,CL-183,diretto,B,2,120.00,5.49,226.82
R26-03-00809,2026-03-19,FT-2026-01153,CL-183,diretto,A,1,200.00,7.48,185.05
R26-03-00810,2026-03-19,FT-2026-01154,CL-241,distributori,B,2,120.00,6.97,223.28
R26-03-00811,2026-03-19,FT-2026-01154,CL-241,distributori,A,1,200.00,7.26,185.49
R26-03-00812,2026-03-19,FT-2026-01177,CL-252,distributori,A,2,200.00,10.33,358.70
R26-03-00813,2026-03-19,FT-2026-01177,CL-252,distributori,A,2,200.00,7.57,369.72
R26-03-00814,2026-03-19,FT-2026-01177,CL-252,distributori,C,1,305.00,5.05,289.59
R26-03-00815,2026-03-19,FT-2026-01178,CL-229,distributori,C,1,305.00,7.18,283.09
R26-03-00816,2026-03-19,FT-2026-01178,CL-229,distributori,B,1,120.00,7.23,111.32
R26-03-00817,2026-03-19,FT-2026-01229,CL-246,distributori,B,1,120.00,6.46,112.25
R26-03-00818,2026-03-19,FT-2026-01229,CL-246,distributori,B,1,120.00,4.07,115.12
R26-03-00819,2026-03-19,FT-2026-01229,CL-246,distributori,B,3,120.00,2.91,349.53
R26-03-00820,2026-03-19,FT-2026-01257,CL-221,distributori,A,1,200.00,9.63,180.75
R26-03-00821,2026-03-19,FT-2026-01257,CL-221,distributori,A,1,200.00,11.09,177.82
R26-03-00822,2026-03-19,FT-2026-01257,CL-221,distributori,B,1,120.00,5.45,113.46
R26-03-00823,2026-03-19,FT-2026-01268,CL-014,diretto,A,2,200.00,7.70,369.20
R26-03-00824,2026-03-19,FT-2026-01268,CL-014,diretto,B,1,120.00,7.23,111.33
R26-03-00825,2026-03-19,FT-2026-01283,CL-250,distributori,B,1,120.00,6.58,112.10
R26-03-00826,2026-03-19,FT-2026-01283,CL-250,distributori,B,1,120.00,6.49,112.21
R26-03-00827,2026-03-19,FT-2026-01291,CL-234,distributori,B,2,120.00,6.10,225.36
R26-03-00828,2026-03-19,FT-2026-01291,CL-234,distributori,B,3,120.00,5.42,340.50
R26-03-00829,2026-03-19,FT-2026-01291,CL-234,distributori,B,1,120.00,5.38,113.55
R26-03-00830,2026-03-19,FT-2026-01301,CL-033,diretto,B,1,120.00,3.92,115.30
R26-03-00831,2026-03-19,FT-2026-01301,CL-033,diretto,B,1,120.00,2.98,116.43
R26-03-00832,2026-03-19,FT-2026-01301,CL-033,diretto,A,1,200.00,8.72,182.57
R26-03-00833,2026-03-19,FT-2026-01315,CL-226,distributori,B,1,120.00,6.02,112.78
R26-03-00834,2026-03-19,FT-2026-01315,CL-226,distributori,A,1,200.00,11.15,177.71
R26-03-00835,2026-03-19,FT-2026-01315,CL-226,distributori,A,2,200.00,5.85,376.60
R26-03-00836,2026-03-19,FT-2026-01333,CL-257,distributori,A,3,200.00,11.46,531.24
R26-03-00837,2026-03-19,FT-2026-01333,CL-257,distributori,B,3,120.00,4.54,343.65
R26-03-00838,2026-03-19,FT-2026-01333,CL-257,distributori,B,1,120.00,6.56,112.13
R26-03-00839,2026-03-19,FT-2026-01350,CL-258,distributori,A,2,200.00,9.94,360.24
R26-03-00840,2026-03-19,FT-2026-01350,CL-258,distributori,B,1,120.00,6.62,112.06
R26-03-00841,2026-03-19,FT-2026-01417,CL-138,diretto,B,3,120.00,4.34,344.37
R26-03-00842,2026-03-19,FT-2026-01417,CL-138,diretto,B,1,120.00,2.93,116.49
R26-03-00843,2026-03-19,FT-2026-01434,CL-248,distributori,B,1,120.00,6.58,112.11
R26-03-00844,2026-03-19,FT-2026-01434,CL-248,distributori,B,1,120.00,2.93,116.48
R26-03-00845,2026-03-19,FT-2026-01434,CL-248,distributori,B,1,120.00,6.21,112.55
R26-03-00846,2026-03-19,FT-2026-01462,CL-010,diretto,B,1,120.00,5.00,114.00
R26-03-00847,2026-03-19,FT-2026-01462,CL-010,diretto,A,1,200.00,9.97,180.07
R26-03-00848,2026-03-19,FT-2026-01462,CL-010,diretto,B,1,120.00,6.84,111.79
R26-03-00849,2026-03-19,FT-2026-01479,CL-229,distributori,C,1,305.00,4.76,290.48
R26-03-00850,2026-03-19,FT-2026-01479,CL-229,distributori,B,1,120.00,5.55,113.34
R26-03-00851,2026-03-19,FT-2026-01479,CL-229,distributori,B,2,120.00,6.81,223.66
R26-03-00852,2026-03-19,FT-2026-01498,CL-246,distributori,B,1,120.00,6.14,112.63
R26-03-00853,2026-03-19,FT-2026-01498,CL-246,distributori,B,1,120.00,2.77,116.68
R26-03-00854,2026-03-19,FT-2026-01500,CL-219,distributori,B,1,120.00,5.85,112.98
R26-03-00855,2026-03-19,FT-2026-01500,CL-219,distributori,B,1,120.00,5.98,112.83
R26-03-00856,2026-03-20,FT-2026-01007,CL-246,distributori,B,2,120.00,5.38,227.10
R26-03-00857,2026-03-20,FT-2026-01007,CL-246,distributori,B,2,120.00,6.58,224.22
R26-03-00858,2026-03-20,FT-2026-01007,CL-246,distributori,A,1,200.00,10.64,178.73
R26-03-00859,2026-03-20,FT-2026-01016,CL-014,diretto,A,1,200.00,6.78,186.45
R26-03-00860,2026-03-20,FT-2026-01016,CL-014,diretto,B,3,120.00,5.59,339.87
R26-03-00861,2026-03-20,FT-2026-01034,CL-243,distributori,A,2,200.00,8.42,366.34
R26-03-00862,2026-03-20,FT-2026-01034,CL-243,distributori,A,1,200.00,9.50,181.00
R26-03-00863,2026-03-20,FT-2026-01034,CL-243,distributori,B,1,120.00,5.37,113.56
R26-03-00864,2026-03-20,FT-2026-01040,CL-019,diretto,C,1,305.00,4.74,290.53
R26-03-00865,2026-03-20,FT-2026-01040,CL-019,diretto,A,1,200.00,8.67,182.67
R26-03-00866,2026-03-20,FT-2026-01067,CL-248,distributori,B,2,120.00,6.21,225.10
R26-03-00867,2026-03-20,FT-2026-01067,CL-248,distributori,A,1,200.00,10.71,178.59
R26-03-00868,2026-03-20,FT-2026-01071,CL-244,distributori,B,1,120.00,3.34,115.99
R26-03-00869,2026-03-20,FT-2026-01071,CL-244,distributori,B,1,120.00,5.63,113.25
R26-03-00870,2026-03-20,FT-2026-01078,CL-241,distributori,B,1,120.00,7.07,111.52
R26-03-00871,2026-03-20,FT-2026-01078,CL-241,distributori,B,2,120.00,6.47,224.48
R26-03-00872,2026-03-20,FT-2026-01078,CL-241,distributori,B,1,120.00,2.80,116.64
R26-03-00873,2026-03-20,FT-2026-01088,CL-013,diretto,B,1,120.00,3.76,115.49
R26-03-00874,2026-03-20,FT-2026-01088,CL-013,diretto,A,1,200.00,11.51,176.98
R26-03-00875,2026-03-20,FT-2026-01088,CL-013,diretto,A,1,200.00,11.49,177.02
R26-03-00876,2026-03-20,FT-2026-01105,CL-015,diretto,B,2,120.00,2.33,234.40
R26-03-00877,2026-03-20,FT-2026-01105,CL-015,diretto,C,1,305.00,4.83,290.26
R26-03-00878,2026-03-20,FT-2026-01141,CL-221,distributori,B,2,120.00,6.80,223.68
R26-03-00879,2026-03-20,FT-2026-01141,CL-221,distributori,B,1,120.00,6.18,112.59
R26-03-00880,2026-03-20,FT-2026-01157,CL-251,distributori,C,1,305.00,5.90,287.02
R26-03-00881,2026-03-20,FT-2026-01157,CL-251,distributori,C,2,305.00,6.91,567.84
R26-03-00882,2026-03-20,FT-2026-01157,CL-251,distributori,A,2,200.00,10.79,356.86
R26-03-00883,2026-03-20,FT-2026-01170,CL-236,distributori,A,1,200.00,9.91,180.18
R26-03-00884,2026-03-20,FT-2026-01170,CL-236,distributori,A,1,200.00,7.42,185.17
R26-03-00885,2026-03-20,FT-2026-01170,CL-236,distributori,A,2,200.00,10.50,358.00
R26-03-00886,2026-03-20,FT-2026-01198,CL-219,distributori,B,1,120.00,4.52,114.58
R26-03-00887,2026-03-20,FT-2026-01198,CL-219,distributori,C,2,305.00,5.48,576.56
R26-03-00888,2026-03-20,FT-2026-01198,CL-219,distributori,A,1,200.00,10.96,178.09
R26-03-00889,2026-03-20,FT-2026-01219,CL-025,diretto,A,1,200.00,7.78,184.45
R26-03-00890,2026-03-20,FT-2026-01219,CL-025,diretto,B,2,120.00,2.52,233.96
R26-03-00891,2026-03-20,FT-2026-01231,CL-035,diretto,B,3,120.00,0.51,358.17
R26-03-00892,2026-03-20,FT-2026-01231,CL-035,diretto,B,1,120.00,3.68,115.58
R26-03-00893,2026-03-20,FT-2026-01236,CL-225,distributori,B,2,120.00,7.28,222.52
R26-03-00894,2026-03-20,FT-2026-01236,CL-225,distributori,B,1,120.00,5.37,113.56
R26-03-00895,2026-03-20,FT-2026-01236,CL-225,distributori,C,1,305.00,3.19,295.28
R26-03-00896,2026-03-20,FT-2026-01237,CL-243,distributori,B,1,120.00,5.72,113.14
R26-03-00897,2026-03-20,FT-2026-01237,CL-243,distributori,B,1,120.00,6.58,112.10
R26-03-00898,2026-03-20,FT-2026-01242,CL-249,distributori,A,2,200.00,10.93,356.30
R26-03-00899,2026-03-20,FT-2026-01242,CL-249,distributori,A,2,200.00,11.53,353.88
R26-03-00900,2026-03-20,FT-2026-01244,CL-220,distributori,A,2,200.00,9.74,361.04
R26-03-00901,2026-03-20,FT-2026-01244,CL-220,distributori,A,2,200.00,7.10,371.60
R26-03-00902,2026-03-20,FT-2026-01244,CL-220,distributori,C,2,305.00,6.67,569.30
R26-03-00903,2026-03-20,FT-2026-01299,CL-126,diretto,B,1,120.00,4.01,115.19
R26-03-00904,2026-03-20,FT-2026-01299,CL-126,diretto,A,1,200.00,7.41,185.19
R26-03-00905,2026-03-20,FT-2026-01332,CL-231,distributori,A,1,200.00,10.82,178.37
R26-03-00906,2026-03-20,FT-2026-01332,CL-231,distributori,B,1,120.00,2.18,117.39
R26-03-00907,2026-03-20,FT-2026-01332,CL-231,distributori,B,2,120.00,7.32,222.44
R26-03-00908,2026-03-20,FT-2026-01406,CL-234,distributori,C,1,305.00,5.57,288.01
R26-03-00909,2026-03-20,FT-2026-01406,CL-234,distributori,B,2,120.00,3.67,231.20
R26-03-00910,2026-03-20,FT-2026-01406,CL-234,distributori,A,2,200.00,9.65,361.42
R26-03-00911,2026-03-20,FT-2026-01437,CL-232,distributori,B,1,120.00,6.65,112.02
R26-03-00912,2026-03-20,FT-2026-01437,CL-232,distributori,B,1,120.00,4.00,115.20
R26-03-00913,2026-03-20,FT-2026-01437,CL-232,distributori,B,2,120.00,5.89,225.86
R26-03-00914,2026-03-20,FT-2026-01450,CL-227,distributori,B,1,120.00,5.18,113.78
R26-03-00915,2026-03-20,FT-2026-01450,CL-227,distributori,A,2,200.00,8.86,364.56
R26-03-00916,2026-03-20,FT-2026-01450,CL-227,distributori,A,1,200.00,11.26,177.49
R26-03-00917,2026-03-20,FT-2026-01455,CL-226,distributori,B,1,120.00,6.93,111.68
R26-03-00918,2026-03-20,FT-2026-01455,CL-226,distributori,B,2,120.00,5.32,227.24
R26-03-00919,2026-03-20,FT-2026-01455,CL-226,distributori,B,1,120.00,6.00,112.80
R26-03-00920,2026-03-23,FT-2026-01013,CL-234,distributori,A,1,200.00,10.24,179.52
R26-03-00921,2026-03-23,FT-2026-01013,CL-234,distributori,B,1,120.00,3.67,115.60
R26-03-00922,2026-03-23,FT-2026-01013,CL-234,distributori,B,1,120.00,7.29,111.25
R26-03-00923,2026-03-23,FT-2026-01028,CL-028,diretto,B,2,120.00,3.63,231.28
R26-03-00924,2026-03-23,FT-2026-01028,CL-028,diretto,B,1,120.00,7.05,111.54
R26-03-00925,2026-03-23,FT-2026-01028,CL-028,diretto,B,1,120.00,5.98,112.83
R26-03-00926,2026-03-23,FT-2026-01057,CL-033,diretto,A,1,200.00,9.06,181.89
R26-03-00927,2026-03-23,FT-2026-01057,CL-033,diretto,B,1,120.00,3.71,115.55
R26-03-00928,2026-03-23,FT-2026-01060,CL-180,diretto,C,2,305.00,3.86,586.46
R26-03-00929,2026-03-23,FT-2026-01060,CL-180,diretto,C,1,305.00,5.42,288.47
R26-03-00930,2026-03-23,FT-2026-01060,CL-180,diretto,A,1,200.00,11.64,176.73
R26-03-00931,2026-03-23,FT-2026-01073,CL-233,distributori,A,1,200.00,9.96,180.08
R26-03-00932,2026-03-23,FT-2026-01073,CL-233,distributori,B,1,120.00,4.66,114.41
R26-03-00933,2026-03-23,FT-2026-01074,CL-104,diretto,A,1,200.00,8.37,183.26
R26-03-00934,2026-03-23,FT-2026-01074,CL-104,diretto,B,1,120.00,6.98,111.63
R26-03-00935,2026-03-23,FT-2026-01097,CL-220,distributori,C,1,305.00,7.12,283.29
R26-03-00936,2026-03-23,FT-2026-01097,CL-220,distributori,A,1,200.00,10.80,178.41
R26-03-00937,2026-03-23,FT-2026-01097,CL-220,distributori,B,2,120.00,3.65,231.24
R26-03-00938,2026-03-23,FT-2026-01158,CL-014,diretto,A,1,200.00,7.46,185.08
R26-03-00939,2026-03-23,FT-2026-01158,CL-014,diretto,B,1,120.00,6.88,111.75
R26-03-00940,2026-03-23,FT-2026-01158,CL-014,diretto,A,1,200.00,7.82,184.37
R26-03-00941,2026-03-23,FT-2026-01223,CL-010,diretto,A,1,200.00,8.50,183.00
R26-03-00942,2026-03-23,FT-2026-01223,CL-010,diretto,B,1,120.00,6.33,112.40
R26-03-00943,2026-03-23,FT-2026-01233,CL-232,distributori,C,2,305.00,5.76,574.84
R26-03-00944,2026-03-23,FT-2026-01233,CL-232,distributori,B,3,120.00,2.32,351.66
R26-03-00945,2026-03-23,FT-2026-01233,CL-232,distributori,A,1,200.00,5.52,188.96
R26-03-00946,2026-03-23,FT-2026-01246,CL-229,distributori,A,1,200.00,9.68,180.65
R26-03-00947,2026-03-23,FT-2026-01246,CL-229,distributori,A,1,200.00,6.88,186.24
R26-03-00948,2026-03-23,FT-2026-01256,CL-151,diretto,A,3,200.00,6.93,558.42
R26-03-00949,2026-03-23,FT-2026-01256,CL-151,diretto,B,1,120.00,4.74,114.31
R26-03-00950,2026-03-23,FT-2026-01290,CL-241,distributori,C,1,305.00,5.64,287.79
R26-03-00951,2026-03-23,FT-2026-01290,CL-241,distributori,B,1,120.00,5.59,113.29
R26-03-00952,2026-03-23,FT-2026-01292,CL-238,distributori,B,1,120.00,5.85,112.98
R26-03-00953,2026-03-23,FT-2026-01292,CL-238,distributori,C,2,305.00,2.48,594.86
R26-03-00954,2026-03-23,FT-2026-01322,CL-251,distributori,B,1,120.00,4.49,114.61
R26-03-00955,2026-03-23,FT-2026-01322,CL-251,distributori,B,3,120.00,4.40,344.16
R26-03-00956,2026-03-23,FT-2026-01386,CL-240,distributori,A,1,200.00,10.98,178.04
R26-03-00957,2026-03-23,FT-2026-01386,CL-240,distributori,B,1,120.00,5.79,113.05
R26-03-00958,2026-03-23,FT-2026-01386,CL-240,distributori,A,2,200.00,8.50,366.02
R26-03-00959,2026-03-23,FT-2026-01410,CL-068,diretto,A,1,200.00,7.52,184.97
R26-03-00960,2026-03-23,FT-2026-01410,CL-068,diretto,B,1,120.00,5.11,113.87
R26-03-00961,2026-03-23,FT-2026-01410,CL-068,diretto,A,1,200.00,7.10,185.80
R26-03-00962,2026-03-23,FT-2026-01452,CL-164,diretto,B,2,120.00,3.92,230.60
R26-03-00963,2026-03-23,FT-2026-01452,CL-164,diretto,A,1,200.00,8.76,182.48
R26-03-00964,2026-03-23,FT-2026-01456,CL-226,distributori,C,1,305.00,6.59,284.90
R26-03-00965,2026-03-23,FT-2026-01456,CL-226,distributori,B,1,120.00,6.74,111.91
R26-03-00966,2026-03-23,FT-2026-01456,CL-226,distributori,B,1,120.00,5.54,113.35
R26-03-00967,2026-03-23,FT-2026-01482,CL-250,distributori,A,1,200.00,10.26,179.49
R26-03-00968,2026-03-23,FT-2026-01482,CL-250,distributori,A,1,200.00,7.56,184.88
R26-03-00969,2026-03-23,FT-2026-01482,CL-250,distributori,A,2,200.00,9.94,360.24
R26-03-00970,2026-03-24,FT-2026-01052,CL-239,distributori,C,1,305.00,7.42,282.38
R26-03-00971,2026-03-24,FT-2026-01052,CL-239,distributori,B,1,120.00,5.38,113.54
R26-03-00972,2026-03-24,FT-2026-01094,CL-189,diretto,A,1,200.00,8.10,183.81
R26-03-00973,2026-03-24,FT-2026-01094,CL-189,diretto,B,1,120.00,2.44,117.07
R26-03-00974,2026-03-24,FT-2026-01094,CL-189,diretto,A,1,200.00,11.34,177.32
R26-03-00975,2026-03-24,FT-2026-01098,CL-029,diretto,B,1,120.00,0.24,119.71
R26-03-00976,2026-03-24,FT-2026-01098,CL-029,diretto,B,2,120.00,2.83,233.22
R26-03-00977,2026-03-24,FT-2026-01136,CL-007,diretto,B,2,120.00,4.43,229.36
R26-03-00978,2026-03-24,FT-2026-01136,CL-007,diretto,A,1,200.00,9.68,180.64
R26-03-00979,2026-03-24,FT-2026-01180,CL-011,diretto,B,2,120.00,3.33,232.02
R26-03-00980,2026-03-24,FT-2026-01180,CL-011,diretto,B,1,120.00,7.31,111.23
R26-03-00981,2026-03-24,FT-2026-01204,CL-237,distributori,C,2,305.00,5.34,577.44
R26-03-00982,2026-03-24,FT-2026-01204,CL-237,distributori,B,2,120.00,5.98,225.64
R26-03-00983,2026-03-24,FT-2026-01300,CL-232,distributori,B,2,120.00,6.08,225.40
R26-03-00984,2026-03-24,FT-2026-01300,CL-232,distributori,B,1,120.00,4.41,114.71
R26-03-00985,2026-03-24,FT-2026-01300,CL-232,distributori,B,1,120.00,6.07,112.72
R26-03-00986,2026-03-24,FT-2026-01331,CL-234,distributori,B,1,120.00,7.06,111.53
R26-03-00987,2026-03-24,FT-2026-01331,CL-234,distributori,A,1,200.00,6.99,186.02
R26-03-00988,2026-03-24,FT-2026-01347,CL-257,distributori,B,1,120.00,7.28,111.26
R26-03-00989,2026-03-24,FT-2026-01347,CL-257,distributori,B,1,120.00,4.93,114.08
R26-03-00990,2026-03-24,FT-2026-01347,CL-257,distributori,B,1,120.00,6.50,112.20
R26-03-00991,2026-03-24,FT-2026-01358,CL-250,distributori,B,1,120.00,7.36,111.17
R26-03-00992,2026-03-24,FT-2026-01358,CL-250,distributori,C,1,305.00,5.11,289.42
R26-03-00993,2026-03-24,FT-2026-01358,CL-250,distributori,C,1,305.00,1.64,300.00
R26-03-00994,2026-03-24,FT-2026-01360,CL-256,distributori,A,2,200.00,10.47,358.12
R26-03-00995,2026-03-24,FT-2026-01360,CL-256,distributori,C,2,305.00,3.72,587.30
R26-03-00996,2026-03-24,FT-2026-01360,CL-256,distributori,B,2,120.00,3.21,232.30
R26-03-00997,2026-03-24,FT-2026-01362,CL-221,distributori,B,1,120.00,6.30,112.44
R26-03-00998,2026-03-24,FT-2026-01362,CL-221,distributori,B,1,120.00,5.07,113.92
R26-03-00999,2026-03-24,FT-2026-01362,CL-221,distributori,C,2,305.00,2.30,595.98
R26-03-01000,2026-03-24,FT-2026-01368,CL-225,distributori,B,3,120.00,6.56,336.39
R26-03-01001,2026-03-24,FT-2026-01368,CL-225,distributori,B,2,120.00,6.57,224.24
R26-03-01002,2026-03-24,FT-2026-01381,CL-237,distributori,B,1,120.00,5.71,113.15
R26-03-01003,2026-03-24,FT-2026-01381,CL-237,distributori,B,2,120.00,3.48,231.66
R26-03-01004,2026-03-24,FT-2026-01397,CL-245,distributori,A,1,200.00,11.02,177.96
R26-03-01005,2026-03-24,FT-2026-01397,CL-245,distributori,B,1,120.00,7.28,111.27
R26-03-01006,2026-03-24,FT-2026-01405,CL-118,diretto,A,2,200.00,8.95,364.22
R26-03-01007,2026-03-24,FT-2026-01405,CL-118,diretto,B,1,120.00,7.17,111.40
R26-03-01008,2026-03-24,FT-2026-01405,CL-118,diretto,B,1,120.00,6.14,112.63
R26-03-01009,2026-03-24,FT-2026-01436,CL-245,distributori,B,1,120.00,4.38,114.74
R26-03-01010,2026-03-24,FT-2026-01436,CL-245,distributori,B,3,120.00,3.38,347.82
R26-03-01011,2026-03-24,FT-2026-01436,CL-245,distributori,B,1,120.00,6.96,111.65
R26-03-01012,2026-03-24,FT-2026-01443,CL-101,diretto,A,1,200.00,7.71,184.59
R26-03-01013,2026-03-24,FT-2026-01443,CL-101,diretto,B,2,120.00,3.12,232.52
R26-03-01014,2026-03-24,FT-2026-01443,CL-101,diretto,B,2,120.00,5.87,225.92
R26-03-01015,2026-03-24,FT-2026-01451,CL-235,distributori,A,1,200.00,11.48,177.05
R26-03-01016,2026-03-24,FT-2026-01451,CL-235,distributori,B,2,120.00,4.28,229.74
R26-03-01017,2026-03-24,FT-2026-01451,CL-235,distributori,A,1,200.00,10.10,179.81
R26-03-01018,2026-03-24,FT-2026-01460,CL-229,distributori,A,1,200.00,10.65,178.71
R26-03-01019,2026-03-24,FT-2026-01460,CL-229,distributori,B,1,120.00,5.26,113.69
R26-03-01020,2026-03-24,FT-2026-01473,CL-029,diretto,B,1,120.00,2.61,116.87
R26-03-01021,2026-03-24,FT-2026-01473,CL-029,diretto,A,2,200.00,9.00,364.02
R26-03-01022,2026-03-24,FT-2026-01473,CL-029,diretto,B,1,120.00,5.64,113.23
R26-03-01023,2026-03-25,FT-2026-01072,CL-222,distributori,A,1,200.00,11.03,177.95
R26-03-01024,2026-03-25,FT-2026-01072,CL-222,distributori,C,1,305.00,4.30,291.88
R26-03-01025,2026-03-25,FT-2026-01072,CL-222,distributori,B,2,120.00,6.87,223.52
R26-03-01026,2026-03-25,FT-2026-01077,CL-222,distributori,B,2,120.00,4.37,229.52
R26-03-01027,2026-03-25,FT-2026-01077,CL-222,distributori,B,1,120.00,5.80,113.04
R26-03-01028,2026-03-25,FT-2026-01090,CL-227,distributori,B,1,120.00,5.52,113.38
R26-03-01029,2026-03-25,FT-2026-01090,CL-227,distributori,B,1,120.00,2.90,116.52
R26-03-01030,2026-03-25,FT-2026-01107,CL-014,diretto,B,2,120.00,2.49,234.02
R26-03-01031,2026-03-25,FT-2026-01107,CL-014,diretto,B,2,120.00,5.22,227.48
R26-03-01032,2026-03-25,FT-2026-01107,CL-014,diretto,B,1,120.00,5.57,113.32
R26-03-01033,2026-03-25,FT-2026-01108,CL-027,diretto,B,1,120.00,1.22,118.54
R26-03-01034,2026-03-25,FT-2026-01108,CL-027,diretto,A,1,200.00,10.22,179.56
R26-03-01035,2026-03-25,FT-2026-01108,CL-027,diretto,B,1,120.00,7.00,111.60
R26-03-01036,2026-03-25,FT-2026-01112,CL-238,distributori,C,1,305.00,4.47,291.38
R26-03-01037,2026-03-25,FT-2026-01112,CL-238,distributori,B,1,120.00,7.27,111.28
R26-03-01038,2026-03-25,FT-2026-01112,CL-238,distributori,B,1,120.00,6.83,111.81
R26-03-01039,2026-03-25,FT-2026-01168,CL-243,distributori,B,2,120.00,5.79,226.10
R26-03-01040,2026-03-25,FT-2026-01168,CL-243,distributori,B,1,120.00,4.08,115.11
R26-03-01041,2026-03-25,FT-2026-01168,CL-243,distributori,C,1,305.00,2.17,298.37
R26-03-01042,2026-03-25,FT-2026-01169,CL-226,distributori,A,1,200.00,11.33,177.35
R26-03-01043,2026-03-25,FT-2026-01169,CL-226,distributori,A,2,200.00,7.59,369.66
R26-03-01044,2026-03-25,FT-2026-01194,CL-209,diretto,A,1,200.00,6.98,186.04
R26-03-01045,2026-03-25,FT-2026-01194,CL-209,diretto,B,2,120.00,6.69,223.94
R26-03-01046,2026-03-25,FT-2026-01194,CL-209,diretto,B,1,120.00,3.49,115.81
R26-03-01047,2026-03-25,FT-2026-01209,CL-244,distributori,A,2,200.00,10.99,356.06
R26-03-01048,2026-03-25,FT-2026-01209,CL-244,distributori,B,1,120.00,5.18,113.79
R26-03-01049,2026-03-25,FT-2026-01230,CL-015,diretto,C,1,305.00,0.65,303.03
R26-03-01050,2026-03-25,FT-2026-01230,CL-015,diretto,C,1,305.00,5.31,288.81
R26-03-01051,2026-03-25,FT-2026-01263,CL-225,distributori,A,1,200.00,11.59,176.83
R26-03-01052,2026-03-25,FT-2026-01263,CL-225,distributori,B,4,120.00,5.39,454.12
R26-03-01053,2026-03-25,FT-2026-01263,CL-225,distributori,B,2,120.00,6.43,224.58
R26-03-01054,2026-03-25,FT-2026-01282,CL-234,distributori,B,2,120.00,6.93,223.38
R26-03-01055,2026-03-25,FT-2026-01282,CL-234,distributori,C,3,305.00,3.81,880.11
R26-03-01056,2026-03-25,FT-2026-01282,CL-234,distributori,B,1,120.00,5.01,113.99
R26-03-01057,2026-03-25,FT-2026-01293,CL-242,distributori,A,2,200.00,9.58,361.70
R26-03-01058,2026-03-25,FT-2026-01293,CL-242,distributori,B,1,120.00,6.07,112.72
R26-03-01059,2026-03-25,FT-2026-01294,CL-220,distributori,B,1,120.00,4.33,114.80
R26-03-01060,2026-03-25,FT-2026-01294,CL-220,distributori,B,1,120.00,6.74,111.91
R26-03-01061,2026-03-25,FT-2026-01338,CL-220,distributori,A,1,200.00,11.01,177.98
R26-03-01062,2026-03-25,FT-2026-01338,CL-220,distributori,B,1,120.00,6.98,111.63
R26-03-01063,2026-03-25,FT-2026-01338,CL-220,distributori,B,2,120.00,6.72,223.88
R26-03-01064,2026-03-25,FT-2026-01422,CL-001,diretto,A,1,200.00,9.09,181.83
R26-03-01065,2026-03-25,FT-2026-01422,CL-001,diretto,A,1,200.00,10.06,179.88
R26-03-01066,2026-03-25,FT-2026-01461,CL-016,diretto,A,1,200.00,8.96,182.09
R26-03-01067,2026-03-25,FT-2026-01461,CL-016,diretto,A,1,200.00,8.30,183.40
R26-03-01068,2026-03-25,FT-2026-01471,CL-243,distributori,A,1,200.00,10.20,179.60
R26-03-01069,2026-03-25,FT-2026-01471,CL-243,distributori,C,1,305.00,4.32,291.82
R26-03-01070,2026-03-26,FT-2026-01004,CL-240,distributori,B,1,120.00,5.16,113.81
R26-03-01071,2026-03-26,FT-2026-01004,CL-240,distributori,B,1,120.00,4.47,114.64
R26-03-01072,2026-03-26,FT-2026-01004,CL-240,distributori,A,2,200.00,9.60,361.60
R26-03-01073,2026-03-26,FT-2026-01015,CL-240,distributori,B,2,120.00,6.12,225.32
R26-03-01074,2026-03-26,FT-2026-01015,CL-240,distributori,B,3,120.00,6.88,335.25
R26-03-01075,2026-03-26,FT-2026-01015,CL-240,distributori,B,2,120.00,4.79,228.50
R26-03-01076,2026-03-26,FT-2026-01032,CL-027,diretto,B,1,120.00,2.98,116.42
R26-03-01077,2026-03-26,FT-2026-01032,CL-027,diretto,B,1,120.00,6.55,112.14
R26-03-01078,2026-03-26,FT-2026-01032,CL-027,diretto,B,1,120.00,5.52,113.38
R26-03-01079,2026-03-26,FT-2026-01081,CL-172,diretto,B,1,120.00,4.24,114.91
R26-03-01080,2026-03-26,FT-2026-01081,CL-172,diretto,B,2,120.00,4.28,229.72
R26-03-01081,2026-03-26,FT-2026-01081,CL-172,diretto,B,2,120.00,3.33,232.00
R26-03-01082,2026-03-26,FT-2026-01095,CL-036,diretto,B,2,120.00,3.48,231.64
R26-03-01083,2026-03-26,FT-2026-01095,CL-036,diretto,A,3,200.00,11.32,532.08
R26-03-01084,2026-03-26,FT-2026-01095,CL-036,diretto,B,1,120.00,6.14,112.63
R26-03-01085,2026-03-26,FT-2026-01159,CL-229,distributori,B,1,120.00,2.51,116.99
R26-03-01086,2026-03-26,FT-2026-01159,CL-229,distributori,B,1,120.00,5.73,113.13
R26-03-01087,2026-03-26,FT-2026-01159,CL-229,distributori,B,1,120.00,6.33,112.41
R26-03-01088,2026-03-26,FT-2026-01171,CL-025,diretto,C,1,305.00,2.43,297.58
R26-03-01089,2026-03-26,FT-2026-01171,CL-025,diretto,B,1,120.00,3.10,116.28
R26-03-01090,2026-03-26,FT-2026-01171,CL-025,diretto,A,2,200.00,10.88,356.48
R26-03-01091,2026-03-26,FT-2026-01207,CL-027,diretto,B,1,120.00,3.55,115.74
R26-03-01092,2026-03-26,FT-2026-01207,CL-027,diretto,A,1,200.00,9.69,180.63
R26-03-01093,2026-03-26,FT-2026-01207,CL-027,diretto,A,1,200.00,10.32,179.36
R26-03-01094,2026-03-26,FT-2026-01241,CL-039,diretto,B,1,120.00,1.45,118.26
R26-03-01095,2026-03-26,FT-2026-01241,CL-039,diretto,A,2,200.00,11.50,354.00
R26-03-01096,2026-03-26,FT-2026-01241,CL-039,diretto,A,4,200.00,11.30,709.60
R26-03-01097,2026-03-26,FT-2026-01279,CL-244,distributori,A,1,200.00,10.96,178.08
R26-03-01098,2026-03-26,FT-2026-01279,CL-244,distributori,A,1,200.00,7.58,184.84
R26-03-01099,2026-03-26,FT-2026-01279,CL-244,distributori,A,4,200.00,10.87,713.04
R26-03-01100,2026-03-26,FT-2026-01310,CL-227,distributori,A,2,200.00,9.69,361.26
R26-03-01101,2026-03-26,FT-2026-01310,CL-227,distributori,B,2,120.00,6.39,224.66
R26-03-01102,2026-03-26,FT-2026-01310,CL-227,distributori,A,1,200.00,8.52,182.96
R26-03-01103,2026-03-26,FT-2026-01311,CL-021,diretto,A,2,200.00,5.57,377.74
R26-03-01104,2026-03-26,FT-2026-01311,CL-021,diretto,A,1,200.00,10.09,179.82
R26-03-01105,2026-03-26,FT-2026-01316,CL-238,distributori,C,1,305.00,4.89,290.09
R26-03-01106,2026-03-26,FT-2026-01316,CL-238,distributori,B,1,120.00,7.27,111.28
R26-03-01107,2026-03-26,FT-2026-01316,CL-238,distributori,B,1,120.00,6.52,112.18
R26-03-01108,2026-03-26,FT-2026-01323,CL-030,diretto,B,1,120.00,3.70,115.56
R26-03-01109,2026-03-26,FT-2026-01323,CL-030,diretto,B,3,120.00,2.01,352.77
R26-03-01110,2026-03-26,FT-2026-01341,CL-229,distributori,C,1,305.00,5.98,286.76
R26-03-01111,2026-03-26,FT-2026-01341,CL-229,distributori,B,1,120.00,2.99,116.41
R26-03-01112,2026-03-26,FT-2026-01371,CL-224,distributori,B,1,120.00,2.87,116.56
R26-03-01113,2026-03-26,FT-2026-01371,CL-224,distributori,A,2,200.00,10.05,359.80
R26-03-01114,2026-03-26,FT-2026-01383,CL-014,diretto,B,1,120.00,3.08,116.30
R26-03-01115,2026-03-26,FT-2026-01383,CL-014,diretto,B,1,120.00,6.27,112.48
R26-03-01116,2026-03-26,FT-2026-01383,CL-014,diretto,A,1,200.00,10.12,179.76
R26-03-01117,2026-03-26,FT-2026-01388,CL-027,diretto,A,1,200.00,6.86,186.29
R26-03-01118,2026-03-26,FT-2026-01388,CL-027,diretto,B,2,120.00,3.81,230.86
R26-03-01119,2026-03-26,FT-2026-01388,CL-027,diretto,B,1,120.00,2.83,116.60
R26-03-01120,2026-03-26,FT-2026-01396,CL-021,diretto,B,1,120.00,4.90,114.12
R26-03-01121,2026-03-26,FT-2026-01396,CL-021,diretto,B,1,120.00,6.66,112.01
R26-03-01122,2026-03-26,FT-2026-01411,CL-222,distributori,A,2,200.00,8.94,364.26
R26-03-01123,2026-03-26,FT-2026-01411,CL-222,distributori,B,2,120.00,6.76,223.78
R26-03-01124,2026-03-26,FT-2026-01454,CL-250,distributori,B,2,120.00,5.68,226.36
R26-03-01125,2026-03-26,FT-2026-01454,CL-250,distributori,A,1,200.00,10.49,179.02
R26-03-01126,2026-03-26,FT-2026-01459,CL-014,diretto,B,2,120.00,1.44,236.54
R26-03-01127,2026-03-26,FT-2026-01459,CL-014,diretto,B,2,120.00,2.42,234.20
R26-03-01128,2026-03-26,FT-2026-01459,CL-014,diretto,B,1,120.00,5.97,112.84
R26-03-01129,2026-03-26,FT-2026-01465,CL-240,distributori,B,1,120.00,5.84,112.99
R26-03-01130,2026-03-26,FT-2026-01465,CL-240,distributori,B,3,120.00,7.30,333.72
R26-03-01131,2026-03-26,FT-2026-01465,CL-240,distributori,B,1,120.00,3.57,115.72
R26-03-01132,2026-03-27,FT-2026-01044,CL-230,distributori,B,2,120.00,3.74,231.02
R26-03-01133,2026-03-27,FT-2026-01044,CL-230,distributori,C,1,305.00,3.00,295.86
R26-03-01134,2026-03-27,FT-2026-01044,CL-230,distributori,B,3,120.00,3.08,348.90
R26-03-01135,2026-03-27,FT-2026-01050,CL-252,distributori,B,1,120.00,5.56,113.33
R26-03-01136,2026-03-27,FT-2026-01050,CL-252,distributori,A,2,200.00,9.24,363.04
R26-03-01137,2026-03-27,FT-2026-01061,CL-244,distributori,C,1,305.00,6.25,285.94
R26-03-01138,2026-03-27,FT-2026-01061,CL-244,distributori,A,2,200.00,10.44,358.26
R26-03-01139,2026-03-27,FT-2026-01085,CL-035,diretto,B,1,120.00,3.45,115.86
R26-03-01140,2026-03-27,FT-2026-01085,CL-035,diretto,B,2,120.00,0.35,239.16
R26-03-01141,2026-03-27,FT-2026-01089,CL-258,distributori,C,3,305.00,6.35,856.92
R26-03-01142,2026-03-27,FT-2026-01089,CL-258,distributori,B,2,120.00,5.88,225.88
R26-03-01143,2026-03-27,FT-2026-01091,CL-007,diretto,A,1,200.00,7.81,184.39
R26-03-01144,2026-03-27,FT-2026-01091,CL-007,diretto,B,1,120.00,3.74,115.51
R26-03-01145,2026-03-27,FT-2026-01134,CL-237,distributori,B,1,120.00,6.73,111.92
R26-03-01146,2026-03-27,FT-2026-01134,CL-237,distributori,B,2,120.00,5.61,226.54
R26-03-01147,2026-03-27,FT-2026-01160,CL-256,distributori,C,2,305.00,5.53,576.28
R26-03-01148,2026-03-27,FT-2026-01160,CL-256,distributori,B,2,120.00,3.68,231.18
R26-03-01149,2026-03-27,FT-2026-01160,CL-256,distributori,B,1,120.00,3.38,115.95
R26-03-01150,2026-03-27,FT-2026-01185,CL-240,distributori,B,1,120.00,4.45,114.66
R26-03-01151,2026-03-27,FT-2026-01185,CL-240,distributori,B,2,120.00,5.18,227.56
R26-03-01152,2026-03-27,FT-2026-01185,CL-240,distributori,A,2,200.00,9.94,360.26
R26-03-01153,2026-03-27,FT-2026-01189,CL-039,diretto,B,1,120.00,4.47,114.64
R26-03-01154,2026-03-27,FT-2026-01189,CL-039,diretto,B,3,120.00,7.09,334.47
R26-03-01155,2026-03-27,FT-2026-01212,CL-230,distributori,B,1,120.00,0.69,119.17
R26-03-01156,2026-03-27,FT-2026-01212,CL-230,distributori,A,1,200.00,7.22,185.56
R26-03-01157,2026-03-27,FT-2026-01251,CL-244,distributori,A,2,200.00,10.81,356.78
R26-03-01158,2026-03-27,FT-2026-01251,CL-244,distributori,B,1,120.00,5.25,113.70
R26-03-01159,2026-03-27,FT-2026-01251,CL-244,distributori,A,2,200.00,9.06,363.76
R26-03-01160,2026-03-27,FT-2026-01260,CL-121,diretto,A,2,200.00,7.77,368.92
R26-03-01161,2026-03-27,FT-2026-01260,CL-121,diretto,B,1,120.00,3.18,116.19
R26-03-01162,2026-03-27,FT-2026-01261,CL-014,diretto,A,1,200.00,9.41,181.18
R26-03-01163,2026-03-27,FT-2026-01261,CL-014,diretto,B,1,120.00,5.58,113.30
R26-03-01164,2026-03-27,FT-2026-01264,CL-219,distributori,B,1,120.00,7.00,111.60
R26-03-01165,2026-03-27,FT-2026-01264,CL-219,distributori,A,1,200.00,9.98,180.04
R26-03-01166,2026-03-27,FT-2026-01264,CL-219,distributori,B,2,120.00,6.71,223.90
R26-03-01167,2026-03-27,FT-2026-01276,CL-221,distributori,A,1,200.00,10.00,180.00
R26-03-01168,2026-03-27,FT-2026-01276,CL-221,distributori,B,1,120.00,5.75,113.10
R26-03-01169,2026-03-27,FT-2026-01276,CL-221,distributori,B,1,120.00,2.74,116.71
R26-03-01170,2026-03-27,FT-2026-01307,CL-035,diretto,B,3,120.00,3.81,346.29
R26-03-01171,2026-03-27,FT-2026-01307,CL-035,diretto,B,2,120.00,5.89,225.86
R26-03-01172,2026-03-27,FT-2026-01307,CL-035,diretto,B,1,120.00,5.23,113.72
R26-03-01173,2026-03-27,FT-2026-01318,CL-240,distributori,B,2,120.00,5.65,226.44
R26-03-01174,2026-03-27,FT-2026-01318,CL-240,distributori,C,1,305.00,4.36,291.71
R26-03-01175,2026-03-27,FT-2026-01366,CL-037,diretto,A,2,200.00,9.04,363.86
R26-03-01176,2026-03-27,FT-2026-01366,CL-037,diretto,A,1,200.00,7.12,185.77
R26-03-01177,2026-03-27,FT-2026-01379,CL-226,distributori,B,1,120.00,6.62,112.06
R26-03-01178,2026-03-27,FT-2026-01379,CL-226,distributori,B,1,120.00,4.53,114.57
R26-03-01179,2026-03-27,FT-2026-01407,CL-011,diretto,A,2,200.00,7.31,370.76
R26-03-01180,2026-03-27,FT-2026-01407,CL-011,diretto,A,1,200.00,9.62,180.77
R26-03-01181,2026-03-27,FT-2026-01407,CL-011,diretto,B,3,120.00,3.26,348.27
R26-03-01182,2026-03-27,FT-2026-01419,CL-258,distributori,A,1,200.00,10.62,178.76
R26-03-01183,2026-03-27,FT-2026-01419,CL-258,distributori,B,1,120.00,2.61,116.87
R26-03-01184,2026-03-27,FT-2026-01419,CL-258,distributori,B,1,120.00,3.69,115.57
R26-03-01185,2026-03-27,FT-2026-01468,CL-234,distributori,B,1,120.00,5.58,113.31
R26-03-01186,2026-03-27,FT-2026-01468,CL-234,distributori,A,1,200.00,9.79,180.42
R26-03-01187,2026-03-27,FT-2026-01495,CL-234,distributori,B,1,120.00,6.28,112.46
R26-03-01188,2026-03-27,FT-2026-01495,CL-234,distributori,B,1,120.00,3.47,115.84
R26-03-01189,2026-03-27,FT-2026-01495,CL-234,distributori,B,1,120.00,6.46,112.25
R26-03-01190,2026-03-30,FT-2026-01019,CL-220,distributori,A,1,200.00,11.52,176.96
R26-03-01191,2026-03-30,FT-2026-01019,CL-220,distributori,B,2,120.00,6.78,223.74
R26-03-01192,2026-03-30,FT-2026-01022,CL-040,diretto,B,1,120.00,4.20,114.96
R26-03-01193,2026-03-30,FT-2026-01022,CL-040,diretto,B,1,120.00,7.38,111.15
R26-03-01194,2026-03-30,FT-2026-01029,CL-223,distributori,B,1,120.00,6.22,112.54
R26-03-01195,2026-03-30,FT-2026-01029,CL-223,distributori,A,1,200.00,8.41,183.19
R26-03-01196,2026-03-30,FT-2026-01029,CL-223,distributori,A,3,200.00,9.51,542.94
R26-03-01197,2026-03-30,FT-2026-01047,CL-078,diretto,C,1,305.00,3.97,292.90
R26-03-01198,2026-03-30,FT-2026-01047,CL-078,diretto,A,1,200.00,10.33,179.34
R26-03-01199,2026-03-30,FT-2026-01063,CL-254,distributori,A,2,200.00,8.93,364.28
R26-03-01200,2026-03-30,FT-2026-01063,CL-254,distributori,B,2,120.00,7.09,222.98
R26-03-01201,2026-03-30,FT-2026-01115,CL-020,diretto,B,1,120.00,2.03,117.57
R26-03-01202,2026-03-30,FT-2026-01115,CL-020,diretto,B,2,120.00,4.48,229.24
R26-03-01203,2026-03-30,FT-2026-01126,CL-219,distributori,A,1,200.00,9.90,180.21
R26-03-01204,2026-03-30,FT-2026-01126,CL-219,distributori,A,1,200.00,9.62,180.77
R26-03-01205,2026-03-30,FT-2026-01126,CL-219,distributori,C,2,305.00,4.07,585.20
R26-03-01206,2026-03-30,FT-2026-01132,CL-226,distributori,B,1,120.00,5.84,112.99
R26-03-01207,2026-03-30,FT-2026-01132,CL-226,distributori,A,3,200.00,11.24,532.56
R26-03-01208,2026-03-30,FT-2026-01145,CL-024,diretto,B,2,120.00,3.19,232.34
R26-03-01209,2026-03-30,FT-2026-01145,CL-024,diretto,C,2,305.00,6.78,568.62
R26-03-01210,2026-03-30,FT-2026-01149,CL-233,distributori,B,1,120.00,6.04,112.75
R26-03-01211,2026-03-30,FT-2026-01149,CL-233,distributori,B,3,120.00,5.01,341.97
R26-03-01212,2026-03-30,FT-2026-01166,CL-250,distributori,B,1,120.00,6.00,112.80
R26-03-01213,2026-03-30,FT-2026-01166,CL-250,distributori,B,2,120.00,4.82,228.44
R26-03-01214,2026-03-30,FT-2026-01166,CL-250,distributori,A,1,200.00,7.25,185.50
R26-03-01215,2026-03-30,FT-2026-01196,CL-220,distributori,B,1,120.00,2.69,116.77
R26-03-01216,2026-03-30,FT-2026-01196,CL-220,distributori,B,1,120.00,6.18,112.58
R26-03-01217,2026-03-30,FT-2026-01210,CL-232,distributori,B,2,120.00,6.66,224.02
R26-03-01218,2026-03-30,FT-2026-01210,CL-232,distributori,A,1,200.00,10.50,179.00
R26-03-01219,2026-03-30,FT-2026-01228,CL-177,diretto,B,1,120.00,4.47,114.64
R26-03-01220,2026-03-30,FT-2026-01228,CL-177,diretto,A,1,200.00,9.50,181.00
R26-03-01221,2026-03-30,FT-2026-01228,CL-177,diretto,B,1,120.00,3.28,116.07
R26-03-01222,2026-03-30,FT-2026-01253,CL-222,distributori,A,2,200.00,10.82,356.72
R26-03-01223,2026-03-30,FT-2026-01253,CL-222,distributori,A,1,200.00,9.22,181.57
R26-03-01224,2026-03-30,FT-2026-01253,CL-222,distributori,C,2,305.00,7.49,564.34
R26-03-01225,2026-03-30,FT-2026-01269,CL-253,distributori,A,1,200.00,10.32,179.36
R26-03-01226,2026-03-30,FT-2026-01269,CL-253,distributori,B,4,120.00,5.12,455.44
R26-03-01227,2026-03-30,FT-2026-01269,CL-253,distributori,A,1,200.00,10.26,179.48
R26-03-01228,2026-03-30,FT-2026-01319,CL-242,distributori,B,1,120.00,6.07,112.72
R26-03-01229,2026-03-30,FT-2026-01319,CL-242,distributori,B,1,120.00,4.32,114.82
R26-03-01230,2026-03-30,FT-2026-01324,CL-250,distributori,B,1,120.00,5.24,113.71
R26-03-01231,2026-03-30,FT-2026-01324,CL-250,distributori,B,1,120.00,6.14,112.63
R26-03-01232,2026-03-30,FT-2026-01324,CL-250,distributori,A,3,200.00,10.33,538.05
R26-03-01233,2026-03-30,FT-2026-01339,CL-019,diretto,A,-1,200.00,9.00,-182.00
R26-03-01234,2026-03-30,FT-2026-01339,CL-019,diretto,B,1,120.00,5.38,113.54
R26-03-01235,2026-03-30,FT-2026-01339,CL-019,diretto,A,1,200.00,7.03,185.94
R26-03-01236,2026-03-30,FT-2026-01378,CL-227,distributori,B,3,120.00,6.07,338.16
R26-03-01237,2026-03-30,FT-2026-01378,CL-227,distributori,B,2,120.00,5.38,227.10
R26-03-01238,2026-03-30,FT-2026-01390,CL-230,distributori,B,1,120.00,5.54,113.35
R26-03-01239,2026-03-30,FT-2026-01390,CL-230,distributori,B,2,120.00,6.05,225.48
R26-03-01240,2026-03-30,FT-2026-01390,CL-230,distributori,A,1,200.00,6.33,187.35
R26-03-01241,2026-03-30,FT-2026-01415,CL-227,distributori,B,2,120.00,6.33,224.80
R26-03-01242,2026-03-30,FT-2026-01415,CL-227,distributori,B,3,120.00,6.19,337.71
R26-03-01243,2026-03-30,FT-2026-01457,CL-236,distributori,B,1,120.00,5.90,112.92
R26-03-01244,2026-03-30,FT-2026-01457,CL-236,distributori,B,1,120.00,4.84,114.19
R26-03-01245,2026-03-30,FT-2026-01457,CL-236,distributori,B,2,120.00,6.68,223.96
R26-03-01246,2026-03-30,FT-2026-01486,CL-238,distributori,B,1,120.00,2.68,116.78
R26-03-01247,2026-03-30,FT-2026-01486,CL-238,distributori,A,3,200.00,11.47,531.21
R26-03-01248,2026-03-31,FT-2026-01009,CL-250,distributori,A,2,200.00,11.26,354.96
R26-03-01249,2026-03-31,FT-2026-01009,CL-250,distributori,B,2,120.00,4.55,229.08
R26-03-01250,2026-03-31,FT-2026-01020,CL-226,distributori,B,1,120.00,7.25,111.30
R26-03-01251,2026-03-31,FT-2026-01020,CL-226,distributori,B,1,120.00,3.19,116.17
R26-03-01252,2026-03-31,FT-2026-01059,CL-146,diretto,B,1,120.00,3.54,115.75
R26-03-01253,2026-03-31,FT-2026-01059,CL-146,diretto,C,1,305.00,7.23,282.94
R26-03-01254,2026-03-31,FT-2026-01059,CL-146,diretto,B,2,120.00,2.68,233.58
R26-03-01255,2026-03-31,FT-2026-01109,CL-246,distributori,B,1,120.00,6.27,112.48
R26-03-01256,2026-03-31,FT-2026-01109,CL-246,distributori,A,1,200.00,8.00,184.00
R26-03-01257,2026-03-31,FT-2026-01125,CL-220,distributori,B,1,120.00,7.14,111.43
R26-03-01258,2026-03-31,FT-2026-01125,CL-220,distributori,B,2,120.00,5.20,227.52
R26-03-01259,2026-03-31,FT-2026-01127,CL-021,diretto,B,1,120.00,4.41,114.71
R26-03-01260,2026-03-31,FT-2026-01127,CL-021,diretto,A,1,200.00,11.59,176.82
R26-03-01261,2026-03-31,FT-2026-01127,CL-021,diretto,A,1,200.00,11.63,176.75
R26-03-01262,2026-03-31,FT-2026-01128,CL-220,distributori,C,1,305.00,6.81,284.24
R26-03-01263,2026-03-31,FT-2026-01128,CL-220,distributori,B,1,120.00,5.19,113.77
R26-03-01264,2026-03-31,FT-2026-01147,CL-258,distributori,B,1,120.00,6.68,111.99
R26-03-01265,2026-03-31,FT-2026-01147,CL-258,distributori,A,1,200.00,11.51,176.99
R26-03-01266,2026-03-31,FT-2026-01147,CL-258,distributori,B,2,120.00,6.42,224.60
R26-03-01267,2026-03-31,FT-2026-01150,CL-196,diretto,C,3,305.00,2.99,887.67
R26-03-01268,2026-03-31,FT-2026-01150,CL-196,diretto,A,1,200.00,11.48,177.05
R26-03-01269,2026-03-31,FT-2026-01162,CL-036,diretto,B,3,120.00,4.23,344.79
R26-03-01270,2026-03-31,FT-2026-01162,CL-036,diretto,A,2,200.00,11.55,353.80
R26-03-01271,2026-03-31,FT-2026-01162,CL-036,diretto,A,2,200.00,7.60,369.60
R26-03-01272,2026-03-31,FT-2026-01175,CL-072,diretto,B,1,120.00,3.42,115.90
R26-03-01273,2026-03-31,FT-2026-01175,CL-072,diretto,A,1,200.00,7.62,184.77
R26-03-01274,2026-03-31,FT-2026-01175,CL-072,diretto,C,1,305.00,7.53,282.02
R26-03-01275,2026-03-31,FT-2026-01277,CL-014,diretto,A,1,200.00,8.32,183.37
R26-03-01276,2026-03-31,FT-2026-01277,CL-014,diretto,A,1,200.00,8.17,183.66
R26-03-01277,2026-03-31,FT-2026-01277,CL-014,diretto,B,3,120.00,6.08,338.10
R26-03-01278,2026-03-31,FT-2026-01355,CL-258,distributori,B,2,120.00,6.48,224.46
R26-03-01279,2026-03-31,FT-2026-01355,CL-258,distributori,A,1,200.00,7.34,185.33
R26-03-01280,2026-03-31,FT-2026-01355,CL-258,distributori,B,3,120.00,3.33,348.00
R26-03-01281,2026-03-31,FT-2026-01382,CL-241,distributori,B,2,120.00,6.90,223.44
R26-03-01282,2026-03-31,FT-2026-01382,CL-241,distributori,A,1,200.00,11.47,177.06
R26-03-01283,2026-03-31,FT-2026-01404,CL-039,diretto,B,2,120.00,4.62,228.92
R26-03-01284,2026-03-31,FT-2026-01404,CL-039,diretto,B,1,120.00,2.99,116.41
R26-03-01285,2026-03-31,FT-2026-01426,CL-021,diretto,B,1,120.00,4.82,114.22
R26-03-01286,2026-03-31,FT-2026-01426,CL-021,diretto,C,1,305.00,5.61,287.90
