consegna_id,codice_cliente,data
CON-00001,CL-014,2025-01-03
CON-00002,CL-014,2025-01-03
CON-00003,CL-101,2025-01-03
CON-00004,CL-116,2025-01-03
CON-00005,CL-219,2025-01-03
CON-00006,CL-014,2025-01-07
CON-00007,CL-014,2025-01-07
CON-00008,CL-017,2025-01-07
CON-00009,CL-018,2025-01-07
CON-00010,CL-020,2025-01-07
CON-00011,CL-020,2025-01-07
CON-00012,CL-023,2025-01-07
CON-00013,CL-023,2025-01-07
CON-00014,CL-032,2025-01-07
CON-00015,CL-060,2025-01-07
CON-00016,CL-065,2025-01-07
CON-00017,CL-068,2025-01-07
CON-00018,CL-074,2025-01-07
CON-00019,CL-103,2025-01-07
CON-00020,CL-148,2025-01-07
CON-00021,CL-149,2025-01-07
CON-00022,CL-164,2025-01-07
CON-00023,CL-169,2025-01-07
CON-00024,CL-177,2025-01-07
CON-00025,CL-182,2025-01-07
CON-00026,CL-190,2025-01-07
CON-00027,CL-196,2025-01-07
CON-00028,CL-212,2025-01-07
CON-00029,CL-213,2025-01-07
CON-00030,CL-219,2025-01-07
CON-00031,CL-219,2025-01-07
CON-00032,CL-224,2025-01-07
CON-00033,CL-224,2025-01-07
CON-00034,CL-226,2025-01-07
CON-00035,CL-228,2025-01-07
CON-00036,CL-229,2025-01-07
CON-00037,CL-238,2025-01-07
CON-00038,CL-239,2025-01-07
CON-00039,CL-245,2025-01-07
CON-00040,CL-245,2025-01-07
CON-00041,CL-076,2025-01-08
CON-00042,CL-009,2025-01-09
CON-00043,CL-032,2025-01-09
CON-00044,CL-042,2025-01-09
CON-00045,CL-139,2025-01-09
CON-00046,CL-222,2025-01-09
CON-00047,CL-232,2025-01-09
CON-00048,CL-252,2025-01-09
CON-00049,CL-010,2025-01-10
CON-00050,CL-028,2025-01-10
CON-00051,CL-054,2025-01-10
CON-00052,CL-090,2025-01-10
CON-00053,CL-168,2025-01-10
CON-00054,CL-210,2025-01-10
CON-00055,CL-224,2025-01-10
CON-00056,CL-226,2025-01-10
CON-00057,CL-229,2025-01-10
CON-00058,CL-229,2025-01-10
CON-00059,CL-229,2025-01-10
CON-00060,CL-232,2025-01-10
CON-00061,CL-233,2025-01-10
CON-00062,CL-238,2025-01-10
CON-00063,CL-241,2025-01-10
CON-00064,CL-251,2025-01-10
CON-00065,CL-252,2025-01-10
CON-00066,CL-253,2025-01-10
CON-00067,CL-253,2025-01-10
CON-00068,CL-003,2025-01-13
CON-00069,CL-005,2025-01-13
CON-00070,CL-008,2025-01-13
CON-00071,CL-010,2025-01-13
CON-00072,CL-014,2025-01-13
CON-00073,CL-014,2025-01-13
CON-00074,CL-018,2025-01-13
CON-00075,CL-022,2025-01-13
CON-00076,CL-026,2025-01-13
CON-00077,CL-034,2025-01-13
CON-00078,CL-072,2025-01-13
CON-00079,CL-075,2025-01-13
CON-00080,CL-099,2025-01-13
CON-00081,CL-180,2025-01-13
CON-00082,CL-107,2025-01-13
CON-00083,CL-114,2025-01-13
CON-00084,CL-116,2025-01-13
CON-00085,CL-122,2025-01-13
CON-00086,CL-124,2025-01-13
CON-00087,CL-132,2025-01-13
CON-00088,CL-134,2025-01-13
CON-00089,CL-164,2025-01-13
CON-00090,CL-172,2025-01-13
CON-00091,CL-174,2025-01-13
CON-00092,CL-176,2025-01-13
CON-00093,CL-184,2025-01-13
CON-00094,CL-219,2025-01-13
CON-00095,CL-220,2025-01-13
CON-00096,CL-224,2025-01-13
CON-00097,CL-224,2025-01-13
CON-00098,CL-224,2025-01-13
CON-00099,CL-227,2025-01-13
CON-00100,CL-227,2025-01-13
CON-00101,CL-230,2025-01-13
CON-00102,CL-230,2025-01-13
CON-00103,CL-233,2025-01-13
CON-00104,CL-233,2025-01-13
CON-00105,CL-234,2025-01-13
CON-00106,CL-235,2025-01-13
CON-00107,CL-236,2025-01-13
CON-00108,CL-237,2025-01-13
CON-00109,CL-237,2025-01-13
CON-00110,CL-242,2025-01-13
CON-00111,CL-242,2025-01-13
CON-00112,CL-243,2025-01-13
CON-00113,CL-245,2025-01-13
CON-00114,CL-249,2025-01-13
CON-00115,CL-250,2025-01-13
CON-00116,CL-251,2025-01-13
CON-00117,CL-253,2025-01-13
CON-00118,CL-255,2025-01-13
CON-00119,CL-255,2025-01-13
CON-00120,CL-255,2025-01-13
CON-00121,CL-258,2025-01-13
CON-00122,CL-258,2025-01-13
CON-00123,CL-258,2025-01-13
CON-00124,CL-015,2025-01-14
CON-00125,CL-018,2025-01-14
CON-00126,CL-025,2025-01-14
CON-00127,CL-047,2025-01-14
CON-00128,CL-087,2025-01-14
CON-00129,CL-089,2025-01-14
CON-00130,CL-202,2025-01-14
CON-00131,CL-219,2025-01-14
CON-00132,CL-221,2025-01-14
CON-00133,CL-224,2025-01-14
CON-00134,CL-234,2025-01-14
CON-00135,CL-238,2025-01-14
CON-00136,CL-238,2025-01-14
CON-00137,CL-250,2025-01-14
CON-00138,CL-258,2025-01-14
CON-00139,CL-006,2025-01-15
CON-00140,CL-011,2025-01-15
CON-00141,CL-013,2025-01-15
CON-00142,CL-024,2025-01-15
CON-00143,CL-052,2025-01-15
CON-00144,CL-095,2025-01-15
CON-00145,CL-138,2025-01-15
CON-00146,CL-221,2025-01-15
CON-00147,CL-221,2025-01-15
CON-00148,CL-223,2025-01-15
CON-00149,CL-224,2025-01-15
CON-00150,CL-226,2025-01-15
CON-00151,CL-226,2025-01-15
CON-00152,CL-239,2025-01-15
CON-00153,CL-246,2025-01-15
CON-00154,CL-246,2025-01-15
CON-00155,CL-009,2025-01-16
CON-00156,CL-023,2025-01-16
CON-00157,CL-031,2025-01-16
CON-00158,CL-041,2025-01-16
CON-00159,CL-043,2025-01-16
CON-00160,CL-054,2025-01-16
CON-00161,CL-101,2025-01-16
CON-00162,CL-125,2025-01-16
CON-00163,CL-212,2025-01-16
CON-00164,CL-220,2025-01-16
CON-00165,CL-220,2025-01-16
CON-00166,CL-222,2025-01-16
CON-00167,CL-228,2025-01-16
CON-00168,CL-230,2025-01-16
CON-00169,CL-236,2025-01-16
CON-00170,CL-237,2025-01-16
CON-00171,CL-241,2025-01-16
CON-00172,CL-246,2025-01-16
CON-00173,CL-249,2025-01-16
CON-00174,CL-003,2025-01-17
CON-00175,CL-010,2025-01-17
CON-00176,CL-031,2025-01-17
CON-00177,CL-031,2025-01-17
CON-00178,CL-039,2025-01-17
CON-00179,CL-069,2025-01-17
CON-00180,CL-092,2025-01-17
CON-00181,CL-142,2025-01-17
CON-00182,CL-147,2025-01-17
CON-00183,CL-154,2025-01-17
CON-00184,CL-175,2025-01-17
CON-00185,CL-203,2025-01-17
CON-00186,CL-224,2025-01-17
CON-00187,CL-229,2025-01-17
CON-00188,CL-250,2025-01-17
CON-00189,CL-252,2025-01-17
CON-00190,CL-252,2025-01-17
CON-00191,CL-002,2025-01-20
CON-00192,CL-005,2025-01-20
CON-00193,CL-005,2025-01-20
CON-00194,CL-011,2025-01-20
CON-00195,CL-012,2025-01-20
CON-00196,CL-013,2025-01-20
CON-00197,CL-014,2025-01-20
CON-00198,CL-018,2025-01-20
CON-00199,CL-026,2025-01-20
CON-00200,CL-026,2025-01-20
CON-00201,CL-026,2025-01-20
CON-00202,CL-028,2025-01-20
CON-00203,CL-028,2025-01-20
CON-00204,CL-028,2025-01-20
CON-00205,CL-033,2025-01-20
CON-00206,CL-033,2025-01-20
CON-00207,CL-038,2025-01-20
CON-00208,CL-043,2025-01-20
CON-00209,CL-047,2025-01-20
CON-00210,CL-050,2025-01-20
CON-00211,CL-054,2025-01-20
CON-00212,CL-062,2025-01-20
CON-00213,CL-063,2025-01-20
CON-00214,CL-084,2025-01-20
CON-00215,CL-086,2025-01-20
CON-00216,CL-090,2025-01-20
CON-00217,CL-099,2025-01-20
CON-00218,CL-101,2025-01-20
CON-00219,CL-103,2025-01-20
CON-00220,CL-109,2025-01-20
CON-00221,CL-116,2025-01-20
CON-00222,CL-116,2025-01-20
CON-00223,CL-118,2025-01-20
CON-00224,CL-120,2025-01-20
CON-00225,CL-124,2025-01-20
CON-00226,CL-126,2025-01-20
CON-00227,CL-127,2025-01-20
CON-00228,CL-132,2025-01-20
CON-00229,CL-140,2025-01-20
CON-00230,CL-151,2025-01-20
CON-00231,CL-157,2025-01-20
CON-00232,CL-158,2025-01-20
CON-00233,CL-160,2025-01-20
CON-00234,CL-164,2025-01-20
CON-00235,CL-175,2025-01-20
CON-00236,CL-185,2025-01-20
CON-00237,CL-185,2025-01-20
CON-00238,CL-212,2025-01-20
CON-00239,CL-214,2025-01-20
CON-00240,CL-217,2025-01-20
CON-00241,CL-219,2025-01-20
CON-00242,CL-221,2025-01-20
CON-00243,CL-228,2025-01-20
CON-00244,CL-232,2025-01-20
CON-00245,CL-236,2025-01-20
CON-00246,CL-236,2025-01-20
CON-00247,CL-244,2025-01-20
CON-00248,CL-245,2025-01-20
CON-00249,CL-249,2025-01-20
CON-00250,CL-249,2025-01-20
CON-00251,CL-252,2025-01-20
CON-00252,CL-252,2025-01-20
CON-00253,CL-252,2025-01-20
CON-00254,CL-252,2025-01-20
CON-00255,CL-252,2025-01-20
CON-00256,CL-253,2025-01-20
CON-00257,CL-253,2025-01-20
CON-00258,CL-256,2025-01-20
CON-00259,CL-257,2025-01-20
CON-00260,CL-257,2025-01-20
CON-00261,CL-004,2025-01-21
CON-00262,CL-014,2025-01-21
CON-00263,CL-021,2025-01-21
CON-00264,CL-033,2025-01-21
CON-00265,CL-087,2025-01-21
CON-00266,CL-099,2025-01-21
CON-00267,CL-136,2025-01-21
CON-00268,CL-156,2025-01-21
CON-00269,CL-219,2025-01-21
CON-00270,CL-223,2025-01-21
CON-00271,CL-224,2025-01-21
CON-00272,CL-241,2025-01-21
CON-00273,CL-250,2025-01-21
CON-00274,CL-254,2025-01-21
CON-00275,CL-009,2025-01-22
CON-00276,CL-014,2025-01-22
CON-00277,CL-102,2025-01-22
CON-00278,CL-113,2025-01-22
CON-00279,CL-170,2025-01-22
CON-00280,CL-235,2025-01-22
CON-00281,CL-237,2025-01-22
CON-00282,CL-252,2025-01-22
CON-00283,CL-258,2025-01-22
CON-00284,CL-013,2025-01-23
CON-00285,CL-014,2025-01-23
CON-00286,CL-014,2025-01-23
CON-00287,CL-028,2025-01-23
CON-00288,CL-033,2025-01-23
CON-00289,CL-057,2025-01-23
CON-00290,CL-076,2025-01-23
CON-00291,CL-077,2025-01-23
CON-00292,CL-098,2025-01-23
CON-00293,CL-137,2025-01-23
CON-00294,CL-219,2025-01-23
CON-00295,CL-224,2025-01-23
CON-00296,CL-229,2025-01-23
CON-00297,CL-230,2025-01-23
CON-00298,CL-232,2025-01-23
CON-00299,CL-238,2025-01-23
CON-00300,CL-242,2025-01-23
CON-00301,CL-244,2025-01-23
CON-00302,CL-251,2025-01-23
CON-00303,CL-007,2025-01-24
CON-00304,CL-010,2025-01-24
CON-00305,CL-010,2025-01-24
CON-00306,CL-014,2025-01-24
CON-00307,CL-014,2025-01-24
CON-00308,CL-014,2025-01-24
CON-00309,CL-015,2025-01-24
CON-00310,CL-017,2025-01-24
CON-00311,CL-033,2025-01-24
CON-00312,CL-076,2025-01-24
CON-00313,CL-146,2025-01-24
CON-00314,CL-219,2025-01-24
CON-00315,CL-224,2025-01-24
CON-00316,CL-227,2025-01-24
CON-00317,CL-229,2025-01-24
CON-00318,CL-230,2025-01-24
CON-00319,CL-233,2025-01-24
CON-00320,CL-234,2025-01-24
CON-00321,CL-241,2025-01-24
CON-00322,CL-247,2025-01-24
CON-00323,CL-258,2025-01-24
CON-00324,CL-258,2025-01-24
CON-00325,CL-002,2025-01-27
CON-00326,CL-004,2025-01-27
CON-00327,CL-004,2025-01-27
CON-00328,CL-008,2025-01-27
CON-00329,CL-008,2025-01-27
CON-00330,CL-010,2025-01-27
CON-00331,CL-014,2025-01-27
CON-00332,CL-014,2025-01-27
CON-00333,CL-014,2025-01-27
CON-00334,CL-014,2025-01-27
CON-00335,CL-017,2025-01-27
CON-00336,CL-018,2025-01-27
CON-00337,CL-023,2025-01-27
CON-00338,CL-025,2025-01-27
CON-00339,CL-026,2025-01-27
CON-00340,CL-032,2025-01-27
CON-00341,CL-050,2025-01-27
CON-00342,CL-055,2025-01-27
CON-00343,CL-088,2025-01-27
CON-00344,CL-089,2025-01-27
CON-00345,CL-107,2025-01-27
CON-00346,CL-123,2025-01-27
CON-00347,CL-129,2025-01-27
CON-00348,CL-133,2025-01-27
CON-00349,CL-135,2025-01-27
CON-00350,CL-149,2025-01-27
CON-00351,CL-174,2025-01-27
CON-00352,CL-181,2025-01-27
CON-00353,CL-182,2025-01-27
CON-00354,CL-207,2025-01-27
CON-00355,CL-216,2025-01-27
CON-00356,CL-224,2025-01-27
CON-00357,CL-224,2025-01-27
CON-00358,CL-224,2025-01-27
CON-00359,CL-224,2025-01-27
CON-00360,CL-228,2025-01-27
CON-00361,CL-230,2025-01-27
CON-00362,CL-231,2025-01-27
CON-00363,CL-235,2025-01-27
CON-00364,CL-235,2025-01-27
CON-00365,CL-238,2025-01-27
CON-00366,CL-240,2025-01-27
CON-00367,CL-242,2025-01-27
CON-00368,CL-244,2025-01-27
CON-00369,CL-244,2025-01-27
CON-00370,CL-244,2025-01-27
CON-00371,CL-251,2025-01-27
CON-00372,CL-252,2025-01-27
CON-00373,CL-252,2025-01-27
CON-00374,CL-253,2025-01-27
CON-00375,CL-255,2025-01-27
CON-00376,CL-255,2025-01-27
CON-00377,CL-255,2025-01-27
CON-00378,CL-258,2025-01-27
CON-00379,CL-014,2025-01-28
CON-00380,CL-023,2025-01-28
CON-00381,CL-224,2025-01-28
CON-00382,CL-226,2025-01-28
CON-00383,CL-234,2025-01-28
CON-00384,CL-235,2025-01-28
CON-00385,CL-251,2025-01-28
CON-00386,CL-254,2025-01-28
CON-00387,CL-009,2025-01-29
CON-00388,CL-010,2025-01-29
CON-00389,CL-014,2025-01-29
CON-00390,CL-052,2025-01-29
CON-00391,CL-104,2025-01-29
CON-00392,CL-153,2025-01-29
CON-00393,CL-177,2025-01-29
CON-00394,CL-220,2025-01-29
CON-00395,CL-225,2025-01-29
CON-00396,CL-257,2025-01-29
CON-00397,CL-008,2025-01-30
CON-00398,CL-008,2025-01-30
CON-00399,CL-012,2025-01-30
CON-00400,CL-014,2025-01-30
CON-00401,CL-019,2025-01-30
CON-00402,CL-031,2025-01-30
CON-00403,CL-164,2025-01-30
CON-00404,CL-224,2025-01-30
CON-00405,CL-244,2025-01-30
CON-00406,CL-251,2025-01-30
CON-00407,CL-257,2025-01-30
CON-00408,CL-003,2025-01-31
CON-00409,CL-010,2025-01-31
CON-00410,CL-014,2025-01-31
CON-00411,CL-014,2025-01-31
CON-00412,CL-019,2025-01-31
CON-00413,CL-020,2025-01-31
CON-00414,CL-023,2025-01-31
CON-00415,CL-027,2025-01-31
CON-00416,CL-040,2025-01-31
CON-00417,CL-064,2025-01-31
CON-00418,CL-103,2025-01-31
CON-00419,CL-154,2025-01-31
CON-00420,CL-167,2025-01-31
CON-00421,CL-168,2025-01-31
CON-00422,CL-174,2025-01-31
CON-00423,CL-205,2025-01-31
CON-00424,CL-206,2025-01-31
CON-00425,CL-209,2025-01-31
CON-00426,CL-224,2025-01-31
CON-00427,CL-224,2025-01-31
CON-00428,CL-228,2025-01-31
CON-00429,CL-229,2025-01-31
CON-00430,CL-229,2025-01-31
CON-00431,CL-234,2025-01-31
CON-00432,CL-238,2025-01-31
CON-00433,CL-242,2025-01-31
CON-00434,CL-243,2025-01-31
CON-00435,CL-253,2025-01-31
CON-00436,CL-254,2025-01-31
CON-00437,CL-258,2025-01-31
CON-00438,CL-002,2025-02-03
CON-00439,CL-004,2025-02-03
CON-00440,CL-006,2025-02-03
CON-00441,CL-008,2025-02-03
CON-00442,CL-009,2025-02-03
CON-00443,CL-010,2025-02-03
CON-00444,CL-014,2025-02-03
CON-00445,CL-019,2025-02-03
CON-00446,CL-026,2025-02-03
CON-00447,CL-030,2025-02-03
CON-00448,CL-033,2025-02-03
CON-00449,CL-043,2025-02-03
CON-00450,CL-049,2025-02-03
CON-00451,CL-086,2025-02-03
CON-00452,CL-096,2025-02-03
CON-00453,CL-101,2025-02-03
CON-00454,CL-108,2025-02-03
CON-00455,CL-113,2025-02-03
CON-00456,CL-115,2025-02-03
CON-00457,CL-135,2025-02-03
CON-00458,CL-154,2025-02-03
CON-00459,CL-166,2025-02-03
CON-00460,CL-213,2025-02-03
CON-00461,CL-225,2025-02-03
CON-00462,CL-225,2025-02-03
CON-00463,CL-225,2025-02-03
CON-00464,CL-225,2025-02-03
CON-00465,CL-226,2025-02-03
CON-00466,CL-226,2025-02-03
CON-00467,CL-229,2025-02-03
CON-00468,CL-231,2025-02-03
CON-00469,CL-235,2025-02-03
CON-00470,CL-235,2025-02-03
CON-00471,CL-236,2025-02-03
CON-00472,CL-237,2025-02-03
CON-00473,CL-243,2025-02-03
CON-00474,CL-244,2025-02-03
CON-00475,CL-245,2025-02-03
CON-00476,CL-246,2025-02-03
CON-00477,CL-247,2025-02-03
CON-00478,CL-250,2025-02-03
CON-00479,CL-252,2025-02-03
CON-00480,CL-252,2025-02-03
CON-00481,CL-256,2025-02-03
CON-00482,CL-258,2025-02-03
CON-00483,CL-005,2025-02-04
CON-00484,CL-011,2025-02-04
CON-00485,CL-014,2025-02-04
CON-00486,CL-015,2025-02-04
CON-00487,CL-031,2025-02-04
CON-00488,CL-051,2025-02-04
CON-00489,CL-065,2025-02-04
CON-00490,CL-150,2025-02-04
CON-00491,CL-203,2025-02-04
CON-00492,CL-229,2025-02-04
CON-00493,CL-242,2025-02-04
CON-00494,CL-246,2025-02-04
CON-00495,CL-055,2025-02-05
CON-00496,CL-074,2025-02-05
CON-00497,CL-087,2025-02-05
CON-00498,CL-103,2025-02-05
CON-00499,CL-125,2025-02-05
CON-00500,CL-219,2025-02-05
CON-00501,CL-223,2025-02-05
CON-00502,CL-236,2025-02-05
CON-00503,CL-245,2025-02-05
CON-00504,CL-252,2025-02-05
CON-00505,CL-005,2025-02-06
CON-00506,CL-008,2025-02-06
CON-00507,CL-009,2025-02-06
CON-00508,CL-019,2025-02-06
CON-00509,CL-019,2025-02-06
CON-00510,CL-050,2025-02-06
CON-00511,CL-070,2025-02-06
CON-00512,CL-077,2025-02-06
CON-00513,CL-160,2025-02-06
CON-00514,CL-193,2025-02-06
CON-00515,CL-215,2025-02-06
CON-00516,CL-224,2025-02-06
CON-00517,CL-232,2025-02-06
CON-00518,CL-234,2025-02-06
CON-00519,CL-241,2025-02-06
CON-00520,CL-252,2025-02-06
CON-00521,CL-253,2025-02-06
CON-00522,CL-002,2025-02-07
CON-00523,CL-003,2025-02-07
CON-00524,CL-004,2025-02-07
CON-00525,CL-004,2025-02-07
CON-00526,CL-006,2025-02-07
CON-00527,CL-016,2025-02-07
CON-00528,CL-028,2025-02-07
CON-00529,CL-031,2025-02-07
CON-00530,CL-033,2025-02-07
CON-00531,CL-110,2025-02-07
CON-00532,CL-130,2025-02-07
CON-00533,CL-167,2025-02-07
CON-00534,CL-168,2025-02-07
CON-00535,CL-220,2025-02-07
CON-00536,CL-224,2025-02-07
CON-00537,CL-226,2025-02-07
CON-00538,CL-228,2025-02-07
CON-00539,CL-228,2025-02-07
CON-00540,CL-229,2025-02-07
CON-00541,CL-232,2025-02-07
CON-00542,CL-232,2025-02-07
CON-00543,CL-235,2025-02-07
CON-00544,CL-243,2025-02-07
CON-00545,CL-243,2025-02-07
CON-00546,CL-246,2025-02-07
CON-00547,CL-252,2025-02-07
CON-00548,CL-254,2025-02-07
CON-00549,CL-002,2025-02-10
CON-00550,CL-005,2025-02-10
CON-00551,CL-005,2025-02-10
CON-00552,CL-007,2025-02-10
CON-00553,CL-007,2025-02-10
CON-00554,CL-010,2025-02-10
CON-00555,CL-010,2025-02-10
CON-00556,CL-012,2025-02-10
CON-00557,CL-014,2025-02-10
CON-00558,CL-014,2025-02-10
CON-00559,CL-014,2025-02-10
CON-00560,CL-014,2025-02-10
CON-00561,CL-017,2025-02-10
CON-00562,CL-020,2025-02-10
CON-00563,CL-020,2025-02-10
CON-00564,CL-026,2025-02-10
CON-00565,CL-026,2025-02-10
CON-00566,CL-027,2025-02-10
CON-00567,CL-031,2025-02-10
CON-00568,CL-032,2025-02-10
CON-00569,CL-033,2025-02-10
CON-00570,CL-057,2025-02-10
CON-00571,CL-081,2025-02-10
CON-00572,CL-080,2025-02-10
CON-00573,CL-091,2025-02-10
CON-00574,CL-114,2025-02-10
CON-00575,CL-114,2025-02-10
CON-00576,CL-128,2025-02-10
CON-00577,CL-135,2025-02-10
CON-00578,CL-152,2025-02-10
CON-00579,CL-164,2025-02-10
CON-00580,CL-191,2025-02-10
CON-00581,CL-214,2025-02-10
CON-00582,CL-218,2025-02-10
CON-00583,CL-221,2025-02-10
CON-00584,CL-224,2025-02-10
CON-00585,CL-224,2025-02-10
CON-00586,CL-225,2025-02-10
CON-00587,CL-235,2025-02-10
CON-00588,CL-235,2025-02-10
CON-00589,CL-235,2025-02-10
CON-00590,CL-243,2025-02-10
CON-00591,CL-243,2025-02-10
CON-00592,CL-244,2025-02-10
CON-00593,CL-252,2025-02-10
CON-00594,CL-253,2025-02-10
CON-00595,CL-254,2025-02-10
CON-00596,CL-255,2025-02-10
CON-00597,CL-255,2025-02-10
CON-00598,CL-007,2025-02-11
CON-00599,CL-011,2025-02-11
CON-00600,CL-014,2025-02-11
CON-00601,CL-026,2025-02-11
CON-00602,CL-094,2025-02-11
CON-00603,CL-111,2025-02-11
CON-00604,CL-147,2025-02-11
CON-00605,CL-212,2025-02-11
CON-00606,CL-224,2025-02-11
CON-00607,CL-233,2025-02-11
CON-00608,CL-008,2025-02-12
CON-00609,CL-009,2025-02-12
CON-00610,CL-014,2025-02-12
CON-00611,CL-019,2025-02-12
CON-00612,CL-026,2025-02-12
CON-00613,CL-036,2025-02-12
CON-00614,CL-070,2025-02-12
CON-00615,CL-103,2025-02-12
CON-00616,CL-120,2025-02-12
CON-00617,CL-146,2025-02-12
CON-00618,CL-205,2025-02-12
CON-00619,CL-224,2025-02-12
CON-00620,CL-230,2025-02-12
CON-00621,CL-238,2025-02-12
CON-00622,CL-238,2025-02-12
CON-00623,CL-255,2025-02-12
CON-00624,CL-258,2025-02-12
CON-00625,CL-008,2025-02-13
CON-00626,CL-013,2025-02-13
CON-00627,CL-022,2025-02-13
CON-00628,CL-028,2025-02-13
CON-00629,CL-029,2025-02-13
CON-00630,CL-112,2025-02-13
CON-00631,CL-159,2025-02-13
CON-00632,CL-206,2025-02-13
CON-00633,CL-169,2025-02-13
CON-00634,CL-204,2025-02-13
CON-00635,CL-219,2025-02-13
CON-00636,CL-235,2025-02-13
CON-00637,CL-237,2025-02-13
CON-00638,CL-242,2025-02-13
CON-00639,CL-242,2025-02-13
CON-00640,CL-248,2025-02-13
CON-00641,CL-003,2025-02-14
CON-00642,CL-004,2025-02-14
CON-00643,CL-005,2025-02-14
CON-00644,CL-006,2025-02-14
CON-00645,CL-014,2025-02-14
CON-00646,CL-020,2025-02-14
CON-00647,CL-024,2025-02-14
CON-00648,CL-026,2025-02-14
CON-00649,CL-027,2025-02-14
CON-00650,CL-031,2025-02-14
CON-00651,CL-032,2025-02-14
CON-00652,CL-054,2025-02-14
CON-00653,CL-055,2025-02-14
CON-00654,CL-071,2025-02-14
CON-00655,CL-083,2025-02-14
CON-00656,CL-162,2025-02-14
CON-00657,CL-173,2025-02-14
CON-00658,CL-183,2025-02-14
CON-00659,CL-226,2025-02-14
CON-00660,CL-240,2025-02-14
CON-00661,CL-244,2025-02-14
CON-00662,CL-246,2025-02-14
CON-00663,CL-252,2025-02-14
CON-00664,CL-001,2025-02-17
CON-00665,CL-002,2025-02-17
CON-00666,CL-005,2025-02-17
CON-00667,CL-006,2025-02-17
CON-00668,CL-007,2025-02-17
CON-00669,CL-007,2025-02-17
CON-00670,CL-009,2025-02-17
CON-00671,CL-010,2025-02-17
CON-00672,CL-020,2025-02-17
CON-00673,CL-021,2025-02-17
CON-00674,CL-026,2025-02-17
CON-00675,CL-028,2025-02-17
CON-00676,CL-029,2025-02-17
CON-00677,CL-030,2025-02-17
CON-00678,CL-034,2025-02-17
CON-00679,CL-045,2025-02-17
CON-00680,CL-050,2025-02-17
CON-00681,CL-078,2025-02-17
CON-00682,CL-104,2025-02-17
CON-00683,CL-112,2025-02-17
CON-00684,CL-116,2025-02-17
CON-00685,CL-127,2025-02-17
CON-00686,CL-136,2025-02-17
CON-00687,CL-145,2025-02-17
CON-00688,CL-160,2025-02-17
CON-00689,CL-177,2025-02-17
CON-00690,CL-188,2025-02-17
CON-00691,CL-212,2025-02-17
CON-00692,CL-224,2025-02-17
CON-00693,CL-224,2025-02-17
CON-00694,CL-225,2025-02-17
CON-00695,CL-226,2025-02-17
CON-00696,CL-229,2025-02-17
CON-00697,CL-229,2025-02-17
CON-00698,CL-231,2025-02-17
CON-00699,CL-232,2025-02-17
CON-00700,CL-239,2025-02-17
CON-00701,CL-240,2025-02-17
CON-00702,CL-242,2025-02-17
CON-00703,CL-242,2025-02-17
CON-00704,CL-244,2025-02-17
CON-00705,CL-249,2025-02-17
CON-00706,CL-249,2025-02-17
CON-00707,CL-249,2025-02-17
CON-00708,CL-250,2025-02-17
CON-00709,CL-252,2025-02-17
CON-00710,CL-253,2025-02-17
CON-00711,CL-255,2025-02-17
CON-00712,CL-258,2025-02-17
CON-00713,CL-258,2025-02-17
CON-00714,CL-007,2025-02-18
CON-00715,CL-011,2025-02-18
CON-00716,CL-014,2025-02-18
CON-00717,CL-019,2025-02-18
CON-00718,CL-069,2025-02-18
CON-00719,CL-164,2025-02-18
CON-00720,CL-226,2025-02-18
CON-00721,CL-237,2025-02-18
CON-00722,CL-020,2025-02-19
CON-00723,CL-020,2025-02-19
CON-00724,CL-054,2025-02-19
CON-00725,CL-111,2025-02-19
CON-00726,CL-202,2025-02-19
CON-00727,CL-224,2025-02-19
CON-00728,CL-226,2025-02-19
CON-00729,CL-241,2025-02-19
CON-00730,CL-008,2025-02-20
CON-00731,CL-010,2025-02-20
CON-00732,CL-014,2025-02-20
CON-00733,CL-014,2025-02-20
CON-00734,CL-014,2025-02-20
CON-00735,CL-020,2025-02-20
CON-00736,CL-040,2025-02-20
CON-00737,CL-059,2025-02-20
CON-00738,CL-061,2025-02-20
CON-00739,CL-069,2025-02-20
CON-00740,CL-092,2025-02-20
CON-00741,CL-101,2025-02-20
CON-00742,CL-175,2025-02-20
CON-00743,CL-230,2025-02-20
CON-00744,CL-246,2025-02-20
CON-00745,CL-252,2025-02-20
CON-00746,CL-253,2025-02-20
CON-00747,CL-258,2025-02-20
CON-00748,CL-005,2025-02-21
CON-00749,CL-014,2025-02-21
CON-00750,CL-016,2025-02-21
CON-00751,CL-027,2025-02-21
CON-00752,CL-034,2025-02-21
CON-00753,CL-048,2025-02-21
CON-00754,CL-081,2025-02-21
CON-00755,CL-098,2025-02-21
CON-00756,CL-205,2025-02-21
CON-00757,CL-230,2025-02-21
CON-00758,CL-232,2025-02-21
CON-00759,CL-236,2025-02-21
CON-00760,CL-243,2025-02-21
CON-00761,CL-246,2025-02-21
CON-00762,CL-252,2025-02-21
CON-00763,CL-003,2025-02-24
CON-00764,CL-004,2025-02-24
CON-00765,CL-007,2025-02-24
CON-00766,CL-008,2025-02-24
CON-00767,CL-009,2025-02-24
CON-00768,CL-011,2025-02-24
CON-00769,CL-012,2025-02-24
CON-00770,CL-014,2025-02-24
CON-00771,CL-014,2025-02-24
CON-00772,CL-016,2025-02-24
CON-00773,CL-017,2025-02-24
CON-00774,CL-018,2025-02-24
CON-00775,CL-019,2025-02-24
CON-00776,CL-021,2025-02-24
CON-00777,CL-021,2025-02-24
CON-00778,CL-022,2025-02-24
CON-00779,CL-046,2025-02-24
CON-00780,CL-054,2025-02-24
CON-00781,CL-062,2025-02-24
CON-00782,CL-082,2025-02-24
CON-00783,CL-084,2025-02-24
CON-00784,CL-111,2025-02-24
CON-00785,CL-121,2025-02-24
CON-00786,CL-126,2025-02-24
CON-00787,CL-141,2025-02-24
CON-00788,CL-143,2025-02-24
CON-00789,CL-144,2025-02-24
CON-00790,CL-153,2025-02-24
CON-00791,CL-154,2025-02-24
CON-00792,CL-169,2025-02-24
CON-00793,CL-091,2025-02-24
CON-00794,CL-176,2025-02-24
CON-00795,CL-194,2025-02-24
CON-00796,CL-207,2025-02-24
CON-00797,CL-211,2025-02-24
CON-00798,CL-219,2025-02-24
CON-00799,CL-219,2025-02-24
CON-00800,CL-221,2025-02-24
CON-00801,CL-221,2025-02-24
CON-00802,CL-226,2025-02-24
CON-00803,CL-226,2025-02-24
CON-00804,CL-228,2025-02-24
CON-00805,CL-235,2025-02-24
CON-00806,CL-237,2025-02-24
CON-00807,CL-244,2025-02-24
CON-00808,CL-244,2025-02-24
CON-00809,CL-245,2025-02-24
CON-00810,CL-246,2025-02-24
CON-00811,CL-247,2025-02-24
CON-00812,CL-252,2025-02-24
CON-00813,CL-252,2025-02-24
CON-00814,CL-253,2025-02-24
CON-00815,CL-254,2025-02-24
CON-00816,CL-254,2025-02-24
CON-00817,CL-255,2025-02-24
CON-00818,CL-023,2025-02-25
CON-00819,CL-059,2025-02-25
CON-00820,CL-219,2025-02-25
CON-00821,CL-223,2025-02-25
CON-00822,CL-228,2025-02-25
CON-00823,CL-229,2025-02-25
CON-00824,CL-237,2025-02-25
CON-00825,CL-243,2025-02-25
CON-00826,CL-245,2025-02-25
CON-00827,CL-252,2025-02-25
CON-00828,CL-252,2025-02-25
CON-00829,CL-026,2025-02-26
CON-00830,CL-031,2025-02-26
CON-00831,CL-065,2025-02-26
CON-00832,CL-066,2025-02-26
CON-00833,CL-103,2025-02-26
CON-00834,CL-183,2025-02-26
CON-00835,CL-226,2025-02-26
CON-00836,CL-233,2025-02-26
CON-00837,CL-234,2025-02-26
CON-00838,CL-237,2025-02-26
CON-00839,CL-238,2025-02-26
CON-00840,CL-242,2025-02-26
CON-00841,CL-252,2025-02-26
CON-00842,CL-258,2025-02-26
CON-00843,CL-007,2025-02-27
CON-00844,CL-010,2025-02-27
CON-00845,CL-026,2025-02-27
CON-00846,CL-027,2025-02-27
CON-00847,CL-031,2025-02-27
CON-00848,CL-054,2025-02-27
CON-00849,CL-119,2025-02-27
CON-00850,CL-119,2025-02-27
CON-00851,CL-125,2025-02-27
CON-00852,CL-142,2025-02-27
CON-00853,CL-150,2025-02-27
CON-00854,CL-159,2025-02-27
CON-00855,CL-162,2025-02-27
CON-00856,CL-228,2025-02-27
CON-00857,CL-229,2025-02-27
CON-00858,CL-232,2025-02-27
CON-00859,CL-235,2025-02-27
CON-00860,CL-238,2025-02-27
CON-00861,CL-238,2025-02-27
CON-00862,CL-241,2025-02-27
CON-00863,CL-249,2025-02-27
CON-00864,CL-249,2025-02-27
CON-00865,CL-249,2025-02-27
CON-00866,CL-004,2025-02-28
CON-00867,CL-005,2025-02-28
CON-00868,CL-007,2025-02-28
CON-00869,CL-010,2025-02-28
CON-00870,CL-014,2025-02-28
CON-00871,CL-021,2025-02-28
CON-00872,CL-024,2025-02-28
CON-00873,CL-028,2025-02-28
CON-00874,CL-030,2025-02-28
CON-00875,CL-030,2025-02-28
CON-00876,CL-043,2025-02-28
CON-00877,CL-095,2025-02-28
CON-00878,CL-104,2025-02-28
CON-00879,CL-107,2025-02-28
CON-00880,CL-134,2025-02-28
CON-00881,CL-161,2025-02-28
CON-00882,CL-179,2025-02-28
CON-00883,CL-181,2025-02-28
CON-00884,CL-206,2025-02-28
CON-00885,CL-221,2025-02-28
CON-00886,CL-233,2025-02-28
CON-00887,CL-242,2025-02-28
CON-00888,CL-243,2025-02-28
CON-00889,CL-250,2025-02-28
CON-00890,CL-251,2025-02-28
CON-00891,CL-252,2025-02-28
CON-00892,CL-253,2025-02-28
CON-00893,CL-002,2025-03-03
CON-00894,CL-003,2025-03-03
CON-00895,CL-007,2025-03-03
CON-00896,CL-007,2025-03-03
CON-00897,CL-008,2025-03-03
CON-00898,CL-011,2025-03-03
CON-00899,CL-012,2025-03-03
CON-00900,CL-013,2025-03-03
CON-00901,CL-014,2025-03-03
CON-00902,CL-014,2025-03-03
CON-00903,CL-021,2025-03-03
CON-00904,CL-021,2025-03-03
CON-00905,CL-022,2025-03-03
CON-00906,CL-022,2025-03-03
CON-00907,CL-024,2025-03-03
CON-00908,CL-024,2025-03-03
CON-00909,CL-025,2025-03-03
CON-00910,CL-026,2025-03-03
CON-00911,CL-028,2025-03-03
CON-00912,CL-032,2025-03-03
CON-00913,CL-032,2025-03-03
CON-00914,CL-034,2025-03-03
CON-00915,CL-047,2025-03-03
CON-00916,CL-050,2025-03-03
CON-00917,CL-054,2025-03-03
CON-00918,CL-058,2025-03-03
CON-00919,CL-063,2025-03-03
CON-00920,CL-071,2025-03-03
CON-00921,CL-072,2025-03-03
CON-00922,CL-097,2025-03-03
CON-00923,CL-099,2025-03-03
CON-00924,CL-102,2025-03-03
CON-00925,CL-115,2025-03-03
CON-00926,CL-117,2025-03-03
CON-00927,CL-126,2025-03-03
CON-00928,CL-138,2025-03-03
CON-00929,CL-141,2025-03-03
CON-00930,CL-146,2025-03-03
CON-00931,CL-170,2025-03-03
CON-00932,CL-176,2025-03-03
CON-00933,CL-188,2025-03-03
CON-00934,CL-189,2025-03-03
CON-00935,CL-195,2025-03-03
CON-00936,CL-203,2025-03-03
CON-00937,CL-210,2025-03-03
CON-00938,CL-219,2025-03-03
CON-00939,CL-226,2025-03-03
CON-00940,CL-226,2025-03-03
CON-00941,CL-233,2025-03-03
CON-00942,CL-239,2025-03-03
CON-00943,CL-239,2025-03-03
CON-00944,CL-245,2025-03-03
CON-00945,CL-251,2025-03-03
CON-00946,CL-252,2025-03-03
CON-00947,CL-256,2025-03-03
CON-00948,CL-002,2025-03-04
CON-00949,CL-014,2025-03-04
CON-00950,CL-023,2025-03-04
CON-00951,CL-026,2025-03-04
CON-00952,CL-049,2025-03-04
CON-00953,CL-064,2025-03-04
CON-00954,CL-142,2025-03-04
CON-00955,CL-143,2025-03-04
CON-00956,CL-218,2025-03-04
CON-00957,CL-221,2025-03-04
CON-00958,CL-245,2025-03-04
CON-00959,CL-246,2025-03-04
CON-00960,CL-013,2025-03-05
CON-00961,CL-014,2025-03-05
CON-00962,CL-017,2025-03-05
CON-00963,CL-023,2025-03-05
CON-00964,CL-040,2025-03-05
CON-00965,CL-069,2025-03-05
CON-00966,CL-146,2025-03-05
CON-00967,CL-147,2025-03-05
CON-00968,CL-218,2025-03-05
CON-00969,CL-224,2025-03-05
CON-00970,CL-242,2025-03-05
CON-00971,CL-254,2025-03-05
CON-00972,CL-005,2025-03-06
CON-00973,CL-014,2025-03-06
CON-00974,CL-022,2025-03-06
CON-00975,CL-028,2025-03-06
CON-00976,CL-031,2025-03-06
CON-00977,CL-083,2025-03-06
CON-00978,CL-104,2025-03-06
CON-00979,CL-125,2025-03-06
CON-00980,CL-138,2025-03-06
CON-00981,CL-144,2025-03-06
CON-00982,CL-151,2025-03-06
CON-00983,CL-152,2025-03-06
CON-00984,CL-223,2025-03-06
CON-00985,CL-224,2025-03-06
CON-00986,CL-226,2025-03-06
CON-00987,CL-226,2025-03-06
CON-00988,CL-236,2025-03-06
CON-00989,CL-242,2025-03-06
CON-00990,CL-249,2025-03-06
CON-00991,CL-253,2025-03-06
CON-00992,CL-011,2025-03-07
CON-00993,CL-013,2025-03-07
CON-00994,CL-014,2025-03-07
CON-00995,CL-017,2025-03-07
CON-00996,CL-020,2025-03-07
CON-00997,CL-022,2025-03-07
CON-00998,CL-030,2025-03-07
CON-00999,CL-099,2025-03-07
CON-01000,CL-109,2025-03-07
CON-01001,CL-130,2025-03-07
CON-01002,CL-133,2025-03-07
CON-01003,CL-136,2025-03-07
CON-01004,CL-106,2025-03-07
CON-01005,CL-216,2025-03-07
CON-01006,CL-219,2025-03-07
CON-01007,CL-219,2025-03-07
CON-01008,CL-224,2025-03-07
CON-01009,CL-228,2025-03-07
CON-01010,CL-232,2025-03-07
CON-01011,CL-232,2025-03-07
CON-01012,CL-235,2025-03-07
CON-01013,CL-235,2025-03-07
CON-01014,CL-236,2025-03-07
CON-01015,CL-236,2025-03-07
CON-01016,CL-237,2025-03-07
CON-01017,CL-243,2025-03-07
CON-01018,CL-244,2025-03-07
CON-01019,CL-250,2025-03-07
CON-01020,CL-257,2025-03-07
CON-01021,CL-007,2025-03-10
CON-01022,CL-007,2025-03-10
CON-01023,CL-009,2025-03-10
CON-01024,CL-014,2025-03-10
CON-01025,CL-020,2025-03-10
CON-01026,CL-021,2025-03-10
CON-01027,CL-022,2025-03-10
CON-01028,CL-030,2025-03-10
CON-01029,CL-031,2025-03-10
CON-01030,CL-046,2025-03-10
CON-01031,CL-049,2025-03-10
CON-01032,CL-064,2025-03-10
CON-01033,CL-067,2025-03-10
CON-01034,CL-076,2025-03-10
CON-01035,CL-080,2025-03-10
CON-01036,CL-083,2025-03-10
CON-01037,CL-194,2025-03-10
CON-01038,CL-112,2025-03-10
CON-01039,CL-126,2025-03-10
CON-01040,CL-134,2025-03-10
CON-01041,CL-162,2025-03-10
CON-01042,CL-209,2025-03-10
CON-01043,CL-219,2025-03-10
CON-01044,CL-226,2025-03-10
CON-01045,CL-229,2025-03-10
CON-01046,CL-229,2025-03-10
CON-01047,CL-233,2025-03-10
CON-01048,CL-233,2025-03-10
CON-01049,CL-234,2025-03-10
CON-01050,CL-235,2025-03-10
CON-01051,CL-235,2025-03-10
CON-01052,CL-237,2025-03-10
CON-01053,CL-238,2025-03-10
CON-01054,CL-238,2025-03-10
CON-01055,CL-238,2025-03-10
CON-01056,CL-239,2025-03-10
CON-01057,CL-241,2025-03-10
CON-01058,CL-241,2025-03-10
CON-01059,CL-244,2025-03-10
CON-01060,CL-245,2025-03-10
CON-01061,CL-249,2025-03-10
CON-01062,CL-252,2025-03-10
CON-01063,CL-252,2025-03-10
CON-01064,CL-254,2025-03-10
CON-01065,CL-255,2025-03-10
CON-01066,CL-012,2025-03-11
CON-01067,CL-023,2025-03-11
CON-01068,CL-027,2025-03-11
CON-01069,CL-046,2025-03-11
CON-01070,CL-158,2025-03-11
CON-01071,CL-158,2025-03-11
CON-01072,CL-178,2025-03-11
CON-01073,CL-207,2025-03-11
CON-01074,CL-232,2025-03-11
CON-01075,CL-236,2025-03-11
CON-01076,CL-006,2025-03-12
CON-01077,CL-019,2025-03-12
CON-01078,CL-123,2025-03-12
CON-01079,CL-204,2025-03-12
CON-01080,CL-221,2025-03-12
CON-01081,CL-226,2025-03-12
CON-01082,CL-237,2025-03-12
CON-01083,CL-238,2025-03-12
CON-01084,CL-239,2025-03-12
CON-01085,CL-002,2025-03-13
CON-01086,CL-014,2025-03-13
CON-01087,CL-027,2025-03-13
CON-01088,CL-028,2025-03-13
CON-01089,CL-033,2025-03-13
CON-01090,CL-066,2025-03-13
CON-01091,CL-221,2025-03-13
CON-01092,CL-228,2025-03-13
CON-01093,CL-252,2025-03-13
CON-01094,CL-253,2025-03-13
CON-01095,CL-255,2025-03-13
CON-01096,CL-009,2025-03-14
CON-01097,CL-014,2025-03-14
CON-01098,CL-018,2025-03-14
CON-01099,CL-020,2025-03-14
CON-01100,CL-020,2025-03-14
CON-01101,CL-026,2025-03-14
CON-01102,CL-026,2025-03-14
CON-01103,CL-029,2025-03-14
CON-01104,CL-062,2025-03-14
CON-01105,CL-079,2025-03-14
CON-01106,CL-108,2025-03-14
CON-01107,CL-109,2025-03-14
CON-01108,CL-132,2025-03-14
CON-01109,CL-202,2025-03-14
CON-01110,CL-219,2025-03-14
CON-01111,CL-221,2025-03-14
CON-01112,CL-227,2025-03-14
CON-01113,CL-227,2025-03-14
CON-01114,CL-235,2025-03-14
CON-01115,CL-250,2025-03-14
CON-01116,CL-258,2025-03-14
CON-01117,CL-006,2025-03-17
CON-01118,CL-006,2025-03-17
CON-01119,CL-010,2025-03-17
CON-01120,CL-010,2025-03-17
CON-01121,CL-011,2025-03-17
CON-01122,CL-014,2025-03-17
CON-01123,CL-014,2025-03-17
CON-01124,CL-014,2025-03-17
CON-01125,CL-014,2025-03-17
CON-01126,CL-020,2025-03-17
CON-01127,CL-020,2025-03-17
CON-01128,CL-023,2025-03-17
CON-01129,CL-023,2025-03-17
CON-01130,CL-027,2025-03-17
CON-01131,CL-032,2025-03-17
CON-01132,CL-032,2025-03-17
CON-01133,CL-033,2025-03-17
CON-01134,CL-034,2025-03-17
CON-01135,CL-034,2025-03-17
CON-01136,CL-040,2025-03-17
CON-01137,CL-054,2025-03-17
CON-01138,CL-057,2025-03-17
CON-01139,CL-087,2025-03-17
CON-01140,CL-091,2025-03-17
CON-01141,CL-109,2025-03-17
CON-01142,CL-117,2025-03-17
CON-01143,CL-131,2025-03-17
CON-01144,CL-141,2025-03-17
CON-01145,CL-153,2025-03-17
CON-01146,CL-158,2025-03-17
CON-01147,CL-163,2025-03-17
CON-01148,CL-166,2025-03-17
CON-01149,CL-179,2025-03-17
CON-01150,CL-183,2025-03-17
CON-01151,CL-184,2025-03-17
CON-01152,CL-184,2025-03-17
CON-01153,CL-209,2025-03-17
CON-01154,CL-209,2025-03-17
CON-01155,CL-219,2025-03-17
CON-01156,CL-220,2025-03-17
CON-01157,CL-220,2025-03-17
CON-01158,CL-222,2025-03-17
CON-01159,CL-223,2025-03-17
CON-01160,CL-223,2025-03-17
CON-01161,CL-224,2025-03-17
CON-01162,CL-228,2025-03-17
CON-01163,CL-230,2025-03-17
CON-01164,CL-232,2025-03-17
CON-01165,CL-232,2025-03-17
CON-01166,CL-235,2025-03-17
CON-01167,CL-235,2025-03-17
CON-01168,CL-236,2025-03-17
CON-01169,CL-239,2025-03-17
CON-01170,CL-242,2025-03-17
CON-01171,CL-242,2025-03-17
CON-01172,CL-250,2025-03-17
CON-01173,CL-252,2025-03-17
CON-01174,CL-253,2025-03-17
CON-01175,CL-258,2025-03-17
CON-01176,CL-258,2025-03-17
CON-01177,CL-258,2025-03-17
CON-01178,CL-010,2025-03-18
CON-01179,CL-014,2025-03-18
CON-01180,CL-014,2025-03-18
CON-01181,CL-023,2025-03-18
CON-01182,CL-055,2025-03-18
CON-01183,CL-062,2025-03-18
CON-01184,CL-099,2025-03-18
CON-01185,CL-106,2025-03-18
CON-01186,CL-116,2025-03-18
CON-01187,CL-160,2025-03-18
CON-01188,CL-219,2025-03-18
CON-01189,CL-224,2025-03-18
CON-01190,CL-233,2025-03-18
CON-01191,CL-235,2025-03-18
CON-01192,CL-252,2025-03-18
CON-01193,CL-253,2025-03-18
CON-01194,CL-014,2025-03-19
CON-01195,CL-159,2025-03-19
CON-01196,CL-165,2025-03-19
CON-01197,CL-224,2025-03-19
CON-01198,CL-227,2025-03-19
CON-01199,CL-230,2025-03-19
CON-01200,CL-236,2025-03-19
CON-01201,CL-243,2025-03-19
CON-01202,CL-003,2025-03-20
CON-01203,CL-005,2025-03-20
CON-01204,CL-011,2025-03-20
CON-01205,CL-013,2025-03-20
CON-01206,CL-018,2025-03-20
CON-01207,CL-020,2025-03-20
CON-01208,CL-027,2025-03-20
CON-01209,CL-077,2025-03-20
CON-01210,CL-084,2025-03-20
CON-01211,CL-092,2025-03-20
CON-01212,CL-095,2025-03-20
CON-01213,CL-102,2025-03-20
CON-01214,CL-150,2025-03-20
CON-01215,CL-203,2025-03-20
CON-01216,CL-223,2025-03-20
CON-01217,CL-228,2025-03-20
CON-01218,CL-235,2025-03-20
CON-01219,CL-235,2025-03-20
CON-01220,CL-239,2025-03-20
CON-01221,CL-250,2025-03-20
CON-01222,CL-252,2025-03-20
CON-01223,CL-007,2025-03-21
CON-01224,CL-008,2025-03-21
CON-01225,CL-013,2025-03-21
CON-01226,CL-022,2025-03-21
CON-01227,CL-024,2025-03-21
CON-01228,CL-027,2025-03-21
CON-01229,CL-028,2025-03-21
CON-01230,CL-031,2025-03-21
CON-01231,CL-096,2025-03-21
CON-01232,CL-114,2025-03-21
CON-01233,CL-183,2025-03-21
CON-01234,CL-187,2025-03-21
CON-01235,CL-225,2025-03-21
CON-01236,CL-230,2025-03-21
CON-01237,CL-232,2025-03-21
CON-01238,CL-232,2025-03-21
CON-01239,CL-242,2025-03-21
CON-01240,CL-251,2025-03-21
CON-01241,CL-002,2025-03-24
CON-01242,CL-005,2025-03-24
CON-01243,CL-006,2025-03-24
CON-01244,CL-007,2025-03-24
CON-01245,CL-007,2025-03-24
CON-01246,CL-008,2025-03-24
CON-01247,CL-014,2025-03-24
CON-01248,CL-014,2025-03-24
CON-01249,CL-014,2025-03-24
CON-01250,CL-019,2025-03-24
CON-01251,CL-020,2025-03-24
CON-01252,CL-021,2025-03-24
CON-01253,CL-022,2025-03-24
CON-01254,CL-031,2025-03-24
CON-01255,CL-033,2025-03-24
CON-01256,CL-045,2025-03-24
CON-01257,CL-060,2025-03-24
CON-01258,CL-061,2025-03-24
CON-01259,CL-062,2025-03-24
CON-01260,CL-072,2025-03-24
CON-01261,CL-081,2025-03-24
CON-01262,CL-133,2025-03-24
CON-01263,CL-136,2025-03-24
CON-01264,CL-161,2025-03-24
CON-01265,CL-168,2025-03-24
CON-01266,CL-180,2025-03-24
CON-01267,CL-188,2025-03-24
CON-01268,CL-198,2025-03-24
CON-01269,CL-212,2025-03-24
CON-01270,CL-216,2025-03-24
CON-01271,CL-226,2025-03-24
CON-01272,CL-226,2025-03-24
CON-01273,CL-228,2025-03-24
CON-01274,CL-228,2025-03-24
CON-01275,CL-228,2025-03-24
CON-01276,CL-228,2025-03-24
CON-01277,CL-229,2025-03-24
CON-01278,CL-232,2025-03-24
CON-01279,CL-233,2025-03-24
CON-01280,CL-236,2025-03-24
CON-01281,CL-237,2025-03-24
CON-01282,CL-237,2025-03-24
CON-01283,CL-239,2025-03-24
CON-01284,CL-240,2025-03-24
CON-01285,CL-244,2025-03-24
CON-01286,CL-244,2025-03-24
CON-01287,CL-245,2025-03-24
CON-01288,CL-249,2025-03-24
CON-01289,CL-252,2025-03-24
CON-01290,CL-253,2025-03-24
CON-01291,CL-253,2025-03-24
CON-01292,CL-014,2025-03-25
CON-01293,CL-028,2025-03-25
CON-01294,CL-031,2025-03-25
CON-01295,CL-033,2025-03-25
CON-01296,CL-081,2025-03-25
CON-01297,CL-114,2025-03-25
CON-01298,CL-224,2025-03-25
CON-01299,CL-227,2025-03-25
CON-01300,CL-228,2025-03-25
CON-01301,CL-250,2025-03-25
CON-01302,CL-002,2025-03-26
CON-01303,CL-008,2025-03-26
CON-01304,CL-014,2025-03-26
CON-01305,CL-025,2025-03-26
CON-01306,CL-114,2025-03-26
CON-01307,CL-213,2025-03-26
CON-01308,CL-222,2025-03-26
CON-01309,CL-226,2025-03-26
CON-01310,CL-235,2025-03-26
CON-01311,CL-252,2025-03-26
CON-01312,CL-252,2025-03-26
CON-01313,CL-254,2025-03-26
CON-01314,CL-006,2025-03-27
CON-01315,CL-008,2025-03-27
CON-01316,CL-010,2025-03-27
CON-01317,CL-018,2025-03-27
CON-01318,CL-089,2025-03-27
CON-01319,CL-108,2025-03-27
CON-01320,CL-139,2025-03-27
CON-01321,CL-221,2025-03-27
CON-01322,CL-229,2025-03-27
CON-01323,CL-230,2025-03-27
CON-01324,CL-244,2025-03-27
CON-01325,CL-255,2025-03-27
CON-01326,CL-257,2025-03-27
CON-01327,CL-008,2025-03-28
CON-01328,CL-008,2025-03-28
CON-01329,CL-008,2025-03-28
CON-01330,CL-009,2025-03-28
CON-01331,CL-010,2025-03-28
CON-01332,CL-012,2025-03-28
CON-01333,CL-016,2025-03-28
CON-01334,CL-017,2025-03-28
CON-01335,CL-020,2025-03-28
CON-01336,CL-023,2025-03-28
CON-01337,CL-026,2025-03-28
CON-01338,CL-026,2025-03-28
CON-01339,CL-028,2025-03-28
CON-01340,CL-031,2025-03-28
CON-01341,CL-082,2025-03-28
CON-01342,CL-135,2025-03-28
CON-01343,CL-160,2025-03-28
CON-01344,CL-164,2025-03-28
CON-01345,CL-170,2025-03-28
CON-01346,CL-172,2025-03-28
CON-01347,CL-216,2025-03-28
CON-01348,CL-219,2025-03-28
CON-01349,CL-224,2025-03-28
CON-01350,CL-230,2025-03-28
CON-01351,CL-234,2025-03-28
CON-01352,CL-237,2025-03-28
CON-01353,CL-238,2025-03-28
CON-01354,CL-239,2025-03-28
CON-01355,CL-246,2025-03-28
CON-01356,CL-251,2025-03-28
CON-01357,CL-253,2025-03-28
CON-01358,CL-001,2025-03-31
CON-01359,CL-007,2025-03-31
CON-01360,CL-007,2025-03-31
CON-01361,CL-007,2025-03-31
CON-01362,CL-018,2025-03-31
CON-01363,CL-025,2025-03-31
CON-01364,CL-028,2025-03-31
CON-01365,CL-028,2025-03-31
CON-01366,CL-029,2025-03-31
CON-01367,CL-031,2025-03-31
CON-01368,CL-033,2025-03-31
CON-01369,CL-035,2025-03-31
CON-01370,CL-036,2025-03-31
CON-01371,CL-041,2025-03-31
CON-01372,CL-049,2025-03-31
CON-01373,CL-052,2025-03-31
CON-01374,CL-091,2025-03-31
CON-01375,CL-102,2025-03-31
CON-01376,CL-105,2025-03-31
CON-01377,CL-120,2025-03-31
CON-01378,CL-130,2025-03-31
CON-01379,CL-138,2025-03-31
CON-01380,CL-183,2025-03-31
CON-01381,CL-201,2025-03-31
CON-01382,CL-212,2025-03-31
CON-01383,CL-217,2025-03-31
CON-01384,CL-219,2025-03-31
CON-01385,CL-220,2025-03-31
CON-01386,CL-225,2025-03-31
CON-01387,CL-226,2025-03-31
CON-01388,CL-228,2025-03-31
CON-01389,CL-229,2025-03-31
CON-01390,CL-230,2025-03-31
CON-01391,CL-230,2025-03-31
CON-01392,CL-230,2025-03-31
CON-01393,CL-230,2025-03-31
CON-01394,CL-230,2025-03-31
CON-01395,CL-233,2025-03-31
CON-01396,CL-234,2025-03-31
CON-01397,CL-237,2025-03-31
CON-01398,CL-238,2025-03-31
CON-01399,CL-239,2025-03-31
CON-01400,CL-242,2025-03-31
CON-01401,CL-242,2025-03-31
CON-01402,CL-244,2025-03-31
CON-01403,CL-245,2025-03-31
CON-01404,CL-246,2025-03-31
CON-01405,CL-246,2025-03-31
CON-01406,CL-248,2025-03-31
CON-01407,CL-254,2025-03-31
CON-01408,CL-254,2025-03-31
CON-01409,CL-258,2025-03-31
CON-01410,CL-258,2025-03-31
CON-01411,CL-018,2025-04-01
CON-01412,CL-024,2025-04-01
CON-01413,CL-074,2025-04-01
CON-01414,CL-075,2025-04-01
CON-01415,CL-100,2025-04-01
CON-01416,CL-110,2025-04-01
CON-01417,CL-144,2025-04-01
CON-01418,CL-146,2025-04-01
CON-01419,CL-153,2025-04-01
CON-01420,CL-157,2025-04-01
CON-01421,CL-184,2025-04-01
CON-01422,CL-224,2025-04-01
CON-01423,CL-228,2025-04-01
CON-01424,CL-235,2025-04-01
CON-01425,CL-252,2025-04-01
CON-01426,CL-001,2025-04-02
CON-01427,CL-009,2025-04-02
CON-01428,CL-014,2025-04-02
CON-01429,CL-028,2025-04-02
CON-01430,CL-194,2025-04-02
CON-01431,CL-111,2025-04-02
CON-01432,CL-124,2025-04-02
CON-01433,CL-239,2025-04-02
CON-01434,CL-245,2025-04-02
CON-01435,CL-007,2025-04-03
CON-01436,CL-008,2025-04-03
CON-01437,CL-022,2025-04-03
CON-01438,CL-026,2025-04-03
CON-01439,CL-028,2025-04-03
CON-01440,CL-034,2025-04-03
CON-01441,CL-043,2025-04-03
CON-01442,CL-062,2025-04-03
CON-01443,CL-064,2025-04-03
CON-01444,CL-070,2025-04-03
CON-01445,CL-074,2025-04-03
CON-01446,CL-082,2025-04-03
CON-01447,CL-108,2025-04-03
CON-01448,CL-128,2025-04-03
CON-01449,CL-129,2025-04-03
CON-01450,CL-192,2025-04-03
CON-01451,CL-198,2025-04-03
CON-01452,CL-210,2025-04-03
CON-01453,CL-223,2025-04-03
CON-01454,CL-229,2025-04-03
CON-01455,CL-237,2025-04-03
CON-01456,CL-237,2025-04-03
CON-01457,CL-240,2025-04-03
CON-01458,CL-243,2025-04-03
CON-01459,CL-246,2025-04-03
CON-01460,CL-246,2025-04-03
CON-01461,CL-249,2025-04-03
CON-01462,CL-250,2025-04-03
CON-01463,CL-252,2025-04-03
CON-01464,CL-252,2025-04-03
CON-01465,CL-253,2025-04-03
CON-01466,CL-253,2025-04-03
CON-01467,CL-003,2025-04-04
CON-01468,CL-006,2025-04-04
CON-01469,CL-008,2025-04-04
CON-01470,CL-009,2025-04-04
CON-01471,CL-014,2025-04-04
CON-01472,CL-014,2025-04-04
CON-01473,CL-016,2025-04-04
CON-01474,CL-021,2025-04-04
CON-01475,CL-026,2025-04-04
CON-01476,CL-028,2025-04-04
CON-01477,CL-052,2025-04-04
CON-01478,CL-056,2025-04-04
CON-01479,CL-071,2025-04-04
CON-01480,CL-074,2025-04-04
CON-01481,CL-115,2025-04-04
CON-01482,CL-127,2025-04-04
CON-01483,CL-147,2025-04-04
CON-01484,CL-160,2025-04-04
CON-01485,CL-171,2025-04-04
CON-01486,CL-180,2025-04-04
CON-01487,CL-191,2025-04-04
CON-01488,CL-194,2025-04-04
CON-01489,CL-199,2025-04-04
CON-01490,CL-200,2025-04-04
CON-01491,CL-219,2025-04-04
CON-01492,CL-225,2025-04-04
CON-01493,CL-226,2025-04-04
CON-01494,CL-229,2025-04-04
CON-01495,CL-232,2025-04-04
CON-01496,CL-234,2025-04-04
CON-01497,CL-236,2025-04-04
CON-01498,CL-237,2025-04-04
CON-01499,CL-238,2025-04-04
CON-01500,CL-243,2025-04-04
CON-01501,CL-249,2025-04-04
CON-01502,CL-256,2025-04-04
CON-01503,CL-002,2025-04-07
CON-01504,CL-003,2025-04-07
CON-01505,CL-003,2025-04-07
CON-01506,CL-005,2025-04-07
CON-01507,CL-008,2025-04-07
CON-01508,CL-009,2025-04-07
CON-01509,CL-014,2025-04-07
CON-01510,CL-014,2025-04-07
CON-01511,CL-014,2025-04-07
CON-01512,CL-019,2025-04-07
CON-01513,CL-020,2025-04-07
CON-01514,CL-021,2025-04-07
CON-01515,CL-027,2025-04-07
CON-01516,CL-028,2025-04-07
CON-01517,CL-035,2025-04-07
CON-01518,CL-038,2025-04-07
CON-01519,CL-041,2025-04-07
CON-01520,CL-062,2025-04-07
CON-01521,CL-119,2025-04-07
CON-01522,CL-123,2025-04-07
CON-01523,CL-142,2025-04-07
CON-01524,CL-160,2025-04-07
CON-01525,CL-170,2025-04-07
CON-01526,CL-179,2025-04-07
CON-01527,CL-200,2025-04-07
CON-01528,CL-218,2025-04-07
CON-01529,CL-218,2025-04-07
CON-01530,CL-219,2025-04-07
CON-01531,CL-221,2025-04-07
CON-01532,CL-221,2025-04-07
CON-01533,CL-224,2025-04-07
CON-01534,CL-226,2025-04-07
CON-01535,CL-227,2025-04-07
CON-01536,CL-229,2025-04-07
CON-01537,CL-229,2025-04-07
CON-01538,CL-230,2025-04-07
CON-01539,CL-234,2025-04-07
CON-01540,CL-235,2025-04-07
CON-01541,CL-236,2025-04-07
CON-01542,CL-238,2025-04-07
CON-01543,CL-238,2025-04-07
CON-01544,CL-239,2025-04-07
CON-01545,CL-239,2025-04-07
CON-01546,CL-241,2025-04-07
CON-01547,CL-242,2025-04-07
CON-01548,CL-242,2025-04-07
CON-01549,CL-243,2025-04-07
CON-01550,CL-246,2025-04-07
CON-01551,CL-247,2025-04-07
CON-01552,CL-250,2025-04-07
CON-01553,CL-250,2025-04-07
CON-01554,CL-252,2025-04-07
CON-01555,CL-252,2025-04-07
CON-01556,CL-253,2025-04-07
CON-01557,CL-258,2025-04-07
CON-01558,CL-258,2025-04-07
CON-01559,CL-010,2025-04-08
CON-01560,CL-026,2025-04-08
CON-01561,CL-028,2025-04-08
CON-01562,CL-210,2025-04-08
CON-01563,CL-211,2025-04-08
CON-01564,CL-224,2025-04-08
CON-01565,CL-224,2025-04-08
CON-01566,CL-243,2025-04-08
CON-01567,CL-245,2025-04-08
CON-01568,CL-246,2025-04-08
CON-01569,CL-253,2025-04-08
CON-01570,CL-258,2025-04-08
CON-01571,CL-006,2025-04-09
CON-01572,CL-013,2025-04-09
CON-01573,CL-029,2025-04-09
CON-01574,CL-029,2025-04-09
CON-01575,CL-047,2025-04-09
CON-01576,CL-116,2025-04-09
CON-01577,CL-157,2025-04-09
CON-01578,CL-183,2025-04-09
CON-01579,CL-235,2025-04-09
CON-01580,CL-239,2025-04-09
CON-01581,CL-251,2025-04-09
CON-01582,CL-001,2025-04-10
CON-01583,CL-010,2025-04-10
CON-01584,CL-012,2025-04-10
CON-01585,CL-014,2025-04-10
CON-01586,CL-014,2025-04-10
CON-01587,CL-019,2025-04-10
CON-01588,CL-022,2025-04-10
CON-01589,CL-028,2025-04-10
CON-01590,CL-029,2025-04-10
CON-01591,CL-032,2025-04-10
CON-01592,CL-144,2025-04-10
CON-01593,CL-176,2025-04-10
CON-01594,CL-184,2025-04-10
CON-01595,CL-229,2025-04-10
CON-01596,CL-232,2025-04-10
CON-01597,CL-234,2025-04-10
CON-01598,CL-236,2025-04-10
CON-01599,CL-236,2025-04-10
CON-01600,CL-243,2025-04-10
CON-01601,CL-244,2025-04-10
CON-01602,CL-246,2025-04-10
CON-01603,CL-248,2025-04-10
CON-01604,CL-250,2025-04-10
CON-01605,CL-253,2025-04-10
CON-01606,CL-002,2025-04-11
CON-01607,CL-006,2025-04-11
CON-01608,CL-007,2025-04-11
CON-01609,CL-009,2025-04-11
CON-01610,CL-014,2025-04-11
CON-01611,CL-021,2025-04-11
CON-01612,CL-023,2025-04-11
CON-01613,CL-026,2025-04-11
CON-01614,CL-057,2025-04-11
CON-01615,CL-114,2025-04-11
CON-01616,CL-121,2025-04-11
CON-01617,CL-194,2025-04-11
CON-01618,CL-116,2025-04-11
CON-01619,CL-208,2025-04-11
CON-01620,CL-230,2025-04-11
CON-01621,CL-238,2025-04-11
CON-01622,CL-242,2025-04-11
CON-01623,CL-251,2025-04-11
CON-01624,CL-256,2025-04-11
CON-01625,CL-257,2025-04-11
CON-01626,CL-005,2025-04-14
CON-01627,CL-008,2025-04-14
CON-01628,CL-010,2025-04-14
CON-01629,CL-010,2025-04-14
CON-01630,CL-014,2025-04-14
CON-01631,CL-014,2025-04-14
CON-01632,CL-014,2025-04-14
CON-01633,CL-021,2025-04-14
CON-01634,CL-023,2025-04-14
CON-01635,CL-026,2025-04-14
CON-01636,CL-030,2025-04-14
CON-01637,CL-031,2025-04-14
CON-01638,CL-033,2025-04-14
CON-01639,CL-035,2025-04-14
CON-01640,CL-044,2025-04-14
CON-01641,CL-055,2025-04-14
CON-01642,CL-057,2025-04-14
CON-01643,CL-070,2025-04-14
CON-01644,CL-075,2025-04-14
CON-01645,CL-081,2025-04-14
CON-01646,CL-082,2025-04-14
CON-01647,CL-091,2025-04-14
CON-01648,CL-109,2025-04-14
CON-01649,CL-126,2025-04-14
CON-01650,CL-147,2025-04-14
CON-01651,CL-160,2025-04-14
CON-01652,CL-180,2025-04-14
CON-01653,CL-130,2025-04-14
CON-01654,CL-183,2025-04-14
CON-01655,CL-209,2025-04-14
CON-01656,CL-212,2025-04-14
CON-01657,CL-213,2025-04-14
CON-01658,CL-223,2025-04-14
CON-01659,CL-224,2025-04-14
CON-01660,CL-224,2025-04-14
CON-01661,CL-228,2025-04-14
CON-01662,CL-229,2025-04-14
CON-01663,CL-229,2025-04-14
CON-01664,CL-230,2025-04-14
CON-01665,CL-230,2025-04-14
CON-01666,CL-234,2025-04-14
CON-01667,CL-235,2025-04-14
CON-01668,CL-236,2025-04-14
CON-01669,CL-237,2025-04-14
CON-01670,CL-239,2025-04-14
CON-01671,CL-242,2025-04-14
CON-01672,CL-244,2025-04-14
CON-01673,CL-245,2025-04-14
CON-01674,CL-246,2025-04-14
CON-01675,CL-246,2025-04-14
CON-01676,CL-246,2025-04-14
CON-01677,CL-251,2025-04-14
CON-01678,CL-253,2025-04-14
CON-01679,CL-254,2025-04-14
CON-01680,CL-003,2025-04-15
CON-01681,CL-014,2025-04-15
CON-01682,CL-024,2025-04-15
CON-01683,CL-027,2025-04-15
CON-01684,CL-031,2025-04-15
CON-01685,CL-032,2025-04-15
CON-01686,CL-078,2025-04-15
CON-01687,CL-089,2025-04-15
CON-01688,CL-223,2025-04-15
CON-01689,CL-224,2025-04-15
CON-01690,CL-224,2025-04-15
CON-01691,CL-234,2025-04-15
CON-01692,CL-253,2025-04-15
CON-01693,CL-253,2025-04-15
CON-01694,CL-001,2025-04-16
CON-01695,CL-010,2025-04-16
CON-01696,CL-020,2025-04-16
CON-01697,CL-079,2025-04-16
CON-01698,CL-212,2025-04-16
CON-01699,CL-226,2025-04-16
CON-01700,CL-251,2025-04-16
CON-01701,CL-252,2025-04-16
CON-01702,CL-002,2025-04-17
CON-01703,CL-008,2025-04-17
CON-01704,CL-010,2025-04-17
CON-01705,CL-014,2025-04-17
CON-01706,CL-015,2025-04-17
CON-01707,CL-017,2025-04-17
CON-01708,CL-024,2025-04-17
CON-01709,CL-027,2025-04-17
CON-01710,CL-031,2025-04-17
CON-01711,CL-034,2025-04-17
CON-01712,CL-040,2025-04-17
CON-01713,CL-043,2025-04-17
CON-01714,CL-052,2025-04-17
CON-01715,CL-059,2025-04-17
CON-01716,CL-177,2025-04-17
CON-01717,CL-190,2025-04-17
CON-01718,CL-191,2025-04-17
CON-01719,CL-224,2025-04-17
CON-01720,CL-224,2025-04-17
CON-01721,CL-228,2025-04-17
CON-01722,CL-229,2025-04-17
CON-01723,CL-230,2025-04-17
CON-01724,CL-235,2025-04-17
CON-01725,CL-243,2025-04-17
CON-01726,CL-246,2025-04-17
CON-01727,CL-252,2025-04-17
CON-01728,CL-253,2025-04-17
CON-01729,CL-002,2025-04-18
CON-01730,CL-003,2025-04-18
CON-01731,CL-003,2025-04-18
CON-01732,CL-014,2025-04-18
CON-01733,CL-021,2025-04-18
CON-01734,CL-027,2025-04-18
CON-01735,CL-028,2025-04-18
CON-01736,CL-172,2025-04-18
CON-01737,CL-210,2025-04-18
CON-01738,CL-221,2025-04-18
CON-01739,CL-228,2025-04-18
CON-01740,CL-229,2025-04-18
CON-01741,CL-230,2025-04-18
CON-01742,CL-237,2025-04-18
CON-01743,CL-237,2025-04-18
CON-01744,CL-242,2025-04-18
CON-01745,CL-242,2025-04-18
CON-01746,CL-246,2025-04-18
CON-01747,CL-252,2025-04-18
CON-01748,CL-253,2025-04-18
CON-01749,CL-001,2025-04-22
CON-01750,CL-003,2025-04-22
CON-01751,CL-003,2025-04-22
CON-01752,CL-007,2025-04-22
CON-01753,CL-007,2025-04-22
CON-01754,CL-008,2025-04-22
CON-01755,CL-008,2025-04-22
CON-01756,CL-008,2025-04-22
CON-01757,CL-009,2025-04-22
CON-01758,CL-009,2025-04-22
CON-01759,CL-011,2025-04-22
CON-01760,CL-014,2025-04-22
CON-01761,CL-014,2025-04-22
CON-01762,CL-014,2025-04-22
CON-01763,CL-021,2025-04-22
CON-01764,CL-021,2025-04-22
CON-01765,CL-024,2025-04-22
CON-01766,CL-024,2025-04-22
CON-01767,CL-026,2025-04-22
CON-01768,CL-026,2025-04-22
CON-01769,CL-026,2025-04-22
CON-01770,CL-033,2025-04-22
CON-01771,CL-043,2025-04-22
CON-01772,CL-082,2025-04-22
CON-01773,CL-088,2025-04-22
CON-01774,CL-093,2025-04-22
CON-01775,CL-112,2025-04-22
CON-01776,CL-112,2025-04-22
CON-01777,CL-112,2025-04-22
CON-01778,CL-133,2025-04-22
CON-01779,CL-148,2025-04-22
CON-01780,CL-149,2025-04-22
CON-01781,CL-150,2025-04-22
CON-01782,CL-174,2025-04-22
CON-01783,CL-181,2025-04-22
CON-01784,CL-183,2025-04-22
CON-01785,CL-189,2025-04-22
CON-01786,CL-202,2025-04-22
CON-01787,CL-219,2025-04-22
CON-01788,CL-223,2025-04-22
CON-01789,CL-227,2025-04-22
CON-01790,CL-228,2025-04-22
CON-01791,CL-228,2025-04-22
CON-01792,CL-228,2025-04-22
CON-01793,CL-228,2025-04-22
CON-01794,CL-229,2025-04-22
CON-01795,CL-229,2025-04-22
CON-01796,CL-232,2025-04-22
CON-01797,CL-237,2025-04-22
CON-01798,CL-240,2025-04-22
CON-01799,CL-241,2025-04-22
CON-01800,CL-242,2025-04-22
CON-01801,CL-243,2025-04-22
CON-01802,CL-251,2025-04-22
CON-01803,CL-251,2025-04-22
CON-01804,CL-252,2025-04-22
CON-01805,CL-252,2025-04-22
CON-01806,CL-252,2025-04-22
CON-01807,CL-252,2025-04-22
CON-01808,CL-252,2025-04-22
CON-01809,CL-253,2025-04-22
CON-01810,CL-255,2025-04-22
CON-01811,CL-002,2025-04-23
CON-01812,CL-002,2025-04-23
CON-01813,CL-007,2025-04-23
CON-01814,CL-009,2025-04-23
CON-01815,CL-014,2025-04-23
CON-01816,CL-026,2025-04-23
CON-01817,CL-037,2025-04-23
CON-01818,CL-202,2025-04-23
CON-01819,CL-224,2025-04-23
CON-01820,CL-244,2025-04-23
CON-01821,CL-010,2025-04-24
CON-01822,CL-014,2025-04-24
CON-01823,CL-014,2025-04-24
CON-01824,CL-061,2025-04-24
CON-01825,CL-062,2025-04-24
CON-01826,CL-116,2025-04-24
CON-01827,CL-136,2025-04-24
CON-01828,CL-166,2025-04-24
CON-01829,CL-175,2025-04-24
CON-01830,CL-178,2025-04-24
CON-01831,CL-194,2025-04-24
CON-01832,CL-197,2025-04-24
CON-01833,CL-203,2025-04-24
CON-01834,CL-224,2025-04-24
CON-01835,CL-229,2025-04-24
CON-01836,CL-236,2025-04-24
CON-01837,CL-238,2025-04-24
CON-01838,CL-257,2025-04-24
CON-01839,CL-257,2025-04-24
CON-01840,CL-258,2025-04-24
CON-01841,CL-001,2025-04-28
CON-01842,CL-002,2025-04-28
CON-01843,CL-003,2025-04-28
CON-01844,CL-006,2025-04-28
CON-01845,CL-007,2025-04-28
CON-01846,CL-008,2025-04-28
CON-01847,CL-009,2025-04-28
CON-01848,CL-009,2025-04-28
CON-01849,CL-010,2025-04-28
CON-01850,CL-013,2025-04-28
CON-01851,CL-014,2025-04-28
CON-01852,CL-014,2025-04-28
CON-01853,CL-014,2025-04-28
CON-01854,CL-020,2025-04-28
CON-01855,CL-022,2025-04-28
CON-01856,CL-026,2025-04-28
CON-01857,CL-027,2025-04-28
CON-01858,CL-028,2025-04-28
CON-01859,CL-031,2025-04-28
CON-01860,CL-032,2025-04-28
CON-01861,CL-034,2025-04-28
CON-01862,CL-074,2025-04-28
CON-01863,CL-080,2025-04-28
CON-01864,CL-088,2025-04-28
CON-01865,CL-088,2025-04-28
CON-01866,CL-093,2025-04-28
CON-01867,CL-108,2025-04-28
CON-01868,CL-108,2025-04-28
CON-01869,CL-114,2025-04-28
CON-01870,CL-128,2025-04-28
CON-01871,CL-137,2025-04-28
CON-01872,CL-150,2025-04-28
CON-01873,CL-209,2025-04-28
CON-01874,CL-222,2025-04-28
CON-01875,CL-223,2025-04-28
CON-01876,CL-225,2025-04-28
CON-01877,CL-225,2025-04-28
CON-01878,CL-227,2025-04-28
CON-01879,CL-229,2025-04-28
CON-01880,CL-229,2025-04-28
CON-01881,CL-230,2025-04-28
CON-01882,CL-230,2025-04-28
CON-01883,CL-236,2025-04-28
CON-01884,CL-237,2025-04-28
CON-01885,CL-242,2025-04-28
CON-01886,CL-247,2025-04-28
CON-01887,CL-251,2025-04-28
CON-01888,CL-252,2025-04-28
CON-01889,CL-253,2025-04-28
CON-01890,CL-254,2025-04-28
CON-01891,CL-254,2025-04-28
CON-01892,CL-004,2025-04-29
CON-01893,CL-008,2025-04-29
CON-01894,CL-023,2025-04-29
CON-01895,CL-069,2025-04-29
CON-01896,CL-214,2025-04-29
CON-01897,CL-229,2025-04-29
CON-01898,CL-244,2025-04-29
CON-01899,CL-245,2025-04-29
CON-01900,CL-253,2025-04-29
CON-01901,CL-257,2025-04-29
CON-01902,CL-023,2025-04-30
CON-01903,CL-173,2025-04-30
CON-01904,CL-194,2025-04-30
CON-01905,CL-199,2025-04-30
CON-01906,CL-205,2025-04-30
CON-01907,CL-221,2025-04-30
CON-01908,CL-228,2025-04-30
CON-01909,CL-249,2025-04-30
CON-01910,CL-002,2025-05-02
CON-01911,CL-004,2025-05-02
CON-01912,CL-008,2025-05-02
CON-01913,CL-009,2025-05-02
CON-01914,CL-009,2025-05-02
CON-01915,CL-014,2025-05-02
CON-01916,CL-014,2025-05-02
CON-01917,CL-014,2025-05-02
CON-01918,CL-022,2025-05-02
CON-01919,CL-023,2025-05-02
CON-01920,CL-024,2025-05-02
CON-01921,CL-026,2025-05-02
CON-01922,CL-027,2025-05-02
CON-01923,CL-032,2025-05-02
CON-01924,CL-034,2025-05-02
CON-01925,CL-061,2025-05-02
CON-01926,CL-062,2025-05-02
CON-01927,CL-066,2025-05-02
CON-01928,CL-099,2025-05-02
CON-01929,CL-147,2025-05-02
CON-01930,CL-154,2025-05-02
CON-01931,CL-181,2025-05-02
CON-01932,CL-182,2025-05-02
CON-01933,CL-190,2025-05-02
CON-01934,CL-194,2025-05-02
CON-01935,CL-195,2025-05-02
CON-01936,CL-197,2025-05-02
CON-01937,CL-207,2025-05-02
CON-01938,CL-223,2025-05-02
CON-01939,CL-224,2025-05-02
CON-01940,CL-225,2025-05-02
CON-01941,CL-226,2025-05-02
CON-01942,CL-226,2025-05-02
CON-01943,CL-234,2025-05-02
CON-01944,CL-237,2025-05-02
CON-01945,CL-238,2025-05-02
CON-01946,CL-239,2025-05-02
CON-01947,CL-240,2025-05-02
CON-01948,CL-242,2025-05-02
CON-01949,CL-243,2025-05-02
CON-01950,CL-245,2025-05-02
CON-01951,CL-246,2025-05-02
CON-01952,CL-252,2025-05-02
CON-01953,CL-001,2025-05-05
CON-01954,CL-006,2025-05-05
CON-01955,CL-009,2025-05-05
CON-01956,CL-013,2025-05-05
CON-01957,CL-014,2025-05-05
CON-01958,CL-014,2025-05-05
CON-01959,CL-014,2025-05-05
CON-01960,CL-026,2025-05-05
CON-01961,CL-029,2025-05-05
CON-01962,CL-039,2025-05-05
CON-01963,CL-041,2025-05-05
CON-01964,CL-070,2025-05-05
CON-01965,CL-096,2025-05-05
CON-01966,CL-130,2025-05-05
CON-01967,CL-137,2025-05-05
CON-01968,CL-158,2025-05-05
CON-01969,CL-187,2025-05-05
CON-01970,CL-191,2025-05-05
CON-01971,CL-193,2025-05-05
CON-01972,CL-204,2025-05-05
CON-01973,CL-206,2025-05-05
CON-01974,CL-219,2025-05-05
CON-01975,CL-222,2025-05-05
CON-01976,CL-226,2025-05-05
CON-01977,CL-226,2025-05-05
CON-01978,CL-233,2025-05-05
CON-01979,CL-241,2025-05-05
CON-01980,CL-242,2025-05-05
CON-01981,CL-246,2025-05-05
CON-01982,CL-246,2025-05-05
CON-01983,CL-246,2025-05-05
CON-01984,CL-253,2025-05-05
CON-01985,CL-258,2025-05-05
CON-01986,CL-014,2025-05-06
CON-01987,CL-014,2025-05-06
CON-01988,CL-018,2025-05-06
CON-01989,CL-024,2025-05-06
CON-01990,CL-040,2025-05-06
CON-01991,CL-040,2025-05-06
CON-01992,CL-119,2025-05-06
CON-01993,CL-219,2025-05-06
CON-01994,CL-228,2025-05-06
CON-01995,CL-238,2025-05-06
CON-01996,CL-240,2025-05-06
CON-01997,CL-241,2025-05-06
CON-01998,CL-252,2025-05-06
CON-01999,CL-255,2025-05-06
CON-02000,CL-008,2025-05-07
CON-02001,CL-011,2025-05-07
CON-02002,CL-014,2025-05-07
CON-02003,CL-032,2025-05-07
CON-02004,CL-043,2025-05-07
CON-02005,CL-077,2025-05-07
CON-02006,CL-098,2025-05-07
CON-02007,CL-158,2025-05-07
CON-02008,CL-195,2025-05-07
CON-02009,CL-210,2025-05-07
CON-02010,CL-222,2025-05-07
CON-02011,CL-243,2025-05-07
CON-02012,CL-002,2025-05-08
CON-02013,CL-011,2025-05-08
CON-02014,CL-013,2025-05-08
CON-02015,CL-017,2025-05-08
CON-02016,CL-023,2025-05-08
CON-02017,CL-077,2025-05-08
CON-02018,CL-088,2025-05-08
CON-02019,CL-099,2025-05-08
CON-02020,CL-221,2025-05-08
CON-02021,CL-222,2025-05-08
CON-02022,CL-231,2025-05-08
CON-02023,CL-258,2025-05-08
CON-02024,CL-007,2025-05-09
CON-02025,CL-013,2025-05-09
CON-02026,CL-014,2025-05-09
CON-02027,CL-014,2025-05-09
CON-02028,CL-016,2025-05-09
CON-02029,CL-024,2025-05-09
CON-02030,CL-026,2025-05-09
CON-02031,CL-067,2025-05-09
CON-02032,CL-075,2025-05-09
CON-02033,CL-162,2025-05-09
CON-02034,CL-195,2025-05-09
CON-02035,CL-222,2025-05-09
CON-02036,CL-224,2025-05-09
CON-02037,CL-228,2025-05-09
CON-02038,CL-230,2025-05-09
CON-02039,CL-232,2025-05-09
CON-02040,CL-232,2025-05-09
CON-02041,CL-233,2025-05-09
CON-02042,CL-235,2025-05-09
CON-02043,CL-242,2025-05-09
CON-02044,CL-243,2025-05-09
CON-02045,CL-245,2025-05-09
CON-02046,CL-250,2025-05-09
CON-02047,CL-252,2025-05-09
CON-02048,CL-254,2025-05-09
CON-02049,CL-254,2025-05-09
CON-02050,CL-004,2025-05-12
CON-02051,CL-006,2025-05-12
CON-02052,CL-007,2025-05-12
CON-02053,CL-013,2025-05-12
CON-02054,CL-014,2025-05-12
CON-02055,CL-015,2025-05-12
CON-02056,CL-018,2025-05-12
CON-02057,CL-021,2025-05-12
CON-02058,CL-023,2025-05-12
CON-02059,CL-023,2025-05-12
CON-02060,CL-029,2025-05-12
CON-02061,CL-030,2025-05-12
CON-02062,CL-032,2025-05-12
CON-02063,CL-046,2025-05-12
CON-02064,CL-108,2025-05-12
CON-02065,CL-055,2025-05-12
CON-02066,CL-059,2025-05-12
CON-02067,CL-067,2025-05-12
CON-02068,CL-087,2025-05-12
CON-02069,CL-103,2025-05-12
CON-02070,CL-103,2025-05-12
CON-02071,CL-099,2025-05-12
CON-02072,CL-125,2025-05-12
CON-02073,CL-128,2025-05-12
CON-02074,CL-142,2025-05-12
CON-02075,CL-194,2025-05-12
CON-02076,CL-210,2025-05-12
CON-02077,CL-221,2025-05-12
CON-02078,CL-224,2025-05-12
CON-02079,CL-225,2025-05-12
CON-02080,CL-226,2025-05-12
CON-02081,CL-226,2025-05-12
CON-02082,CL-228,2025-05-12
CON-02083,CL-229,2025-05-12
CON-02084,CL-229,2025-05-12
CON-02085,CL-233,2025-05-12
CON-02086,CL-233,2025-05-12
CON-02087,CL-234,2025-05-12
CON-02088,CL-235,2025-05-12
CON-02089,CL-235,2025-05-12
CON-02090,CL-236,2025-05-12
CON-02091,CL-236,2025-05-12
CON-02092,CL-238,2025-05-12
CON-02093,CL-242,2025-05-12
CON-02094,CL-242,2025-05-12
CON-02095,CL-244,2025-05-12
CON-02096,CL-244,2025-05-12
CON-02097,CL-245,2025-05-12
CON-02098,CL-247,2025-05-12
CON-02099,CL-248,2025-05-12
CON-02100,CL-249,2025-05-12
CON-02101,CL-249,2025-05-12
CON-02102,CL-250,2025-05-12
CON-02103,CL-251,2025-05-12
CON-02104,CL-252,2025-05-12
CON-02105,CL-257,2025-05-12
CON-02106,CL-007,2025-05-13
CON-02107,CL-014,2025-05-13
CON-02108,CL-021,2025-05-13
CON-02109,CL-031,2025-05-13
CON-02110,CL-065,2025-05-13
CON-02111,CL-162,2025-05-13
CON-02112,CL-230,2025-05-13
CON-02113,CL-240,2025-05-13
CON-02114,CL-242,2025-05-13
CON-02115,CL-004,2025-05-14
CON-02116,CL-005,2025-05-14
CON-02117,CL-025,2025-05-14
CON-02118,CL-030,2025-05-14
CON-02119,CL-043,2025-05-14
CON-02120,CL-068,2025-05-14
CON-02121,CL-190,2025-05-14
CON-02122,CL-190,2025-05-14
CON-02123,CL-222,2025-05-14
CON-02124,CL-235,2025-05-14
CON-02125,CL-246,2025-05-14
CON-02126,CL-247,2025-05-14
CON-02127,CL-253,2025-05-14
CON-02128,CL-002,2025-05-15
CON-02129,CL-010,2025-05-15
CON-02130,CL-011,2025-05-15
CON-02131,CL-026,2025-05-15
CON-02132,CL-084,2025-05-15
CON-02133,CL-121,2025-05-15
CON-02134,CL-180,2025-05-15
CON-02135,CL-186,2025-05-15
CON-02136,CL-222,2025-05-15
CON-02137,CL-224,2025-05-15
CON-02138,CL-239,2025-05-15
CON-02139,CL-245,2025-05-15
CON-02140,CL-006,2025-05-16
CON-02141,CL-007,2025-05-16
CON-02142,CL-012,2025-05-16
CON-02143,CL-014,2025-05-16
CON-02144,CL-040,2025-05-16
CON-02145,CL-070,2025-05-16
CON-02146,CL-077,2025-05-16
CON-02147,CL-126,2025-05-16
CON-02148,CL-213,2025-05-16
CON-02149,CL-220,2025-05-16
CON-02150,CL-221,2025-05-16
CON-02151,CL-224,2025-05-16
CON-02152,CL-224,2025-05-16
CON-02153,CL-224,2025-05-16
CON-02154,CL-232,2025-05-16
CON-02155,CL-235,2025-05-16
CON-02156,CL-238,2025-05-16
CON-02157,CL-242,2025-05-16
CON-02158,CL-246,2025-05-16
CON-02159,CL-252,2025-05-16
CON-02160,CL-252,2025-05-16
CON-02161,CL-252,2025-05-16
CON-02162,CL-004,2025-05-19
CON-02163,CL-005,2025-05-19
CON-02164,CL-005,2025-05-19
CON-02165,CL-007,2025-05-19
CON-02166,CL-008,2025-05-19
CON-02167,CL-009,2025-05-19
CON-02168,CL-009,2025-05-19
CON-02169,CL-014,2025-05-19
CON-02170,CL-014,2025-05-19
CON-02171,CL-014,2025-05-19
CON-02172,CL-014,2025-05-19
CON-02173,CL-014,2025-05-19
CON-02174,CL-014,2025-05-19
CON-02175,CL-015,2025-05-19
CON-02176,CL-015,2025-05-19
CON-02177,CL-018,2025-05-19
CON-02178,CL-021,2025-05-19
CON-02179,CL-023,2025-05-19
CON-02180,CL-024,2025-05-19
CON-02181,CL-027,2025-05-19
CON-02182,CL-031,2025-05-19
CON-02183,CL-034,2025-05-19
CON-02184,CL-043,2025-05-19
CON-02185,CL-043,2025-05-19
CON-02186,CL-064,2025-05-19
CON-02187,CL-069,2025-05-19
CON-02188,CL-113,2025-05-19
CON-02189,CL-134,2025-05-19
CON-02190,CL-134,2025-05-19
CON-02191,CL-143,2025-05-19
CON-02192,CL-145,2025-05-19
CON-02193,CL-147,2025-05-19
CON-02194,CL-161,2025-05-19
CON-02195,CL-214,2025-05-19
CON-02196,CL-215,2025-05-19
CON-02197,CL-223,2025-05-19
CON-02198,CL-224,2025-05-19
CON-02199,CL-224,2025-05-19
CON-02200,CL-224,2025-05-19
CON-02201,CL-224,2025-05-19
CON-02202,CL-224,2025-05-19
CON-02203,CL-228,2025-05-19
CON-02204,CL-230,2025-05-19
CON-02205,CL-232,2025-05-19
CON-02206,CL-233,2025-05-19
CON-02207,CL-239,2025-05-19
CON-02208,CL-239,2025-05-19
CON-02209,CL-249,2025-05-19
CON-02210,CL-252,2025-05-19
CON-02211,CL-256,2025-05-19
CON-02212,CL-256,2025-05-19
CON-02213,CL-003,2025-05-20
CON-02214,CL-009,2025-05-20
CON-02215,CL-122,2025-05-20
CON-02216,CL-177,2025-05-20
CON-02217,CL-212,2025-05-20
CON-02218,CL-221,2025-05-20
CON-02219,CL-238,2025-05-20
CON-02220,CL-249,2025-05-20
CON-02221,CL-255,2025-05-20
CON-02222,CL-014,2025-05-21
CON-02223,CL-014,2025-05-21
CON-02224,CL-019,2025-05-21
CON-02225,CL-028,2025-05-21
CON-02226,CL-032,2025-05-21
CON-02227,CL-054,2025-05-21
CON-02228,CL-068,2025-05-21
CON-02229,CL-076,2025-05-21
CON-02230,CL-153,2025-05-21
CON-02231,CL-038,2025-05-21
CON-02232,CL-236,2025-05-21
CON-02233,CL-240,2025-05-21
CON-02234,CL-251,2025-05-21
CON-02235,CL-252,2025-05-21
CON-02236,CL-003,2025-05-22
CON-02237,CL-007,2025-05-22
CON-02238,CL-008,2025-05-22
CON-02239,CL-008,2025-05-22
CON-02240,CL-010,2025-05-22
CON-02241,CL-014,2025-05-22
CON-02242,CL-022,2025-05-22
CON-02243,CL-023,2025-05-22
CON-02244,CL-032,2025-05-22
CON-02245,CL-070,2025-05-22
CON-02246,CL-082,2025-05-22
CON-02247,CL-103,2025-05-22
CON-02248,CL-171,2025-05-22
CON-02249,CL-177,2025-05-22
CON-02250,CL-181,2025-05-22
CON-02251,CL-192,2025-05-22
CON-02252,CL-221,2025-05-22
CON-02253,CL-225,2025-05-22
CON-02254,CL-229,2025-05-22
CON-02255,CL-230,2025-05-22
CON-02256,CL-246,2025-05-22
CON-02257,CL-255,2025-05-22
CON-02258,CL-256,2025-05-22
CON-02259,CL-005,2025-05-23
CON-02260,CL-014,2025-05-23
CON-02261,CL-032,2025-05-23
CON-02262,CL-058,2025-05-23
CON-02263,CL-081,2025-05-23
CON-02264,CL-086,2025-05-23
CON-02265,CL-098,2025-05-23
CON-02266,CL-103,2025-05-23
CON-02267,CL-140,2025-05-23
CON-02268,CL-158,2025-05-23
CON-02269,CL-203,2025-05-23
CON-02270,CL-206,2025-05-23
CON-02271,CL-208,2025-05-23
CON-02272,CL-219,2025-05-23
CON-02273,CL-223,2025-05-23
CON-02274,CL-232,2025-05-23
CON-02275,CL-251,2025-05-23
CON-02276,CL-252,2025-05-23
CON-02277,CL-255,2025-05-23
CON-02278,CL-257,2025-05-23
CON-02279,CL-258,2025-05-23
CON-02280,CL-002,2025-05-26
CON-02281,CL-004,2025-05-26
CON-02282,CL-006,2025-05-26
CON-02283,CL-012,2025-05-26
CON-02284,CL-014,2025-05-26
CON-02285,CL-014,2025-05-26
CON-02286,CL-014,2025-05-26
CON-02287,CL-014,2025-05-26
CON-02288,CL-014,2025-05-26
CON-02289,CL-016,2025-05-26
CON-02290,CL-016,2025-05-26
CON-02291,CL-018,2025-05-26
CON-02292,CL-019,2025-05-26
CON-02293,CL-021,2025-05-26
CON-02294,CL-021,2025-05-26
CON-02295,CL-025,2025-05-26
CON-02296,CL-027,2025-05-26
CON-02297,CL-027,2025-05-26
CON-02298,CL-028,2025-05-26
CON-02299,CL-030,2025-05-26
CON-02300,CL-031,2025-05-26
CON-02301,CL-034,2025-05-26
CON-02302,CL-034,2025-05-26
CON-02303,CL-055,2025-05-26
CON-02304,CL-108,2025-05-26
CON-02305,CL-124,2025-05-26
CON-02306,CL-141,2025-05-26
CON-02307,CL-143,2025-05-26
CON-02308,CL-146,2025-05-26
CON-02309,CL-146,2025-05-26
CON-02310,CL-148,2025-05-26
CON-02311,CL-168,2025-05-26
CON-02312,CL-153,2025-05-26
CON-02313,CL-162,2025-05-26
CON-02314,CL-164,2025-05-26
CON-02315,CL-170,2025-05-26
CON-02316,CL-184,2025-05-26
CON-02317,CL-219,2025-05-26
CON-02318,CL-222,2025-05-26
CON-02319,CL-222,2025-05-26
CON-02320,CL-225,2025-05-26
CON-02321,CL-228,2025-05-26
CON-02322,CL-235,2025-05-26
CON-02323,CL-236,2025-05-26
CON-02324,CL-237,2025-05-26
CON-02325,CL-238,2025-05-26
CON-02326,CL-238,2025-05-26
CON-02327,CL-239,2025-05-26
CON-02328,CL-239,2025-05-26
CON-02329,CL-243,2025-05-26
CON-02330,CL-243,2025-05-26
CON-02331,CL-246,2025-05-26
CON-02332,CL-250,2025-05-26
CON-02333,CL-253,2025-05-26
CON-02334,CL-254,2025-05-26
CON-02335,CL-254,2025-05-26
CON-02336,CL-257,2025-05-26
CON-02337,CL-004,2025-05-27
CON-02338,CL-004,2025-05-27
CON-02339,CL-008,2025-05-27
CON-02340,CL-018,2025-05-27
CON-02341,CL-156,2025-05-27
CON-02342,CL-165,2025-05-27
CON-02343,CL-184,2025-05-27
CON-02344,CL-220,2025-05-27
CON-02345,CL-241,2025-05-27
CON-02346,CL-242,2025-05-27
CON-02347,CL-249,2025-05-27
CON-02348,CL-253,2025-05-27
CON-02349,CL-254,2025-05-27
CON-02350,CL-014,2025-05-28
CON-02351,CL-016,2025-05-28
CON-02352,CL-024,2025-05-28
CON-02353,CL-026,2025-05-28
CON-02354,CL-027,2025-05-28
CON-02355,CL-037,2025-05-28
CON-02356,CL-093,2025-05-28
CON-02357,CL-102,2025-05-28
CON-02358,CL-159,2025-05-28
CON-02359,CL-209,2025-05-28
CON-02360,CL-168,2025-05-28
CON-02361,CL-205,2025-05-28
CON-02362,CL-206,2025-05-28
CON-02363,CL-229,2025-05-28
CON-02364,CL-014,2025-05-29
CON-02365,CL-015,2025-05-29
CON-02366,CL-019,2025-05-29
CON-02367,CL-026,2025-05-29
CON-02368,CL-034,2025-05-29
CON-02369,CL-034,2025-05-29
CON-02370,CL-160,2025-05-29
CON-02371,CL-176,2025-05-29
CON-02372,CL-228,2025-05-29
CON-02373,CL-239,2025-05-29
CON-02374,CL-242,2025-05-29
CON-02375,CL-246,2025-05-29
CON-02376,CL-249,2025-05-29
CON-02377,CL-251,2025-05-29
CON-02378,CL-006,2025-05-30
CON-02379,CL-014,2025-05-30
CON-02380,CL-025,2025-05-30
CON-02381,CL-026,2025-05-30
CON-02382,CL-033,2025-05-30
CON-02383,CL-054,2025-05-30
CON-02384,CL-084,2025-05-30
CON-02385,CL-084,2025-05-30
CON-02386,CL-114,2025-05-30
CON-02387,CL-087,2025-05-30
CON-02388,CL-122,2025-05-30
CON-02389,CL-128,2025-05-30
CON-02390,CL-131,2025-05-30
CON-02391,CL-143,2025-05-30
CON-02392,CL-223,2025-05-30
CON-02393,CL-225,2025-05-30
CON-02394,CL-229,2025-05-30
CON-02395,CL-233,2025-05-30
CON-02396,CL-236,2025-05-30
CON-02397,CL-243,2025-05-30
CON-02398,CL-247,2025-05-30
CON-02399,CL-255,2025-05-30
CON-02400,CL-255,2025-05-30
CON-02401,CL-257,2025-05-30
CON-02402,CL-002,2025-06-03
CON-02403,CL-008,2025-06-03
CON-02404,CL-009,2025-06-03
CON-02405,CL-009,2025-06-03
CON-02406,CL-010,2025-06-03
CON-02407,CL-013,2025-06-03
CON-02408,CL-014,2025-06-03
CON-02409,CL-014,2025-06-03
CON-02410,CL-014,2025-06-03
CON-02411,CL-016,2025-06-03
CON-02412,CL-018,2025-06-03
CON-02413,CL-021,2025-06-03
CON-02414,CL-021,2025-06-03
CON-02415,CL-023,2025-06-03
CON-02416,CL-023,2025-06-03
CON-02417,CL-026,2025-06-03
CON-02418,CL-026,2025-06-03
CON-02419,CL-027,2025-06-03
CON-02420,CL-044,2025-06-03
CON-02421,CL-048,2025-06-03
CON-02422,CL-049,2025-06-03
CON-02423,CL-062,2025-06-03
CON-02424,CL-085,2025-06-03
CON-02425,CL-092,2025-06-03
CON-02426,CL-099,2025-06-03
CON-02427,CL-103,2025-06-03
CON-02428,CL-104,2025-06-03
CON-02429,CL-117,2025-06-03
CON-02430,CL-125,2025-06-03
CON-02431,CL-158,2025-06-03
CON-02432,CL-161,2025-06-03
CON-02433,CL-162,2025-06-03
CON-02434,CL-179,2025-06-03
CON-02435,CL-183,2025-06-03
CON-02436,CL-213,2025-06-03
CON-02437,CL-219,2025-06-03
CON-02438,CL-220,2025-06-03
CON-02439,CL-221,2025-06-03
CON-02440,CL-223,2025-06-03
CON-02441,CL-226,2025-06-03
CON-02442,CL-227,2025-06-03
CON-02443,CL-228,2025-06-03
CON-02444,CL-229,2025-06-03
CON-02445,CL-230,2025-06-03
CON-02446,CL-233,2025-06-03
CON-02447,CL-233,2025-06-03
CON-02448,CL-235,2025-06-03
CON-02449,CL-237,2025-06-03
CON-02450,CL-239,2025-06-03
CON-02451,CL-245,2025-06-03
CON-02452,CL-246,2025-06-03
CON-02453,CL-249,2025-06-03
CON-02454,CL-251,2025-06-03
CON-02455,CL-252,2025-06-03
CON-02456,CL-255,2025-06-03
CON-02457,CL-258,2025-06-03
CON-02458,CL-004,2025-06-04
CON-02459,CL-005,2025-06-04
CON-02460,CL-021,2025-06-04
CON-02461,CL-050,2025-06-04
CON-02462,CL-090,2025-06-04
CON-02463,CL-225,2025-06-04
CON-02464,CL-237,2025-06-04
CON-02465,CL-239,2025-06-04
CON-02466,CL-240,2025-06-04
CON-02467,CL-251,2025-06-04
CON-02468,CL-005,2025-06-05
CON-02469,CL-014,2025-06-05
CON-02470,CL-023,2025-06-05
CON-02471,CL-034,2025-06-05
CON-02472,CL-077,2025-06-05
CON-02473,CL-138,2025-06-05
CON-02474,CL-144,2025-06-05
CON-02475,CL-228,2025-06-05
CON-02476,CL-234,2025-06-05
CON-02477,CL-236,2025-06-05
CON-02478,CL-239,2025-06-05
CON-02479,CL-256,2025-06-05
CON-02480,CL-257,2025-06-05
CON-02481,CL-013,2025-06-06
CON-02482,CL-014,2025-06-06
CON-02483,CL-015,2025-06-06
CON-02484,CL-018,2025-06-06
CON-02485,CL-027,2025-06-06
CON-02486,CL-028,2025-06-06
CON-02487,CL-042,2025-06-06
CON-02488,CL-063,2025-06-06
CON-02489,CL-065,2025-06-06
CON-02490,CL-070,2025-06-06
CON-02491,CL-131,2025-06-06
CON-02492,CL-136,2025-06-06
CON-02493,CL-227,2025-06-06
CON-02494,CL-254,2025-06-06
CON-02495,CL-001,2025-06-09
CON-02496,CL-001,2025-06-09
CON-02497,CL-003,2025-06-09
CON-02498,CL-007,2025-06-09
CON-02499,CL-008,2025-06-09
CON-02500,CL-009,2025-06-09
CON-02501,CL-010,2025-06-09
CON-02502,CL-011,2025-06-09
CON-02503,CL-011,2025-06-09
CON-02504,CL-012,2025-06-09
CON-02505,CL-013,2025-06-09
CON-02506,CL-014,2025-06-09
CON-02507,CL-018,2025-06-09
CON-02508,CL-019,2025-06-09
CON-02509,CL-021,2025-06-09
CON-02510,CL-022,2025-06-09
CON-02511,CL-023,2025-06-09
CON-02512,CL-025,2025-06-09
CON-02513,CL-026,2025-06-09
CON-02514,CL-026,2025-06-09
CON-02515,CL-026,2025-06-09
CON-02516,CL-026,2025-06-09
CON-02517,CL-026,2025-06-09
CON-02518,CL-026,2025-06-09
CON-02519,CL-027,2025-06-09
CON-02520,CL-030,2025-06-09
CON-02521,CL-033,2025-06-09
CON-02522,CL-042,2025-06-09
CON-02523,CL-047,2025-06-09
CON-02524,CL-055,2025-06-09
CON-02525,CL-067,2025-06-09
CON-02526,CL-097,2025-06-09
CON-02527,CL-100,2025-06-09
CON-02528,CL-104,2025-06-09
CON-02529,CL-114,2025-06-09
CON-02530,CL-119,2025-06-09
CON-02531,CL-123,2025-06-09
CON-02532,CL-134,2025-06-09
CON-02533,CL-141,2025-06-09
CON-02534,CL-142,2025-06-09
CON-02535,CL-144,2025-06-09
CON-02536,CL-176,2025-06-09
CON-02537,CL-192,2025-06-09
CON-02538,CL-218,2025-06-09
CON-02539,CL-224,2025-06-09
CON-02540,CL-224,2025-06-09
CON-02541,CL-225,2025-06-09
CON-02542,CL-228,2025-06-09
CON-02543,CL-228,2025-06-09
CON-02544,CL-229,2025-06-09
CON-02545,CL-232,2025-06-09
CON-02546,CL-232,2025-06-09
CON-02547,CL-235,2025-06-09
CON-02548,CL-235,2025-06-09
CON-02549,CL-237,2025-06-09
CON-02550,CL-242,2025-06-09
CON-02551,CL-242,2025-06-09
CON-02552,CL-242,2025-06-09
CON-02553,CL-245,2025-06-09
CON-02554,CL-246,2025-06-09
CON-02555,CL-246,2025-06-09
CON-02556,CL-246,2025-06-09
CON-02557,CL-247,2025-06-09
CON-02558,CL-249,2025-06-09
CON-02559,CL-250,2025-06-09
CON-02560,CL-252,2025-06-09
CON-02561,CL-254,2025-06-09
CON-02562,CL-257,2025-06-09
CON-02563,CL-257,2025-06-09
CON-02564,CL-008,2025-06-10
CON-02565,CL-014,2025-06-10
CON-02566,CL-020,2025-06-10
CON-02567,CL-022,2025-06-10
CON-02568,CL-026,2025-06-10
CON-02569,CL-089,2025-06-10
CON-02570,CL-180,2025-06-10
CON-02571,CL-224,2025-06-10
CON-02572,CL-225,2025-06-10
CON-02573,CL-226,2025-06-10
CON-02574,CL-234,2025-06-10
CON-02575,CL-237,2025-06-10
CON-02576,CL-244,2025-06-10
CON-02577,CL-247,2025-06-10
CON-02578,CL-250,2025-06-10
CON-02579,CL-008,2025-06-11
CON-02580,CL-021,2025-06-11
CON-02581,CL-026,2025-06-11
CON-02582,CL-125,2025-06-11
CON-02583,CL-092,2025-06-11
CON-02584,CL-195,2025-06-11
CON-02585,CL-228,2025-06-11
CON-02586,CL-252,2025-06-11
CON-02587,CL-258,2025-06-11
CON-02588,CL-002,2025-06-12
CON-02589,CL-002,2025-06-12
CON-02590,CL-006,2025-06-12
CON-02591,CL-027,2025-06-12
CON-02592,CL-039,2025-06-12
CON-02593,CL-132,2025-06-12
CON-02594,CL-143,2025-06-12
CON-02595,CL-217,2025-06-12
CON-02596,CL-223,2025-06-12
CON-02597,CL-228,2025-06-12
CON-02598,CL-239,2025-06-12
CON-02599,CL-241,2025-06-12
CON-02600,CL-242,2025-06-12
CON-02601,CL-246,2025-06-12
CON-02602,CL-252,2025-06-12
CON-02603,CL-255,2025-06-12
CON-02604,CL-002,2025-06-13
CON-02605,CL-003,2025-06-13
CON-02606,CL-003,2025-06-13
CON-02607,CL-013,2025-06-13
CON-02608,CL-024,2025-06-13
CON-02609,CL-026,2025-06-13
CON-02610,CL-043,2025-06-13
CON-02611,CL-058,2025-06-13
CON-02612,CL-062,2025-06-13
CON-02613,CL-063,2025-06-13
CON-02614,CL-076,2025-06-13
CON-02615,CL-109,2025-06-13
CON-02616,CL-168,2025-06-13
CON-02617,CL-224,2025-06-13
CON-02618,CL-228,2025-06-13
CON-02619,CL-229,2025-06-13
CON-02620,CL-232,2025-06-13
CON-02621,CL-235,2025-06-13
CON-02622,CL-238,2025-06-13
CON-02623,CL-241,2025-06-13
CON-02624,CL-242,2025-06-13
CON-02625,CL-244,2025-06-13
CON-02626,CL-246,2025-06-13
CON-02627,CL-250,2025-06-13
CON-02628,CL-253,2025-06-13
CON-02629,CL-253,2025-06-13
CON-02630,CL-001,2025-06-16
CON-02631,CL-003,2025-06-16
CON-02632,CL-003,2025-06-16
CON-02633,CL-005,2025-06-16
CON-02634,CL-006,2025-06-16
CON-02635,CL-007,2025-06-16
CON-02636,CL-007,2025-06-16
CON-02637,CL-009,2025-06-16
CON-02638,CL-014,2025-06-16
CON-02639,CL-014,2025-06-16
CON-02640,CL-016,2025-06-16
CON-02641,CL-018,2025-06-16
CON-02642,CL-028,2025-06-16
CON-02643,CL-028,2025-06-16
CON-02644,CL-029,2025-06-16
CON-02645,CL-034,2025-06-16
CON-02646,CL-038,2025-06-16
CON-02647,CL-055,2025-06-16
CON-02648,CL-057,2025-06-16
CON-02649,CL-060,2025-06-16
CON-02650,CL-069,2025-06-16
CON-02651,CL-079,2025-06-16
CON-02652,CL-093,2025-06-16
CON-02653,CL-113,2025-06-16
CON-02654,CL-116,2025-06-16
CON-02655,CL-132,2025-06-16
CON-02656,CL-141,2025-06-16
CON-02657,CL-152,2025-06-16
CON-02658,CL-172,2025-06-16
CON-02659,CL-180,2025-06-16
CON-02660,CL-186,2025-06-16
CON-02661,CL-198,2025-06-16
CON-02662,CL-198,2025-06-16
CON-02663,CL-219,2025-06-16
CON-02664,CL-219,2025-06-16
CON-02665,CL-221,2025-06-16
CON-02666,CL-224,2025-06-16
CON-02667,CL-226,2025-06-16
CON-02668,CL-229,2025-06-16
CON-02669,CL-233,2025-06-16
CON-02670,CL-235,2025-06-16
CON-02671,CL-237,2025-06-16
CON-02672,CL-238,2025-06-16
CON-02673,CL-241,2025-06-16
CON-02674,CL-242,2025-06-16
CON-02675,CL-243,2025-06-16
CON-02676,CL-243,2025-06-16
CON-02677,CL-246,2025-06-16
CON-02678,CL-247,2025-06-16
CON-02679,CL-247,2025-06-16
CON-02680,CL-251,2025-06-16
CON-02681,CL-252,2025-06-16
CON-02682,CL-252,2025-06-16
CON-02683,CL-256,2025-06-16
CON-02684,CL-258,2025-06-16
CON-02685,CL-019,2025-06-17
CON-02686,CL-092,2025-06-17
CON-02687,CL-179,2025-06-17
CON-02688,CL-222,2025-06-17
CON-02689,CL-224,2025-06-17
CON-02690,CL-236,2025-06-17
CON-02691,CL-016,2025-06-18
CON-02692,CL-016,2025-06-18
CON-02693,CL-019,2025-06-18
CON-02694,CL-030,2025-06-18
CON-02695,CL-032,2025-06-18
CON-02696,CL-077,2025-06-18
CON-02697,CL-199,2025-06-18
CON-02698,CL-200,2025-06-18
CON-02699,CL-222,2025-06-18
CON-02700,CL-228,2025-06-18
CON-02701,CL-234,2025-06-18
CON-02702,CL-236,2025-06-18
CON-02703,CL-237,2025-06-18
CON-02704,CL-249,2025-06-18
CON-02705,CL-250,2025-06-18
CON-02706,CL-253,2025-06-18
CON-02707,CL-002,2025-06-19
CON-02708,CL-009,2025-06-19
CON-02709,CL-011,2025-06-19
CON-02710,CL-014,2025-06-19
CON-02711,CL-018,2025-06-19
CON-02712,CL-032,2025-06-19
CON-02713,CL-033,2025-06-19
CON-02714,CL-044,2025-06-19
CON-02715,CL-100,2025-06-19
CON-02716,CL-224,2025-06-19
CON-02717,CL-226,2025-06-19
CON-02718,CL-226,2025-06-19
CON-02719,CL-227,2025-06-19
CON-02720,CL-228,2025-06-19
CON-02721,CL-238,2025-06-19
CON-02722,CL-252,2025-06-19
CON-02723,CL-258,2025-06-19
CON-02724,CL-001,2025-06-20
CON-02725,CL-001,2025-06-20
CON-02726,CL-007,2025-06-20
CON-02727,CL-014,2025-06-20
CON-02728,CL-014,2025-06-20
CON-02729,CL-018,2025-06-20
CON-02730,CL-027,2025-06-20
CON-02731,CL-034,2025-06-20
CON-02732,CL-041,2025-06-20
CON-02733,CL-055,2025-06-20
CON-02734,CL-057,2025-06-20
CON-02735,CL-060,2025-06-20
CON-02736,CL-107,2025-06-20
CON-02737,CL-113,2025-06-20
CON-02738,CL-131,2025-06-20
CON-02739,CL-135,2025-06-20
CON-02740,CL-144,2025-06-20
CON-02741,CL-147,2025-06-20
CON-02742,CL-158,2025-06-20
CON-02743,CL-169,2025-06-20
CON-02744,CL-172,2025-06-20
CON-02745,CL-209,2025-06-20
CON-02746,CL-209,2025-06-20
CON-02747,CL-213,2025-06-20
CON-02748,CL-219,2025-06-20
CON-02749,CL-228,2025-06-20
CON-02750,CL-229,2025-06-20
CON-02751,CL-230,2025-06-20
CON-02752,CL-236,2025-06-20
CON-02753,CL-254,2025-06-20
CON-02754,CL-256,2025-06-20
CON-02755,CL-001,2025-06-23
CON-02756,CL-003,2025-06-23
CON-02757,CL-014,2025-06-23
CON-02758,CL-014,2025-06-23
CON-02759,CL-014,2025-06-23
CON-02760,CL-014,2025-06-23
CON-02761,CL-014,2025-06-23
CON-02762,CL-019,2025-06-23
CON-02763,CL-020,2025-06-23
CON-02764,CL-020,2025-06-23
CON-02765,CL-026,2025-06-23
CON-02766,CL-026,2025-06-23
CON-02767,CL-027,2025-06-23
CON-02768,CL-028,2025-06-23
CON-02769,CL-039,2025-06-23
CON-02770,CL-044,2025-06-23
CON-02771,CL-051,2025-06-23
CON-02772,CL-084,2025-06-23
CON-02773,CL-088,2025-06-23
CON-02774,CL-091,2025-06-23
CON-02775,CL-108,2025-06-23
CON-02776,CL-117,2025-06-23
CON-02777,CL-122,2025-06-23
CON-02778,CL-125,2025-06-23
CON-02779,CL-129,2025-06-23
CON-02780,CL-137,2025-06-23
CON-02781,CL-138,2025-06-23
CON-02782,CL-165,2025-06-23
CON-02783,CL-183,2025-06-23
CON-02784,CL-196,2025-06-23
CON-02785,CL-202,2025-06-23
CON-02786,CL-205,2025-06-23
CON-02787,CL-214,2025-06-23
CON-02788,CL-218,2025-06-23
CON-02789,CL-219,2025-06-23
CON-02790,CL-219,2025-06-23
CON-02791,CL-224,2025-06-23
CON-02792,CL-225,2025-06-23
CON-02793,CL-225,2025-06-23
CON-02794,CL-229,2025-06-23
CON-02795,CL-230,2025-06-23
CON-02796,CL-231,2025-06-23
CON-02797,CL-231,2025-06-23
CON-02798,CL-234,2025-06-23
CON-02799,CL-235,2025-06-23
CON-02800,CL-236,2025-06-23
CON-02801,CL-237,2025-06-23
CON-02802,CL-241,2025-06-23
CON-02803,CL-242,2025-06-23
CON-02804,CL-242,2025-06-23
CON-02805,CL-242,2025-06-23
CON-02806,CL-243,2025-06-23
CON-02807,CL-244,2025-06-23
CON-02808,CL-245,2025-06-23
CON-02809,CL-251,2025-06-23
CON-02810,CL-251,2025-06-23
CON-02811,CL-252,2025-06-23
CON-02812,CL-252,2025-06-23
CON-02813,CL-253,2025-06-23
CON-02814,CL-256,2025-06-23
CON-02815,CL-258,2025-06-23
CON-02816,CL-005,2025-06-24
CON-02817,CL-008,2025-06-24
CON-02818,CL-014,2025-06-24
CON-02819,CL-023,2025-06-24
CON-02820,CL-209,2025-06-24
CON-02821,CL-228,2025-06-24
CON-02822,CL-229,2025-06-24
CON-02823,CL-231,2025-06-24
CON-02824,CL-243,2025-06-24
CON-02825,CL-243,2025-06-24
CON-02826,CL-252,2025-06-24
CON-02827,CL-258,2025-06-24
CON-02828,CL-024,2025-06-25
CON-02829,CL-026,2025-06-25
CON-02830,CL-058,2025-06-25
CON-02831,CL-117,2025-06-25
CON-02832,CL-221,2025-06-25
CON-02833,CL-222,2025-06-25
CON-02834,CL-223,2025-06-25
CON-02835,CL-245,2025-06-25
CON-02836,CL-252,2025-06-25
CON-02837,CL-255,2025-06-25
CON-02838,CL-001,2025-06-26
CON-02839,CL-014,2025-06-26
CON-02840,CL-019,2025-06-26
CON-02841,CL-020,2025-06-26
CON-02842,CL-021,2025-06-26
CON-02843,CL-026,2025-06-26
CON-02844,CL-028,2025-06-26
CON-02845,CL-033,2025-06-26
CON-02846,CL-188,2025-06-26
CON-02847,CL-216,2025-06-26
CON-02848,CL-218,2025-06-26
CON-02849,CL-258,2025-06-26
CON-02850,CL-004,2025-06-27
CON-02851,CL-007,2025-06-27
CON-02852,CL-012,2025-06-27
CON-02853,CL-014,2025-06-27
CON-02854,CL-025,2025-06-27
CON-02855,CL-026,2025-06-27
CON-02856,CL-039,2025-06-27
CON-02857,CL-056,2025-06-27
CON-02858,CL-075,2025-06-27
CON-02859,CL-075,2025-06-27
CON-02860,CL-078,2025-06-27
CON-02861,CL-106,2025-06-27
CON-02862,CL-169,2025-06-27
CON-02863,CL-185,2025-06-27
CON-02864,CL-192,2025-06-27
CON-02865,CL-194,2025-06-27
CON-02866,CL-198,2025-06-27
CON-02867,CL-206,2025-06-27
CON-02868,CL-229,2025-06-27
CON-02869,CL-235,2025-06-27
CON-02870,CL-245,2025-06-27
CON-02871,CL-249,2025-06-27
CON-02872,CL-251,2025-06-27
CON-02873,CL-252,2025-06-27
CON-02874,CL-010,2025-06-30
CON-02875,CL-013,2025-06-30
CON-02876,CL-014,2025-06-30
CON-02877,CL-014,2025-06-30
CON-02878,CL-014,2025-06-30
CON-02879,CL-015,2025-06-30
CON-02880,CL-017,2025-06-30
CON-02881,CL-022,2025-06-30
CON-02882,CL-025,2025-06-30
CON-02883,CL-027,2025-06-30
CON-02884,CL-028,2025-06-30
CON-02885,CL-028,2025-06-30
CON-02886,CL-034,2025-06-30
CON-02887,CL-037,2025-06-30
CON-02888,CL-045,2025-06-30
CON-02889,CL-067,2025-06-30
CON-02890,CL-071,2025-06-30
CON-02891,CL-072,2025-06-30
CON-02892,CL-076,2025-06-30
CON-02893,CL-078,2025-06-30
CON-02894,CL-081,2025-06-30
CON-02895,CL-091,2025-06-30
CON-02896,CL-104,2025-06-30
CON-02897,CL-042,2025-06-30
CON-02898,CL-110,2025-06-30
CON-02899,CL-147,2025-06-30
CON-02900,CL-153,2025-06-30
CON-02901,CL-171,2025-06-30
CON-02902,CL-192,2025-06-30
CON-02903,CL-192,2025-06-30
CON-02904,CL-219,2025-06-30
CON-02905,CL-224,2025-06-30
CON-02906,CL-226,2025-06-30
CON-02907,CL-227,2025-06-30
CON-02908,CL-230,2025-06-30
CON-02909,CL-230,2025-06-30
CON-02910,CL-230,2025-06-30
CON-02911,CL-232,2025-06-30
CON-02912,CL-235,2025-06-30
CON-02913,CL-237,2025-06-30
CON-02914,CL-240,2025-06-30
CON-02915,CL-244,2025-06-30
CON-02916,CL-245,2025-06-30
CON-02917,CL-246,2025-06-30
CON-02918,CL-252,2025-06-30
CON-02919,CL-252,2025-06-30
CON-02920,CL-253,2025-06-30
CON-02921,CL-254,2025-06-30
CON-02922,CL-258,2025-06-30
CON-02923,CL-014,2025-07-01
CON-02924,CL-054,2025-07-01
CON-02925,CL-187,2025-07-01
CON-02926,CL-201,2025-07-01
CON-02927,CL-224,2025-07-01
CON-02928,CL-229,2025-07-01
CON-02929,CL-242,2025-07-01
CON-02930,CL-257,2025-07-01
CON-02931,CL-004,2025-07-02
CON-02932,CL-011,2025-07-02
CON-02933,CL-019,2025-07-02
CON-02934,CL-070,2025-07-02
CON-02935,CL-152,2025-07-02
CON-02936,CL-157,2025-07-02
CON-02937,CL-235,2025-07-02
CON-02938,CL-251,2025-07-02
CON-02939,CL-253,2025-07-02
CON-02940,CL-004,2025-07-03
CON-02941,CL-006,2025-07-03
CON-02942,CL-013,2025-07-03
CON-02943,CL-029,2025-07-03
CON-02944,CL-205,2025-07-03
CON-02945,CL-102,2025-07-03
CON-02946,CL-156,2025-07-03
CON-02947,CL-194,2025-07-03
CON-02948,CL-224,2025-07-03
CON-02949,CL-232,2025-07-03
CON-02950,CL-233,2025-07-03
CON-02951,CL-241,2025-07-03
CON-02952,CL-251,2025-07-03
CON-02953,CL-002,2025-07-04
CON-02954,CL-014,2025-07-04
CON-02955,CL-019,2025-07-04
CON-02956,CL-028,2025-07-04
CON-02957,CL-032,2025-07-04
CON-02958,CL-058,2025-07-04
CON-02959,CL-067,2025-07-04
CON-02960,CL-108,2025-07-04
CON-02961,CL-135,2025-07-04
CON-02962,CL-195,2025-07-04
CON-02963,CL-219,2025-07-04
CON-02964,CL-224,2025-07-04
CON-02965,CL-225,2025-07-04
CON-02966,CL-236,2025-07-04
CON-02967,CL-237,2025-07-04
CON-02968,CL-240,2025-07-04
CON-02969,CL-240,2025-07-04
CON-02970,CL-244,2025-07-04
CON-02971,CL-249,2025-07-04
CON-02972,CL-249,2025-07-04
CON-02973,CL-257,2025-07-04
CON-02974,CL-002,2025-07-07
CON-02975,CL-002,2025-07-07
CON-02976,CL-004,2025-07-07
CON-02977,CL-006,2025-07-07
CON-02978,CL-007,2025-07-07
CON-02979,CL-008,2025-07-07
CON-02980,CL-008,2025-07-07
CON-02981,CL-010,2025-07-07
CON-02982,CL-013,2025-07-07
CON-02983,CL-014,2025-07-07
CON-02984,CL-014,2025-07-07
CON-02985,CL-014,2025-07-07
CON-02986,CL-014,2025-07-07
CON-02987,CL-015,2025-07-07
CON-02988,CL-018,2025-07-07
CON-02989,CL-019,2025-07-07
CON-02990,CL-019,2025-07-07
CON-02991,CL-021,2025-07-07
CON-02992,CL-025,2025-07-07
CON-02993,CL-032,2025-07-07
CON-02994,CL-033,2025-07-07
CON-02995,CL-043,2025-07-07
CON-02996,CL-059,2025-07-07
CON-02997,CL-081,2025-07-07
CON-02998,CL-100,2025-07-07
CON-02999,CL-107,2025-07-07
CON-03000,CL-114,2025-07-07
CON-03001,CL-118,2025-07-07
CON-03002,CL-118,2025-07-07
CON-03003,CL-119,2025-07-07
CON-03004,CL-156,2025-07-07
CON-03005,CL-164,2025-07-07
CON-03006,CL-175,2025-07-07
CON-03007,CL-175,2025-07-07
CON-03008,CL-178,2025-07-07
CON-03009,CL-187,2025-07-07
CON-03010,CL-195,2025-07-07
CON-03011,CL-198,2025-07-07
CON-03012,CL-219,2025-07-07
CON-03013,CL-219,2025-07-07
CON-03014,CL-221,2025-07-07
CON-03015,CL-221,2025-07-07
CON-03016,CL-224,2025-07-07
CON-03017,CL-224,2025-07-07
CON-03018,CL-224,2025-07-07
CON-03019,CL-225,2025-07-07
CON-03020,CL-226,2025-07-07
CON-03021,CL-226,2025-07-07
CON-03022,CL-228,2025-07-07
CON-03023,CL-228,2025-07-07
CON-03024,CL-229,2025-07-07
CON-03025,CL-230,2025-07-07
CON-03026,CL-230,2025-07-07
CON-03027,CL-230,2025-07-07
CON-03028,CL-235,2025-07-07
CON-03029,CL-236,2025-07-07
CON-03030,CL-236,2025-07-07
CON-03031,CL-237,2025-07-07
CON-03032,CL-239,2025-07-07
CON-03033,CL-240,2025-07-07
CON-03034,CL-243,2025-07-07
CON-03035,CL-244,2025-07-07
CON-03036,CL-246,2025-07-07
CON-03037,CL-247,2025-07-07
CON-03038,CL-252,2025-07-07
CON-03039,CL-254,2025-07-07
CON-03040,CL-256,2025-07-07
CON-03041,CL-258,2025-07-07
CON-03042,CL-010,2025-07-08
CON-03043,CL-017,2025-07-08
CON-03044,CL-026,2025-07-08
CON-03045,CL-026,2025-07-08
CON-03046,CL-029,2025-07-08
CON-03047,CL-147,2025-07-08
CON-03048,CL-165,2025-07-08
CON-03049,CL-218,2025-07-08
CON-03050,CL-224,2025-07-08
CON-03051,CL-224,2025-07-08
CON-03052,CL-229,2025-07-08
CON-03053,CL-231,2025-07-08
CON-03054,CL-250,2025-07-08
CON-03055,CL-252,2025-07-08
CON-03056,CL-114,2025-07-09
CON-03057,CL-140,2025-07-09
CON-03058,CL-150,2025-07-09
CON-03059,CL-200,2025-07-09
CON-03060,CL-226,2025-07-09
CON-03061,CL-232,2025-07-09
CON-03062,CL-249,2025-07-09
CON-03063,CL-252,2025-07-09
CON-03064,CL-252,2025-07-09
CON-03065,CL-002,2025-07-10
CON-03066,CL-014,2025-07-10
CON-03067,CL-018,2025-07-10
CON-03068,CL-023,2025-07-10
CON-03069,CL-025,2025-07-10
CON-03070,CL-026,2025-07-10
CON-03071,CL-027,2025-07-10
CON-03072,CL-027,2025-07-10
CON-03073,CL-034,2025-07-10
CON-03074,CL-043,2025-07-10
CON-03075,CL-043,2025-07-10
CON-03076,CL-092,2025-07-10
CON-03077,CL-125,2025-07-10
CON-03078,CL-141,2025-07-10
CON-03079,CL-175,2025-07-10
CON-03080,CL-193,2025-07-10
CON-03081,CL-209,2025-07-10
CON-03082,CL-219,2025-07-10
CON-03083,CL-234,2025-07-10
CON-03084,CL-238,2025-07-10
CON-03085,CL-239,2025-07-10
CON-03086,CL-258,2025-07-10
CON-03087,CL-003,2025-07-11
CON-03088,CL-006,2025-07-11
CON-03089,CL-008,2025-07-11
CON-03090,CL-009,2025-07-11
CON-03091,CL-016,2025-07-11
CON-03092,CL-017,2025-07-11
CON-03093,CL-023,2025-07-11
CON-03094,CL-025,2025-07-11
CON-03095,CL-026,2025-07-11
CON-03096,CL-026,2025-07-11
CON-03097,CL-028,2025-07-11
CON-03098,CL-055,2025-07-11
CON-03099,CL-113,2025-07-11
CON-03100,CL-120,2025-07-11
CON-03101,CL-122,2025-07-11
CON-03102,CL-212,2025-07-11
CON-03103,CL-213,2025-07-11
CON-03104,CL-225,2025-07-11
CON-03105,CL-232,2025-07-11
CON-03106,CL-233,2025-07-11
CON-03107,CL-236,2025-07-11
CON-03108,CL-236,2025-07-11
CON-03109,CL-242,2025-07-11
CON-03110,CL-002,2025-07-14
CON-03111,CL-003,2025-07-14
CON-03112,CL-005,2025-07-14
CON-03113,CL-008,2025-07-14
CON-03114,CL-011,2025-07-14
CON-03115,CL-014,2025-07-14
CON-03116,CL-018,2025-07-14
CON-03117,CL-020,2025-07-14
CON-03118,CL-026,2025-07-14
CON-03119,CL-026,2025-07-14
CON-03120,CL-028,2025-07-14
CON-03121,CL-034,2025-07-14
CON-03122,CL-035,2025-07-14
CON-03123,CL-040,2025-07-14
CON-03124,CL-043,2025-07-14
CON-03125,CL-045,2025-07-14
CON-03126,CL-054,2025-07-14
CON-03127,CL-055,2025-07-14
CON-03128,CL-057,2025-07-14
CON-03129,CL-066,2025-07-14
CON-03130,CL-107,2025-07-14
CON-03131,CL-113,2025-07-14
CON-03132,CL-119,2025-07-14
CON-03133,CL-120,2025-07-14
CON-03134,CL-120,2025-07-14
CON-03135,CL-121,2025-07-14
CON-03136,CL-123,2025-07-14
CON-03137,CL-132,2025-07-14
CON-03138,CL-144,2025-07-14
CON-03139,CL-159,2025-07-14
CON-03140,CL-170,2025-07-14
CON-03141,CL-202,2025-07-14
CON-03142,CL-186,2025-07-14
CON-03143,CL-205,2025-07-14
CON-03144,CL-207,2025-07-14
CON-03145,CL-210,2025-07-14
CON-03146,CL-222,2025-07-14
CON-03147,CL-224,2025-07-14
CON-03148,CL-226,2025-07-14
CON-03149,CL-226,2025-07-14
CON-03150,CL-230,2025-07-14
CON-03151,CL-230,2025-07-14
CON-03152,CL-231,2025-07-14
CON-03153,CL-231,2025-07-14
CON-03154,CL-236,2025-07-14
CON-03155,CL-237,2025-07-14
CON-03156,CL-237,2025-07-14
CON-03157,CL-238,2025-07-14
CON-03158,CL-240,2025-07-14
CON-03159,CL-242,2025-07-14
CON-03160,CL-242,2025-07-14
CON-03161,CL-243,2025-07-14
CON-03162,CL-246,2025-07-14
CON-03163,CL-247,2025-07-14
CON-03164,CL-247,2025-07-14
CON-03165,CL-249,2025-07-14
CON-03166,CL-249,2025-07-14
CON-03167,CL-252,2025-07-14
CON-03168,CL-254,2025-07-14
CON-03169,CL-255,2025-07-14
CON-03170,CL-255,2025-07-14
CON-03171,CL-257,2025-07-14
CON-03172,CL-002,2025-07-15
CON-03173,CL-008,2025-07-15
CON-03174,CL-014,2025-07-15
CON-03175,CL-021,2025-07-15
CON-03176,CL-024,2025-07-15
CON-03177,CL-036,2025-07-15
CON-03178,CL-094,2025-07-15
CON-03179,CL-148,2025-07-15
CON-03180,CL-179,2025-07-15
CON-03181,CL-223,2025-07-15
CON-03182,CL-240,2025-07-15
CON-03183,CL-240,2025-07-15
CON-03184,CL-246,2025-07-15
CON-03185,CL-249,2025-07-15
CON-03186,CL-002,2025-07-16
CON-03187,CL-009,2025-07-16
CON-03188,CL-014,2025-07-16
CON-03189,CL-020,2025-07-16
CON-03190,CL-063,2025-07-16
CON-03191,CL-070,2025-07-16
CON-03192,CL-088,2025-07-16
CON-03193,CL-191,2025-07-16
CON-03194,CL-225,2025-07-16
CON-03195,CL-226,2025-07-16
CON-03196,CL-229,2025-07-16
CON-03197,CL-239,2025-07-16
CON-03198,CL-252,2025-07-16
CON-03199,CL-002,2025-07-17
CON-03200,CL-014,2025-07-17
CON-03201,CL-015,2025-07-17
CON-03202,CL-028,2025-07-17
CON-03203,CL-029,2025-07-17
CON-03204,CL-031,2025-07-17
CON-03205,CL-109,2025-07-17
CON-03206,CL-155,2025-07-17
CON-03207,CL-193,2025-07-17
CON-03208,CL-219,2025-07-17
CON-03209,CL-229,2025-07-17
CON-03210,CL-238,2025-07-17
CON-03211,CL-240,2025-07-17
CON-03212,CL-242,2025-07-17
CON-03213,CL-245,2025-07-17
CON-03214,CL-249,2025-07-17
CON-03215,CL-253,2025-07-17
CON-03216,CL-254,2025-07-17
CON-03217,CL-002,2025-07-18
CON-03218,CL-008,2025-07-18
CON-03219,CL-008,2025-07-18
CON-03220,CL-014,2025-07-18
CON-03221,CL-014,2025-07-18
CON-03222,CL-014,2025-07-18
CON-03223,CL-016,2025-07-18
CON-03224,CL-020,2025-07-18
CON-03225,CL-032,2025-07-18
CON-03226,CL-036,2025-07-18
CON-03227,CL-066,2025-07-18
CON-03228,CL-089,2025-07-18
CON-03229,CL-097,2025-07-18
CON-03230,CL-109,2025-07-18
CON-03231,CL-133,2025-07-18
CON-03232,CL-149,2025-07-18
CON-03233,CL-152,2025-07-18
CON-03234,CL-155,2025-07-18
CON-03235,CL-178,2025-07-18
CON-03236,CL-197,2025-07-18
CON-03237,CL-224,2025-07-18
CON-03238,CL-225,2025-07-18
CON-03239,CL-226,2025-07-18
CON-03240,CL-228,2025-07-18
CON-03241,CL-233,2025-07-18
CON-03242,CL-234,2025-07-18
CON-03243,CL-237,2025-07-18
CON-03244,CL-242,2025-07-18
CON-03245,CL-244,2025-07-18
CON-03246,CL-245,2025-07-18
CON-03247,CL-246,2025-07-18
CON-03248,CL-249,2025-07-18
CON-03249,CL-249,2025-07-18
CON-03250,CL-250,2025-07-18
CON-03251,CL-252,2025-07-18
CON-03252,CL-257,2025-07-18
CON-03253,CL-003,2025-07-21
CON-03254,CL-009,2025-07-21
CON-03255,CL-010,2025-07-21
CON-03256,CL-013,2025-07-21
CON-03257,CL-014,2025-07-21
CON-03258,CL-014,2025-07-21
CON-03259,CL-014,2025-07-21
CON-03260,CL-015,2025-07-21
CON-03261,CL-022,2025-07-21
CON-03262,CL-026,2025-07-21
CON-03263,CL-027,2025-07-21
CON-03264,CL-029,2025-07-21
CON-03265,CL-032,2025-07-21
CON-03266,CL-034,2025-07-21
CON-03267,CL-040,2025-07-21
CON-03268,CL-043,2025-07-21
CON-03269,CL-043,2025-07-21
CON-03270,CL-046,2025-07-21
CON-03271,CL-068,2025-07-21
CON-03272,CL-072,2025-07-21
CON-03273,CL-156,2025-07-21
CON-03274,CL-160,2025-07-21
CON-03275,CL-199,2025-07-21
CON-03276,CL-202,2025-07-21
CON-03277,CL-212,2025-07-21
CON-03278,CL-220,2025-07-21
CON-03279,CL-221,2025-07-21
CON-03280,CL-222,2025-07-21
CON-03281,CL-224,2025-07-21
CON-03282,CL-226,2025-07-21
CON-03283,CL-226,2025-07-21
CON-03284,CL-226,2025-07-21
CON-03285,CL-228,2025-07-21
CON-03286,CL-235,2025-07-21
CON-03287,CL-235,2025-07-21
CON-03288,CL-238,2025-07-21
CON-03289,CL-241,2025-07-21
CON-03290,CL-241,2025-07-21
CON-03291,CL-242,2025-07-21
CON-03292,CL-242,2025-07-21
CON-03293,CL-244,2025-07-21
CON-03294,CL-249,2025-07-21
CON-03295,CL-251,2025-07-21
CON-03296,CL-252,2025-07-21
CON-03297,CL-254,2025-07-21
CON-03298,CL-010,2025-07-22
CON-03299,CL-014,2025-07-22
CON-03300,CL-020,2025-07-22
CON-03301,CL-031,2025-07-22
CON-03302,CL-062,2025-07-22
CON-03303,CL-071,2025-07-22
CON-03304,CL-194,2025-07-22
CON-03305,CL-221,2025-07-22
CON-03306,CL-224,2025-07-22
CON-03307,CL-224,2025-07-22
CON-03308,CL-008,2025-07-23
CON-03309,CL-014,2025-07-23
CON-03310,CL-014,2025-07-23
CON-03311,CL-019,2025-07-23
CON-03312,CL-021,2025-07-23
CON-03313,CL-108,2025-07-23
CON-03314,CL-183,2025-07-23
CON-03315,CL-224,2025-07-23
CON-03316,CL-235,2025-07-23
CON-03317,CL-243,2025-07-23
CON-03318,CL-252,2025-07-23
CON-03319,CL-014,2025-07-24
CON-03320,CL-025,2025-07-24
CON-03321,CL-027,2025-07-24
CON-03322,CL-027,2025-07-24
CON-03323,CL-045,2025-07-24
CON-03324,CL-132,2025-07-24
CON-03325,CL-143,2025-07-24
CON-03326,CL-165,2025-07-24
CON-03327,CL-173,2025-07-24
CON-03328,CL-176,2025-07-24
CON-03329,CL-219,2025-07-24
CON-03330,CL-223,2025-07-24
CON-03331,CL-224,2025-07-24
CON-03332,CL-235,2025-07-24
CON-03333,CL-237,2025-07-24
CON-03334,CL-240,2025-07-24
CON-03335,CL-242,2025-07-24
CON-03336,CL-244,2025-07-24
CON-03337,CL-245,2025-07-24
CON-03338,CL-253,2025-07-24
CON-03339,CL-001,2025-07-25
CON-03340,CL-002,2025-07-25
CON-03341,CL-011,2025-07-25
CON-03342,CL-014,2025-07-25
CON-03343,CL-014,2025-07-25
CON-03344,CL-014,2025-07-25
CON-03345,CL-014,2025-07-25
CON-03346,CL-019,2025-07-25
CON-03347,CL-020,2025-07-25
CON-03348,CL-026,2025-07-25
CON-03349,CL-028,2025-07-25
CON-03350,CL-031,2025-07-25
CON-03351,CL-032,2025-07-25
CON-03352,CL-106,2025-07-25
CON-03353,CL-116,2025-07-25
CON-03354,CL-133,2025-07-25
CON-03355,CL-155,2025-07-25
CON-03356,CL-160,2025-07-25
CON-03357,CL-191,2025-07-25
CON-03358,CL-208,2025-07-25
CON-03359,CL-219,2025-07-25
CON-03360,CL-220,2025-07-25
CON-03361,CL-232,2025-07-25
CON-03362,CL-235,2025-07-25
CON-03363,CL-236,2025-07-25
CON-03364,CL-237,2025-07-25
CON-03365,CL-241,2025-07-25
CON-03366,CL-251,2025-07-25
CON-03367,CL-252,2025-07-25
CON-03368,CL-252,2025-07-25
CON-03369,CL-002,2025-07-28
CON-03370,CL-005,2025-07-28
CON-03371,CL-005,2025-07-28
CON-03372,CL-009,2025-07-28
CON-03373,CL-009,2025-07-28
CON-03374,CL-013,2025-07-28
CON-03375,CL-017,2025-07-28
CON-03376,CL-017,2025-07-28
CON-03377,CL-020,2025-07-28
CON-03378,CL-020,2025-07-28
CON-03379,CL-023,2025-07-28
CON-03380,CL-026,2025-07-28
CON-03381,CL-027,2025-07-28
CON-03382,CL-028,2025-07-28
CON-03383,CL-033,2025-07-28
CON-03384,CL-035,2025-07-28
CON-03385,CL-062,2025-07-28
CON-03386,CL-064,2025-07-28
CON-03387,CL-089,2025-07-28
CON-03388,CL-098,2025-07-28
CON-03389,CL-099,2025-07-28
CON-03390,CL-109,2025-07-28
CON-03391,CL-119,2025-07-28
CON-03392,CL-120,2025-07-28
CON-03393,CL-124,2025-07-28
CON-03394,CL-144,2025-07-28
CON-03395,CL-166,2025-07-28
CON-03396,CL-168,2025-07-28
CON-03397,CL-170,2025-07-28
CON-03398,CL-191,2025-07-28
CON-03399,CL-192,2025-07-28
CON-03400,CL-197,2025-07-28
CON-03401,CL-203,2025-07-28
CON-03402,CL-213,2025-07-28
CON-03403,CL-217,2025-07-28
CON-03404,CL-226,2025-07-28
CON-03405,CL-226,2025-07-28
CON-03406,CL-232,2025-07-28
CON-03407,CL-233,2025-07-28
CON-03408,CL-235,2025-07-28
CON-03409,CL-237,2025-07-28
CON-03410,CL-238,2025-07-28
CON-03411,CL-239,2025-07-28
CON-03412,CL-245,2025-07-28
CON-03413,CL-246,2025-07-28
CON-03414,CL-252,2025-07-28
CON-03415,CL-252,2025-07-28
CON-03416,CL-252,2025-07-28
CON-03417,CL-252,2025-07-28
CON-03418,CL-253,2025-07-28
CON-03419,CL-258,2025-07-28
CON-03420,CL-258,2025-07-28
CON-03421,CL-007,2025-07-29
CON-03422,CL-016,2025-07-29
CON-03423,CL-023,2025-07-29
CON-03424,CL-034,2025-07-29
CON-03425,CL-065,2025-07-29
CON-03426,CL-088,2025-07-29
CON-03427,CL-111,2025-07-29
CON-03428,CL-235,2025-07-29
CON-03429,CL-243,2025-07-29
CON-03430,CL-250,2025-07-29
CON-03431,CL-252,2025-07-29
CON-03432,CL-258,2025-07-29
CON-03433,CL-003,2025-07-30
CON-03434,CL-009,2025-07-30
CON-03435,CL-219,2025-07-30
CON-03436,CL-224,2025-07-30
CON-03437,CL-230,2025-07-30
CON-03438,CL-232,2025-07-30
CON-03439,CL-235,2025-07-30
CON-03440,CL-250,2025-07-30
CON-03441,CL-002,2025-07-31
CON-03442,CL-004,2025-07-31
CON-03443,CL-027,2025-07-31
CON-03444,CL-030,2025-07-31
CON-03445,CL-080,2025-07-31
CON-03446,CL-104,2025-07-31
CON-03447,CL-133,2025-07-31
CON-03448,CL-162,2025-07-31
CON-03449,CL-162,2025-07-31
CON-03450,CL-170,2025-07-31
CON-03451,CL-222,2025-07-31
CON-03452,CL-224,2025-07-31
CON-03453,CL-228,2025-07-31
CON-03454,CL-229,2025-07-31
CON-03455,CL-229,2025-07-31
CON-03456,CL-234,2025-07-31
CON-03457,CL-237,2025-07-31
CON-03458,CL-237,2025-07-31
CON-03459,CL-239,2025-07-31
CON-03460,CL-251,2025-07-31
CON-03461,CL-001,2025-08-01
CON-03462,CL-009,2025-08-01
CON-03463,CL-013,2025-08-01
CON-03464,CL-027,2025-08-01
CON-03465,CL-032,2025-08-01
CON-03466,CL-070,2025-08-01
CON-03467,CL-073,2025-08-01
CON-03468,CL-106,2025-08-01
CON-03469,CL-110,2025-08-01
CON-03470,CL-163,2025-08-01
CON-03471,CL-184,2025-08-01
CON-03472,CL-226,2025-08-01
CON-03473,CL-229,2025-08-01
CON-03474,CL-229,2025-08-01
CON-03475,CL-237,2025-08-01
CON-03476,CL-238,2025-08-01
CON-03477,CL-241,2025-08-01
CON-03478,CL-242,2025-08-01
CON-03479,CL-242,2025-08-01
CON-03480,CL-243,2025-08-01
CON-03481,CL-244,2025-08-01
CON-03482,CL-253,2025-08-01
CON-03483,CL-253,2025-08-01
CON-03484,CL-258,2025-08-01
CON-03485,CL-002,2025-08-04
CON-03486,CL-003,2025-08-04
CON-03487,CL-006,2025-08-04
CON-03488,CL-007,2025-08-04
CON-03489,CL-009,2025-08-04
CON-03490,CL-025,2025-08-04
CON-03491,CL-026,2025-08-04
CON-03492,CL-027,2025-08-04
CON-03493,CL-029,2025-08-04
CON-03494,CL-033,2025-08-04
CON-03495,CL-040,2025-08-04
CON-03496,CL-043,2025-08-04
CON-03497,CL-053,2025-08-04
CON-03498,CL-060,2025-08-04
CON-03499,CL-062,2025-08-04
CON-03500,CL-068,2025-08-04
CON-03501,CL-086,2025-08-04
CON-03502,CL-089,2025-08-04
CON-03503,CL-098,2025-08-04
CON-03504,CL-103,2025-08-04
CON-03505,CL-108,2025-08-04
CON-03506,CL-159,2025-08-04
CON-03507,CL-171,2025-08-04
CON-03508,CL-194,2025-08-04
CON-03509,CL-203,2025-08-04
CON-03510,CL-209,2025-08-04
CON-03511,CL-211,2025-08-04
CON-03512,CL-212,2025-08-04
CON-03513,CL-213,2025-08-04
CON-03514,CL-222,2025-08-04
CON-03515,CL-223,2025-08-04
CON-03516,CL-225,2025-08-04
CON-03517,CL-225,2025-08-04
CON-03518,CL-226,2025-08-04
CON-03519,CL-226,2025-08-04
CON-03520,CL-228,2025-08-04
CON-03521,CL-228,2025-08-04
CON-03522,CL-229,2025-08-04
CON-03523,CL-230,2025-08-04
CON-03524,CL-230,2025-08-04
CON-03525,CL-234,2025-08-04
CON-03526,CL-235,2025-08-04
CON-03527,CL-236,2025-08-04
CON-03528,CL-237,2025-08-04
CON-03529,CL-239,2025-08-04
CON-03530,CL-239,2025-08-04
CON-03531,CL-241,2025-08-04
CON-03532,CL-244,2025-08-04
CON-03533,CL-246,2025-08-04
CON-03534,CL-249,2025-08-04
CON-03535,CL-250,2025-08-04
CON-03536,CL-251,2025-08-04
CON-03537,CL-252,2025-08-04
CON-03538,CL-027,2025-08-05
CON-03539,CL-083,2025-08-05
CON-03540,CL-087,2025-08-05
CON-03541,CL-050,2025-08-05
CON-03542,CL-169,2025-08-05
CON-03543,CL-236,2025-08-05
CON-03544,CL-242,2025-08-05
CON-03545,CL-243,2025-08-05
CON-03546,CL-244,2025-08-05
CON-03547,CL-250,2025-08-05
CON-03548,CL-253,2025-08-05
CON-03549,CL-255,2025-08-05
CON-03550,CL-257,2025-08-05
CON-03551,CL-005,2025-08-06
CON-03552,CL-014,2025-08-06
CON-03553,CL-016,2025-08-06
CON-03554,CL-024,2025-08-06
CON-03555,CL-028,2025-08-06
CON-03556,CL-029,2025-08-06
CON-03557,CL-224,2025-08-06
CON-03558,CL-226,2025-08-06
CON-03559,CL-234,2025-08-06
CON-03560,CL-237,2025-08-06
CON-03561,CL-238,2025-08-06
CON-03562,CL-243,2025-08-06
CON-03563,CL-245,2025-08-06
CON-03564,CL-252,2025-08-06
CON-03565,CL-014,2025-08-07
CON-03566,CL-031,2025-08-07
CON-03567,CL-038,2025-08-07
CON-03568,CL-181,2025-08-07
CON-03569,CL-219,2025-08-07
CON-03570,CL-232,2025-08-07
CON-03571,CL-235,2025-08-07
CON-03572,CL-235,2025-08-07
CON-03573,CL-239,2025-08-07
CON-03574,CL-252,2025-08-07
CON-03575,CL-001,2025-08-08
CON-03576,CL-003,2025-08-08
CON-03577,CL-005,2025-08-08
CON-03578,CL-018,2025-08-08
CON-03579,CL-020,2025-08-08
CON-03580,CL-022,2025-08-08
CON-03581,CL-028,2025-08-08
CON-03582,CL-054,2025-08-08
CON-03583,CL-088,2025-08-08
CON-03584,CL-160,2025-08-08
CON-03585,CL-219,2025-08-08
CON-03586,CL-219,2025-08-08
CON-03587,CL-221,2025-08-08
CON-03588,CL-223,2025-08-08
CON-03589,CL-242,2025-08-08
CON-03590,CL-248,2025-08-08
CON-03591,CL-251,2025-08-08
CON-03592,CL-254,2025-08-08
CON-03593,CL-258,2025-08-08
CON-03594,CL-002,2025-08-11
CON-03595,CL-005,2025-08-11
CON-03596,CL-006,2025-08-11
CON-03597,CL-006,2025-08-11
CON-03598,CL-007,2025-08-11
CON-03599,CL-009,2025-08-11
CON-03600,CL-010,2025-08-11
CON-03601,CL-010,2025-08-11
CON-03602,CL-011,2025-08-11
CON-03603,CL-014,2025-08-11
CON-03604,CL-014,2025-08-11
CON-03605,CL-014,2025-08-11
CON-03606,CL-017,2025-08-11
CON-03607,CL-018,2025-08-11
CON-03608,CL-021,2025-08-11
CON-03609,CL-023,2025-08-11
CON-03610,CL-024,2025-08-11
CON-03611,CL-024,2025-08-11
CON-03612,CL-024,2025-08-11
CON-03613,CL-025,2025-08-11
CON-03614,CL-026,2025-08-11
CON-03615,CL-027,2025-08-11
CON-03616,CL-034,2025-08-11
CON-03617,CL-034,2025-08-11
CON-03618,CL-079,2025-08-11
CON-03619,CL-069,2025-08-11
CON-03620,CL-109,2025-08-11
CON-03621,CL-121,2025-08-11
CON-03622,CL-169,2025-08-11
CON-03623,CL-173,2025-08-11
CON-03624,CL-173,2025-08-11
CON-03625,CL-174,2025-08-11
CON-03626,CL-174,2025-08-11
CON-03627,CL-176,2025-08-11
CON-03628,CL-189,2025-08-11
CON-03629,CL-194,2025-08-11
CON-03630,CL-194,2025-08-11
CON-03631,CL-206,2025-08-11
CON-03632,CL-219,2025-08-11
CON-03633,CL-220,2025-08-11
CON-03634,CL-225,2025-08-11
CON-03635,CL-233,2025-08-11
CON-03636,CL-237,2025-08-11
CON-03637,CL-237,2025-08-11
CON-03638,CL-238,2025-08-11
CON-03639,CL-239,2025-08-11
CON-03640,CL-239,2025-08-11
CON-03641,CL-242,2025-08-11
CON-03642,CL-242,2025-08-11
CON-03643,CL-243,2025-08-11
CON-03644,CL-246,2025-08-11
CON-03645,CL-252,2025-08-11
CON-03646,CL-252,2025-08-11
CON-03647,CL-252,2025-08-11
CON-03648,CL-252,2025-08-11
CON-03649,CL-253,2025-08-11
CON-03650,CL-253,2025-08-11
CON-03651,CL-013,2025-08-12
CON-03652,CL-028,2025-08-12
CON-03653,CL-049,2025-08-12
CON-03654,CL-065,2025-08-12
CON-03655,CL-070,2025-08-12
CON-03656,CL-153,2025-08-12
CON-03657,CL-194,2025-08-12
CON-03658,CL-234,2025-08-12
CON-03659,CL-252,2025-08-12
CON-03660,CL-255,2025-08-12
CON-03661,CL-003,2025-08-13
CON-03662,CL-007,2025-08-13
CON-03663,CL-013,2025-08-13
CON-03664,CL-020,2025-08-13
CON-03665,CL-024,2025-08-13
CON-03666,CL-087,2025-08-13
CON-03667,CL-198,2025-08-13
CON-03668,CL-233,2025-08-13
CON-03669,CL-239,2025-08-13
CON-03670,CL-249,2025-08-13
CON-03671,CL-002,2025-08-14
CON-03672,CL-003,2025-08-14
CON-03673,CL-007,2025-08-14
CON-03674,CL-007,2025-08-14
CON-03675,CL-027,2025-08-14
CON-03676,CL-032,2025-08-14
CON-03677,CL-066,2025-08-14
CON-03678,CL-072,2025-08-14
CON-03679,CL-147,2025-08-14
CON-03680,CL-155,2025-08-14
CON-03681,CL-194,2025-08-14
CON-03682,CL-206,2025-08-14
CON-03683,CL-213,2025-08-14
CON-03684,CL-213,2025-08-14
CON-03685,CL-224,2025-08-14
CON-03686,CL-229,2025-08-14
CON-03687,CL-247,2025-08-14
CON-03688,CL-258,2025-08-14
CON-03689,CL-002,2025-08-18
CON-03690,CL-003,2025-08-18
CON-03691,CL-004,2025-08-18
CON-03692,CL-011,2025-08-18
CON-03693,CL-014,2025-08-18
CON-03694,CL-014,2025-08-18
CON-03695,CL-014,2025-08-18
CON-03696,CL-014,2025-08-18
CON-03697,CL-015,2025-08-18
CON-03698,CL-015,2025-08-18
CON-03699,CL-017,2025-08-18
CON-03700,CL-020,2025-08-18
CON-03701,CL-026,2025-08-18
CON-03702,CL-031,2025-08-18
CON-03703,CL-031,2025-08-18
CON-03704,CL-033,2025-08-18
CON-03705,CL-043,2025-08-18
CON-03706,CL-049,2025-08-18
CON-03707,CL-063,2025-08-18
CON-03708,CL-084,2025-08-18
CON-03709,CL-108,2025-08-18
CON-03710,CL-112,2025-08-18
CON-03711,CL-116,2025-08-18
CON-03712,CL-118,2025-08-18
CON-03713,CL-126,2025-08-18
CON-03714,CL-127,2025-08-18
CON-03715,CL-146,2025-08-18
CON-03716,CL-158,2025-08-18
CON-03717,CL-162,2025-08-18
CON-03718,CL-174,2025-08-18
CON-03719,CL-180,2025-08-18
CON-03720,CL-187,2025-08-18
CON-03721,CL-206,2025-08-18
CON-03722,CL-209,2025-08-18
CON-03723,CL-213,2025-08-18
CON-03724,CL-221,2025-08-18
CON-03725,CL-223,2025-08-18
CON-03726,CL-224,2025-08-18
CON-03727,CL-224,2025-08-18
CON-03728,CL-226,2025-08-18
CON-03729,CL-230,2025-08-18
CON-03730,CL-230,2025-08-18
CON-03731,CL-230,2025-08-18
CON-03732,CL-232,2025-08-18
CON-03733,CL-236,2025-08-18
CON-03734,CL-237,2025-08-18
CON-03735,CL-238,2025-08-18
CON-03736,CL-239,2025-08-18
CON-03737,CL-241,2025-08-18
CON-03738,CL-242,2025-08-18
CON-03739,CL-242,2025-08-18
CON-03740,CL-243,2025-08-18
CON-03741,CL-243,2025-08-18
CON-03742,CL-246,2025-08-18
CON-03743,CL-246,2025-08-18
CON-03744,CL-251,2025-08-18
CON-03745,CL-255,2025-08-18
CON-03746,CL-255,2025-08-18
CON-03747,CL-255,2025-08-18
CON-03748,CL-256,2025-08-18
CON-03749,CL-257,2025-08-18
CON-03750,CL-037,2025-08-19
CON-03751,CL-118,2025-08-19
CON-03752,CL-234,2025-08-19
CON-03753,CL-244,2025-08-19
CON-03754,CL-004,2025-08-20
CON-03755,CL-005,2025-08-20
CON-03756,CL-023,2025-08-20
CON-03757,CL-046,2025-08-20
CON-03758,CL-102,2025-08-20
CON-03759,CL-102,2025-08-20
CON-03760,CL-182,2025-08-20
CON-03761,CL-183,2025-08-20
CON-03762,CL-212,2025-08-20
CON-03763,CL-219,2025-08-20
CON-03764,CL-221,2025-08-20
CON-03765,CL-236,2025-08-20
CON-03766,CL-242,2025-08-20
CON-03767,CL-250,2025-08-20
CON-03768,CL-003,2025-08-21
CON-03769,CL-010,2025-08-21
CON-03770,CL-018,2025-08-21
CON-03771,CL-020,2025-08-21
CON-03772,CL-026,2025-08-21
CON-03773,CL-030,2025-08-21
CON-03774,CL-031,2025-08-21
CON-03775,CL-065,2025-08-21
CON-03776,CL-071,2025-08-21
CON-03777,CL-087,2025-08-21
CON-03778,CL-174,2025-08-21
CON-03779,CL-198,2025-08-21
CON-03780,CL-234,2025-08-21
CON-03781,CL-235,2025-08-21
CON-03782,CL-236,2025-08-21
CON-03783,CL-244,2025-08-21
CON-03784,CL-251,2025-08-21
CON-03785,CL-252,2025-08-21
CON-03786,CL-252,2025-08-21
CON-03787,CL-002,2025-08-22
CON-03788,CL-003,2025-08-22
CON-03789,CL-007,2025-08-22
CON-03790,CL-009,2025-08-22
CON-03791,CL-014,2025-08-22
CON-03792,CL-014,2025-08-22
CON-03793,CL-014,2025-08-22
CON-03794,CL-019,2025-08-22
CON-03795,CL-031,2025-08-22
CON-03796,CL-059,2025-08-22
CON-03797,CL-069,2025-08-22
CON-03798,CL-069,2025-08-22
CON-03799,CL-091,2025-08-22
CON-03800,CL-131,2025-08-22
CON-03801,CL-144,2025-08-22
CON-03802,CL-183,2025-08-22
CON-03803,CL-193,2025-08-22
CON-03804,CL-207,2025-08-22
CON-03805,CL-226,2025-08-22
CON-03806,CL-232,2025-08-22
CON-03807,CL-234,2025-08-22
CON-03808,CL-236,2025-08-22
CON-03809,CL-238,2025-08-22
CON-03810,CL-238,2025-08-22
CON-03811,CL-241,2025-08-22
CON-03812,CL-242,2025-08-22
CON-03813,CL-247,2025-08-22
CON-03814,CL-249,2025-08-22
CON-03815,CL-002,2025-08-25
CON-03816,CL-005,2025-08-25
CON-03817,CL-007,2025-08-25
CON-03818,CL-008,2025-08-25
CON-03819,CL-014,2025-08-25
CON-03820,CL-014,2025-08-25
CON-03821,CL-014,2025-08-25
CON-03822,CL-014,2025-08-25
CON-03823,CL-017,2025-08-25
CON-03824,CL-017,2025-08-25
CON-03825,CL-018,2025-08-25
CON-03826,CL-019,2025-08-25
CON-03827,CL-021,2025-08-25
CON-03828,CL-022,2025-08-25
CON-03829,CL-022,2025-08-25
CON-03830,CL-025,2025-08-25
CON-03831,CL-027,2025-08-25
CON-03832,CL-028,2025-08-25
CON-03833,CL-029,2025-08-25
CON-03834,CL-031,2025-08-25
CON-03835,CL-035,2025-08-25
CON-03836,CL-036,2025-08-25
CON-03837,CL-040,2025-08-25
CON-03838,CL-043,2025-08-25
CON-03839,CL-044,2025-08-25
CON-03840,CL-060,2025-08-25
CON-03841,CL-070,2025-08-25
CON-03842,CL-074,2025-08-25
CON-03843,CL-103,2025-08-25
CON-03844,CL-108,2025-08-25
CON-03845,CL-122,2025-08-25
CON-03846,CL-123,2025-08-25
CON-03847,CL-125,2025-08-25
CON-03848,CL-142,2025-08-25
CON-03849,CL-148,2025-08-25
CON-03850,CL-148,2025-08-25
CON-03851,CL-158,2025-08-25
CON-03852,CL-159,2025-08-25
CON-03853,CL-163,2025-08-25
CON-03854,CL-168,2025-08-25
CON-03855,CL-176,2025-08-25
CON-03856,CL-188,2025-08-25
CON-03857,CL-194,2025-08-25
CON-03858,CL-207,2025-08-25
CON-03859,CL-210,2025-08-25
CON-03860,CL-220,2025-08-25
CON-03861,CL-220,2025-08-25
CON-03862,CL-221,2025-08-25
CON-03863,CL-224,2025-08-25
CON-03864,CL-226,2025-08-25
CON-03865,CL-226,2025-08-25
CON-03866,CL-226,2025-08-25
CON-03867,CL-228,2025-08-25
CON-03868,CL-229,2025-08-25
CON-03869,CL-229,2025-08-25
CON-03870,CL-234,2025-08-25
CON-03871,CL-235,2025-08-25
CON-03872,CL-237,2025-08-25
CON-03873,CL-238,2025-08-25
CON-03874,CL-245,2025-08-25
CON-03875,CL-246,2025-08-25
CON-03876,CL-246,2025-08-25
CON-03877,CL-249,2025-08-25
CON-03878,CL-249,2025-08-25
CON-03879,CL-249,2025-08-25
CON-03880,CL-252,2025-08-25
CON-03881,CL-252,2025-08-25
CON-03882,CL-252,2025-08-25
CON-03883,CL-253,2025-08-25
CON-03884,CL-255,2025-08-25
CON-03885,CL-006,2025-08-26
CON-03886,CL-007,2025-08-26
CON-03887,CL-018,2025-08-26
CON-03888,CL-021,2025-08-26
CON-03889,CL-032,2025-08-26
CON-03890,CL-070,2025-08-26
CON-03891,CL-088,2025-08-26
CON-03892,CL-218,2025-08-26
CON-03893,CL-229,2025-08-26
CON-03894,CL-229,2025-08-26
CON-03895,CL-230,2025-08-26
CON-03896,CL-243,2025-08-26
CON-03897,CL-246,2025-08-26
CON-03898,CL-246,2025-08-26
CON-03899,CL-010,2025-08-27
CON-03900,CL-011,2025-08-27
CON-03901,CL-011,2025-08-27
CON-03902,CL-014,2025-08-27
CON-03903,CL-028,2025-08-27
CON-03904,CL-083,2025-08-27
CON-03905,CL-099,2025-08-27
CON-03906,CL-115,2025-08-27
CON-03907,CL-157,2025-08-27
CON-03908,CL-199,2025-08-27
CON-03909,CL-205,2025-08-27
CON-03910,CL-206,2025-08-27
CON-03911,CL-219,2025-08-27
CON-03912,CL-219,2025-08-27
CON-03913,CL-219,2025-08-27
CON-03914,CL-246,2025-08-27
CON-03915,CL-252,2025-08-27
CON-03916,CL-003,2025-08-28
CON-03917,CL-008,2025-08-28
CON-03918,CL-011,2025-08-28
CON-03919,CL-014,2025-08-28
CON-03920,CL-020,2025-08-28
CON-03921,CL-026,2025-08-28
CON-03922,CL-030,2025-08-28
CON-03923,CL-034,2025-08-28
CON-03924,CL-074,2025-08-28
CON-03925,CL-132,2025-08-28
CON-03926,CL-143,2025-08-28
CON-03927,CL-163,2025-08-28
CON-03928,CL-213,2025-08-28
CON-03929,CL-232,2025-08-28
CON-03930,CL-242,2025-08-28
CON-03931,CL-246,2025-08-28
CON-03932,CL-251,2025-08-28
CON-03933,CL-255,2025-08-28
CON-03934,CL-007,2025-08-29
CON-03935,CL-007,2025-08-29
CON-03936,CL-011,2025-08-29
CON-03937,CL-026,2025-08-29
CON-03938,CL-027,2025-08-29
CON-03939,CL-027,2025-08-29
CON-03940,CL-032,2025-08-29
CON-03941,CL-066,2025-08-29
CON-03942,CL-068,2025-08-29
CON-03943,CL-079,2025-08-29
CON-03944,CL-088,2025-08-29
CON-03945,CL-098,2025-08-29
CON-03946,CL-111,2025-08-29
CON-03947,CL-118,2025-08-29
CON-03948,CL-132,2025-08-29
CON-03949,CL-139,2025-08-29
CON-03950,CL-158,2025-08-29
CON-03951,CL-158,2025-08-29
CON-03952,CL-198,2025-08-29
CON-03953,CL-199,2025-08-29
CON-03954,CL-225,2025-08-29
CON-03955,CL-226,2025-08-29
CON-03956,CL-226,2025-08-29
CON-03957,CL-226,2025-08-29
CON-03958,CL-234,2025-08-29
CON-03959,CL-235,2025-08-29
CON-03960,CL-237,2025-08-29
CON-03961,CL-239,2025-08-29
CON-03962,CL-245,2025-08-29
CON-03963,CL-254,2025-08-29
CON-03964,CL-255,2025-08-29
CON-03965,CL-003,2025-09-01
CON-03966,CL-006,2025-09-01
CON-03967,CL-007,2025-09-01
CON-03968,CL-007,2025-09-01
CON-03969,CL-007,2025-09-01
CON-03970,CL-008,2025-09-01
CON-03971,CL-008,2025-09-01
CON-03972,CL-014,2025-09-01
CON-03973,CL-014,2025-09-01
CON-03974,CL-014,2025-09-01
CON-03975,CL-018,2025-09-01
CON-03976,CL-018,2025-09-01
CON-03977,CL-018,2025-09-01
CON-03978,CL-021,2025-09-01
CON-03979,CL-024,2025-09-01
CON-03980,CL-026,2025-09-01
CON-03981,CL-026,2025-09-01
CON-03982,CL-028,2025-09-01
CON-03983,CL-029,2025-09-01
CON-03984,CL-032,2025-09-01
CON-03985,CL-043,2025-09-01
CON-03986,CL-043,2025-09-01
CON-03987,CL-066,2025-09-01
CON-03988,CL-066,2025-09-01
CON-03989,CL-104,2025-09-01
CON-03990,CL-110,2025-09-01
CON-03991,CL-114,2025-09-01
CON-03992,CL-114,2025-09-01
CON-03993,CL-140,2025-09-01
CON-03994,CL-167,2025-09-01
CON-03995,CL-170,2025-09-01
CON-03996,CL-187,2025-09-01
CON-03997,CL-200,2025-09-01
CON-03998,CL-202,2025-09-01
CON-03999,CL-210,2025-09-01
CON-04000,CL-220,2025-09-01
CON-04001,CL-224,2025-09-01
CON-04002,CL-224,2025-09-01
CON-04003,CL-225,2025-09-01
CON-04004,CL-228,2025-09-01
CON-04005,CL-235,2025-09-01
CON-04006,CL-236,2025-09-01
CON-04007,CL-241,2025-09-01
CON-04008,CL-242,2025-09-01
CON-04009,CL-246,2025-09-01
CON-04010,CL-249,2025-09-01
CON-04011,CL-251,2025-09-01
CON-04012,CL-251,2025-09-01
CON-04013,CL-251,2025-09-01
CON-04014,CL-253,2025-09-01
CON-04015,CL-003,2025-09-02
CON-04016,CL-052,2025-09-02
CON-04017,CL-066,2025-09-02
CON-04018,CL-175,2025-09-02
CON-04019,CL-177,2025-09-02
CON-04020,CL-186,2025-09-02
CON-04021,CL-194,2025-09-02
CON-04022,CL-200,2025-09-02
CON-04023,CL-224,2025-09-02
CON-04024,CL-229,2025-09-02
CON-04025,CL-230,2025-09-02
CON-04026,CL-237,2025-09-02
CON-04027,CL-249,2025-09-02
CON-04028,CL-251,2025-09-02
CON-04029,CL-003,2025-09-03
CON-04030,CL-010,2025-09-03
CON-04031,CL-013,2025-09-03
CON-04032,CL-014,2025-09-03
CON-04033,CL-027,2025-09-03
CON-04034,CL-043,2025-09-03
CON-04035,CL-091,2025-09-03
CON-04036,CL-092,2025-09-03
CON-04037,CL-113,2025-09-03
CON-04038,CL-114,2025-09-03
CON-04039,CL-191,2025-09-03
CON-04040,CL-219,2025-09-03
CON-04041,CL-231,2025-09-03
CON-04042,CL-235,2025-09-03
CON-04043,CL-238,2025-09-03
CON-04044,CL-252,2025-09-03
CON-04045,CL-258,2025-09-03
CON-04046,CL-009,2025-09-04
CON-04047,CL-011,2025-09-04
CON-04048,CL-014,2025-09-04
CON-04049,CL-014,2025-09-04
CON-04050,CL-026,2025-09-04
CON-04051,CL-041,2025-09-04
CON-04052,CL-043,2025-09-04
CON-04053,CL-046,2025-09-04
CON-04054,CL-069,2025-09-04
CON-04055,CL-161,2025-09-04
CON-04056,CL-174,2025-09-04
CON-04057,CL-198,2025-09-04
CON-04058,CL-223,2025-09-04
CON-04059,CL-225,2025-09-04
CON-04060,CL-228,2025-09-04
CON-04061,CL-238,2025-09-04
CON-04062,CL-245,2025-09-04
CON-04063,CL-252,2025-09-04
CON-04064,CL-258,2025-09-04
CON-04065,CL-002,2025-09-05
CON-04066,CL-002,2025-09-05
CON-04067,CL-004,2025-09-05
CON-04068,CL-014,2025-09-05
CON-04069,CL-016,2025-09-05
CON-04070,CL-031,2025-09-05
CON-04071,CL-031,2025-09-05
CON-04072,CL-042,2025-09-05
CON-04073,CL-054,2025-09-05
CON-04074,CL-078,2025-09-05
CON-04075,CL-090,2025-09-05
CON-04076,CL-177,2025-09-05
CON-04077,CL-193,2025-09-05
CON-04078,CL-209,2025-09-05
CON-04079,CL-219,2025-09-05
CON-04080,CL-219,2025-09-05
CON-04081,CL-223,2025-09-05
CON-04082,CL-224,2025-09-05
CON-04083,CL-224,2025-09-05
CON-04084,CL-228,2025-09-05
CON-04085,CL-233,2025-09-05
CON-04086,CL-236,2025-09-05
CON-04087,CL-239,2025-09-05
CON-04088,CL-243,2025-09-05
CON-04089,CL-247,2025-09-05
CON-04090,CL-253,2025-09-05
CON-04091,CL-002,2025-09-08
CON-04092,CL-006,2025-09-08
CON-04093,CL-012,2025-09-08
CON-04094,CL-014,2025-09-08
CON-04095,CL-014,2025-09-08
CON-04096,CL-014,2025-09-08
CON-04097,CL-014,2025-09-08
CON-04098,CL-014,2025-09-08
CON-04099,CL-014,2025-09-08
CON-04100,CL-019,2025-09-08
CON-04101,CL-030,2025-09-08
CON-04102,CL-039,2025-09-08
CON-04103,CL-061,2025-09-08
CON-04104,CL-062,2025-09-08
CON-04105,CL-066,2025-09-08
CON-04106,CL-077,2025-09-08
CON-04107,CL-098,2025-09-08
CON-04108,CL-107,2025-09-08
CON-04109,CL-109,2025-09-08
CON-04110,CL-109,2025-09-08
CON-04111,CL-116,2025-09-08
CON-04112,CL-127,2025-09-08
CON-04113,CL-151,2025-09-08
CON-04114,CL-157,2025-09-08
CON-04115,CL-172,2025-09-08
CON-04116,CL-178,2025-09-08
CON-04117,CL-205,2025-09-08
CON-04118,CL-205,2025-09-08
CON-04119,CL-207,2025-09-08
CON-04120,CL-211,2025-09-08
CON-04121,CL-219,2025-09-08
CON-04122,CL-220,2025-09-08
CON-04123,CL-224,2025-09-08
CON-04124,CL-224,2025-09-08
CON-04125,CL-233,2025-09-08
CON-04126,CL-234,2025-09-08
CON-04127,CL-237,2025-09-08
CON-04128,CL-237,2025-09-08
CON-04129,CL-238,2025-09-08
CON-04130,CL-242,2025-09-08
CON-04131,CL-242,2025-09-08
CON-04132,CL-242,2025-09-08
CON-04133,CL-243,2025-09-08
CON-04134,CL-243,2025-09-08
CON-04135,CL-244,2025-09-08
CON-04136,CL-246,2025-09-08
CON-04137,CL-246,2025-09-08
CON-04138,CL-248,2025-09-08
CON-04139,CL-249,2025-09-08
CON-04140,CL-249,2025-09-08
CON-04141,CL-250,2025-09-08
CON-04142,CL-250,2025-09-08
CON-04143,CL-252,2025-09-08
CON-04144,CL-255,2025-09-08
CON-04145,CL-255,2025-09-08
CON-04146,CL-004,2025-09-09
CON-04147,CL-019,2025-09-09
CON-04148,CL-032,2025-09-09
CON-04149,CL-034,2025-09-09
CON-04150,CL-041,2025-09-09
CON-04151,CL-102,2025-09-09
CON-04152,CL-110,2025-09-09
CON-04153,CL-217,2025-09-09
CON-04154,CL-242,2025-09-09
CON-04155,CL-242,2025-09-09
CON-04156,CL-242,2025-09-09
CON-04157,CL-243,2025-09-09
CON-04158,CL-250,2025-09-09
CON-04159,CL-004,2025-09-10
CON-04160,CL-014,2025-09-10
CON-04161,CL-034,2025-09-10
CON-04162,CL-078,2025-09-10
CON-04163,CL-224,2025-09-10
CON-04164,CL-230,2025-09-10
CON-04165,CL-236,2025-09-10
CON-04166,CL-242,2025-09-10
CON-04167,CL-247,2025-09-10
CON-04168,CL-252,2025-09-10
CON-04169,CL-010,2025-09-11
CON-04170,CL-012,2025-09-11
CON-04171,CL-014,2025-09-11
CON-04172,CL-014,2025-09-11
CON-04173,CL-014,2025-09-11
CON-04174,CL-020,2025-09-11
CON-04175,CL-020,2025-09-11
CON-04176,CL-027,2025-09-11
CON-04177,CL-033,2025-09-11
CON-04178,CL-142,2025-09-11
CON-04179,CL-177,2025-09-11
CON-04180,CL-205,2025-09-11
CON-04181,CL-214,2025-09-11
CON-04182,CL-226,2025-09-11
CON-04183,CL-226,2025-09-11
CON-04184,CL-236,2025-09-11
CON-04185,CL-239,2025-09-11
CON-04186,CL-241,2025-09-11
CON-04187,CL-002,2025-09-12
CON-04188,CL-002,2025-09-12
CON-04189,CL-003,2025-09-12
CON-04190,CL-006,2025-09-12
CON-04191,CL-013,2025-09-12
CON-04192,CL-014,2025-09-12
CON-04193,CL-014,2025-09-12
CON-04194,CL-014,2025-09-12
CON-04195,CL-015,2025-09-12
CON-04196,CL-016,2025-09-12
CON-04197,CL-023,2025-09-12
CON-04198,CL-026,2025-09-12
CON-04199,CL-027,2025-09-12
CON-04200,CL-032,2025-09-12
CON-04201,CL-055,2025-09-12
CON-04202,CL-109,2025-09-12
CON-04203,CL-114,2025-09-12
CON-04204,CL-121,2025-09-12
CON-04205,CL-174,2025-09-12
CON-04206,CL-194,2025-09-12
CON-04207,CL-224,2025-09-12
CON-04208,CL-244,2025-09-12
CON-04209,CL-245,2025-09-12
CON-04210,CL-248,2025-09-12
CON-04211,CL-250,2025-09-12
CON-04212,CL-252,2025-09-12
CON-04213,CL-253,2025-09-12
CON-04214,CL-005,2025-09-15
CON-04215,CL-013,2025-09-15
CON-04216,CL-014,2025-09-15
CON-04217,CL-014,2025-09-15
CON-04218,CL-015,2025-09-15
CON-04219,CL-018,2025-09-15
CON-04220,CL-026,2025-09-15
CON-04221,CL-026,2025-09-15
CON-04222,CL-028,2025-09-15
CON-04223,CL-034,2025-09-15
CON-04224,CL-046,2025-09-15
CON-04225,CL-050,2025-09-15
CON-04226,CL-079,2025-09-15
CON-04227,CL-112,2025-09-15
CON-04228,CL-172,2025-09-15
CON-04229,CL-177,2025-09-15
CON-04230,CL-185,2025-09-15
CON-04231,CL-187,2025-09-15
CON-04232,CL-204,2025-09-15
CON-04233,CL-224,2025-09-15
CON-04234,CL-224,2025-09-15
CON-04235,CL-225,2025-09-15
CON-04236,CL-229,2025-09-15
CON-04237,CL-231,2025-09-15
CON-04238,CL-232,2025-09-15
CON-04239,CL-233,2025-09-15
CON-04240,CL-237,2025-09-15
CON-04241,CL-238,2025-09-15
CON-04242,CL-241,2025-09-15
CON-04243,CL-242,2025-09-15
CON-04244,CL-243,2025-09-15
CON-04245,CL-243,2025-09-15
CON-04246,CL-243,2025-09-15
CON-04247,CL-247,2025-09-15
CON-04248,CL-248,2025-09-15
CON-04249,CL-248,2025-09-15
CON-04250,CL-248,2025-09-15
CON-04251,CL-250,2025-09-15
CON-04252,CL-250,2025-09-15
CON-04253,CL-252,2025-09-15
CON-04254,CL-253,2025-09-15
CON-04255,CL-255,2025-09-15
CON-04256,CL-256,2025-09-15
CON-04257,CL-014,2025-09-16
CON-04258,CL-015,2025-09-16
CON-04259,CL-017,2025-09-16
CON-04260,CL-018,2025-09-16
CON-04261,CL-036,2025-09-16
CON-04262,CL-125,2025-09-16
CON-04263,CL-205,2025-09-16
CON-04264,CL-213,2025-09-16
CON-04265,CL-219,2025-09-16
CON-04266,CL-223,2025-09-16
CON-04267,CL-229,2025-09-16
CON-04268,CL-253,2025-09-16
CON-04269,CL-007,2025-09-17
CON-04270,CL-012,2025-09-17
CON-04271,CL-014,2025-09-17
CON-04272,CL-028,2025-09-17
CON-04273,CL-055,2025-09-17
CON-04274,CL-159,2025-09-17
CON-04275,CL-190,2025-09-17
CON-04276,CL-223,2025-09-17
CON-04277,CL-240,2025-09-17
CON-04278,CL-245,2025-09-17
CON-04279,CL-009,2025-09-18
CON-04280,CL-010,2025-09-18
CON-04281,CL-014,2025-09-18
CON-04282,CL-026,2025-09-18
CON-04283,CL-175,2025-09-18
CON-04284,CL-186,2025-09-18
CON-04285,CL-209,2025-09-18
CON-04286,CL-220,2025-09-18
CON-04287,CL-220,2025-09-18
CON-04288,CL-231,2025-09-18
CON-04289,CL-236,2025-09-18
CON-04290,CL-242,2025-09-18
CON-04291,CL-242,2025-09-18
CON-04292,CL-246,2025-09-18
CON-04293,CL-248,2025-09-18
CON-04294,CL-252,2025-09-18
CON-04295,CL-253,2025-09-18
CON-04296,CL-253,2025-09-18
CON-04297,CL-253,2025-09-18
CON-04298,CL-254,2025-09-18
CON-04299,CL-012,2025-09-19
CON-04300,CL-014,2025-09-19
CON-04301,CL-014,2025-09-19
CON-04302,CL-014,2025-09-19
CON-04303,CL-019,2025-09-19
CON-04304,CL-025,2025-09-19
CON-04305,CL-027,2025-09-19
CON-04306,CL-055,2025-09-19
CON-04307,CL-095,2025-09-19
CON-04308,CL-141,2025-09-19
CON-04309,CL-176,2025-09-19
CON-04310,CL-221,2025-09-19
CON-04311,CL-224,2025-09-19
CON-04312,CL-233,2025-09-19
CON-04313,CL-240,2025-09-19
CON-04314,CL-243,2025-09-19
CON-04315,CL-252,2025-09-19
CON-04316,CL-002,2025-09-22
CON-04317,CL-006,2025-09-22
CON-04318,CL-007,2025-09-22
CON-04319,CL-007,2025-09-22
CON-04320,CL-008,2025-09-22
CON-04321,CL-009,2025-09-22
CON-04322,CL-009,2025-09-22
CON-04323,CL-009,2025-09-22
CON-04324,CL-010,2025-09-22
CON-04325,CL-011,2025-09-22
CON-04326,CL-020,2025-09-22
CON-04327,CL-021,2025-09-22
CON-04328,CL-023,2025-09-22
CON-04329,CL-026,2025-09-22
CON-04330,CL-026,2025-09-22
CON-04331,CL-027,2025-09-22
CON-04332,CL-027,2025-09-22
CON-04333,CL-028,2025-09-22
CON-04334,CL-030,2025-09-22
CON-04335,CL-032,2025-09-22
CON-04336,CL-033,2025-09-22
CON-04337,CL-040,2025-09-22
CON-04338,CL-044,2025-09-22
CON-04339,CL-053,2025-09-22
CON-04340,CL-055,2025-09-22
CON-04341,CL-061,2025-09-22
CON-04342,CL-085,2025-09-22
CON-04343,CL-102,2025-09-22
CON-04344,CL-110,2025-09-22
CON-04345,CL-111,2025-09-22
CON-04346,CL-159,2025-09-22
CON-04347,CL-160,2025-09-22
CON-04348,CL-165,2025-09-22
CON-04349,CL-175,2025-09-22
CON-04350,CL-198,2025-09-22
CON-04351,CL-202,2025-09-22
CON-04352,CL-207,2025-09-22
CON-04353,CL-219,2025-09-22
CON-04354,CL-220,2025-09-22
CON-04355,CL-224,2025-09-22
CON-04356,CL-226,2025-09-22
CON-04357,CL-227,2025-09-22
CON-04358,CL-228,2025-09-22
CON-04359,CL-228,2025-09-22
CON-04360,CL-233,2025-09-22
CON-04361,CL-236,2025-09-22
CON-04362,CL-237,2025-09-22
CON-04363,CL-238,2025-09-22
CON-04364,CL-238,2025-09-22
CON-04365,CL-243,2025-09-22
CON-04366,CL-243,2025-09-22
CON-04367,CL-246,2025-09-22
CON-04368,CL-246,2025-09-22
CON-04369,CL-248,2025-09-22
CON-04370,CL-250,2025-09-22
CON-04371,CL-250,2025-09-22
CON-04372,CL-252,2025-09-22
CON-04373,CL-252,2025-09-22
CON-04374,CL-252,2025-09-22
CON-04375,CL-253,2025-09-22
CON-04376,CL-253,2025-09-22
CON-04377,CL-255,2025-09-22
CON-04378,CL-258,2025-09-22
CON-04379,CL-258,2025-09-22
CON-04380,CL-007,2025-09-23
CON-04381,CL-014,2025-09-23
CON-04382,CL-020,2025-09-23
CON-04383,CL-206,2025-09-23
CON-04384,CL-209,2025-09-23
CON-04385,CL-244,2025-09-23
CON-04386,CL-250,2025-09-23
CON-04387,CL-014,2025-09-24
CON-04388,CL-029,2025-09-24
CON-04389,CL-072,2025-09-24
CON-04390,CL-111,2025-09-24
CON-04391,CL-180,2025-09-24
CON-04392,CL-218,2025-09-24
CON-04393,CL-236,2025-09-24
CON-04394,CL-239,2025-09-24
CON-04395,CL-002,2025-09-25
CON-04396,CL-008,2025-09-25
CON-04397,CL-010,2025-09-25
CON-04398,CL-011,2025-09-25
CON-04399,CL-014,2025-09-25
CON-04400,CL-014,2025-09-25
CON-04401,CL-023,2025-09-25
CON-04402,CL-023,2025-09-25
CON-04403,CL-026,2025-09-25
CON-04404,CL-032,2025-09-25
CON-04405,CL-033,2025-09-25
CON-04406,CL-069,2025-09-25
CON-04407,CL-109,2025-09-25
CON-04408,CL-129,2025-09-25
CON-04409,CL-202,2025-09-25
CON-04410,CL-219,2025-09-25
CON-04411,CL-220,2025-09-25
CON-04412,CL-229,2025-09-25
CON-04413,CL-235,2025-09-25
CON-04414,CL-248,2025-09-25
CON-04415,CL-014,2025-09-26
CON-04416,CL-014,2025-09-26
CON-04417,CL-020,2025-09-26
CON-04418,CL-025,2025-09-26
CON-04419,CL-040,2025-09-26
CON-04420,CL-077,2025-09-26
CON-04421,CL-119,2025-09-26
CON-04422,CL-140,2025-09-26
CON-04423,CL-212,2025-09-26
CON-04424,CL-220,2025-09-26
CON-04425,CL-224,2025-09-26
CON-04426,CL-224,2025-09-26
CON-04427,CL-242,2025-09-26
CON-04428,CL-243,2025-09-26
CON-04429,CL-251,2025-09-26
CON-04430,CL-252,2025-09-26
CON-04431,CL-252,2025-09-26
CON-04432,CL-252,2025-09-26
CON-04433,CL-257,2025-09-26
CON-04434,CL-006,2025-09-29
CON-04435,CL-008,2025-09-29
CON-04436,CL-008,2025-09-29
CON-04437,CL-008,2025-09-29
CON-04438,CL-009,2025-09-29
CON-04439,CL-009,2025-09-29
CON-04440,CL-014,2025-09-29
CON-04441,CL-014,2025-09-29
CON-04442,CL-016,2025-09-29
CON-04443,CL-018,2025-09-29
CON-04444,CL-026,2025-09-29
CON-04445,CL-026,2025-09-29
CON-04446,CL-026,2025-09-29
CON-04447,CL-027,2025-09-29
CON-04448,CL-032,2025-09-29
CON-04449,CL-034,2025-09-29
CON-04450,CL-043,2025-09-29
CON-04451,CL-044,2025-09-29
CON-04452,CL-077,2025-09-29
CON-04453,CL-087,2025-09-29
CON-04454,CL-098,2025-09-29
CON-04455,CL-104,2025-09-29
CON-04456,CL-111,2025-09-29
CON-04457,CL-122,2025-09-29
CON-04458,CL-131,2025-09-29
CON-04459,CL-133,2025-09-29
CON-04460,CL-143,2025-09-29
CON-04461,CL-147,2025-09-29
CON-04462,CL-156,2025-09-29
CON-04463,CL-162,2025-09-29
CON-04464,CL-170,2025-09-29
CON-04465,CL-202,2025-09-29
CON-04466,CL-209,2025-09-29
CON-04467,CL-216,2025-09-29
CON-04468,CL-219,2025-09-29
CON-04469,CL-219,2025-09-29
CON-04470,CL-225,2025-09-29
CON-04471,CL-229,2025-09-29
CON-04472,CL-230,2025-09-29
CON-04473,CL-231,2025-09-29
CON-04474,CL-232,2025-09-29
CON-04475,CL-238,2025-09-29
CON-04476,CL-239,2025-09-29
CON-04477,CL-242,2025-09-29
CON-04478,CL-243,2025-09-29
CON-04479,CL-244,2025-09-29
CON-04480,CL-244,2025-09-29
CON-04481,CL-245,2025-09-29
CON-04482,CL-246,2025-09-29
CON-04483,CL-247,2025-09-29
CON-04484,CL-247,2025-09-29
CON-04485,CL-248,2025-09-29
CON-04486,CL-251,2025-09-29
CON-04487,CL-252,2025-09-29
CON-04488,CL-253,2025-09-29
CON-04489,CL-253,2025-09-29
CON-04490,CL-019,2025-09-30
CON-04491,CL-089,2025-09-30
CON-04492,CL-109,2025-09-30
CON-04493,CL-222,2025-09-30
CON-04494,CL-243,2025-09-30
CON-04495,CL-249,2025-09-30
CON-04496,CL-008,2025-10-01
CON-04497,CL-014,2025-10-01
CON-04498,CL-018,2025-10-01
CON-04499,CL-023,2025-10-01
CON-04500,CL-042,2025-10-01
CON-04501,CL-062,2025-10-01
CON-04502,CL-183,2025-10-01
CON-04503,CL-233,2025-10-01
CON-04504,CL-246,2025-10-01
CON-04505,CL-251,2025-10-01
CON-04506,CL-007,2025-10-02
CON-04507,CL-014,2025-10-02
CON-04508,CL-015,2025-10-02
CON-04509,CL-026,2025-10-02
CON-04510,CL-026,2025-10-02
CON-04511,CL-027,2025-10-02
CON-04512,CL-099,2025-10-02
CON-04513,CL-107,2025-10-02
CON-04514,CL-108,2025-10-02
CON-04515,CL-187,2025-10-02
CON-04516,CL-225,2025-10-02
CON-04517,CL-232,2025-10-02
CON-04518,CL-238,2025-10-02
CON-04519,CL-244,2025-10-02
CON-04520,CL-246,2025-10-02
CON-04521,CL-249,2025-10-02
CON-04522,CL-252,2025-10-02
CON-04523,CL-252,2025-10-02
CON-04524,CL-252,2025-10-02
CON-04525,CL-253,2025-10-02
CON-04526,CL-004,2025-10-03
CON-04527,CL-008,2025-10-03
CON-04528,CL-010,2025-10-03
CON-04529,CL-015,2025-10-03
CON-04530,CL-020,2025-10-03
CON-04531,CL-027,2025-10-03
CON-04532,CL-034,2025-10-03
CON-04533,CL-061,2025-10-03
CON-04534,CL-069,2025-10-03
CON-04535,CL-077,2025-10-03
CON-04536,CL-093,2025-10-03
CON-04537,CL-110,2025-10-03
CON-04538,CL-123,2025-10-03
CON-04539,CL-134,2025-10-03
CON-04540,CL-141,2025-10-03
CON-04541,CL-165,2025-10-03
CON-04542,CL-182,2025-10-03
CON-04543,CL-184,2025-10-03
CON-04544,CL-191,2025-10-03
CON-04545,CL-199,2025-10-03
CON-04546,CL-205,2025-10-03
CON-04547,CL-229,2025-10-03
CON-04548,CL-229,2025-10-03
CON-04549,CL-232,2025-10-03
CON-04550,CL-233,2025-10-03
CON-04551,CL-236,2025-10-03
CON-04552,CL-237,2025-10-03
CON-04553,CL-237,2025-10-03
CON-04554,CL-248,2025-10-03
CON-04555,CL-250,2025-10-03
CON-04556,CL-250,2025-10-03
CON-04557,CL-258,2025-10-03
CON-04558,CL-002,2025-10-06
CON-04559,CL-002,2025-10-06
CON-04560,CL-008,2025-10-06
CON-04561,CL-008,2025-10-06
CON-04562,CL-009,2025-10-06
CON-04563,CL-011,2025-10-06
CON-04564,CL-014,2025-10-06
CON-04565,CL-014,2025-10-06
CON-04566,CL-014,2025-10-06
CON-04567,CL-020,2025-10-06
CON-04568,CL-021,2025-10-06
CON-04569,CL-028,2025-10-06
CON-04570,CL-028,2025-10-06
CON-04571,CL-031,2025-10-06
CON-04572,CL-031,2025-10-06
CON-04573,CL-031,2025-10-06
CON-04574,CL-032,2025-10-06
CON-04575,CL-033,2025-10-06
CON-04576,CL-041,2025-10-06
CON-04577,CL-050,2025-10-06
CON-04578,CL-070,2025-10-06
CON-04579,CL-071,2025-10-06
CON-04580,CL-080,2025-10-06
CON-04581,CL-092,2025-10-06
CON-04582,CL-137,2025-10-06
CON-04583,CL-167,2025-10-06
CON-04584,CL-181,2025-10-06
CON-04585,CL-193,2025-10-06
CON-04586,CL-207,2025-10-06
CON-04587,CL-209,2025-10-06
CON-04588,CL-213,2025-10-06
CON-04589,CL-219,2025-10-06
CON-04590,CL-221,2025-10-06
CON-04591,CL-224,2025-10-06
CON-04592,CL-225,2025-10-06
CON-04593,CL-226,2025-10-06
CON-04594,CL-226,2025-10-06
CON-04595,CL-227,2025-10-06
CON-04596,CL-238,2025-10-06
CON-04597,CL-238,2025-10-06
CON-04598,CL-240,2025-10-06
CON-04599,CL-244,2025-10-06
CON-04600,CL-246,2025-10-06
CON-04601,CL-249,2025-10-06
CON-04602,CL-252,2025-10-06
CON-04603,CL-252,2025-10-06
CON-04604,CL-255,2025-10-06
CON-04605,CL-003,2025-10-07
CON-04606,CL-014,2025-10-07
CON-04607,CL-031,2025-10-07
CON-04608,CL-068,2025-10-07
CON-04609,CL-087,2025-10-07
CON-04610,CL-146,2025-10-07
CON-04611,CL-191,2025-10-07
CON-04612,CL-233,2025-10-07
CON-04613,CL-237,2025-10-07
CON-04614,CL-240,2025-10-07
CON-04615,CL-253,2025-10-07
CON-04616,CL-255,2025-10-07
CON-04617,CL-257,2025-10-07
CON-04618,CL-005,2025-10-08
CON-04619,CL-016,2025-10-08
CON-04620,CL-117,2025-10-08
CON-04621,CL-137,2025-10-08
CON-04622,CL-150,2025-10-08
CON-04623,CL-161,2025-10-08
CON-04624,CL-226,2025-10-08
CON-04625,CL-251,2025-10-08
CON-04626,CL-252,2025-10-08
CON-04627,CL-255,2025-10-08
CON-04628,CL-003,2025-10-09
CON-04629,CL-014,2025-10-09
CON-04630,CL-021,2025-10-09
CON-04631,CL-088,2025-10-09
CON-04632,CL-091,2025-10-09
CON-04633,CL-096,2025-10-09
CON-04634,CL-229,2025-10-09
CON-04635,CL-239,2025-10-09
CON-04636,CL-240,2025-10-09
CON-04637,CL-252,2025-10-09
CON-04638,CL-002,2025-10-10
CON-04639,CL-002,2025-10-10
CON-04640,CL-014,2025-10-10
CON-04641,CL-014,2025-10-10
CON-04642,CL-022,2025-10-10
CON-04643,CL-028,2025-10-10
CON-04644,CL-033,2025-10-10
CON-04645,CL-046,2025-10-10
CON-04646,CL-056,2025-10-10
CON-04647,CL-084,2025-10-10
CON-04648,CL-109,2025-10-10
CON-04649,CL-134,2025-10-10
CON-04650,CL-147,2025-10-10
CON-04651,CL-157,2025-10-10
CON-04652,CL-164,2025-10-10
CON-04653,CL-184,2025-10-10
CON-04654,CL-198,2025-10-10
CON-04655,CL-206,2025-10-10
CON-04656,CL-219,2025-10-10
CON-04657,CL-230,2025-10-10
CON-04658,CL-241,2025-10-10
CON-04659,CL-246,2025-10-10
CON-04660,CL-246,2025-10-10
CON-04661,CL-253,2025-10-10
CON-04662,CL-002,2025-10-13
CON-04663,CL-005,2025-10-13
CON-04664,CL-007,2025-10-13
CON-04665,CL-009,2025-10-13
CON-04666,CL-013,2025-10-13
CON-04667,CL-014,2025-10-13
CON-04668,CL-016,2025-10-13
CON-04669,CL-018,2025-10-13
CON-04670,CL-026,2025-10-13
CON-04671,CL-031,2025-10-13
CON-04672,CL-041,2025-10-13
CON-04673,CL-050,2025-10-13
CON-04674,CL-060,2025-10-13
CON-04675,CL-081,2025-10-13
CON-04676,CL-091,2025-10-13
CON-04677,CL-104,2025-10-13
CON-04678,CL-105,2025-10-13
CON-04679,CL-123,2025-10-13
CON-04680,CL-125,2025-10-13
CON-04681,CL-127,2025-10-13
CON-04682,CL-146,2025-10-13
CON-04683,CL-164,2025-10-13
CON-04684,CL-174,2025-10-13
CON-04685,CL-181,2025-10-13
CON-04686,CL-191,2025-10-13
CON-04687,CL-202,2025-10-13
CON-04688,CL-204,2025-10-13
CON-04689,CL-225,2025-10-13
CON-04690,CL-228,2025-10-13
CON-04691,CL-230,2025-10-13
CON-04692,CL-231,2025-10-13
CON-04693,CL-233,2025-10-13
CON-04694,CL-235,2025-10-13
CON-04695,CL-236,2025-10-13
CON-04696,CL-237,2025-10-13
CON-04697,CL-243,2025-10-13
CON-04698,CL-243,2025-10-13
CON-04699,CL-246,2025-10-13
CON-04700,CL-250,2025-10-13
CON-04701,CL-255,2025-10-13
CON-04702,CL-034,2025-10-14
CON-04703,CL-073,2025-10-14
CON-04704,CL-159,2025-10-14
CON-04705,CL-223,2025-10-14
CON-04706,CL-224,2025-10-14
CON-04707,CL-250,2025-10-14
CON-04708,CL-255,2025-10-14
CON-04709,CL-018,2025-10-15
CON-04710,CL-070,2025-10-15
CON-04711,CL-161,2025-10-15
CON-04712,CL-187,2025-10-15
CON-04713,CL-194,2025-10-15
CON-04714,CL-200,2025-10-15
CON-04715,CL-209,2025-10-15
CON-04716,CL-225,2025-10-15
CON-04717,CL-228,2025-10-15
CON-04718,CL-230,2025-10-15
CON-04719,CL-237,2025-10-15
CON-04720,CL-243,2025-10-15
CON-04721,CL-014,2025-10-16
CON-04722,CL-020,2025-10-16
CON-04723,CL-020,2025-10-16
CON-04724,CL-023,2025-10-16
CON-04725,CL-025,2025-10-16
CON-04726,CL-026,2025-10-16
CON-04727,CL-158,2025-10-16
CON-04728,CL-200,2025-10-16
CON-04729,CL-222,2025-10-16
CON-04730,CL-224,2025-10-16
CON-04731,CL-225,2025-10-16
CON-04732,CL-230,2025-10-16
CON-04733,CL-235,2025-10-16
CON-04734,CL-239,2025-10-16
CON-04735,CL-242,2025-10-16
CON-04736,CL-243,2025-10-16
CON-04737,CL-249,2025-10-16
CON-04738,CL-253,2025-10-16
CON-04739,CL-002,2025-10-17
CON-04740,CL-008,2025-10-17
CON-04741,CL-009,2025-10-17
CON-04742,CL-014,2025-10-17
CON-04743,CL-014,2025-10-17
CON-04744,CL-018,2025-10-17
CON-04745,CL-026,2025-10-17
CON-04746,CL-027,2025-10-17
CON-04747,CL-074,2025-10-17
CON-04748,CL-165,2025-10-17
CON-04749,CL-224,2025-10-17
CON-04750,CL-226,2025-10-17
CON-04751,CL-230,2025-10-17
CON-04752,CL-231,2025-10-17
CON-04753,CL-232,2025-10-17
CON-04754,CL-236,2025-10-17
CON-04755,CL-244,2025-10-17
CON-04756,CL-248,2025-10-17
CON-04757,CL-254,2025-10-17
CON-04758,CL-002,2025-10-20
CON-04759,CL-006,2025-10-20
CON-04760,CL-007,2025-10-20
CON-04761,CL-009,2025-10-20
CON-04762,CL-014,2025-10-20
CON-04763,CL-014,2025-10-20
CON-04764,CL-017,2025-10-20
CON-04765,CL-024,2025-10-20
CON-04766,CL-039,2025-10-20
CON-04767,CL-043,2025-10-20
CON-04768,CL-044,2025-10-20
CON-04769,CL-044,2025-10-20
CON-04770,CL-206,2025-10-20
CON-04771,CL-065,2025-10-20
CON-04772,CL-069,2025-10-20
CON-04773,CL-073,2025-10-20
CON-04774,CL-077,2025-10-20
CON-04775,CL-085,2025-10-20
CON-04776,CL-096,2025-10-20
CON-04777,CL-104,2025-10-20
CON-04778,CL-108,2025-10-20
CON-04779,CL-110,2025-10-20
CON-04780,CL-116,2025-10-20
CON-04781,CL-160,2025-10-20
CON-04782,CL-164,2025-10-20
CON-04783,CL-176,2025-10-20
CON-04784,CL-192,2025-10-20
CON-04785,CL-203,2025-10-20
CON-04786,CL-220,2025-10-20
CON-04787,CL-222,2025-10-20
CON-04788,CL-223,2025-10-20
CON-04789,CL-223,2025-10-20
CON-04790,CL-223,2025-10-20
CON-04791,CL-229,2025-10-20
CON-04792,CL-229,2025-10-20
CON-04793,CL-233,2025-10-20
CON-04794,CL-235,2025-10-20
CON-04795,CL-238,2025-10-20
CON-04796,CL-238,2025-10-20
CON-04797,CL-241,2025-10-20
CON-04798,CL-244,2025-10-20
CON-04799,CL-245,2025-10-20
CON-04800,CL-246,2025-10-20
CON-04801,CL-249,2025-10-20
CON-04802,CL-250,2025-10-20
CON-04803,CL-251,2025-10-20
CON-04804,CL-252,2025-10-20
CON-04805,CL-252,2025-10-20
CON-04806,CL-252,2025-10-20
CON-04807,CL-253,2025-10-20
CON-04808,CL-256,2025-10-20
CON-04809,CL-258,2025-10-20
CON-04810,CL-007,2025-10-21
CON-04811,CL-008,2025-10-21
CON-04812,CL-014,2025-10-21
CON-04813,CL-030,2025-10-21
CON-04814,CL-037,2025-10-21
CON-04815,CL-077,2025-10-21
CON-04816,CL-095,2025-10-21
CON-04817,CL-155,2025-10-21
CON-04818,CL-174,2025-10-21
CON-04819,CL-206,2025-10-21
CON-04820,CL-215,2025-10-21
CON-04821,CL-228,2025-10-21
CON-04822,CL-238,2025-10-21
CON-04823,CL-239,2025-10-21
CON-04824,CL-244,2025-10-21
CON-04825,CL-249,2025-10-21
CON-04826,CL-252,2025-10-21
CON-04827,CL-007,2025-10-22
CON-04828,CL-020,2025-10-22
CON-04829,CL-033,2025-10-22
CON-04830,CL-063,2025-10-22
CON-04831,CL-140,2025-10-22
CON-04832,CL-214,2025-10-22
CON-04833,CL-221,2025-10-22
CON-04834,CL-224,2025-10-22
CON-04835,CL-224,2025-10-22
CON-04836,CL-243,2025-10-22
CON-04837,CL-244,2025-10-22
CON-04838,CL-251,2025-10-22
CON-04839,CL-252,2025-10-22
CON-04840,CL-254,2025-10-22
CON-04841,CL-005,2025-10-23
CON-04842,CL-005,2025-10-23
CON-04843,CL-007,2025-10-23
CON-04844,CL-018,2025-10-23
CON-04845,CL-022,2025-10-23
CON-04846,CL-026,2025-10-23
CON-04847,CL-026,2025-10-23
CON-04848,CL-028,2025-10-23
CON-04849,CL-044,2025-10-23
CON-04850,CL-077,2025-10-23
CON-04851,CL-053,2025-10-23
CON-04852,CL-166,2025-10-23
CON-04853,CL-213,2025-10-23
CON-04854,CL-229,2025-10-23
CON-04855,CL-232,2025-10-23
CON-04856,CL-235,2025-10-23
CON-04857,CL-238,2025-10-23
CON-04858,CL-240,2025-10-23
CON-04859,CL-009,2025-10-24
CON-04860,CL-014,2025-10-24
CON-04861,CL-022,2025-10-24
CON-04862,CL-022,2025-10-24
CON-04863,CL-026,2025-10-24
CON-04864,CL-028,2025-10-24
CON-04865,CL-045,2025-10-24
CON-04866,CL-068,2025-10-24
CON-04867,CL-073,2025-10-24
CON-04868,CL-080,2025-10-24
CON-04869,CL-089,2025-10-24
CON-04870,CL-099,2025-10-24
CON-04871,CL-105,2025-10-24
CON-04872,CL-188,2025-10-24
CON-04873,CL-205,2025-10-24
CON-04874,CL-224,2025-10-24
CON-04875,CL-225,2025-10-24
CON-04876,CL-229,2025-10-24
CON-04877,CL-229,2025-10-24
CON-04878,CL-230,2025-10-24
CON-04879,CL-240,2025-10-24
CON-04880,CL-243,2025-10-24
CON-04881,CL-244,2025-10-24
CON-04882,CL-249,2025-10-24
CON-04883,CL-251,2025-10-24
CON-04884,CL-005,2025-10-27
CON-04885,CL-008,2025-10-27
CON-04886,CL-009,2025-10-27
CON-04887,CL-010,2025-10-27
CON-04888,CL-014,2025-10-27
CON-04889,CL-014,2025-10-27
CON-04890,CL-014,2025-10-27
CON-04891,CL-014,2025-10-27
CON-04892,CL-020,2025-10-27
CON-04893,CL-023,2025-10-27
CON-04894,CL-025,2025-10-27
CON-04895,CL-026,2025-10-27
CON-04896,CL-028,2025-10-27
CON-04897,CL-030,2025-10-27
CON-04898,CL-041,2025-10-27
CON-04899,CL-060,2025-10-27
CON-04900,CL-068,2025-10-27
CON-04901,CL-096,2025-10-27
CON-04902,CL-114,2025-10-27
CON-04903,CL-116,2025-10-27
CON-04904,CL-129,2025-10-27
CON-04905,CL-131,2025-10-27
CON-04906,CL-132,2025-10-27
CON-04907,CL-201,2025-10-27
CON-04908,CL-208,2025-10-27
CON-04909,CL-209,2025-10-27
CON-04910,CL-222,2025-10-27
CON-04911,CL-224,2025-10-27
CON-04912,CL-226,2025-10-27
CON-04913,CL-229,2025-10-27
CON-04914,CL-230,2025-10-27
CON-04915,CL-235,2025-10-27
CON-04916,CL-236,2025-10-27
CON-04917,CL-238,2025-10-27
CON-04918,CL-239,2025-10-27
CON-04919,CL-241,2025-10-27
CON-04920,CL-242,2025-10-27
CON-04921,CL-244,2025-10-27
CON-04922,CL-245,2025-10-27
CON-04923,CL-247,2025-10-27
CON-04924,CL-248,2025-10-27
CON-04925,CL-249,2025-10-27
CON-04926,CL-253,2025-10-27
CON-04927,CL-256,2025-10-27
CON-04928,CL-256,2025-10-27
CON-04929,CL-014,2025-10-28
CON-04930,CL-014,2025-10-28
CON-04931,CL-030,2025-10-28
CON-04932,CL-034,2025-10-28
CON-04933,CL-094,2025-10-28
CON-04934,CL-112,2025-10-28
CON-04935,CL-117,2025-10-28
CON-04936,CL-129,2025-10-28
CON-04937,CL-144,2025-10-28
CON-04938,CL-230,2025-10-28
CON-04939,CL-258,2025-10-28
CON-04940,CL-003,2025-10-29
CON-04941,CL-077,2025-10-29
CON-04942,CL-198,2025-10-29
CON-04943,CL-213,2025-10-29
CON-04944,CL-219,2025-10-29
CON-04945,CL-219,2025-10-29
CON-04946,CL-236,2025-10-29
CON-04947,CL-242,2025-10-29
CON-04948,CL-258,2025-10-29
CON-04949,CL-003,2025-10-30
CON-04950,CL-010,2025-10-30
CON-04951,CL-014,2025-10-30
CON-04952,CL-014,2025-10-30
CON-04953,CL-014,2025-10-30
CON-04954,CL-014,2025-10-30
CON-04955,CL-014,2025-10-30
CON-04956,CL-018,2025-10-30
CON-04957,CL-088,2025-10-30
CON-04958,CL-101,2025-10-30
CON-04959,CL-120,2025-10-30
CON-04960,CL-140,2025-10-30
CON-04961,CL-194,2025-10-30
CON-04962,CL-194,2025-10-30
CON-04963,CL-229,2025-10-30
CON-04964,CL-229,2025-10-30
CON-04965,CL-230,2025-10-30
CON-04966,CL-238,2025-10-30
CON-04967,CL-255,2025-10-30
CON-04968,CL-004,2025-10-31
CON-04969,CL-006,2025-10-31
CON-04970,CL-010,2025-10-31
CON-04971,CL-014,2025-10-31
CON-04972,CL-086,2025-10-31
CON-04973,CL-126,2025-10-31
CON-04974,CL-177,2025-10-31
CON-04975,CL-219,2025-10-31
CON-04976,CL-221,2025-10-31
CON-04977,CL-230,2025-10-31
CON-04978,CL-230,2025-10-31
CON-04979,CL-243,2025-10-31
CON-04980,CL-245,2025-10-31
CON-04981,CL-249,2025-10-31
CON-04982,CL-253,2025-10-31
CON-04983,CL-258,2025-10-31
CON-04984,CL-258,2025-10-31
CON-04985,CL-002,2025-11-03
CON-04986,CL-004,2025-11-03
CON-04987,CL-005,2025-11-03
CON-04988,CL-007,2025-11-03
CON-04989,CL-008,2025-11-03
CON-04990,CL-009,2025-11-03
CON-04991,CL-009,2025-11-03
CON-04992,CL-010,2025-11-03
CON-04993,CL-010,2025-11-03
CON-04994,CL-014,2025-11-03
CON-04995,CL-014,2025-11-03
CON-04996,CL-014,2025-11-03
CON-04997,CL-014,2025-11-03
CON-04998,CL-016,2025-11-03
CON-04999,CL-018,2025-11-03
CON-05000,CL-020,2025-11-03
CON-05001,CL-020,2025-11-03
CON-05002,CL-023,2025-11-03
CON-05003,CL-026,2025-11-03
CON-05004,CL-026,2025-11-03
CON-05005,CL-026,2025-11-03
CON-05006,CL-038,2025-11-03
CON-05007,CL-040,2025-11-03
CON-05008,CL-070,2025-11-03
CON-05009,CL-098,2025-11-03
CON-05010,CL-104,2025-11-03
CON-05011,CL-127,2025-11-03
CON-05012,CL-144,2025-11-03
CON-05013,CL-186,2025-11-03
CON-05014,CL-194,2025-11-03
CON-05015,CL-194,2025-11-03
CON-05016,CL-213,2025-11-03
CON-05017,CL-218,2025-11-03
CON-05018,CL-219,2025-11-03
CON-05019,CL-221,2025-11-03
CON-05020,CL-221,2025-11-03
CON-05021,CL-224,2025-11-03
CON-05022,CL-232,2025-11-03
CON-05023,CL-233,2025-11-03
CON-05024,CL-236,2025-11-03
CON-05025,CL-236,2025-11-03
CON-05026,CL-239,2025-11-03
CON-05027,CL-239,2025-11-03
CON-05028,CL-242,2025-11-03
CON-05029,CL-243,2025-11-03
CON-05030,CL-243,2025-11-03
CON-05031,CL-245,2025-11-03
CON-05032,CL-248,2025-11-03
CON-05033,CL-249,2025-11-03
CON-05034,CL-251,2025-11-03
CON-05035,CL-252,2025-11-03
CON-05036,CL-252,2025-11-03
CON-05037,CL-252,2025-11-03
CON-05038,CL-253,2025-11-03
CON-05039,CL-026,2025-11-04
CON-05040,CL-026,2025-11-04
CON-05041,CL-028,2025-11-04
CON-05042,CL-053,2025-11-04
CON-05043,CL-088,2025-11-04
CON-05044,CL-190,2025-11-04
CON-05045,CL-213,2025-11-04
CON-05046,CL-226,2025-11-04
CON-05047,CL-226,2025-11-04
CON-05048,CL-229,2025-11-04
CON-05049,CL-229,2025-11-04
CON-05050,CL-252,2025-11-04
CON-05051,CL-252,2025-11-04
CON-05052,CL-257,2025-11-04
CON-05053,CL-005,2025-11-05
CON-05054,CL-014,2025-11-05
CON-05055,CL-014,2025-11-05
CON-05056,CL-020,2025-11-05
CON-05057,CL-020,2025-11-05
CON-05058,CL-026,2025-11-05
CON-05059,CL-036,2025-11-05
CON-05060,CL-136,2025-11-05
CON-05061,CL-219,2025-11-05
CON-05062,CL-229,2025-11-05
CON-05063,CL-235,2025-11-05
CON-05064,CL-249,2025-11-05
CON-05065,CL-008,2025-11-06
CON-05066,CL-014,2025-11-06
CON-05067,CL-014,2025-11-06
CON-05068,CL-014,2025-11-06
CON-05069,CL-034,2025-11-06
CON-05070,CL-121,2025-11-06
CON-05071,CL-123,2025-11-06
CON-05072,CL-219,2025-11-06
CON-05073,CL-226,2025-11-06
CON-05074,CL-228,2025-11-06
CON-05075,CL-233,2025-11-06
CON-05076,CL-238,2025-11-06
CON-05077,CL-242,2025-11-06
CON-05078,CL-242,2025-11-06
CON-05079,CL-245,2025-11-06
CON-05080,CL-247,2025-11-06
CON-05081,CL-250,2025-11-06
CON-05082,CL-250,2025-11-06
CON-05083,CL-253,2025-11-06
CON-05084,CL-256,2025-11-06
CON-05085,CL-003,2025-11-07
CON-05086,CL-007,2025-11-07
CON-05087,CL-014,2025-11-07
CON-05088,CL-014,2025-11-07
CON-05089,CL-014,2025-11-07
CON-05090,CL-019,2025-11-07
CON-05091,CL-020,2025-11-07
CON-05092,CL-040,2025-11-07
CON-05093,CL-046,2025-11-07
CON-05094,CL-117,2025-11-07
CON-05095,CL-210,2025-11-07
CON-05096,CL-235,2025-11-07
CON-05097,CL-238,2025-11-07
CON-05098,CL-239,2025-11-07
CON-05099,CL-242,2025-11-07
CON-05100,CL-246,2025-11-07
CON-05101,CL-253,2025-11-07
CON-05102,CL-258,2025-11-07
CON-05103,CL-005,2025-11-10
CON-05104,CL-009,2025-11-10
CON-05105,CL-014,2025-11-10
CON-05106,CL-015,2025-11-10
CON-05107,CL-023,2025-11-10
CON-05108,CL-024,2025-11-10
CON-05109,CL-026,2025-11-10
CON-05110,CL-026,2025-11-10
CON-05111,CL-027,2025-11-10
CON-05112,CL-032,2025-11-10
CON-05113,CL-032,2025-11-10
CON-05114,CL-066,2025-11-10
CON-05115,CL-084,2025-11-10
CON-05116,CL-087,2025-11-10
CON-05117,CL-116,2025-11-10
CON-05118,CL-119,2025-11-10
CON-05119,CL-120,2025-11-10
CON-05120,CL-120,2025-11-10
CON-05121,CL-152,2025-11-10
CON-05122,CL-158,2025-11-10
CON-05123,CL-158,2025-11-10
CON-05124,CL-165,2025-11-10
CON-05125,CL-169,2025-11-10
CON-05126,CL-174,2025-11-10
CON-05127,CL-175,2025-11-10
CON-05128,CL-178,2025-11-10
CON-05129,CL-184,2025-11-10
CON-05130,CL-200,2025-11-10
CON-05131,CL-205,2025-11-10
CON-05132,CL-214,2025-11-10
CON-05133,CL-217,2025-11-10
CON-05134,CL-219,2025-11-10
CON-05135,CL-219,2025-11-10
CON-05136,CL-219,2025-11-10
CON-05137,CL-221,2025-11-10
CON-05138,CL-224,2025-11-10
CON-05139,CL-225,2025-11-10
CON-05140,CL-226,2025-11-10
CON-05141,CL-228,2025-11-10
CON-05142,CL-228,2025-11-10
CON-05143,CL-231,2025-11-10
CON-05144,CL-236,2025-11-10
CON-05145,CL-237,2025-11-10
CON-05146,CL-242,2025-11-10
CON-05147,CL-242,2025-11-10
CON-05148,CL-244,2025-11-10
CON-05149,CL-244,2025-11-10
CON-05150,CL-246,2025-11-10
CON-05151,CL-250,2025-11-10
CON-05152,CL-252,2025-11-10
CON-05153,CL-252,2025-11-10
CON-05154,CL-252,2025-11-10
CON-05155,CL-252,2025-11-10
CON-05156,CL-255,2025-11-10
CON-05157,CL-255,2025-11-10
CON-05158,CL-258,2025-11-10
CON-05159,CL-258,2025-11-10
CON-05160,CL-007,2025-11-11
CON-05161,CL-014,2025-11-11
CON-05162,CL-022,2025-11-11
CON-05163,CL-024,2025-11-11
CON-05164,CL-030,2025-11-11
CON-05165,CL-190,2025-11-11
CON-05166,CL-238,2025-11-11
CON-05167,CL-255,2025-11-11
CON-05168,CL-025,2025-11-12
CON-05169,CL-129,2025-11-12
CON-05170,CL-169,2025-11-12
CON-05171,CL-219,2025-11-12
CON-05172,CL-221,2025-11-12
CON-05173,CL-224,2025-11-12
CON-05174,CL-234,2025-11-12
CON-05175,CL-241,2025-11-12
CON-05176,CL-242,2025-11-12
CON-05177,CL-245,2025-11-12
CON-05178,CL-254,2025-11-12
CON-05179,CL-257,2025-11-12
CON-05180,CL-006,2025-11-13
CON-05181,CL-014,2025-11-13
CON-05182,CL-014,2025-11-13
CON-05183,CL-026,2025-11-13
CON-05184,CL-032,2025-11-13
CON-05185,CL-048,2025-11-13
CON-05186,CL-057,2025-11-13
CON-05187,CL-061,2025-11-13
CON-05188,CL-068,2025-11-13
CON-05189,CL-160,2025-11-13
CON-05190,CL-174,2025-11-13
CON-05191,CL-221,2025-11-13
CON-05192,CL-224,2025-11-13
CON-05193,CL-228,2025-11-13
CON-05194,CL-231,2025-11-13
CON-05195,CL-241,2025-11-13
CON-05196,CL-249,2025-11-13
CON-05197,CL-249,2025-11-13
CON-05198,CL-257,2025-11-13
CON-05199,CL-004,2025-11-14
CON-05200,CL-012,2025-11-14
CON-05201,CL-014,2025-11-14
CON-05202,CL-030,2025-11-14
CON-05203,CL-031,2025-11-14
CON-05204,CL-041,2025-11-14
CON-05205,CL-047,2025-11-14
CON-05206,CL-125,2025-11-14
CON-05207,CL-152,2025-11-14
CON-05208,CL-174,2025-11-14
CON-05209,CL-194,2025-11-14
CON-05210,CL-217,2025-11-14
CON-05211,CL-224,2025-11-14
CON-05212,CL-224,2025-11-14
CON-05213,CL-224,2025-11-14
CON-05214,CL-228,2025-11-14
CON-05215,CL-229,2025-11-14
CON-05216,CL-229,2025-11-14
CON-05217,CL-236,2025-11-14
CON-05218,CL-243,2025-11-14
CON-05219,CL-243,2025-11-14
CON-05220,CL-246,2025-11-14
CON-05221,CL-258,2025-11-14
CON-05222,CL-001,2025-11-17
CON-05223,CL-002,2025-11-17
CON-05224,CL-003,2025-11-17
CON-05225,CL-010,2025-11-17
CON-05226,CL-011,2025-11-17
CON-05227,CL-011,2025-11-17
CON-05228,CL-014,2025-11-17
CON-05229,CL-014,2025-11-17
CON-05230,CL-014,2025-11-17
CON-05231,CL-014,2025-11-17
CON-05232,CL-020,2025-11-17
CON-05233,CL-023,2025-11-17
CON-05234,CL-026,2025-11-17
CON-05235,CL-027,2025-11-17
CON-05236,CL-030,2025-11-17
CON-05237,CL-033,2025-11-17
CON-05238,CL-034,2025-11-17
CON-05239,CL-039,2025-11-17
CON-05240,CL-045,2025-11-17
CON-05241,CL-048,2025-11-17
CON-05242,CL-067,2025-11-17
CON-05243,CL-077,2025-11-17
CON-05244,CL-086,2025-11-17
CON-05245,CL-090,2025-11-17
CON-05246,CL-108,2025-11-17
CON-05247,CL-120,2025-11-17
CON-05248,CL-136,2025-11-17
CON-05249,CL-081,2025-11-17
CON-05250,CL-145,2025-11-17
CON-05251,CL-154,2025-11-17
CON-05252,CL-155,2025-11-17
CON-05253,CL-162,2025-11-17
CON-05254,CL-185,2025-11-17
CON-05255,CL-191,2025-11-17
CON-05256,CL-208,2025-11-17
CON-05257,CL-219,2025-11-17
CON-05258,CL-222,2025-11-17
CON-05259,CL-228,2025-11-17
CON-05260,CL-232,2025-11-17
CON-05261,CL-233,2025-11-17
CON-05262,CL-235,2025-11-17
CON-05263,CL-235,2025-11-17
CON-05264,CL-240,2025-11-17
CON-05265,CL-242,2025-11-17
CON-05266,CL-242,2025-11-17
CON-05267,CL-244,2025-11-17
CON-05268,CL-245,2025-11-17
CON-05269,CL-246,2025-11-17
CON-05270,CL-246,2025-11-17
CON-05271,CL-246,2025-11-17
CON-05272,CL-247,2025-11-17
CON-05273,CL-252,2025-11-17
CON-05274,CL-256,2025-11-17
CON-05275,CL-258,2025-11-17
CON-05276,CL-016,2025-11-18
CON-05277,CL-019,2025-11-18
CON-05278,CL-073,2025-11-18
CON-05279,CL-074,2025-11-18
CON-05280,CL-088,2025-11-18
CON-05281,CL-136,2025-11-18
CON-05282,CL-235,2025-11-18
CON-05283,CL-236,2025-11-18
CON-05284,CL-244,2025-11-18
CON-05285,CL-245,2025-11-18
CON-05286,CL-246,2025-11-18
CON-05287,CL-253,2025-11-18
CON-05288,CL-258,2025-11-18
CON-05289,CL-005,2025-11-19
CON-05290,CL-008,2025-11-19
CON-05291,CL-014,2025-11-19
CON-05292,CL-014,2025-11-19
CON-05293,CL-027,2025-11-19
CON-05294,CL-043,2025-11-19
CON-05295,CL-221,2025-11-19
CON-05296,CL-224,2025-11-19
CON-05297,CL-240,2025-11-19
CON-05298,CL-245,2025-11-19
CON-05299,CL-251,2025-11-19
CON-05300,CL-255,2025-11-19
CON-05301,CL-256,2025-11-19
CON-05302,CL-004,2025-11-20
CON-05303,CL-009,2025-11-20
CON-05304,CL-009,2025-11-20
CON-05305,CL-019,2025-11-20
CON-05306,CL-019,2025-11-20
CON-05307,CL-039,2025-11-20
CON-05308,CL-088,2025-11-20
CON-05309,CL-102,2025-11-20
CON-05310,CL-124,2025-11-20
CON-05311,CL-172,2025-11-20
CON-05312,CL-191,2025-11-20
CON-05313,CL-194,2025-11-20
CON-05314,CL-212,2025-11-20
CON-05315,CL-221,2025-11-20
CON-05316,CL-224,2025-11-20
CON-05317,CL-229,2025-11-20
CON-05318,CL-244,2025-11-20
CON-05319,CL-244,2025-11-20
CON-05320,CL-245,2025-11-20
CON-05321,CL-249,2025-11-20
CON-05322,CL-254,2025-11-20
CON-05323,CL-255,2025-11-20
CON-05324,CL-257,2025-11-20
CON-05325,CL-008,2025-11-21
CON-05326,CL-011,2025-11-21
CON-05327,CL-013,2025-11-21
CON-05328,CL-014,2025-11-21
CON-05329,CL-014,2025-11-21
CON-05330,CL-017,2025-11-21
CON-05331,CL-019,2025-11-21
CON-05332,CL-031,2025-11-21
CON-05333,CL-115,2025-11-21
CON-05334,CL-163,2025-11-21
CON-05335,CL-193,2025-11-21
CON-05336,CL-224,2025-11-21
CON-05337,CL-240,2025-11-21
CON-05338,CL-243,2025-11-21
CON-05339,CL-245,2025-11-21
CON-05340,CL-247,2025-11-21
CON-05341,CL-249,2025-11-21
CON-05342,CL-250,2025-11-21
CON-05343,CL-252,2025-11-21
CON-05344,CL-258,2025-11-21
CON-05345,CL-258,2025-11-21
CON-05346,CL-258,2025-11-21
CON-05347,CL-258,2025-11-21
CON-05348,CL-002,2025-11-24
CON-05349,CL-008,2025-11-24
CON-05350,CL-008,2025-11-24
CON-05351,CL-010,2025-11-24
CON-05352,CL-011,2025-11-24
CON-05353,CL-014,2025-11-24
CON-05354,CL-014,2025-11-24
CON-05355,CL-014,2025-11-24
CON-05356,CL-014,2025-11-24
CON-05357,CL-015,2025-11-24
CON-05358,CL-018,2025-11-24
CON-05359,CL-018,2025-11-24
CON-05360,CL-028,2025-11-24
CON-05361,CL-030,2025-11-24
CON-05362,CL-031,2025-11-24
CON-05363,CL-038,2025-11-24
CON-05364,CL-072,2025-11-24
CON-05365,CL-104,2025-11-24
CON-05366,CL-106,2025-11-24
CON-05367,CL-112,2025-11-24
CON-05368,CL-117,2025-11-24
CON-05369,CL-125,2025-11-24
CON-05370,CL-180,2025-11-24
CON-05371,CL-187,2025-11-24
CON-05372,CL-199,2025-11-24
CON-05373,CL-204,2025-11-24
CON-05374,CL-205,2025-11-24
CON-05375,CL-207,2025-11-24
CON-05376,CL-209,2025-11-24
CON-05377,CL-228,2025-11-24
CON-05378,CL-231,2025-11-24
CON-05379,CL-232,2025-11-24
CON-05380,CL-236,2025-11-24
CON-05381,CL-239,2025-11-24
CON-05382,CL-241,2025-11-24
CON-05383,CL-242,2025-11-24
CON-05384,CL-243,2025-11-24
CON-05385,CL-245,2025-11-24
CON-05386,CL-251,2025-11-24
CON-05387,CL-252,2025-11-24
CON-05388,CL-254,2025-11-24
CON-05389,CL-009,2025-11-25
CON-05390,CL-010,2025-11-25
CON-05391,CL-014,2025-11-25
CON-05392,CL-016,2025-11-25
CON-05393,CL-032,2025-11-25
CON-05394,CL-056,2025-11-25
CON-05395,CL-062,2025-11-25
CON-05396,CL-129,2025-11-25
CON-05397,CL-153,2025-11-25
CON-05398,CL-226,2025-11-25
CON-05399,CL-236,2025-11-25
CON-05400,CL-239,2025-11-25
CON-05401,CL-007,2025-11-26
CON-05402,CL-009,2025-11-26
CON-05403,CL-032,2025-11-26
CON-05404,CL-191,2025-11-26
CON-05405,CL-121,2025-11-26
CON-05406,CL-137,2025-11-26
CON-05407,CL-237,2025-11-26
CON-05408,CL-242,2025-11-26
CON-05409,CL-249,2025-11-26
CON-05410,CL-258,2025-11-26
CON-05411,CL-002,2025-11-27
CON-05412,CL-011,2025-11-27
CON-05413,CL-014,2025-11-27
CON-05414,CL-017,2025-11-27
CON-05415,CL-027,2025-11-27
CON-05416,CL-029,2025-11-27
CON-05417,CL-031,2025-11-27
CON-05418,CL-093,2025-11-27
CON-05419,CL-101,2025-11-27
CON-05420,CL-109,2025-11-27
CON-05421,CL-123,2025-11-27
CON-05422,CL-145,2025-11-27
CON-05423,CL-221,2025-11-27
CON-05424,CL-226,2025-11-27
CON-05425,CL-237,2025-11-27
CON-05426,CL-239,2025-11-27
CON-05427,CL-243,2025-11-27
CON-05428,CL-246,2025-11-27
CON-05429,CL-248,2025-11-27
CON-05430,CL-002,2025-11-28
CON-05431,CL-009,2025-11-28
CON-05432,CL-014,2025-11-28
CON-05433,CL-014,2025-11-28
CON-05434,CL-025,2025-11-28
CON-05435,CL-026,2025-11-28
CON-05436,CL-028,2025-11-28
CON-05437,CL-028,2025-11-28
CON-05438,CL-032,2025-11-28
CON-05439,CL-057,2025-11-28
CON-05440,CL-094,2025-11-28
CON-05441,CL-098,2025-11-28
CON-05442,CL-109,2025-11-28
CON-05443,CL-112,2025-11-28
CON-05444,CL-118,2025-11-28
CON-05445,CL-119,2025-11-28
CON-05446,CL-131,2025-11-28
CON-05447,CL-147,2025-11-28
CON-05448,CL-209,2025-11-28
CON-05449,CL-212,2025-11-28
CON-05450,CL-223,2025-11-28
CON-05451,CL-224,2025-11-28
CON-05452,CL-225,2025-11-28
CON-05453,CL-232,2025-11-28
CON-05454,CL-236,2025-11-28
CON-05455,CL-238,2025-11-28
CON-05456,CL-244,2025-11-28
CON-05457,CL-249,2025-11-28
CON-05458,CL-249,2025-11-28
CON-05459,CL-003,2025-12-01
CON-05460,CL-004,2025-12-01
CON-05461,CL-007,2025-12-01
CON-05462,CL-007,2025-12-01
CON-05463,CL-009,2025-12-01
CON-05464,CL-013,2025-12-01
CON-05465,CL-014,2025-12-01
CON-05466,CL-014,2025-12-01
CON-05467,CL-016,2025-12-01
CON-05468,CL-018,2025-12-01
CON-05469,CL-018,2025-12-01
CON-05470,CL-020,2025-12-01
CON-05471,CL-023,2025-12-01
CON-05472,CL-023,2025-12-01
CON-05473,CL-023,2025-12-01
CON-05474,CL-024,2025-12-01
CON-05475,CL-026,2025-12-01
CON-05476,CL-027,2025-12-01
CON-05477,CL-032,2025-12-01
CON-05478,CL-033,2025-12-01
CON-05479,CL-042,2025-12-01
CON-05480,CL-061,2025-12-01
CON-05481,CL-070,2025-12-01
CON-05482,CL-072,2025-12-01
CON-05483,CL-133,2025-12-01
CON-05484,CL-112,2025-12-01
CON-05485,CL-119,2025-12-01
CON-05486,CL-139,2025-12-01
CON-05487,CL-157,2025-12-01
CON-05488,CL-177,2025-12-01
CON-05489,CL-180,2025-12-01
CON-05490,CL-189,2025-12-01
CON-05491,CL-190,2025-12-01
CON-05492,CL-204,2025-12-01
CON-05493,CL-213,2025-12-01
CON-05494,CL-220,2025-12-01
CON-05495,CL-224,2025-12-01
CON-05496,CL-226,2025-12-01
CON-05497,CL-226,2025-12-01
CON-05498,CL-228,2025-12-01
CON-05499,CL-232,2025-12-01
CON-05500,CL-232,2025-12-01
CON-05501,CL-232,2025-12-01
CON-05502,CL-237,2025-12-01
CON-05503,CL-237,2025-12-01
CON-05504,CL-239,2025-12-01
CON-05505,CL-241,2025-12-01
CON-05506,CL-244,2025-12-01
CON-05507,CL-249,2025-12-01
CON-05508,CL-250,2025-12-01
CON-05509,CL-254,2025-12-01
CON-05510,CL-256,2025-12-01
CON-05511,CL-011,2025-12-02
CON-05512,CL-128,2025-12-02
CON-05513,CL-144,2025-12-02
CON-05514,CL-161,2025-12-02
CON-05515,CL-218,2025-12-02
CON-05516,CL-236,2025-12-02
CON-05517,CL-001,2025-12-03
CON-05518,CL-003,2025-12-03
CON-05519,CL-007,2025-12-03
CON-05520,CL-028,2025-12-03
CON-05521,CL-033,2025-12-03
CON-05522,CL-103,2025-12-03
CON-05523,CL-105,2025-12-03
CON-05524,CL-117,2025-12-03
CON-05525,CL-230,2025-12-03
CON-05526,CL-230,2025-12-03
CON-05527,CL-252,2025-12-03
CON-05528,CL-252,2025-12-03
CON-05529,CL-254,2025-12-03
CON-05530,CL-255,2025-12-03
CON-05531,CL-002,2025-12-04
CON-05532,CL-007,2025-12-04
CON-05533,CL-008,2025-12-04
CON-05534,CL-026,2025-12-04
CON-05535,CL-030,2025-12-04
CON-05536,CL-031,2025-12-04
CON-05537,CL-139,2025-12-04
CON-05538,CL-174,2025-12-04
CON-05539,CL-194,2025-12-04
CON-05540,CL-198,2025-12-04
CON-05541,CL-221,2025-12-04
CON-05542,CL-226,2025-12-04
CON-05543,CL-227,2025-12-04
CON-05544,CL-238,2025-12-04
CON-05545,CL-242,2025-12-04
CON-05546,CL-245,2025-12-04
CON-05547,CL-251,2025-12-04
CON-05548,CL-251,2025-12-04
CON-05549,CL-252,2025-12-04
CON-05550,CL-004,2025-12-05
CON-05551,CL-008,2025-12-05
CON-05552,CL-014,2025-12-05
CON-05553,CL-019,2025-12-05
CON-05554,CL-021,2025-12-05
CON-05555,CL-022,2025-12-05
CON-05556,CL-032,2025-12-05
CON-05557,CL-032,2025-12-05
CON-05558,CL-128,2025-12-05
CON-05559,CL-185,2025-12-05
CON-05560,CL-190,2025-12-05
CON-05561,CL-209,2025-12-05
CON-05562,CL-219,2025-12-05
CON-05563,CL-221,2025-12-05
CON-05564,CL-228,2025-12-05
CON-05565,CL-228,2025-12-05
CON-05566,CL-229,2025-12-05
CON-05567,CL-230,2025-12-05
CON-05568,CL-235,2025-12-05
CON-05569,CL-249,2025-12-05
CON-05570,CL-249,2025-12-05
CON-05571,CL-251,2025-12-05
CON-05572,CL-257,2025-12-05
CON-05573,CL-001,2025-12-09
CON-05574,CL-002,2025-12-09
CON-05575,CL-002,2025-12-09
CON-05576,CL-003,2025-12-09
CON-05577,CL-004,2025-12-09
CON-05578,CL-005,2025-12-09
CON-05579,CL-007,2025-12-09
CON-05580,CL-009,2025-12-09
CON-05581,CL-014,2025-12-09
CON-05582,CL-019,2025-12-09
CON-05583,CL-023,2025-12-09
CON-05584,CL-026,2025-12-09
CON-05585,CL-029,2025-12-09
CON-05586,CL-030,2025-12-09
CON-05587,CL-032,2025-12-09
CON-05588,CL-046,2025-12-09
CON-05589,CL-054,2025-12-09
CON-05590,CL-061,2025-12-09
CON-05591,CL-062,2025-12-09
CON-05592,CL-086,2025-12-09
CON-05593,CL-097,2025-12-09
CON-05594,CL-154,2025-12-09
CON-05595,CL-156,2025-12-09
CON-05596,CL-159,2025-12-09
CON-05597,CL-161,2025-12-09
CON-05598,CL-218,2025-12-09
CON-05599,CL-175,2025-12-09
CON-05600,CL-175,2025-12-09
CON-05601,CL-176,2025-12-09
CON-05602,CL-177,2025-12-09
CON-05603,CL-183,2025-12-09
CON-05604,CL-194,2025-12-09
CON-05605,CL-200,2025-12-09
CON-05606,CL-211,2025-12-09
CON-05607,CL-216,2025-12-09
CON-05608,CL-216,2025-12-09
CON-05609,CL-218,2025-12-09
CON-05610,CL-219,2025-12-09
CON-05611,CL-219,2025-12-09
CON-05612,CL-220,2025-12-09
CON-05613,CL-220,2025-12-09
CON-05614,CL-221,2025-12-09
CON-05615,CL-223,2025-12-09
CON-05616,CL-226,2025-12-09
CON-05617,CL-229,2025-12-09
CON-05618,CL-230,2025-12-09
CON-05619,CL-230,2025-12-09
CON-05620,CL-232,2025-12-09
CON-05621,CL-234,2025-12-09
CON-05622,CL-237,2025-12-09
CON-05623,CL-238,2025-12-09
CON-05624,CL-242,2025-12-09
CON-05625,CL-245,2025-12-09
CON-05626,CL-250,2025-12-09
CON-05627,CL-252,2025-12-09
CON-05628,CL-252,2025-12-09
CON-05629,CL-255,2025-12-09
CON-05630,CL-258,2025-12-09
CON-05631,CL-017,2025-12-10
CON-05632,CL-145,2025-12-10
CON-05633,CL-200,2025-12-10
CON-05634,CL-224,2025-12-10
CON-05635,CL-005,2025-12-11
CON-05636,CL-006,2025-12-11
CON-05637,CL-011,2025-12-11
CON-05638,CL-026,2025-12-11
CON-05639,CL-106,2025-12-11
CON-05640,CL-222,2025-12-11
CON-05641,CL-224,2025-12-11
CON-05642,CL-227,2025-12-11
CON-05643,CL-227,2025-12-11
CON-05644,CL-234,2025-12-11
CON-05645,CL-244,2025-12-11
CON-05646,CL-249,2025-12-11
CON-05647,CL-012,2025-12-12
CON-05648,CL-018,2025-12-12
CON-05649,CL-099,2025-12-12
CON-05650,CL-134,2025-12-12
CON-05651,CL-212,2025-12-12
CON-05652,CL-241,2025-12-12
CON-05653,CL-255,2025-12-12
CON-05654,CL-002,2025-12-15
CON-05655,CL-003,2025-12-15
CON-05656,CL-004,2025-12-15
CON-05657,CL-006,2025-12-15
CON-05658,CL-006,2025-12-15
CON-05659,CL-006,2025-12-15
CON-05660,CL-014,2025-12-15
CON-05661,CL-014,2025-12-15
CON-05662,CL-014,2025-12-15
CON-05663,CL-017,2025-12-15
CON-05664,CL-019,2025-12-15
CON-05665,CL-023,2025-12-15
CON-05666,CL-026,2025-12-15
CON-05667,CL-026,2025-12-15
CON-05668,CL-029,2025-12-15
CON-05669,CL-032,2025-12-15
CON-05670,CL-032,2025-12-15
CON-05671,CL-040,2025-12-15
CON-05672,CL-057,2025-12-15
CON-05673,CL-060,2025-12-15
CON-05674,CL-061,2025-12-15
CON-05675,CL-062,2025-12-15
CON-05676,CL-072,2025-12-15
CON-05677,CL-081,2025-12-15
CON-05678,CL-107,2025-12-15
CON-05679,CL-129,2025-12-15
CON-05680,CL-145,2025-12-15
CON-05681,CL-165,2025-12-15
CON-05682,CL-174,2025-12-15
CON-05683,CL-181,2025-12-15
CON-05684,CL-196,2025-12-15
CON-05685,CL-199,2025-12-15
CON-05686,CL-224,2025-12-15
CON-05687,CL-224,2025-12-15
CON-05688,CL-224,2025-12-15
CON-05689,CL-226,2025-12-15
CON-05690,CL-228,2025-12-15
CON-05691,CL-230,2025-12-15
CON-05692,CL-231,2025-12-15
CON-05693,CL-234,2025-12-15
CON-05694,CL-234,2025-12-15
CON-05695,CL-235,2025-12-15
CON-05696,CL-235,2025-12-15
CON-05697,CL-238,2025-12-15
CON-05698,CL-239,2025-12-15
CON-05699,CL-240,2025-12-15
CON-05700,CL-243,2025-12-15
CON-05701,CL-243,2025-12-15
CON-05702,CL-244,2025-12-15
CON-05703,CL-244,2025-12-15
CON-05704,CL-247,2025-12-15
CON-05705,CL-249,2025-12-15
CON-05706,CL-255,2025-12-15
CON-05707,CL-002,2025-12-16
CON-05708,CL-007,2025-12-16
CON-05709,CL-018,2025-12-16
CON-05710,CL-020,2025-12-16
CON-05711,CL-026,2025-12-16
CON-05712,CL-047,2025-12-16
CON-05713,CL-070,2025-12-16
CON-05714,CL-165,2025-12-16
CON-05715,CL-223,2025-12-16
CON-05716,CL-230,2025-12-16
CON-05717,CL-235,2025-12-16
CON-05718,CL-235,2025-12-16
CON-05719,CL-243,2025-12-16
CON-05720,CL-002,2025-12-17
CON-05721,CL-008,2025-12-17
CON-05722,CL-018,2025-12-17
CON-05723,CL-020,2025-12-17
CON-05724,CL-028,2025-12-17
CON-05725,CL-224,2025-12-17
CON-05726,CL-229,2025-12-17
CON-05727,CL-231,2025-12-17
CON-05728,CL-233,2025-12-17
CON-05729,CL-239,2025-12-17
CON-05730,CL-240,2025-12-17
CON-05731,CL-245,2025-12-17
CON-05732,CL-003,2025-12-18
CON-05733,CL-014,2025-12-18
CON-05734,CL-015,2025-12-18
CON-05735,CL-024,2025-12-18
CON-05736,CL-064,2025-12-18
CON-05737,CL-080,2025-12-18
CON-05738,CL-132,2025-12-18
CON-05739,CL-159,2025-12-18
CON-05740,CL-172,2025-12-18
CON-05741,CL-222,2025-12-18
CON-05742,CL-235,2025-12-18
CON-05743,CL-242,2025-12-18
CON-05744,CL-244,2025-12-18
CON-05745,CL-249,2025-12-18
CON-05746,CL-249,2025-12-18
CON-05747,CL-252,2025-12-18
CON-05748,CL-255,2025-12-18
CON-05749,CL-007,2025-12-19
CON-05750,CL-009,2025-12-19
CON-05751,CL-014,2025-12-19
CON-05752,CL-014,2025-12-19
CON-05753,CL-026,2025-12-19
CON-05754,CL-039,2025-12-19
CON-05755,CL-074,2025-12-19
CON-05756,CL-085,2025-12-19
CON-05757,CL-098,2025-12-19
CON-05758,CL-103,2025-12-19
CON-05759,CL-106,2025-12-19
CON-05760,CL-131,2025-12-19
CON-05761,CL-135,2025-12-19
CON-05762,CL-138,2025-12-19
CON-05763,CL-157,2025-12-19
CON-05764,CL-191,2025-12-19
CON-05765,CL-208,2025-12-19
CON-05766,CL-219,2025-12-19
CON-05767,CL-222,2025-12-19
CON-05768,CL-224,2025-12-19
CON-05769,CL-228,2025-12-19
CON-05770,CL-228,2025-12-19
CON-05771,CL-230,2025-12-19
CON-05772,CL-234,2025-12-19
CON-05773,CL-236,2025-12-19
CON-05774,CL-236,2025-12-19
CON-05775,CL-238,2025-12-19
CON-05776,CL-239,2025-12-19
CON-05777,CL-245,2025-12-19
CON-05778,CL-250,2025-12-19
CON-05779,CL-252,2025-12-19
CON-05780,CL-253,2025-12-19
CON-05781,CL-002,2025-12-22
CON-05782,CL-003,2025-12-22
CON-05783,CL-004,2025-12-22
CON-05784,CL-004,2025-12-22
CON-05785,CL-008,2025-12-22
CON-05786,CL-009,2025-12-22
CON-05787,CL-013,2025-12-22
CON-05788,CL-014,2025-12-22
CON-05789,CL-021,2025-12-22
CON-05790,CL-023,2025-12-22
CON-05791,CL-026,2025-12-22
CON-05792,CL-031,2025-12-22
CON-05793,CL-032,2025-12-22
CON-05794,CL-032,2025-12-22
CON-05795,CL-033,2025-12-22
CON-05796,CL-038,2025-12-22
CON-05797,CL-065,2025-12-22
CON-05798,CL-068,2025-12-22
CON-05799,CL-075,2025-12-22
CON-05800,CL-077,2025-12-22
CON-05801,CL-082,2025-12-22
CON-05802,CL-084,2025-12-22
CON-05803,CL-092,2025-12-22
CON-05804,CL-094,2025-12-22
CON-05805,CL-109,2025-12-22
CON-05806,CL-125,2025-12-22
CON-05807,CL-125,2025-12-22
CON-05808,CL-131,2025-12-22
CON-05809,CL-133,2025-12-22
CON-05810,CL-143,2025-12-22
CON-05811,CL-157,2025-12-22
CON-05812,CL-169,2025-12-22
CON-05813,CL-175,2025-12-22
CON-05814,CL-196,2025-12-22
CON-05815,CL-202,2025-12-22
CON-05816,CL-212,2025-12-22
CON-05817,CL-221,2025-12-22
CON-05818,CL-225,2025-12-22
CON-05819,CL-228,2025-12-22
CON-05820,CL-228,2025-12-22
CON-05821,CL-230,2025-12-22
CON-05822,CL-232,2025-12-22
CON-05823,CL-239,2025-12-22
CON-05824,CL-242,2025-12-22
CON-05825,CL-245,2025-12-22
CON-05826,CL-245,2025-12-22
CON-05827,CL-246,2025-12-22
CON-05828,CL-250,2025-12-22
CON-05829,CL-251,2025-12-22
CON-05830,CL-252,2025-12-22
CON-05831,CL-253,2025-12-22
CON-05832,CL-257,2025-12-22
CON-05833,CL-258,2025-12-22
CON-05834,CL-258,2025-12-22
CON-05835,CL-003,2025-12-23
CON-05836,CL-005,2025-12-23
CON-05837,CL-014,2025-12-23
CON-05838,CL-021,2025-12-23
CON-05839,CL-026,2025-12-23
CON-05840,CL-033,2025-12-23
CON-05841,CL-061,2025-12-23
CON-05842,CL-076,2025-12-23
CON-05843,CL-151,2025-12-23
CON-05844,CL-216,2025-12-23
CON-05845,CL-219,2025-12-23
CON-05846,CL-231,2025-12-23
CON-05847,CL-235,2025-12-23
CON-05848,CL-237,2025-12-23
CON-05849,CL-244,2025-12-23
CON-05850,CL-252,2025-12-23
CON-05851,CL-258,2025-12-23
CON-05852,CL-014,2025-12-24
CON-05853,CL-026,2025-12-24
CON-05854,CL-028,2025-12-24
CON-05855,CL-032,2025-12-24
CON-05856,CL-041,2025-12-24
CON-05857,CL-093,2025-12-24
CON-05858,CL-117,2025-12-24
CON-05859,CL-183,2025-12-24
CON-05860,CL-237,2025-12-24
CON-05861,CL-249,2025-12-24
CON-05862,CL-251,2025-12-24
CON-05863,CL-258,2025-12-24
CON-05864,CL-002,2025-12-29
CON-05865,CL-007,2025-12-29
CON-05866,CL-011,2025-12-29
CON-05867,CL-014,2025-12-29
CON-05868,CL-014,2025-12-29
CON-05869,CL-014,2025-12-29
CON-05870,CL-017,2025-12-29
CON-05871,CL-018,2025-12-29
CON-05872,CL-018,2025-12-29
CON-05873,CL-021,2025-12-29
CON-05874,CL-021,2025-12-29
CON-05875,CL-022,2025-12-29
CON-05876,CL-024,2025-12-29
CON-05877,CL-026,2025-12-29
CON-05878,CL-029,2025-12-29
CON-05879,CL-029,2025-12-29
CON-05880,CL-042,2025-12-29
CON-05881,CL-045,2025-12-29
CON-05882,CL-073,2025-12-29
CON-05883,CL-081,2025-12-29
CON-05884,CL-085,2025-12-29
CON-05885,CL-101,2025-12-29
CON-05886,CL-106,2025-12-29
CON-05887,CL-119,2025-12-29
CON-05888,CL-123,2025-12-29
CON-05889,CL-136,2025-12-29
CON-05890,CL-139,2025-12-29
CON-05891,CL-140,2025-12-29
CON-05892,CL-146,2025-12-29
CON-05893,CL-171,2025-12-29
CON-05894,CL-199,2025-12-29
CON-05895,CL-209,2025-12-29
CON-05896,CL-211,2025-12-29
CON-05897,CL-215,2025-12-29
CON-05898,CL-217,2025-12-29
CON-05899,CL-220,2025-12-29
CON-05900,CL-221,2025-12-29
CON-05901,CL-224,2025-12-29
CON-05902,CL-228,2025-12-29
CON-05903,CL-236,2025-12-29
CON-05904,CL-237,2025-12-29
CON-05905,CL-237,2025-12-29
CON-05906,CL-238,2025-12-29
CON-05907,CL-241,2025-12-29
CON-05908,CL-244,2025-12-29
CON-05909,CL-244,2025-12-29
CON-05910,CL-244,2025-12-29
CON-05911,CL-246,2025-12-29
CON-05912,CL-247,2025-12-29
CON-05913,CL-247,2025-12-29
CON-05914,CL-249,2025-12-29
CON-05915,CL-250,2025-12-29
CON-05916,CL-251,2025-12-29
CON-05917,CL-251,2025-12-29
CON-05918,CL-252,2025-12-29
CON-05919,CL-252,2025-12-29
CON-05920,CL-253,2025-12-29
CON-05921,CL-258,2025-12-29
CON-05922,CL-258,2025-12-29
CON-05923,CL-023,2025-12-30
CON-05924,CL-026,2025-12-30
CON-05925,CL-029,2025-12-30
CON-05926,CL-089,2025-12-30
CON-05927,CL-119,2025-12-30
CON-05928,CL-181,2025-12-30
CON-05929,CL-201,2025-12-30
CON-05930,CL-209,2025-12-30
CON-05931,CL-229,2025-12-30
CON-05932,CL-233,2025-12-30
CON-05933,CL-249,2025-12-30
CON-05934,CL-002,2025-12-31
CON-05935,CL-008,2025-12-31
CON-05936,CL-010,2025-12-31
CON-05937,CL-011,2025-12-31
CON-05938,CL-014,2025-12-31
CON-05939,CL-014,2025-12-31
CON-05940,CL-014,2025-12-31
CON-05941,CL-017,2025-12-31
CON-05942,CL-023,2025-12-31
CON-05943,CL-026,2025-12-31
CON-05944,CL-027,2025-12-31
CON-05945,CL-027,2025-12-31
CON-05946,CL-027,2025-12-31
CON-05947,CL-031,2025-12-31
CON-05948,CL-032,2025-12-31
CON-05949,CL-032,2025-12-31
CON-05950,CL-034,2025-12-31
CON-05951,CL-034,2025-12-31
CON-05952,CL-036,2025-12-31
CON-05953,CL-046,2025-12-31
CON-05954,CL-048,2025-12-31
CON-05955,CL-052,2025-12-31
CON-05956,CL-054,2025-12-31
CON-05957,CL-077,2025-12-31
CON-05958,CL-090,2025-12-31
CON-05959,CL-103,2025-12-31
CON-05960,CL-113,2025-12-31
CON-05961,CL-115,2025-12-31
CON-05962,CL-119,2025-12-31
CON-05963,CL-125,2025-12-31
CON-05964,CL-130,2025-12-31
CON-05965,CL-136,2025-12-31
CON-05966,CL-141,2025-12-31
CON-05967,CL-145,2025-12-31
CON-05968,CL-145,2025-12-31
CON-05969,CL-147,2025-12-31
CON-05970,CL-148,2025-12-31
CON-05971,CL-160,2025-12-31
CON-05972,CL-166,2025-12-31
CON-05973,CL-168,2025-12-31
CON-05974,CL-170,2025-12-31
CON-05975,CL-193,2025-12-31
CON-05976,CL-197,2025-12-31
CON-05977,CL-212,2025-12-31
CON-05978,CL-219,2025-12-31
CON-05979,CL-223,2025-12-31
CON-05980,CL-223,2025-12-31
CON-05981,CL-228,2025-12-31
CON-05982,CL-231,2025-12-31
CON-05983,CL-233,2025-12-31
CON-05984,CL-234,2025-12-31
CON-05985,CL-237,2025-12-31
CON-05986,CL-242,2025-12-31
CON-05987,CL-242,2025-12-31
CON-05988,CL-242,2025-12-31
CON-05989,CL-243,2025-12-31
CON-05990,CL-244,2025-12-31
CON-05991,CL-245,2025-12-31
CON-05992,CL-245,2025-12-31
CON-05993,CL-245,2025-12-31
CON-05994,CL-249,2025-12-31
CON-05995,CL-249,2025-12-31
CON-05996,CL-250,2025-12-31
CON-05997,CL-256,2025-12-31
CON-05998,CL-256,2025-12-31
CON-05999,CL-256,2025-12-31
CON-06000,CL-257,2025-12-31
