riga_id,data,documento,linea,quantita,prezzo_netto,importo,costo_variabile_unitario,ore_macchina_unitarie
R25-000001,2025-01-02,FT-2025-00036,A,2,193.00,386.00,117.00,1.5
R25-000002,2025-01-02,FT-2025-00044,B,19,114.66,2178.54,76.00,0.5
R25-000003,2025-01-02,FT-2025-00074,A,2,193.79,387.58,117.00,1.5
R25-000004,2025-01-02,FT-2025-00074,B,1,120.00,120.00,76.00,0.5
R25-000005,2025-01-02,FT-2025-00083,A,9,141.80,1276.20,117.00,1.5
R25-000006,2025-01-02,FT-2025-00083,B,22,116.49,2562.78,76.00,0.5
R25-000007,2025-01-02,FT-2025-00083,B,1,118.37,118.37,76.00,0.5
R25-000008,2025-01-02,FT-2025-00098,A,1,198.58,198.58,117.00,1.5
R25-000009,2025-01-02,FT-2025-00119,A,1,198.46,198.46,117.00,1.5
R25-000010,2025-01-02,FT-2025-00120,A,2,186.02,372.04,117.00,1.5
R25-000011,2025-01-02,FT-2025-00120,A,1,183.35,183.35,117.00,1.5
R25-000012,2025-01-02,FT-2025-00120,A,3,184.61,553.83,117.00,1.5
R25-000013,2025-01-02,FT-2025-00145,A,1,153.48,153.48,117.00,1.5
R25-000014,2025-01-02,FT-2025-00162,B,18,117.97,2123.46,76.00,0.5
R25-000015,2025-01-02,FT-2025-00163,A,1,194.60,194.60,117.00,1.5
R25-000016,2025-01-03,FT-2025-00009,A,9,186.33,1676.97,117.00,1.5
R25-000017,2025-01-03,FT-2025-00030,B,1,119.67,119.67,76.00,0.5
R25-000018,2025-01-03,FT-2025-00066,B,12,117.10,1405.20,76.00,0.5
R25-000019,2025-01-03,FT-2025-00066,A,9,162.73,1464.57,117.00,1.5
R25-000020,2025-01-03,FT-2025-00066,B,1,117.71,117.71,76.00,0.5
R25-000021,2025-01-03,FT-2025-00073,A,2,192.76,385.52,117.00,1.5
R25-000022,2025-01-03,FT-2025-00073,A,3,193.54,580.62,117.00,1.5
R25-000023,2025-01-03,FT-2025-00073,A,2,189.74,379.48,117.00,1.5
R25-000024,2025-01-03,FT-2025-00094,B,1,117.10,117.10,76.00,0.5
R25-000025,2025-01-03,FT-2025-00094,A,11,160.86,1769.46,117.00,1.5
R25-000026,2025-01-03,FT-2025-00094,C,8,290.45,2323.60,238.00,3.0
R25-000027,2025-01-03,FT-2025-00111,B,1,108.73,108.73,76.00,0.5
R25-000028,2025-01-03,FT-2025-00111,B,22,108.21,2380.62,76.00,0.5
R25-000029,2025-01-03,FT-2025-00111,B,14,108.24,1515.36,76.00,0.5
R25-000030,2025-01-03,FT-2025-00140,B,19,117.06,2224.14,76.00,0.5
R25-000031,2025-01-03,FT-2025-00147,A,1,186.00,186.00,117.00,1.5
R25-000032,2025-01-03,FT-2025-00158,B,14,110.08,1541.12,76.00,0.5
R25-000033,2025-01-03,FT-2025-00167,B,14,114.05,1596.70,76.00,0.5
R25-000034,2025-01-03,FT-2025-00167,A,3,160.10,480.30,117.00,1.5
R25-000035,2025-01-07,FT-2025-00035,B,1,110.53,110.53,76.00,0.5
R25-000036,2025-01-07,FT-2025-00038,C,10,272.88,2728.80,238.00,3.0
R25-000037,2025-01-07,FT-2025-00038,A,12,153.39,1840.68,117.00,1.5
R25-000038,2025-01-07,FT-2025-00040,A,4,193.74,774.96,117.00,1.5
R25-000039,2025-01-07,FT-2025-00040,A,2,193.34,386.68,117.00,1.5
R25-000040,2025-01-07,FT-2025-00156,A,1,191.98,191.98,117.00,1.5
R25-000041,2025-01-07,FT-2025-00156,A,2,191.94,383.88,117.00,1.5
R25-000042,2025-01-07,FT-2025-00169,B,24,109.71,2633.04,76.00,0.5
R25-000043,2025-01-07,FT-2025-00180,B,14,116.55,1631.70,76.00,0.5
R25-000044,2025-01-07,FT-2025-00190,A,1,195.25,195.25,117.00,1.5
R25-000045,2025-01-07,FT-2025-00191,C,4,290.70,1162.80,238.00,3.0
R25-000046,2025-01-07,FT-2025-00191,B,18,109.16,1964.88,76.00,0.5
R25-000047,2025-01-07,FT-2025-00191,B,12,109.05,1308.60,76.00,0.5
R25-000048,2025-01-08,FT-2025-00071,A,2,196.92,393.84,117.00,1.5
R25-000049,2025-01-08,FT-2025-00071,A,2,196.36,392.72,117.00,1.5
R25-000050,2025-01-08,FT-2025-00133,C,6,285.50,1713.00,238.00,3.0
R25-000051,2025-01-08,FT-2025-00133,B,5,117.96,589.80,76.00,0.5
R25-000052,2025-01-08,FT-2025-00133,B,1,115.83,115.83,76.00,0.5
R25-000053,2025-01-08,FT-2025-00151,B,10,116.44,1164.40,76.00,0.5
R25-000054,2025-01-08,FT-2025-00188,A,1,193.85,193.85,117.00,1.5
R25-000055,2025-01-08,FT-2025-00188,A,15,192.72,2890.80,117.00,1.5
R25-000056,2025-01-09,FT-2025-00018,B,3,119.70,359.10,76.00,0.5
R25-000057,2025-01-09,FT-2025-00018,A,1,200.00,200.00,117.00,1.5
R25-000058,2025-01-09,FT-2025-00060,A,6,160.10,960.60,117.00,1.5
R25-000059,2025-01-09,FT-2025-00070,B,3,116.94,350.82,76.00,0.5
R25-000060,2025-01-09,FT-2025-00070,A,1,200.00,200.00,117.00,1.5
R25-000061,2025-01-09,FT-2025-00081,A,2,191.24,382.48,117.00,1.5
R25-000062,2025-01-09,FT-2025-00081,A,1,191.71,191.71,117.00,1.5
R25-000063,2025-01-09,FT-2025-00092,A,1,191.20,191.20,117.00,1.5
R25-000064,2025-01-09,FT-2025-00092,B,1,120.00,120.00,76.00,0.5
R25-000065,2025-01-09,FT-2025-00092,A,3,200.00,600.00,117.00,1.5
R25-000066,2025-01-09,FT-2025-00099,A,3,187.91,563.73,117.00,1.5
R25-000067,2025-01-09,FT-2025-00112,A,2,198.82,397.64,117.00,1.5
R25-000068,2025-01-09,FT-2025-00112,A,1,199.35,199.35,117.00,1.5
R25-000069,2025-01-09,FT-2025-00148,A,1,192.17,192.17,117.00,1.5
R25-000070,2025-01-09,FT-2025-00148,A,1,190.28,190.28,117.00,1.5
R25-000071,2025-01-09,FT-2025-00148,A,4,191.74,766.96,117.00,1.5
R25-000072,2025-01-09,FT-2025-00189,C,4,286.81,1147.24,238.00,3.0
R25-000073,2025-01-10,FT-2025-00027,B,28,109.25,3059.00,76.00,0.5
R25-000074,2025-01-10,FT-2025-00049,B,18,117.56,2116.08,76.00,0.5
R25-000075,2025-01-10,FT-2025-00050,B,3,117.41,352.23,76.00,0.5
R25-000076,2025-01-10,FT-2025-00050,A,3,200.00,600.00,117.00,1.5
R25-000077,2025-01-10,FT-2025-00058,B,1,120.00,120.00,76.00,0.5
R25-000078,2025-01-10,FT-2025-00062,A,1,193.70,193.70,117.00,1.5
R25-000079,2025-01-10,FT-2025-00107,A,2,200.00,400.00,117.00,1.5
R25-000080,2025-01-10,FT-2025-00108,A,1,163.57,163.57,117.00,1.5
R25-000081,2025-01-10,FT-2025-00116,B,3,108.00,324.00,76.00,0.5
R25-000082,2025-01-10,FT-2025-00155,B,2,119.80,239.60,76.00,0.5
R25-000083,2025-01-10,FT-2025-00155,B,1,119.47,119.47,76.00,0.5
R25-000084,2025-01-10,FT-2025-00155,A,3,199.53,598.59,117.00,1.5
R25-000085,2025-01-10,FT-2025-00170,C,2,287.32,574.64,238.00,3.0
R25-000086,2025-01-10,FT-2025-00170,A,4,162.27,649.08,117.00,1.5
R25-000087,2025-01-10,FT-2025-00173,B,2,120.00,240.00,76.00,0.5
R25-000088,2025-01-10,FT-2025-00173,A,2,193.50,387.00,117.00,1.5
R25-000089,2025-01-13,FT-2025-00001,A,1,196.91,196.91,117.00,1.5
R25-000090,2025-01-13,FT-2025-00001,A,1,195.10,195.10,117.00,1.5
R25-000091,2025-01-13,FT-2025-00001,A,1,199.17,199.17,117.00,1.5
R25-000092,2025-01-13,FT-2025-00002,A,1,188.66,188.66,117.00,1.5
R25-000093,2025-01-13,FT-2025-00002,B,7,108.45,759.15,76.00,0.5
R25-000094,2025-01-13,FT-2025-00023,C,3,296.69,890.07,238.00,3.0
R25-000095,2025-01-13,FT-2025-00023,A,5,162.20,811.00,117.00,1.5
R25-000096,2025-01-13,FT-2025-00045,A,1,185.31,185.31,117.00,1.5
R25-000097,2025-01-13,FT-2025-00080,C,8,290.72,2325.76,238.00,3.0
R25-000098,2025-01-13,FT-2025-00080,C,1,290.89,290.89,238.00,3.0
R25-000099,2025-01-13,FT-2025-00101,A,2,193.45,386.90,117.00,1.5
R25-000100,2025-01-13,FT-2025-00101,A,3,193.73,581.19,117.00,1.5
R25-000101,2025-01-13,FT-2025-00134,A,2,196.83,393.66,117.00,1.5
R25-000102,2025-01-13,FT-2025-00178,A,1,196.74,196.74,117.00,1.5
R25-000103,2025-01-13,FT-2025-00192,A,1,185.00,185.00,117.00,1.5
R25-000104,2025-01-13,FT-2025-00192,A,1,200.00,200.00,117.00,1.5
R25-000105,2025-01-13,FT-2025-00197,B,1,117.98,117.98,76.00,0.5
R25-000106,2025-01-14,FT-2025-00029,C,5,283.74,1418.70,238.00,3.0
R25-000107,2025-01-14,FT-2025-00039,B,2,114.74,229.48,76.00,0.5
R25-000108,2025-01-14,FT-2025-00056,B,7,115.78,810.46,76.00,0.5
R25-000109,2025-01-14,FT-2025-00056,B,14,115.88,1622.32,76.00,0.5
R25-000110,2025-01-14,FT-2025-00103,A,1,190.00,190.00,117.00,1.5
R25-000111,2025-01-14,FT-2025-00103,B,1,120.00,120.00,76.00,0.5
R25-000112,2025-01-14,FT-2025-00105,B,9,118.16,1063.44,76.00,0.5
R25-000113,2025-01-14,FT-2025-00105,A,5,162.41,812.05,117.00,1.5
R25-000114,2025-01-14,FT-2025-00123,A,2,199.99,399.98,117.00,1.5
R25-000115,2025-01-14,FT-2025-00157,A,2,196.44,392.88,117.00,1.5
R25-000116,2025-01-14,FT-2025-00157,A,1,198.36,198.36,117.00,1.5
R25-000117,2025-01-14,FT-2025-00157,A,1,195.59,195.59,117.00,1.5
R25-000118,2025-01-14,FT-2025-00198,B,12,117.90,1414.80,76.00,0.5
R25-000119,2025-01-14,FT-2025-00198,A,7,161.06,1127.42,117.00,1.5
R25-000120,2025-01-14,FT-2025-00202,A,7,188.54,1319.78,117.00,1.5
R25-000121,2025-01-14,FT-2025-00202,B,5,107.49,537.45,76.00,0.5
R25-000122,2025-01-15,FT-2025-00021,A,10,162.26,1622.60,117.00,1.5
R25-000123,2025-01-15,FT-2025-00021,B,8,118.43,947.44,76.00,0.5
R25-000124,2025-01-15,FT-2025-00021,B,8,118.09,944.72,76.00,0.5
R25-000125,2025-01-15,FT-2025-00026,B,1,109.47,109.47,76.00,0.5
R25-000126,2025-01-15,FT-2025-00026,C,4,295.55,1182.20,238.00,3.0
R25-000127,2025-01-15,FT-2025-00091,B,1,117.27,117.27,76.00,0.5
R25-000128,2025-01-15,FT-2025-00091,B,25,116.53,2913.25,76.00,0.5
R25-000129,2025-01-15,FT-2025-00091,C,5,270.00,1350.00,238.00,3.0
R25-000130,2025-01-15,FT-2025-00096,B,3,119.47,358.41,76.00,0.5
R25-000131,2025-01-15,FT-2025-00096,A,2,195.66,391.32,117.00,1.5
R25-000132,2025-01-15,FT-2025-00097,A,1,193.40,193.40,117.00,1.5
R25-000133,2025-01-15,FT-2025-00100,A,11,161.08,1771.88,117.00,1.5
R25-000134,2025-01-15,FT-2025-00100,B,1,118.30,118.30,76.00,0.5
R25-000135,2025-01-15,FT-2025-00100,C,8,292.83,2342.64,238.00,3.0
R25-000136,2025-01-15,FT-2025-00127,B,18,117.09,2107.62,76.00,0.5
R25-000137,2025-01-15,FT-2025-00127,A,1,161.71,161.71,117.00,1.5
R25-000138,2025-01-15,FT-2025-00129,B,7,117.32,821.24,76.00,0.5
R25-000139,2025-01-15,FT-2025-00129,B,13,116.62,1516.06,76.00,0.5
R25-000140,2025-01-15,FT-2025-00138,B,1,115.99,115.99,76.00,0.5
R25-000141,2025-01-15,FT-2025-00138,C,1,292.02,292.02,238.00,3.0
R25-000142,2025-01-15,FT-2025-00146,B,4,116.63,466.52,76.00,0.5
R25-000143,2025-01-15,FT-2025-00152,A,5,189.12,945.60,117.00,1.5
R25-000144,2025-01-15,FT-2025-00200,A,8,146.80,1174.40,117.00,1.5
R25-000145,2025-01-15,FT-2025-00200,C,3,292.64,877.92,238.00,3.0
R25-000146,2025-01-15,FT-2025-00200,B,19,117.14,2225.66,76.00,0.5
R25-000147,2025-01-16,FT-2025-00020,A,1,191.26,191.26,117.00,1.5
R25-000148,2025-01-16,FT-2025-00020,A,3,190.59,571.77,117.00,1.5
R25-000149,2025-01-16,FT-2025-00053,A,3,198.61,595.83,117.00,1.5
R25-000150,2025-01-16,FT-2025-00053,A,1,198.69,198.69,117.00,1.5
R25-000151,2025-01-16,FT-2025-00069,A,1,191.21,191.21,117.00,1.5
R25-000152,2025-01-16,FT-2025-00089,A,5,163.37,816.85,117.00,1.5
R25-000153,2025-01-16,FT-2025-00089,B,11,108.86,1197.46,76.00,0.5
R25-000154,2025-01-16,FT-2025-00095,A,1,195.31,195.31,117.00,1.5
R25-000155,2025-01-16,FT-2025-00102,A,1,192.00,192.00,117.00,1.5
R25-000156,2025-01-16,FT-2025-00106,A,2,196.43,392.86,117.00,1.5
R25-000157,2025-01-16,FT-2025-00106,A,1,196.50,196.50,117.00,1.5
R25-000158,2025-01-16,FT-2025-00106,A,1,196.37,196.37,117.00,1.5
R25-000159,2025-01-16,FT-2025-00132,A,9,163.08,1467.72,117.00,1.5
R25-000160,2025-01-16,FT-2025-00132,B,1,118.28,118.28,76.00,0.5
R25-000161,2025-01-16,FT-2025-00153,A,1,200.00,200.00,117.00,1.5
R25-000162,2025-01-17,FT-2025-00024,A,1,198.09,198.09,117.00,1.5
R25-000163,2025-01-17,FT-2025-00024,A,2,200.00,400.00,117.00,1.5
R25-000164,2025-01-17,FT-2025-00024,A,1,198.20,198.20,117.00,1.5
R25-000165,2025-01-17,FT-2025-00047,B,8,118.73,949.84,76.00,0.5
R25-000166,2025-01-17,FT-2025-00047,A,5,193.89,969.45,117.00,1.5
R25-000167,2025-01-17,FT-2025-00048,A,1,191.27,191.27,117.00,1.5
R25-000168,2025-01-17,FT-2025-00054,A,6,186.25,1117.50,117.00,1.5
R25-000169,2025-01-17,FT-2025-00077,B,8,118.29,946.32,76.00,0.5
R25-000170,2025-01-17,FT-2025-00077,A,17,151.67,2578.39,117.00,1.5
R25-000171,2025-01-17,FT-2025-00077,B,6,116.60,699.60,76.00,0.5
R25-000172,2025-01-17,FT-2025-00113,C,3,290.74,872.22,238.00,3.0
R25-000173,2025-01-17,FT-2025-00122,A,8,154.43,1235.44,117.00,1.5
R25-000174,2025-01-17,FT-2025-00122,B,1,112.27,112.27,76.00,0.5
R25-000175,2025-01-17,FT-2025-00125,A,4,185.52,742.08,117.00,1.5
R25-000176,2025-01-17,FT-2025-00125,A,4,183.21,732.84,117.00,1.5
R25-000177,2025-01-17,FT-2025-00172,C,7,289.51,2026.57,238.00,3.0
R25-000178,2025-01-17,FT-2025-00172,B,1,117.35,117.35,76.00,0.5
R25-000179,2025-01-17,FT-2025-00172,A,10,163.43,1634.30,117.00,1.5
R25-000180,2025-01-17,FT-2025-00185,C,3,282.56,847.68,238.00,3.0
R25-000181,2025-01-17,FT-2025-00196,A,5,161.24,806.20,117.00,1.5
R25-000182,2025-01-17,FT-2025-00196,B,16,116.55,1864.80,76.00,0.5
R25-000183,2025-01-20,FT-2025-00003,A,2,199.66,399.32,117.00,1.5
R25-000184,2025-01-20,FT-2025-00005,A,2,197.76,395.52,117.00,1.5
R25-000185,2025-01-20,FT-2025-00046,B,11,108.40,1192.40,76.00,0.5
R25-000186,2025-01-20,FT-2025-00063,A,2,200.00,400.00,117.00,1.5
R25-000187,2025-01-20,FT-2025-00082,A,2,196.40,392.80,117.00,1.5
R25-000188,2025-01-20,FT-2025-00093,B,1,107.62,107.62,76.00,0.5
R25-000189,2025-01-20,FT-2025-00110,B,26,109.29,2841.54,76.00,0.5
R25-000190,2025-01-20,FT-2025-00110,A,6,160.89,965.34,117.00,1.5
R25-000191,2025-01-20,FT-2025-00110,C,3,291.80,875.40,238.00,3.0
R25-000192,2025-01-20,FT-2025-00131,A,3,162.28,486.84,117.00,1.5
R25-000193,2025-01-20,FT-2025-00139,A,4,161.61,646.44,117.00,1.5
R25-000194,2025-01-20,FT-2025-00141,A,1,191.81,191.81,117.00,1.5
R25-000195,2025-01-20,FT-2025-00161,A,1,196.16,196.16,117.00,1.5
R25-000196,2025-01-20,FT-2025-00161,A,3,194.64,583.92,117.00,1.5
R25-000197,2025-01-20,FT-2025-00161,B,1,120.00,120.00,76.00,0.5
R25-000198,2025-01-20,FT-2025-00194,A,2,184.25,368.50,117.00,1.5
R25-000199,2025-01-21,FT-2025-00008,B,17,117.57,1998.69,76.00,0.5
R25-000200,2025-01-21,FT-2025-00008,A,7,160.54,1123.78,117.00,1.5
R25-000201,2025-01-21,FT-2025-00022,B,1,108.00,108.00,76.00,0.5
R25-000202,2025-01-21,FT-2025-00037,C,3,291.97,875.91,238.00,3.0
R25-000203,2025-01-21,FT-2025-00037,A,6,163.40,980.40,117.00,1.5
R25-000204,2025-01-21,FT-2025-00037,B,1,109.92,109.92,76.00,0.5
R25-000205,2025-01-21,FT-2025-00090,B,12,108.41,1300.92,76.00,0.5
R25-000206,2025-01-21,FT-2025-00090,A,13,188.53,2450.89,117.00,1.5
R25-000207,2025-01-21,FT-2025-00104,A,10,199.68,1996.80,117.00,1.5
R25-000208,2025-01-21,FT-2025-00104,A,5,192.63,963.15,117.00,1.5
R25-000209,2025-01-21,FT-2025-00104,B,3,119.08,357.24,76.00,0.5
R25-000210,2025-01-21,FT-2025-00117,A,1,199.25,199.25,117.00,1.5
R25-000211,2025-01-21,FT-2025-00136,C,4,291.58,1166.32,238.00,3.0
R25-000212,2025-01-21,FT-2025-00136,A,8,163.11,1304.88,117.00,1.5
R25-000213,2025-01-21,FT-2025-00142,A,1,197.90,197.90,117.00,1.5
R25-000214,2025-01-21,FT-2025-00142,A,5,198.80,994.00,117.00,1.5
R25-000215,2025-01-21,FT-2025-00150,A,4,161.08,644.32,117.00,1.5
R25-000216,2025-01-21,FT-2025-00150,B,14,111.10,1555.40,76.00,0.5
R25-000217,2025-01-21,FT-2025-00168,B,20,109.70,2194.00,76.00,0.5
R25-000218,2025-01-21,FT-2025-00168,A,5,163.46,817.30,117.00,1.5
R25-000219,2025-01-21,FT-2025-00168,C,3,295.13,885.39,238.00,3.0
R25-000220,2025-01-21,FT-2025-00174,C,7,295.61,2069.27,238.00,3.0
R25-000221,2025-01-21,FT-2025-00174,B,6,115.98,695.88,76.00,0.5
R25-000222,2025-01-21,FT-2025-00182,B,24,109.62,2630.88,76.00,0.5
R25-000223,2025-01-21,FT-2025-00182,B,1,108.94,108.94,76.00,0.5
R25-000224,2025-01-21,FT-2025-00183,A,1,199.32,199.32,117.00,1.5
R25-000225,2025-01-21,FT-2025-00183,A,1,196.08,196.08,117.00,1.5
R25-000226,2025-01-21,FT-2025-00199,B,1,117.00,117.00,76.00,0.5
R25-000227,2025-01-21,FT-2025-00199,A,6,162.80,976.80,117.00,1.5
R25-000228,2025-01-21,FT-2025-00199,C,5,288.03,1440.15,238.00,3.0
R25-000229,2025-01-22,FT-2025-00006,B,11,117.83,1296.13,76.00,0.5
R25-000230,2025-01-22,FT-2025-00006,C,3,282.13,846.39,238.00,3.0
R25-000231,2025-01-22,FT-2025-00011,C,3,270.07,810.21,238.00,3.0
R25-000232,2025-01-22,FT-2025-00011,A,7,158.71,1110.97,117.00,1.5
R25-000233,2025-01-22,FT-2025-00014,A,1,192.06,192.06,117.00,1.5
R25-000234,2025-01-22,FT-2025-00014,B,2,120.00,240.00,76.00,0.5
R25-000235,2025-01-22,FT-2025-00014,A,2,200.00,400.00,117.00,1.5
R25-000236,2025-01-22,FT-2025-00034,A,6,189.03,1134.18,117.00,1.5
R25-000237,2025-01-22,FT-2025-00057,B,10,117.10,1171.00,76.00,0.5
R25-000238,2025-01-22,FT-2025-00057,B,8,118.31,946.48,76.00,0.5
R25-000239,2025-01-23,FT-2025-00017,A,1,190.64,190.64,117.00,1.5
R25-000240,2025-01-23,FT-2025-00017,A,3,189.53,568.59,117.00,1.5
R25-000241,2025-01-23,FT-2025-00078,A,4,191.31,765.24,117.00,1.5
R25-000242,2025-01-23,FT-2025-00078,A,2,193.01,386.02,117.00,1.5
R25-000243,2025-01-23,FT-2025-00115,A,2,195.29,390.58,117.00,1.5
R25-000244,2025-01-23,FT-2025-00126,A,1,185.00,185.00,117.00,1.5
R25-000245,2025-01-23,FT-2025-00179,A,1,192.78,192.78,117.00,1.5
R25-000246,2025-01-23,FT-2025-00179,A,2,192.99,385.98,117.00,1.5
R25-000247,2025-01-23,FT-2025-00181,B,4,117.31,469.24,76.00,0.5
R25-000248,2025-01-23,FT-2025-00186,B,3,119.20,357.60,76.00,0.5
R25-000249,2025-01-24,FT-2025-00028,A,1,185.00,185.00,117.00,1.5
R25-000250,2025-01-24,FT-2025-00087,A,3,198.80,596.40,117.00,1.5
R25-000251,2025-01-24,FT-2025-00160,B,6,116.18,697.08,76.00,0.5
R25-000252,2025-01-27,FT-2025-00016,A,1,195.13,195.13,117.00,1.5
R25-000253,2025-01-27,FT-2025-00016,A,2,193.80,387.60,117.00,1.5
R25-000254,2025-01-27,FT-2025-00041,A,2,192.51,385.02,117.00,1.5
R25-000255,2025-01-27,FT-2025-00041,B,1,115.28,115.28,76.00,0.5
R25-000256,2025-01-27,FT-2025-00043,A,2,195.15,390.30,117.00,1.5
R25-000257,2025-01-27,FT-2025-00043,A,1,194.03,194.03,117.00,1.5
R25-000258,2025-01-27,FT-2025-00043,A,2,196.86,393.72,117.00,1.5
R25-000259,2025-01-27,FT-2025-00064,A,2,197.38,394.76,117.00,1.5
R25-000260,2025-01-27,FT-2025-00065,B,11,117.51,1292.61,76.00,0.5
R25-000261,2025-01-27,FT-2025-00065,A,1,154.67,154.67,117.00,1.5
R25-000262,2025-01-27,FT-2025-00114,A,13,153.90,2000.70,117.00,1.5
R25-000263,2025-01-27,FT-2025-00114,B,12,117.83,1413.96,76.00,0.5
R25-000264,2025-01-27,FT-2025-00149,A,1,187.48,187.48,117.00,1.5
R25-000265,2025-01-27,FT-2025-00149,A,1,188.23,188.23,117.00,1.5
R25-000266,2025-01-27,FT-2025-00177,B,15,111.15,1667.25,76.00,0.5
R25-000267,2025-01-27,FT-2025-00177,A,8,157.93,1263.44,117.00,1.5
R25-000268,2025-01-27,FT-2025-00177,B,22,110.37,2428.14,76.00,0.5
R25-000269,2025-01-27,FT-2025-00193,A,2,193.97,387.94,117.00,1.5
R25-000270,2025-01-27,FT-2025-00193,A,1,197.39,197.39,117.00,1.5
R25-000271,2025-01-27,FT-2025-00193,A,1,195.95,195.95,117.00,1.5
R25-000272,2025-01-28,FT-2025-00015,A,1,193.00,193.00,117.00,1.5
R25-000273,2025-01-28,FT-2025-00015,A,1,200.00,200.00,117.00,1.5
R25-000274,2025-01-28,FT-2025-00015,A,1,200.00,200.00,117.00,1.5
R25-000275,2025-01-28,FT-2025-00019,A,1,191.62,191.62,117.00,1.5
R25-000276,2025-01-28,FT-2025-00032,A,2,192.67,385.34,117.00,1.5
R25-000277,2025-01-28,FT-2025-00032,A,3,190.09,570.27,117.00,1.5
R25-000278,2025-01-28,FT-2025-00032,A,1,190.52,190.52,117.00,1.5
R25-000279,2025-01-28,FT-2025-00033,C,4,288.96,1155.84,238.00,3.0
R25-000280,2025-01-28,FT-2025-00033,B,13,111.88,1454.44,76.00,0.5
R25-000281,2025-01-28,FT-2025-00042,A,1,200.00,200.00,117.00,1.5
R25-000282,2025-01-28,FT-2025-00042,A,1,200.00,200.00,117.00,1.5
R25-000283,2025-01-28,FT-2025-00055,C,2,284.87,569.74,238.00,3.0
R25-000284,2025-01-28,FT-2025-00061,A,4,195.71,782.84,117.00,1.5
R25-000285,2025-01-28,FT-2025-00067,A,1,197.57,197.57,117.00,1.5
R25-000286,2025-01-28,FT-2025-00068,A,1,190.46,190.46,117.00,1.5
R25-000287,2025-01-28,FT-2025-00075,B,5,106.68,533.40,76.00,0.5
R25-000288,2025-01-28,FT-2025-00135,B,2,109.62,219.24,76.00,0.5
R25-000289,2025-01-28,FT-2025-00135,A,3,200.00,600.00,117.00,1.5
R25-000290,2025-01-28,FT-2025-00135,A,1,199.84,199.84,117.00,1.5
R25-000291,2025-01-28,FT-2025-00144,B,7,118.28,827.96,76.00,0.5
R25-000292,2025-01-28,FT-2025-00144,C,8,286.18,2289.44,238.00,3.0
R25-000293,2025-01-28,FT-2025-00144,B,7,115.70,809.90,76.00,0.5
R25-000294,2025-01-28,FT-2025-00154,C,10,285.35,2853.50,238.00,3.0
R25-000295,2025-01-28,FT-2025-00154,B,17,117.20,1992.40,76.00,0.5
R25-000296,2025-01-28,FT-2025-00154,B,1,116.25,116.25,76.00,0.5
R25-000297,2025-01-28,FT-2025-00159,A,1,196.51,196.51,117.00,1.5
R25-000298,2025-01-28,FT-2025-00159,A,3,196.71,590.13,117.00,1.5
R25-000299,2025-01-28,FT-2025-00165,A,1,195.54,195.54,117.00,1.5
R25-000300,2025-01-28,FT-2025-00171,A,2,200.00,400.00,117.00,1.5
R25-000301,2025-01-28,FT-2025-00171,B,1,119.84,119.84,76.00,0.5
R25-000302,2025-01-28,FT-2025-00175,B,13,108.41,1409.33,76.00,0.5
R25-000303,2025-01-28,FT-2025-00175,A,4,163.03,652.12,117.00,1.5
R25-000304,2025-01-28,FT-2025-00176,B,8,117.83,942.64,76.00,0.5
R25-000305,2025-01-28,FT-2025-00176,C,7,293.80,2056.60,238.00,3.0
R25-000306,2025-01-28,FT-2025-00195,A,4,197.75,791.00,117.00,1.5
R25-000307,2025-01-28,FT-2025-00195,B,2,120.00,240.00,76.00,0.5
R25-000308,2025-01-29,FT-2025-00004,A,9,160.62,1445.58,117.00,1.5
R25-000309,2025-01-29,FT-2025-00004,B,22,111.44,2451.68,76.00,0.5
R25-000310,2025-01-29,FT-2025-00031,A,4,149.46,597.84,117.00,1.5
R25-000311,2025-01-29,FT-2025-00076,A,2,198.56,397.12,117.00,1.5
R25-000312,2025-01-29,FT-2025-00086,A,3,200.00,600.00,117.00,1.5
R25-000313,2025-01-29,FT-2025-00086,B,1,117.25,117.25,76.00,0.5
R25-000314,2025-01-29,FT-2025-00128,C,4,288.79,1155.16,238.00,3.0
R25-000315,2025-01-29,FT-2025-00137,B,8,118.42,947.36,76.00,0.5
R25-000316,2025-01-29,FT-2025-00143,A,4,193.79,775.16,117.00,1.5
R25-000317,2025-01-29,FT-2025-00166,A,1,190.00,190.00,117.00,1.5
R25-000318,2025-01-29,FT-2025-00201,C,11,291.12,3202.32,238.00,3.0
R25-000319,2025-01-29,FT-2025-00201,A,15,162.47,2437.05,117.00,1.5
R25-000320,2025-01-30,FT-2025-00012,A,2,192.75,385.50,117.00,1.5
R25-000321,2025-01-30,FT-2025-00025,A,2,192.55,385.10,117.00,1.5
R25-000322,2025-01-30,FT-2025-00059,B,1,108.49,108.49,76.00,0.5
R25-000323,2025-01-30,FT-2025-00059,A,9,161.10,1449.90,117.00,1.5
R25-000324,2025-01-30,FT-2025-00072,A,3,191.47,574.41,117.00,1.5
R25-000325,2025-01-30,FT-2025-00079,B,2,108.00,216.00,76.00,0.5
R25-000326,2025-01-30,FT-2025-00079,A,4,185.30,741.20,117.00,1.5
R25-000327,2025-01-30,FT-2025-00088,A,1,185.00,185.00,117.00,1.5
R25-000328,2025-01-30,FT-2025-00130,C,3,296.30,888.90,238.00,3.0
R25-000329,2025-01-30,FT-2025-00130,B,26,109.01,2834.26,76.00,0.5
R25-000330,2025-01-30,FT-2025-00184,A,1,160.08,160.08,117.00,1.5
R25-000331,2025-01-30,FT-2025-00184,B,9,115.79,1042.11,76.00,0.5
R25-000332,2025-01-30,FT-2025-00184,B,13,118.11,1535.43,76.00,0.5
R25-000333,2025-01-31,FT-2025-00007,A,1,198.52,198.52,117.00,1.5
R25-000334,2025-01-31,FT-2025-00007,A,2,200.00,400.00,117.00,1.5
R25-000335,2025-01-31,FT-2025-00010,B,1,108.00,108.00,76.00,0.5
R25-000336,2025-01-31,FT-2025-00010,A,3,185.59,556.77,117.00,1.5
R25-000337,2025-01-31,FT-2025-00013,A,2,192.50,385.00,117.00,1.5
R25-000338,2025-01-31,FT-2025-00013,B,1,120.00,120.00,76.00,0.5
R25-000339,2025-01-31,FT-2025-00051,A,2,192.25,384.50,117.00,1.5
R25-000340,2025-01-31,FT-2025-00052,A,3,190.70,572.10,117.00,1.5
R25-000341,2025-01-31,FT-2025-00052,A,2,190.68,381.36,117.00,1.5
R25-000342,2025-01-31,FT-2025-00084,A,1,199.00,199.00,117.00,1.5
R25-000343,2025-01-31,FT-2025-00085,A,6,189.57,1137.42,117.00,1.5
R25-000344,2025-01-31,FT-2025-00085,B,1,109.10,109.10,76.00,0.5
R25-000345,2025-01-31,FT-2025-00109,A,1,198.04,198.04,117.00,1.5
R25-000346,2025-01-31,FT-2025-00109,A,2,198.70,397.40,117.00,1.5
R25-000347,2025-01-31,FT-2025-00118,A,1,200.00,200.00,117.00,1.5
R25-000348,2025-01-31,FT-2025-00118,B,1,118.34,118.34,76.00,0.5
R25-000349,2025-01-31,FT-2025-00121,A,5,160.57,802.85,117.00,1.5
R25-000350,2025-01-31,FT-2025-00121,B,17,116.53,1981.01,76.00,0.5
R25-000351,2025-01-31,FT-2025-00124,A,2,199.33,398.66,117.00,1.5
R25-000352,2025-01-31,FT-2025-00124,A,4,198.48,793.92,117.00,1.5
R25-000353,2025-01-31,FT-2025-00124,A,1,200.00,200.00,117.00,1.5
R25-000354,2025-01-31,FT-2025-00164,A,2,196.84,393.68,117.00,1.5
R25-000355,2025-01-31,FT-2025-00164,B,1,120.00,120.00,76.00,0.5
R25-000356,2025-01-31,FT-2025-00187,B,1,115.66,115.66,76.00,0.5
R25-000357,2025-01-31,FT-2025-00187,B,7,116.60,816.20,76.00,0.5
R25-000358,2025-01-31,FT-2025-00187,B,19,116.27,2209.13,76.00,0.5
R25-000359,2025-02-03,FT-2025-00221,A,2,192.75,385.50,117.00,1.5
R25-000360,2025-02-03,FT-2025-00221,A,1,191.39,191.39,117.00,1.5
R25-000361,2025-02-03,FT-2025-00231,B,6,115.76,694.56,76.00,0.5
R25-000362,2025-02-03,FT-2025-00231,C,8,290.44,2323.52,238.00,3.0
R25-000363,2025-02-03,FT-2025-00231,B,10,118.09,1180.90,76.00,0.5
R25-000364,2025-02-03,FT-2025-00262,A,1,189.31,189.31,117.00,1.5
R25-000365,2025-02-03,FT-2025-00271,B,1,117.48,117.48,76.00,0.5
R25-000366,2025-02-03,FT-2025-00294,A,10,161.39,1613.90,117.00,1.5
R25-000367,2025-02-03,FT-2025-00294,B,9,117.89,1061.01,76.00,0.5
R25-000368,2025-02-03,FT-2025-00321,B,5,108.00,540.00,76.00,0.5
R25-000369,2025-02-03,FT-2025-00338,A,1,195.90,195.90,117.00,1.5
R25-000370,2025-02-03,FT-2025-00338,A,3,194.57,583.71,117.00,1.5
R25-000371,2025-02-03,FT-2025-00359,B,2,117.50,235.00,76.00,0.5
R25-000372,2025-02-03,FT-2025-00359,A,5,199.94,999.70,117.00,1.5
R25-000373,2025-02-03,FT-2025-00361,B,9,116.19,1045.71,76.00,0.5
R25-000374,2025-02-03,FT-2025-00361,B,8,117.25,938.00,76.00,0.5
R25-000375,2025-02-03,FT-2025-00361,A,1,141.79,141.79,117.00,1.5
R25-000376,2025-02-03,FT-2025-00377,A,1,200.00,200.00,117.00,1.5
R25-000377,2025-02-04,FT-2025-00217,A,1,198.45,198.45,117.00,1.5
R25-000378,2025-02-04,FT-2025-00217,A,1,197.89,197.89,117.00,1.5
R25-000379,2025-02-04,FT-2025-00230,A,9,193.80,1744.20,117.00,1.5
R25-000380,2025-02-04,FT-2025-00230,B,4,118.06,472.24,76.00,0.5
R25-000381,2025-02-04,FT-2025-00230,A,9,195.07,1755.63,117.00,1.5
R25-000382,2025-02-04,FT-2025-00260,A,2,198.22,396.44,117.00,1.5
R25-000383,2025-02-04,FT-2025-00267,B,13,117.96,1533.48,76.00,0.5
R25-000384,2025-02-04,FT-2025-00267,A,6,161.21,967.26,117.00,1.5
R25-000385,2025-02-04,FT-2025-00267,C,7,295.79,2070.53,238.00,3.0
R25-000386,2025-02-04,FT-2025-00299,C,4,294.39,1177.56,238.00,3.0
R25-000387,2025-02-04,FT-2025-00299,B,7,110.02,770.14,76.00,0.5
R25-000388,2025-02-04,FT-2025-00305,B,23,110.39,2538.97,76.00,0.5
R25-000389,2025-02-04,FT-2025-00313,B,8,117.44,939.52,76.00,0.5
R25-000390,2025-02-04,FT-2025-00313,B,9,116.82,1051.38,76.00,0.5
R25-000391,2025-02-04,FT-2025-00329,B,12,117.83,1413.96,76.00,0.5
R25-000392,2025-02-04,FT-2025-00334,A,6,186.02,1116.12,117.00,1.5
R25-000393,2025-02-04,FT-2025-00334,A,3,188.63,565.89,117.00,1.5
R25-000394,2025-02-04,FT-2025-00349,A,1,192.55,192.55,117.00,1.5
R25-000395,2025-02-04,FT-2025-00349,A,1,196.56,196.56,117.00,1.5
R25-000396,2025-02-04,FT-2025-00349,B,2,120.00,240.00,76.00,0.5
R25-000397,2025-02-04,FT-2025-00353,A,2,200.00,400.00,117.00,1.5
R25-000398,2025-02-04,FT-2025-00353,B,2,117.67,235.34,76.00,0.5
R25-000399,2025-02-04,FT-2025-00353,A,1,200.00,200.00,117.00,1.5
R25-000400,2025-02-04,FT-2025-00371,A,4,163.64,654.56,117.00,1.5
R25-000401,2025-02-04,FT-2025-00371,B,21,108.94,2287.74,76.00,0.5
R25-000402,2025-02-04,FT-2025-00381,A,1,195.32,195.32,117.00,1.5
R25-000403,2025-02-05,FT-2025-00210,B,14,116.56,1631.84,76.00,0.5
R25-000404,2025-02-05,FT-2025-00210,B,11,116.34,1279.74,76.00,0.5
R25-000405,2025-02-05,FT-2025-00213,A,4,161.68,646.72,117.00,1.5
R25-000406,2025-02-05,FT-2025-00213,B,13,117.07,1521.91,76.00,0.5
R25-000407,2025-02-05,FT-2025-00266,A,1,191.68,191.68,117.00,1.5
R25-000408,2025-02-05,FT-2025-00266,A,2,193.25,386.50,117.00,1.5
R25-000409,2025-02-05,FT-2025-00266,A,3,194.08,582.24,117.00,1.5
R25-000410,2025-02-05,FT-2025-00272,A,2,199.58,399.16,117.00,1.5
R25-000411,2025-02-05,FT-2025-00272,A,1,198.86,198.86,117.00,1.5
R25-000412,2025-02-05,FT-2025-00272,A,3,197.22,591.66,117.00,1.5
R25-000413,2025-02-05,FT-2025-00326,A,10,188.33,1883.30,117.00,1.5
R25-000414,2025-02-05,FT-2025-00326,B,9,107.50,967.50,76.00,0.5
R25-000415,2025-02-05,FT-2025-00326,A,6,189.68,1138.08,117.00,1.5
R25-000416,2025-02-05,FT-2025-00343,A,4,196.37,785.48,117.00,1.5
R25-000417,2025-02-05,FT-2025-00344,B,1,118.75,118.75,76.00,0.5
R25-000418,2025-02-05,FT-2025-00344,A,3,200.00,600.00,117.00,1.5
R25-000419,2025-02-06,FT-2025-00234,B,7,117.41,821.87,76.00,0.5
R25-000420,2025-02-06,FT-2025-00253,A,2,194.21,388.42,117.00,1.5
R25-000421,2025-02-06,FT-2025-00276,A,1,199.66,199.66,117.00,1.5
R25-000422,2025-02-06,FT-2025-00276,A,1,196.81,196.81,117.00,1.5
R25-000423,2025-02-06,FT-2025-00281,B,2,120.00,240.00,76.00,0.5
R25-000424,2025-02-06,FT-2025-00281,A,3,197.98,593.94,117.00,1.5
R25-000425,2025-02-06,FT-2025-00281,A,1,200.00,200.00,117.00,1.5
R25-000426,2025-02-06,FT-2025-00292,B,17,109.90,1868.30,76.00,0.5
R25-000427,2025-02-06,FT-2025-00324,C,3,289.46,868.38,238.00,3.0
R25-000428,2025-02-06,FT-2025-00324,A,5,163.00,815.00,117.00,1.5
R25-000429,2025-02-06,FT-2025-00346,A,1,194.31,194.31,117.00,1.5
R25-000430,2025-02-06,FT-2025-00348,A,2,199.19,398.38,117.00,1.5
R25-000431,2025-02-06,FT-2025-00348,C,1,302.82,302.82,238.00,3.0
R25-000432,2025-02-06,FT-2025-00348,A,1,200.00,200.00,117.00,1.5
R25-000433,2025-02-06,FT-2025-00351,A,5,160.50,802.50,117.00,1.5
R25-000434,2025-02-06,FT-2025-00363,B,10,109.86,1098.60,76.00,0.5
R25-000435,2025-02-06,FT-2025-00363,A,11,155.54,1710.94,117.00,1.5
R25-000436,2025-02-06,FT-2025-00363,B,16,111.52,1784.32,76.00,0.5
R25-000437,2025-02-06,FT-2025-00375,A,2,200.00,400.00,117.00,1.5
R25-000438,2025-02-06,FT-2025-00375,B,2,115.84,231.68,76.00,0.5
R25-000439,2025-02-07,FT-2025-00228,B,3,115.87,347.61,76.00,0.5
R25-000440,2025-02-07,FT-2025-00228,A,1,200.00,200.00,117.00,1.5
R25-000441,2025-02-07,FT-2025-00244,C,1,270.02,270.02,238.00,3.0
R25-000442,2025-02-07,FT-2025-00244,B,14,114.06,1596.84,76.00,0.5
R25-000443,2025-02-07,FT-2025-00259,C,4,274.59,1098.36,238.00,3.0
R25-000444,2025-02-07,FT-2025-00347,A,7,188.34,1318.38,117.00,1.5
R25-000445,2025-02-07,FT-2025-00362,B,5,116.32,581.60,76.00,0.5
R25-000446,2025-02-07,FT-2025-00362,C,9,296.27,2666.43,238.00,3.0
R25-000447,2025-02-07,FT-2025-00362,B,8,116.16,929.28,76.00,0.5
R25-000448,2025-02-10,FT-2025-00225,C,2,270.08,540.16,238.00,3.0
R25-000449,2025-02-10,FT-2025-00225,A,8,158.99,1271.92,117.00,1.5
R25-000450,2025-02-10,FT-2025-00240,C,4,291.36,1165.44,238.00,3.0
R25-000451,2025-02-10,FT-2025-00250,A,2,200.00,400.00,117.00,1.5
R25-000452,2025-02-10,FT-2025-00264,A,7,162.44,1137.08,117.00,1.5
R25-000453,2025-02-10,FT-2025-00264,B,4,108.54,434.16,76.00,0.5
R25-000454,2025-02-10,FT-2025-00265,A,3,191.03,573.09,117.00,1.5
R25-000455,2025-02-10,FT-2025-00282,A,1,200.00,200.00,117.00,1.5
R25-000456,2025-02-10,FT-2025-00284,B,7,117.02,819.14,76.00,0.5
R25-000457,2025-02-10,FT-2025-00284,C,5,295.26,1476.30,238.00,3.0
R25-000458,2025-02-10,FT-2025-00312,C,3,292.64,877.92,238.00,3.0
R25-000459,2025-02-10,FT-2025-00312,B,18,108.72,1956.96,76.00,0.5
R25-000460,2025-02-10,FT-2025-00322,A,1,197.00,197.00,117.00,1.5
R25-000461,2025-02-10,FT-2025-00368,C,4,291.02,1164.08,238.00,3.0
R25-000462,2025-02-10,FT-2025-00368,A,4,159.75,639.00,117.00,1.5
R25-000463,2025-02-10,FT-2025-00384,C,4,277.67,1110.68,238.00,3.0
R25-000464,2025-02-10,FT-2025-00385,C,7,286.38,2004.66,238.00,3.0
R25-000465,2025-02-10,FT-2025-00385,B,6,116.41,698.46,76.00,0.5
R25-000466,2025-02-10,FT-2025-00385,B,14,116.07,1624.98,76.00,0.5
R25-000467,2025-02-10,FT-2025-00394,B,3,116.82,350.46,76.00,0.5
R25-000468,2025-02-11,FT-2025-00340,A,3,190.48,571.44,117.00,1.5
R25-000469,2025-02-11,FT-2025-00350,A,1,197.32,197.32,117.00,1.5
R25-000470,2025-02-11,FT-2025-00350,A,1,196.09,196.09,117.00,1.5
R25-000471,2025-02-11,FT-2025-00374,B,4,108.10,432.40,76.00,0.5
R25-000472,2025-02-11,FT-2025-00374,A,6,186.41,1118.46,117.00,1.5
R25-000473,2025-02-12,FT-2025-00252,A,9,161.81,1456.29,117.00,1.5
R25-000474,2025-02-12,FT-2025-00269,A,5,163.27,816.35,117.00,1.5
R25-000475,2025-02-12,FT-2025-00270,A,1,200.00,200.00,117.00,1.5
R25-000476,2025-02-12,FT-2025-00274,B,1,120.00,120.00,76.00,0.5
R25-000477,2025-02-12,FT-2025-00274,A,3,198.46,595.38,117.00,1.5
R25-000478,2025-02-12,FT-2025-00280,A,1,193.27,193.27,117.00,1.5
R25-000479,2025-02-12,FT-2025-00280,A,3,193.07,579.21,117.00,1.5
R25-000480,2025-02-12,FT-2025-00288,A,4,196.26,785.04,117.00,1.5
R25-000481,2025-02-12,FT-2025-00288,B,6,116.73,700.38,76.00,0.5
R25-000482,2025-02-12,FT-2025-00291,A,3,185.59,556.77,117.00,1.5
R25-000483,2025-02-12,FT-2025-00291,A,4,185.90,743.60,117.00,1.5
R25-000484,2025-02-12,FT-2025-00304,B,17,108.90,1851.30,76.00,0.5
R25-000485,2025-02-12,FT-2025-00304,A,7,162.76,1139.32,117.00,1.5
R25-000486,2025-02-12,FT-2025-00304,C,3,290.87,872.61,238.00,3.0
R25-000487,2025-02-12,FT-2025-00328,A,3,147.95,443.85,117.00,1.5
R25-000488,2025-02-12,FT-2025-00332,B,13,108.55,1411.15,76.00,0.5
R25-000489,2025-02-12,FT-2025-00332,C,5,296.11,1480.55,238.00,3.0
R25-000490,2025-02-12,FT-2025-00364,B,1,118.48,118.48,76.00,0.5
R25-000491,2025-02-12,FT-2025-00365,B,5,116.39,581.95,76.00,0.5
R25-000492,2025-02-12,FT-2025-00370,A,8,162.77,1302.16,117.00,1.5
R25-000493,2025-02-12,FT-2025-00370,B,9,117.67,1059.03,76.00,0.5
R25-000494,2025-02-12,FT-2025-00370,C,7,289.94,2029.58,238.00,3.0
R25-000495,2025-02-12,FT-2025-00382,A,1,200.00,200.00,117.00,1.5
R25-000496,2025-02-12,FT-2025-00391,A,1,197.85,197.85,117.00,1.5
R25-000497,2025-02-12,FT-2025-00391,B,1,109.25,109.25,76.00,0.5
R25-000498,2025-02-12,FT-2025-00391,A,3,196.62,589.86,117.00,1.5
R25-000499,2025-02-13,FT-2025-00236,B,7,115.83,810.81,76.00,0.5
R25-000500,2025-02-13,FT-2025-00236,A,8,161.18,1289.44,117.00,1.5
R25-000501,2025-02-13,FT-2025-00247,A,12,152.22,1826.64,117.00,1.5
R25-000502,2025-02-13,FT-2025-00300,A,1,185.00,185.00,117.00,1.5
R25-000503,2025-02-13,FT-2025-00311,A,3,197.67,593.01,117.00,1.5
R25-000504,2025-02-13,FT-2025-00311,B,3,120.00,360.00,76.00,0.5
R25-000505,2025-02-13,FT-2025-00320,A,1,193.91,193.91,117.00,1.5
R25-000506,2025-02-13,FT-2025-00335,A,5,188.67,943.35,117.00,1.5
R25-000507,2025-02-13,FT-2025-00335,A,2,186.13,372.26,117.00,1.5
R25-000508,2025-02-13,FT-2025-00393,A,2,189.51,379.02,117.00,1.5
R25-000509,2025-02-14,FT-2025-00216,B,6,117.83,706.98,76.00,0.5
R25-000510,2025-02-14,FT-2025-00216,A,7,194.73,1363.11,117.00,1.5
R25-000511,2025-02-14,FT-2025-00216,A,8,195.80,1566.40,117.00,1.5
R25-000512,2025-02-14,FT-2025-00223,B,7,109.46,766.22,76.00,0.5
R25-000513,2025-02-14,FT-2025-00224,A,1,200.00,200.00,117.00,1.5
R25-000514,2025-02-14,FT-2025-00232,C,2,292.12,584.24,238.00,3.0
R25-000515,2025-02-14,FT-2025-00273,C,5,270.00,1350.00,238.00,3.0
R25-000516,2025-02-14,FT-2025-00273,A,6,153.76,922.56,117.00,1.5
R25-000517,2025-02-14,FT-2025-00289,A,1,200.00,200.00,117.00,1.5
R25-000518,2025-02-14,FT-2025-00289,A,1,200.00,200.00,117.00,1.5
R25-000519,2025-02-14,FT-2025-00289,A,1,200.00,200.00,117.00,1.5
R25-000520,2025-02-14,FT-2025-00298,A,1,192.15,192.15,117.00,1.5
R25-000521,2025-02-14,FT-2025-00298,A,1,195.97,195.97,117.00,1.5
R25-000522,2025-02-14,FT-2025-00298,A,1,196.47,196.47,117.00,1.5
R25-000523,2025-02-14,FT-2025-00308,A,2,191.88,383.76,117.00,1.5
R25-000524,2025-02-14,FT-2025-00308,A,2,190.70,381.40,117.00,1.5
R25-000525,2025-02-14,FT-2025-00308,A,1,189.66,189.66,117.00,1.5
R25-000526,2025-02-14,FT-2025-00354,A,6,161.59,969.54,117.00,1.5
R25-000527,2025-02-14,FT-2025-00354,C,4,297.00,1188.00,238.00,3.0
R25-000528,2025-02-14,FT-2025-00369,B,16,117.65,1882.40,76.00,0.5
R25-000529,2025-02-14,FT-2025-00369,C,4,282.80,1131.20,238.00,3.0
R25-000530,2025-02-14,FT-2025-00369,A,5,162.79,813.95,117.00,1.5
R25-000531,2025-02-14,FT-2025-00372,A,1,200.00,200.00,117.00,1.5
R25-000532,2025-02-14,FT-2025-00379,B,8,118.46,947.68,76.00,0.5
R25-000533,2025-02-14,FT-2025-00379,A,14,142.89,2000.46,117.00,1.5
R25-000534,2025-02-17,FT-2025-00205,A,1,197.18,197.18,117.00,1.5
R25-000535,2025-02-17,FT-2025-00207,B,11,109.99,1209.89,76.00,0.5
R25-000536,2025-02-17,FT-2025-00207,B,13,109.82,1427.66,76.00,0.5
R25-000537,2025-02-17,FT-2025-00212,B,5,117.70,588.50,76.00,0.5
R25-000538,2025-02-17,FT-2025-00212,C,7,293.71,2055.97,238.00,3.0
R25-000539,2025-02-17,FT-2025-00212,B,9,117.54,1057.86,76.00,0.5
R25-000540,2025-02-17,FT-2025-00214,B,6,117.66,705.96,76.00,0.5
R25-000541,2025-02-17,FT-2025-00214,A,3,162.00,486.00,117.00,1.5
R25-000542,2025-02-17,FT-2025-00215,C,8,289.19,2313.52,238.00,3.0
R25-000543,2025-02-17,FT-2025-00215,A,8,162.51,1300.08,117.00,1.5
R25-000544,2025-02-17,FT-2025-00215,B,4,116.92,467.68,76.00,0.5
R25-000545,2025-02-17,FT-2025-00249,A,3,196.67,590.01,117.00,1.5
R25-000546,2025-02-17,FT-2025-00249,A,1,198.08,198.08,117.00,1.5
R25-000547,2025-02-17,FT-2025-00254,C,3,296.93,890.79,238.00,3.0
R25-000548,2025-02-17,FT-2025-00254,A,4,161.65,646.60,117.00,1.5
R25-000549,2025-02-17,FT-2025-00254,B,19,108.73,2065.87,76.00,0.5
R25-000550,2025-02-17,FT-2025-00268,C,7,287.36,2011.52,238.00,3.0
R25-000551,2025-02-17,FT-2025-00268,B,10,115.66,1156.60,76.00,0.5
R25-000552,2025-02-17,FT-2025-00278,B,1,115.37,115.37,76.00,0.5
R25-000553,2025-02-17,FT-2025-00278,A,2,196.14,392.28,117.00,1.5
R25-000554,2025-02-17,FT-2025-00297,B,5,116.73,583.65,76.00,0.5
R25-000555,2025-02-17,FT-2025-00302,B,16,116.13,1858.08,76.00,0.5
R25-000556,2025-02-17,FT-2025-00302,A,7,146.88,1028.16,117.00,1.5
R25-000557,2025-02-17,FT-2025-00302,C,2,293.35,586.70,238.00,3.0
R25-000558,2025-02-17,FT-2025-00331,A,6,162.67,976.02,117.00,1.5
R25-000559,2025-02-17,FT-2025-00331,B,12,117.76,1413.12,76.00,0.5
R25-000560,2025-02-17,FT-2025-00331,C,4,289.44,1157.76,238.00,3.0
R25-000561,2025-02-17,FT-2025-00366,A,1,185.00,185.00,117.00,1.5
R25-000562,2025-02-17,FT-2025-00373,B,5,112.26,561.30,76.00,0.5
R25-000563,2025-02-17,FT-2025-00373,B,8,112.23,897.84,76.00,0.5
R25-000564,2025-02-17,FT-2025-00388,B,4,108.01,432.04,76.00,0.5
R25-000565,2025-02-18,FT-2025-00206,A,1,197.00,197.00,117.00,1.5
R25-000566,2025-02-18,FT-2025-00206,A,2,200.00,400.00,117.00,1.5
R25-000567,2025-02-18,FT-2025-00206,B,1,120.00,120.00,76.00,0.5
R25-000568,2025-02-18,FT-2025-00209,B,1,120.00,120.00,76.00,0.5
R25-000569,2025-02-18,FT-2025-00209,A,1,191.47,191.47,117.00,1.5
R25-000570,2025-02-18,FT-2025-00209,A,1,194.24,194.24,117.00,1.5
R25-000571,2025-02-18,FT-2025-00310,A,1,192.63,192.63,117.00,1.5
R25-000572,2025-02-18,FT-2025-00310,A,3,191.09,573.27,117.00,1.5
R25-000573,2025-02-18,FT-2025-00327,A,2,193.03,386.06,117.00,1.5
R25-000574,2025-02-18,FT-2025-00355,B,4,119.87,479.48,76.00,0.5
R25-000575,2025-02-18,FT-2025-00355,A,1,200.00,200.00,117.00,1.5
R25-000576,2025-02-18,FT-2025-00358,A,9,160.50,1444.50,117.00,1.5
R25-000577,2025-02-18,FT-2025-00358,B,11,109.91,1209.01,76.00,0.5
R25-000578,2025-02-18,FT-2025-00358,B,7,108.08,756.56,76.00,0.5
R25-000579,2025-02-18,FT-2025-00395,A,2,198.62,397.24,117.00,1.5
R25-000580,2025-02-19,FT-2025-00246,A,2,193.52,387.04,117.00,1.5
R25-000581,2025-02-19,FT-2025-00246,A,1,196.36,196.36,117.00,1.5
R25-000582,2025-02-19,FT-2025-00255,A,3,195.02,585.06,117.00,1.5
R25-000583,2025-02-19,FT-2025-00255,B,1,120.00,120.00,76.00,0.5
R25-000584,2025-02-19,FT-2025-00255,A,1,199.94,199.94,117.00,1.5
R25-000585,2025-02-19,FT-2025-00258,A,3,191.83,575.49,117.00,1.5
R25-000586,2025-02-19,FT-2025-00258,A,2,193.41,386.82,117.00,1.5
R25-000587,2025-02-19,FT-2025-00277,A,3,189.35,568.05,117.00,1.5
R25-000588,2025-02-19,FT-2025-00306,C,2,291.63,583.26,238.00,3.0
R25-000589,2025-02-19,FT-2025-00318,A,6,188.64,1131.84,117.00,1.5
R25-000590,2025-02-19,FT-2025-00318,A,5,188.31,941.55,117.00,1.5
R25-000591,2025-02-19,FT-2025-00318,A,6,189.39,1136.34,117.00,1.5
R25-000592,2025-02-19,FT-2025-00345,A,1,197.72,197.72,117.00,1.5
R25-000593,2025-02-19,FT-2025-00345,A,3,197.29,591.87,117.00,1.5
R25-000594,2025-02-19,FT-2025-00386,A,1,200.00,200.00,117.00,1.5
R25-000595,2025-02-20,FT-2025-00239,A,2,162.17,324.34,117.00,1.5
R25-000596,2025-02-20,FT-2025-00241,A,1,200.00,200.00,117.00,1.5
R25-000597,2025-02-20,FT-2025-00286,B,7,116.79,817.53,76.00,0.5
R25-000598,2025-02-20,FT-2025-00296,C,4,290.10,1160.40,238.00,3.0
R25-000599,2025-02-20,FT-2025-00296,A,10,162.30,1623.00,117.00,1.5
R25-000600,2025-02-20,FT-2025-00336,B,7,110.53,773.71,76.00,0.5
R25-000601,2025-02-20,FT-2025-00390,C,7,294.37,2060.59,238.00,3.0
R25-000602,2025-02-20,FT-2025-00390,B,9,119.04,1071.36,76.00,0.5
R25-000603,2025-02-20,FT-2025-00390,A,4,193.20,772.80,117.00,1.5
R25-000604,2025-02-21,FT-2025-00235,A,2,193.28,386.56,117.00,1.5
R25-000605,2025-02-21,FT-2025-00235,A,3,190.71,572.13,117.00,1.5
R25-000606,2025-02-21,FT-2025-00243,A,2,198.54,397.08,117.00,1.5
R25-000607,2025-02-21,FT-2025-00243,A,1,195.70,195.70,117.00,1.5
R25-000608,2025-02-21,FT-2025-00290,A,8,160.53,1284.24,117.00,1.5
R25-000609,2025-02-21,FT-2025-00290,B,5,115.57,577.85,76.00,0.5
R25-000610,2025-02-21,FT-2025-00315,B,17,117.21,1992.57,76.00,0.5
R25-000611,2025-02-21,FT-2025-00315,C,5,289.05,1445.25,238.00,3.0
R25-000612,2025-02-21,FT-2025-00333,A,2,200.00,400.00,117.00,1.5
R25-000613,2025-02-21,FT-2025-00392,A,4,200.00,800.00,117.00,1.5
R25-000614,2025-02-21,FT-2025-00392,B,1,108.00,108.00,76.00,0.5
R25-000615,2025-02-24,FT-2025-00211,B,10,116.20,1162.00,76.00,0.5
R25-000616,2025-02-24,FT-2025-00220,B,5,116.82,584.10,76.00,0.5
R25-000617,2025-02-24,FT-2025-00229,B,1,109.02,109.02,76.00,0.5
R25-000618,2025-02-24,FT-2025-00229,B,10,106.65,1066.50,76.00,0.5
R25-000619,2025-02-24,FT-2025-00233,A,3,187.24,561.72,117.00,1.5
R25-000620,2025-02-24,FT-2025-00245,A,1,184.48,184.48,117.00,1.5
R25-000621,2025-02-24,FT-2025-00251,B,2,117.00,234.00,76.00,0.5
R25-000622,2025-02-24,FT-2025-00251,A,2,200.00,400.00,117.00,1.5
R25-000623,2025-02-24,FT-2025-00263,B,2,110.16,220.32,76.00,0.5
R25-000624,2025-02-24,FT-2025-00263,A,1,200.00,200.00,117.00,1.5
R25-000625,2025-02-24,FT-2025-00263,A,1,200.00,200.00,117.00,1.5
R25-000626,2025-02-24,FT-2025-00285,B,10,108.97,1089.70,76.00,0.5
R25-000627,2025-02-24,FT-2025-00285,A,6,160.52,963.12,117.00,1.5
R25-000628,2025-02-24,FT-2025-00287,A,1,185.00,185.00,117.00,1.5
R25-000629,2025-02-25,FT-2025-00226,A,5,189.28,946.40,117.00,1.5
R25-000630,2025-02-25,FT-2025-00283,B,3,117.96,353.88,76.00,0.5
R25-000631,2025-02-25,FT-2025-00295,B,13,116.59,1515.67,76.00,0.5
R25-000632,2025-02-25,FT-2025-00295,A,8,154.08,1232.64,117.00,1.5
R25-000633,2025-02-25,FT-2025-00323,B,9,108.16,973.44,76.00,0.5
R25-000634,2025-02-25,FT-2025-00323,B,19,107.75,2047.25,76.00,0.5
R25-000635,2025-02-25,FT-2025-00323,B,9,109.48,985.32,76.00,0.5
R25-000636,2025-02-25,FT-2025-00339,A,1,198.01,198.01,117.00,1.5
R25-000637,2025-02-25,FT-2025-00339,A,2,198.02,396.04,117.00,1.5
R25-000638,2025-02-25,FT-2025-00341,A,4,162.92,651.68,117.00,1.5
R25-000639,2025-02-25,FT-2025-00342,A,1,185.52,185.52,117.00,1.5
R25-000640,2025-02-25,FT-2025-00342,A,2,194.47,388.94,117.00,1.5
R25-000641,2025-02-25,FT-2025-00356,B,16,117.50,1880.00,76.00,0.5
R25-000642,2025-02-25,FT-2025-00387,A,2,197.22,394.44,117.00,1.5
R25-000643,2025-02-26,FT-2025-00218,A,1,198.50,198.50,117.00,1.5
R25-000644,2025-02-26,FT-2025-00218,A,2,198.46,396.92,117.00,1.5
R25-000645,2025-02-26,FT-2025-00218,A,1,200.00,200.00,117.00,1.5
R25-000646,2025-02-26,FT-2025-00219,A,2,196.00,392.00,117.00,1.5
R25-000647,2025-02-26,FT-2025-00219,A,1,200.00,200.00,117.00,1.5
R25-000648,2025-02-26,FT-2025-00237,A,2,195.92,391.84,117.00,1.5
R25-000649,2025-02-26,FT-2025-00256,A,2,191.29,382.58,117.00,1.5
R25-000650,2025-02-26,FT-2025-00256,B,1,115.21,115.21,76.00,0.5
R25-000651,2025-02-26,FT-2025-00275,A,1,199.27,199.27,117.00,1.5
R25-000652,2025-02-26,FT-2025-00275,A,2,199.47,398.94,117.00,1.5
R25-000653,2025-02-26,FT-2025-00279,A,10,161.32,1613.20,117.00,1.5
R25-000654,2025-02-26,FT-2025-00303,A,5,155.66,778.30,117.00,1.5
R25-000655,2025-02-26,FT-2025-00309,B,9,110.45,994.05,76.00,0.5
R25-000656,2025-02-26,FT-2025-00309,B,18,110.30,1985.40,76.00,0.5
R25-000657,2025-02-26,FT-2025-00309,C,3,292.80,878.40,238.00,3.0
R25-000658,2025-02-26,FT-2025-00314,A,2,193.95,387.90,117.00,1.5
R25-000659,2025-02-26,FT-2025-00337,A,1,196.06,196.06,117.00,1.5
R25-000660,2025-02-26,FT-2025-00337,A,1,197.36,197.36,117.00,1.5
R25-000661,2025-02-26,FT-2025-00337,A,2,196.74,393.48,117.00,1.5
R25-000662,2025-02-27,FT-2025-00227,A,1,192.68,192.68,117.00,1.5
R25-000663,2025-02-27,FT-2025-00227,A,3,194.03,582.09,117.00,1.5
R25-000664,2025-02-27,FT-2025-00248,A,5,196.18,980.90,117.00,1.5
R25-000665,2025-02-27,FT-2025-00248,B,8,118.03,944.24,76.00,0.5
R25-000666,2025-02-27,FT-2025-00257,A,1,197.01,197.01,117.00,1.5
R25-000667,2025-02-27,FT-2025-00261,A,1,189.86,189.86,117.00,1.5
R25-000668,2025-02-27,FT-2025-00307,B,8,115.77,926.16,76.00,0.5
R25-000669,2025-02-27,FT-2025-00307,B,15,115.74,1736.10,76.00,0.5
R25-000670,2025-02-27,FT-2025-00325,C,5,288.67,1443.35,238.00,3.0
R25-000671,2025-02-27,FT-2025-00325,B,17,117.46,1996.82,76.00,0.5
R25-000672,2025-02-27,FT-2025-00325,A,5,163.43,817.15,117.00,1.5
R25-000673,2025-02-27,FT-2025-00330,B,19,113.61,2158.59,76.00,0.5
R25-000674,2025-02-27,FT-2025-00360,B,13,116.74,1517.62,76.00,0.5
R25-000675,2025-02-27,FT-2025-00360,A,5,162.41,812.05,117.00,1.5
R25-000676,2025-02-27,FT-2025-00360,C,4,285.80,1143.20,238.00,3.0
R25-000677,2025-02-27,FT-2025-00367,A,2,192.15,384.30,117.00,1.5
R25-000678,2025-02-27,FT-2025-00376,A,1,191.16,191.16,117.00,1.5
R25-000679,2025-02-27,FT-2025-00376,A,2,192.14,384.28,117.00,1.5
R25-000680,2025-02-27,FT-2025-00376,A,2,190.76,381.52,117.00,1.5
R25-000681,2025-02-27,FT-2025-00378,A,1,196.73,196.73,117.00,1.5
R25-000682,2025-02-27,FT-2025-00378,A,5,200.00,1000.00,117.00,1.5
R25-000683,2025-02-27,FT-2025-00389,A,9,186.12,1675.08,117.00,1.5
R25-000684,2025-02-27,FT-2025-00389,B,7,109.05,763.35,76.00,0.5
R25-000685,2025-02-28,FT-2025-00203,A,3,198.97,596.91,117.00,1.5
R25-000686,2025-02-28,FT-2025-00203,B,1,120.00,120.00,76.00,0.5
R25-000687,2025-02-28,FT-2025-00204,B,1,120.00,120.00,76.00,0.5
R25-000688,2025-02-28,FT-2025-00204,A,2,195.04,390.08,117.00,1.5
R25-000689,2025-02-28,FT-2025-00208,B,1,120.00,120.00,76.00,0.5
R25-000690,2025-02-28,FT-2025-00208,A,2,199.63,399.26,117.00,1.5
R25-000691,2025-02-28,FT-2025-00222,B,7,117.44,822.08,76.00,0.5
R25-000692,2025-02-28,FT-2025-00238,B,1,115.09,115.09,76.00,0.5
R25-000693,2025-02-28,FT-2025-00238,A,1,185.00,185.00,117.00,1.5
R25-000694,2025-02-28,FT-2025-00238,A,3,200.00,600.00,117.00,1.5
R25-000695,2025-02-28,FT-2025-00242,A,11,163.03,1793.33,117.00,1.5
R25-000696,2025-02-28,FT-2025-00242,B,16,112.69,1803.04,76.00,0.5
R25-000697,2025-02-28,FT-2025-00293,B,16,116.70,1867.20,76.00,0.5
R25-000698,2025-02-28,FT-2025-00293,C,5,294.27,1471.35,238.00,3.0
R25-000699,2025-02-28,FT-2025-00301,B,15,110.01,1650.15,76.00,0.5
R25-000700,2025-02-28,FT-2025-00301,B,8,108.52,868.16,76.00,0.5
R25-000701,2025-02-28,FT-2025-00316,B,9,116.87,1051.83,76.00,0.5
R25-000702,2025-02-28,FT-2025-00316,A,8,194.24,1553.92,117.00,1.5
R25-000703,2025-02-28,FT-2025-00317,B,1,120.00,120.00,76.00,0.5
R25-000704,2025-02-28,FT-2025-00317,A,1,195.04,195.04,117.00,1.5
R25-000705,2025-02-28,FT-2025-00319,A,12,161.27,1935.24,117.00,1.5
R25-000706,2025-02-28,FT-2025-00319,B,8,117.42,939.36,76.00,0.5
R25-000707,2025-02-28,FT-2025-00352,B,1,120.00,120.00,76.00,0.5
R25-000708,2025-02-28,FT-2025-00352,A,4,196.95,787.80,117.00,1.5
R25-000709,2025-02-28,FT-2025-00357,C,5,284.61,1423.05,238.00,3.0
R25-000710,2025-02-28,FT-2025-00357,B,3,109.72,329.16,76.00,0.5
R25-000711,2025-02-28,FT-2025-00380,B,9,107.49,967.41,76.00,0.5
R25-000712,2025-02-28,FT-2025-00380,C,3,281.01,843.03,238.00,3.0
R25-000713,2025-02-28,FT-2025-00380,A,6,186.09,1116.54,117.00,1.5
R25-000714,2025-02-28,FT-2025-00383,A,4,200.00,800.00,117.00,1.5
R25-000715,2025-02-28,FT-2025-00383,B,1,117.94,117.94,76.00,0.5
R25-000716,2025-03-03,FT-2025-00430,A,1,193.70,193.70,117.00,1.5
R25-000717,2025-03-03,FT-2025-00445,B,1,118.39,118.39,76.00,0.5
R25-000718,2025-03-03,FT-2025-00445,B,2,118.61,237.22,76.00,0.5
R25-000719,2025-03-03,FT-2025-00446,A,3,196.68,590.04,117.00,1.5
R25-000720,2025-03-03,FT-2025-00459,B,7,118.07,826.49,76.00,0.5
R25-000721,2025-03-03,FT-2025-00459,B,12,116.80,1401.60,76.00,0.5
R25-000722,2025-03-03,FT-2025-00459,C,10,292.38,2923.80,238.00,3.0
R25-000723,2025-03-03,FT-2025-00537,A,2,195.12,390.24,117.00,1.5
R25-000724,2025-03-03,FT-2025-00537,A,1,193.27,193.27,117.00,1.5
R25-000725,2025-03-03,FT-2025-00545,A,3,196.16,588.48,117.00,1.5
R25-000726,2025-03-03,FT-2025-00545,A,1,198.61,198.61,117.00,1.5
R25-000727,2025-03-03,FT-2025-00548,A,2,195.21,390.42,117.00,1.5
R25-000728,2025-03-03,FT-2025-00556,B,15,115.66,1734.90,76.00,0.5
R25-000729,2025-03-04,FT-2025-00457,B,7,109.56,766.92,76.00,0.5
R25-000730,2025-03-04,FT-2025-00457,B,8,109.30,874.40,76.00,0.5
R25-000731,2025-03-04,FT-2025-00457,C,5,293.53,1467.65,238.00,3.0
R25-000732,2025-03-04,FT-2025-00478,A,3,199.72,599.16,117.00,1.5
R25-000733,2025-03-04,FT-2025-00478,A,3,198.88,596.64,117.00,1.5
R25-000734,2025-03-04,FT-2025-00482,A,12,163.27,1959.24,117.00,1.5
R25-000735,2025-03-04,FT-2025-00482,B,7,117.93,825.51,76.00,0.5
R25-000736,2025-03-04,FT-2025-00482,B,6,116.43,698.58,76.00,0.5
R25-000737,2025-03-04,FT-2025-00485,A,6,187.80,1126.80,117.00,1.5
R25-000738,2025-03-04,FT-2025-00485,A,9,189.82,1708.38,117.00,1.5
R25-000739,2025-03-04,FT-2025-00567,B,3,116.71,350.13,76.00,0.5
R25-000740,2025-03-04,FT-2025-00613,A,1,185.00,185.00,117.00,1.5
R25-000741,2025-03-05,FT-2025-00406,C,5,295.51,1477.55,238.00,3.0
R25-000742,2025-03-05,FT-2025-00406,B,5,116.23,581.15,76.00,0.5
R25-000743,2025-03-05,FT-2025-00451,A,1,192.38,192.38,117.00,1.5
R25-000744,2025-03-05,FT-2025-00466,A,8,160.64,1285.12,117.00,1.5
R25-000745,2025-03-05,FT-2025-00466,B,10,117.30,1173.00,76.00,0.5
R25-000746,2025-03-05,FT-2025-00495,A,1,198.70,198.70,117.00,1.5
R25-000747,2025-03-05,FT-2025-00510,B,10,109.59,1095.90,76.00,0.5
R25-000748,2025-03-05,FT-2025-00510,A,8,160.93,1287.44,117.00,1.5
R25-000749,2025-03-05,FT-2025-00510,B,9,107.86,970.74,76.00,0.5
R25-000750,2025-03-05,FT-2025-00530,B,13,118.16,1536.08,76.00,0.5
R25-000751,2025-03-05,FT-2025-00616,A,3,200.00,600.00,117.00,1.5
R25-000752,2025-03-05,FT-2025-00616,B,2,118.28,236.56,76.00,0.5
R25-000753,2025-03-06,FT-2025-00398,A,3,162.67,488.01,117.00,1.5
R25-000754,2025-03-06,FT-2025-00423,A,4,193.75,775.00,117.00,1.5
R25-000755,2025-03-06,FT-2025-00454,A,2,190.84,381.68,117.00,1.5
R25-000756,2025-03-06,FT-2025-00469,A,8,153.40,1227.20,117.00,1.5
R25-000757,2025-03-06,FT-2025-00469,C,5,270.00,1350.00,238.00,3.0
R25-000758,2025-03-06,FT-2025-00487,A,3,199.56,598.68,117.00,1.5
R25-000759,2025-03-06,FT-2025-00487,A,2,198.79,397.58,117.00,1.5
R25-000760,2025-03-06,FT-2025-00503,A,2,200.00,400.00,117.00,1.5
R25-000761,2025-03-06,FT-2025-00524,C,4,291.16,1164.64,238.00,3.0
R25-000762,2025-03-06,FT-2025-00551,A,1,188.76,188.76,117.00,1.5
R25-000763,2025-03-06,FT-2025-00588,A,1,196.19,196.19,117.00,1.5
R25-000764,2025-03-06,FT-2025-00588,A,2,197.21,394.42,117.00,1.5
R25-000765,2025-03-06,FT-2025-00596,A,1,189.87,189.87,117.00,1.5
R25-000766,2025-03-07,FT-2025-00396,A,5,193.71,968.55,117.00,1.5
R25-000767,2025-03-07,FT-2025-00396,A,11,195.43,2149.73,117.00,1.5
R25-000768,2025-03-07,FT-2025-00418,A,2,193.11,386.22,117.00,1.5
R25-000769,2025-03-07,FT-2025-00421,A,1,190.49,190.49,117.00,1.5
R25-000770,2025-03-07,FT-2025-00424,B,2,119.10,238.20,76.00,0.5
R25-000771,2025-03-07,FT-2025-00443,A,2,195.54,391.08,117.00,1.5
R25-000772,2025-03-07,FT-2025-00458,B,15,116.07,1741.05,76.00,0.5
R25-000773,2025-03-07,FT-2025-00526,A,4,186.85,747.40,117.00,1.5
R25-000774,2025-03-07,FT-2025-00539,A,1,194.51,194.51,117.00,1.5
R25-000775,2025-03-07,FT-2025-00539,A,1,195.95,195.95,117.00,1.5
R25-000776,2025-03-07,FT-2025-00568,C,6,288.76,1732.56,238.00,3.0
R25-000777,2025-03-07,FT-2025-00593,C,5,291.56,1457.80,238.00,3.0
R25-000778,2025-03-07,FT-2025-00593,B,9,116.12,1045.08,76.00,0.5
R25-000779,2025-03-07,FT-2025-00593,A,8,162.56,1300.48,117.00,1.5
R25-000780,2025-03-07,FT-2025-00609,B,1,115.94,115.94,76.00,0.5
R25-000781,2025-03-07,FT-2025-00614,B,19,108.63,2063.97,76.00,0.5
R25-000782,2025-03-07,FT-2025-00618,B,14,108.74,1522.36,76.00,0.5
R25-000783,2025-03-07,FT-2025-00623,A,2,193.93,387.86,117.00,1.5
R25-000784,2025-03-10,FT-2025-00402,A,2,190.47,380.94,117.00,1.5
R25-000785,2025-03-10,FT-2025-00405,A,4,161.93,647.72,117.00,1.5
R25-000786,2025-03-10,FT-2025-00405,C,2,291.28,582.56,238.00,3.0
R25-000787,2025-03-10,FT-2025-00416,A,1,194.37,194.37,117.00,1.5
R25-000788,2025-03-10,FT-2025-00416,B,1,120.00,120.00,76.00,0.5
R25-000789,2025-03-10,FT-2025-00427,A,1,199.20,199.20,117.00,1.5
R25-000790,2025-03-10,FT-2025-00481,A,1,195.92,195.92,117.00,1.5
R25-000791,2025-03-10,FT-2025-00486,B,9,110.35,993.15,76.00,0.5
R25-000792,2025-03-10,FT-2025-00486,B,8,111.95,895.60,76.00,0.5
R25-000793,2025-03-10,FT-2025-00533,A,2,185.67,371.34,117.00,1.5
R25-000794,2025-03-10,FT-2025-00533,A,2,184.94,369.88,117.00,1.5
R25-000795,2025-03-10,FT-2025-00540,B,8,117.78,942.24,76.00,0.5
R25-000796,2025-03-10,FT-2025-00540,B,15,116.23,1743.45,76.00,0.5
R25-000797,2025-03-10,FT-2025-00540,C,11,290.25,3192.75,238.00,3.0
R25-000798,2025-03-10,FT-2025-00575,A,6,160.93,965.58,117.00,1.5
R25-000799,2025-03-10,FT-2025-00580,B,6,117.09,702.54,76.00,0.5
R25-000800,2025-03-10,FT-2025-00580,B,11,116.07,1276.77,76.00,0.5
R25-000801,2025-03-10,FT-2025-00585,A,1,198.13,198.13,117.00,1.5
R25-000802,2025-03-10,FT-2025-00585,B,1,120.00,120.00,76.00,0.5
R25-000803,2025-03-10,RS-2025-00535,A,-2,196.73,-393.46,117.00,1.5
R25-000804,2025-03-11,FT-2025-00407,A,6,195.38,1172.28,117.00,1.5
R25-000805,2025-03-11,FT-2025-00407,B,2,118.65,237.30,76.00,0.5
R25-000806,2025-03-11,FT-2025-00407,A,3,195.25,585.75,117.00,1.5
R25-000807,2025-03-11,FT-2025-00428,A,1,200.00,200.00,117.00,1.5
R25-000808,2025-03-11,FT-2025-00428,B,3,117.82,353.46,76.00,0.5
R25-000809,2025-03-11,FT-2025-00435,A,2,198.07,396.14,117.00,1.5
R25-000810,2025-03-11,FT-2025-00497,C,4,293.11,1172.44,238.00,3.0
R25-000811,2025-03-11,FT-2025-00506,A,1,192.07,192.07,117.00,1.5
R25-000812,2025-03-11,FT-2025-00506,A,2,193.75,387.50,117.00,1.5
R25-000813,2025-03-11,FT-2025-00506,B,2,120.00,240.00,76.00,0.5
R25-000814,2025-03-11,FT-2025-00508,A,1,196.49,196.49,117.00,1.5
R25-000815,2025-03-11,FT-2025-00553,C,3,296.60,889.80,238.00,3.0
R25-000816,2025-03-11,FT-2025-00584,B,2,107.37,214.74,76.00,0.5
R25-000817,2025-03-11,FT-2025-00594,B,11,109.06,1199.66,76.00,0.5
R25-000818,2025-03-11,FT-2025-00594,A,5,162.62,813.10,117.00,1.5
R25-000819,2025-03-12,FT-2025-00410,A,2,192.62,385.24,117.00,1.5
R25-000820,2025-03-12,FT-2025-00452,A,2,197.52,395.04,117.00,1.5
R25-000821,2025-03-12,FT-2025-00462,B,16,109.57,1753.12,76.00,0.5
R25-000822,2025-03-12,FT-2025-00462,C,4,293.94,1175.76,238.00,3.0
R25-000823,2025-03-12,FT-2025-00475,A,12,194.83,2337.96,117.00,1.5
R25-000824,2025-03-12,FT-2025-00475,B,8,118.60,948.80,76.00,0.5
R25-000825,2025-03-12,FT-2025-00484,B,8,108.10,864.80,76.00,0.5
R25-000826,2025-03-12,FT-2025-00490,C,7,274.92,1924.44,238.00,3.0
R25-000827,2025-03-12,FT-2025-00490,A,5,151.55,757.75,117.00,1.5
R25-000828,2025-03-12,FT-2025-00490,B,8,117.44,939.52,76.00,0.5
R25-000829,2025-03-12,FT-2025-00493,A,1,200.00,200.00,117.00,1.5
R25-000830,2025-03-12,FT-2025-00494,A,2,200.00,400.00,117.00,1.5
R25-000831,2025-03-12,FT-2025-00494,B,2,118.63,237.26,76.00,0.5
R25-000832,2025-03-12,FT-2025-00520,B,18,112.65,2027.70,76.00,0.5
R25-000833,2025-03-12,FT-2025-00562,B,1,120.00,120.00,76.00,0.5
R25-000834,2025-03-12,FT-2025-00579,A,1,197.46,197.46,117.00,1.5
R25-000835,2025-03-12,FT-2025-00587,B,1,120.00,120.00,76.00,0.5
R25-000836,2025-03-12,FT-2025-00587,A,1,197.18,197.18,117.00,1.5
R25-000837,2025-03-12,FT-2025-00621,A,6,140.73,844.38,117.00,1.5
R25-000838,2025-03-12,FT-2025-00621,C,2,291.21,582.42,238.00,3.0
R25-000839,2025-03-13,FT-2025-00412,A,1,189.99,189.99,117.00,1.5
R25-000840,2025-03-13,FT-2025-00437,A,1,199.98,199.98,117.00,1.5
R25-000841,2025-03-13,FT-2025-00440,A,2,191.94,383.88,117.00,1.5
R25-000842,2025-03-13,FT-2025-00440,B,1,120.00,120.00,76.00,0.5
R25-000843,2025-03-13,FT-2025-00467,A,7,187.30,1311.10,117.00,1.5
R25-000844,2025-03-13,FT-2025-00473,A,1,196.42,196.42,117.00,1.5
R25-000845,2025-03-13,FT-2025-00473,A,1,195.63,195.63,117.00,1.5
R25-000846,2025-03-13,FT-2025-00473,A,1,198.78,198.78,117.00,1.5
R25-000847,2025-03-13,FT-2025-00479,B,6,117.19,703.14,76.00,0.5
R25-000848,2025-03-13,FT-2025-00489,A,1,194.01,194.01,117.00,1.5
R25-000849,2025-03-13,FT-2025-00489,B,1,120.00,120.00,76.00,0.5
R25-000850,2025-03-13,FT-2025-00489,A,1,191.19,191.19,117.00,1.5
R25-000851,2025-03-13,FT-2025-00517,A,1,199.21,199.21,117.00,1.5
R25-000852,2025-03-13,FT-2025-00543,A,1,200.00,200.00,117.00,1.5
R25-000853,2025-03-13,FT-2025-00544,B,9,117.77,1059.93,76.00,0.5
R25-000854,2025-03-13,FT-2025-00563,C,2,284.22,568.44,238.00,3.0
R25-000855,2025-03-13,FT-2025-00569,A,3,200.00,600.00,117.00,1.5
R25-000856,2025-03-13,FT-2025-00571,A,1,200.00,200.00,117.00,1.5
R25-000857,2025-03-13,FT-2025-00574,B,11,115.82,1274.02,76.00,0.5
R25-000858,2025-03-13,FT-2025-00574,A,6,161.62,969.72,117.00,1.5
R25-000859,2025-03-13,FT-2025-00576,A,3,192.55,577.65,117.00,1.5
R25-000860,2025-03-13,FT-2025-00576,A,4,189.46,757.84,117.00,1.5
R25-000861,2025-03-13,FT-2025-00599,B,12,115.80,1389.60,76.00,0.5
R25-000862,2025-03-13,FT-2025-00599,A,4,161.84,647.36,117.00,1.5
R25-000863,2025-03-13,FT-2025-00605,A,2,184.93,369.86,117.00,1.5
R25-000864,2025-03-13,FT-2025-00605,A,1,182.51,182.51,117.00,1.5
R25-000865,2025-03-13,FT-2025-00608,A,3,195.77,587.31,117.00,1.5
R25-000866,2025-03-14,FT-2025-00429,B,2,119.85,239.70,76.00,0.5
R25-000867,2025-03-14,FT-2025-00429,A,2,200.00,400.00,117.00,1.5
R25-000868,2025-03-14,FT-2025-00453,A,9,161.64,1454.76,117.00,1.5
R25-000869,2025-03-14,FT-2025-00453,B,7,115.73,810.11,76.00,0.5
R25-000870,2025-03-14,FT-2025-00480,B,1,120.00,120.00,76.00,0.5
R25-000871,2025-03-14,FT-2025-00480,A,3,198.06,594.18,117.00,1.5
R25-000872,2025-03-14,FT-2025-00483,B,16,116.48,1863.68,76.00,0.5
R25-000873,2025-03-14,FT-2025-00492,B,4,109.03,436.12,76.00,0.5
R25-000874,2025-03-14,FT-2025-00499,C,4,285.06,1140.24,238.00,3.0
R25-000875,2025-03-14,FT-2025-00501,B,2,117.71,235.42,76.00,0.5
R25-000876,2025-03-14,FT-2025-00507,A,2,196.13,392.26,117.00,1.5
R25-000877,2025-03-14,FT-2025-00547,A,6,151.28,907.68,117.00,1.5
R25-000878,2025-03-14,FT-2025-00547,B,20,116.26,2325.20,76.00,0.5
R25-000879,2025-03-14,FT-2025-00552,A,3,192.23,576.69,117.00,1.5
R25-000880,2025-03-14,FT-2025-00552,A,2,193.36,386.72,117.00,1.5
R25-000881,2025-03-14,FT-2025-00615,A,4,149.19,596.76,117.00,1.5
R25-000882,2025-03-14,FT-2025-00615,C,5,292.75,1463.75,238.00,3.0
R25-000883,2025-03-14,FT-2025-00619,B,1,107.98,107.98,76.00,0.5
R25-000884,2025-03-14,FT-2025-00622,B,2,116.00,232.00,76.00,0.5
R25-000885,2025-03-17,FT-2025-00397,A,2,195.38,390.76,117.00,1.5
R25-000886,2025-03-17,FT-2025-00397,A,1,195.46,195.46,117.00,1.5
R25-000887,2025-03-17,FT-2025-00414,A,2,195.10,390.20,117.00,1.5
R25-000888,2025-03-17,FT-2025-00417,B,6,109.26,655.56,76.00,0.5
R25-000889,2025-03-17,FT-2025-00419,A,4,190.56,762.24,117.00,1.5
R25-000890,2025-03-17,FT-2025-00419,A,1,194.45,194.45,117.00,1.5
R25-000891,2025-03-17,FT-2025-00419,A,2,194.90,389.80,117.00,1.5
R25-000892,2025-03-17,FT-2025-00436,B,14,114.03,1596.42,76.00,0.5
R25-000893,2025-03-17,FT-2025-00436,A,4,162.34,649.36,117.00,1.5
R25-000894,2025-03-17,FT-2025-00448,B,8,117.22,937.76,76.00,0.5
R25-000895,2025-03-17,FT-2025-00448,A,4,163.13,652.52,117.00,1.5
R25-000896,2025-03-17,FT-2025-00464,B,2,108.00,216.00,76.00,0.5
R25-000897,2025-03-17,FT-2025-00464,B,3,118.82,356.46,76.00,0.5
R25-000898,2025-03-17,FT-2025-00509,B,5,118.29,591.45,76.00,0.5
R25-000899,2025-03-17,FT-2025-00509,B,9,117.76,1059.84,76.00,0.5
R25-000900,2025-03-17,FT-2025-00509,A,7,160.59,1124.13,117.00,1.5
R25-000901,2025-03-17,FT-2025-00528,B,6,109.51,657.06,76.00,0.5
R25-000902,2025-03-17,FT-2025-00541,B,9,108.43,975.87,76.00,0.5
R25-000903,2025-03-17,FT-2025-00541,C,3,296.88,890.64,238.00,3.0
R25-000904,2025-03-17,FT-2025-00550,B,17,110.00,1870.00,76.00,0.5
R25-000905,2025-03-17,FT-2025-00550,B,12,109.22,1310.64,76.00,0.5
R25-000906,2025-03-17,FT-2025-00604,B,11,117.96,1297.56,76.00,0.5
R25-000907,2025-03-17,FT-2025-00607,B,2,119.02,238.04,76.00,0.5
R25-000908,2025-03-17,FT-2025-00607,A,1,200.00,200.00,117.00,1.5
R25-000909,2025-03-17,FT-2025-00607,A,2,200.00,400.00,117.00,1.5
R25-000910,2025-03-17,FT-2025-00625,A,1,195.38,195.38,117.00,1.5
R25-000911,2025-03-18,FT-2025-00415,A,2,189.91,379.82,117.00,1.5
R25-000912,2025-03-18,FT-2025-00449,B,12,107.65,1291.80,76.00,0.5
R25-000913,2025-03-18,FT-2025-00449,B,8,109.98,879.84,76.00,0.5
R25-000914,2025-03-18,FT-2025-00471,B,11,117.83,1296.13,76.00,0.5
R25-000915,2025-03-18,FT-2025-00471,A,1,161.52,161.52,117.00,1.5
R25-000916,2025-03-18,FT-2025-00471,B,3,117.57,352.71,76.00,0.5
R25-000917,2025-03-18,FT-2025-00518,C,3,270.13,810.39,238.00,3.0
R25-000918,2025-03-18,FT-2025-00518,A,8,159.26,1274.08,117.00,1.5
R25-000919,2025-03-18,FT-2025-00601,A,11,160.25,1762.75,117.00,1.5
R25-000920,2025-03-18,FT-2025-00611,A,2,192.68,385.36,117.00,1.5
R25-000921,2025-03-18,FT-2025-00628,A,15,162.70,2440.50,117.00,1.5
R25-000922,2025-03-19,FT-2025-00422,A,3,196.56,589.68,117.00,1.5
R25-000923,2025-03-19,FT-2025-00422,A,1,200.00,200.00,117.00,1.5
R25-000924,2025-03-19,FT-2025-00431,B,9,108.32,974.88,76.00,0.5
R25-000925,2025-03-19,FT-2025-00431,A,7,190.32,1332.24,117.00,1.5
R25-000926,2025-03-19,FT-2025-00461,A,1,197.78,197.78,117.00,1.5
R25-000927,2025-03-19,FT-2025-00470,A,3,200.00,600.00,117.00,1.5
R25-000928,2025-03-19,FT-2025-00470,B,1,120.00,120.00,76.00,0.5
R25-000929,2025-03-19,FT-2025-00488,A,4,196.29,785.16,117.00,1.5
R25-000930,2025-03-19,FT-2025-00516,A,4,196.22,784.88,117.00,1.5
R25-000931,2025-03-19,FT-2025-00542,C,3,289.63,868.89,238.00,3.0
R25-000932,2025-03-19,FT-2025-00542,B,19,116.51,2213.69,76.00,0.5
R25-000933,2025-03-19,FT-2025-00542,A,8,147.43,1179.44,117.00,1.5
R25-000934,2025-03-19,FT-2025-00546,B,21,110.49,2320.29,76.00,0.5
R25-000935,2025-03-19,FT-2025-00546,C,4,289.46,1157.84,238.00,3.0
R25-000936,2025-03-19,FT-2025-00557,A,4,160.38,641.52,117.00,1.5
R25-000937,2025-03-19,FT-2025-00557,B,14,112.57,1575.98,76.00,0.5
R25-000938,2025-03-19,FT-2025-00560,B,7,117.91,825.37,76.00,0.5
R25-000939,2025-03-19,FT-2025-00561,B,13,116.73,1517.49,76.00,0.5
R25-000940,2025-03-19,FT-2025-00561,C,5,295.44,1477.20,238.00,3.0
R25-000941,2025-03-19,FT-2025-00561,A,7,162.96,1140.72,117.00,1.5
R25-000942,2025-03-19,FT-2025-00573,A,7,163.28,1142.96,117.00,1.5
R25-000943,2025-03-19,FT-2025-00591,A,1,196.61,196.61,117.00,1.5
R25-000944,2025-03-19,FT-2025-00600,A,1,193.33,193.33,117.00,1.5
R25-000945,2025-03-19,FT-2025-00600,A,4,192.27,769.08,117.00,1.5
R25-000946,2025-03-19,FT-2025-00624,A,2,197.57,395.14,117.00,1.5
R25-000947,2025-03-19,FT-2025-00624,A,2,197.98,395.96,117.00,1.5
R25-000948,2025-03-20,FT-2025-00403,B,18,109.20,1965.60,76.00,0.5
R25-000949,2025-03-20,FT-2025-00403,C,4,292.18,1168.72,238.00,3.0
R25-000950,2025-03-20,FT-2025-00408,A,3,191.96,575.88,117.00,1.5
R25-000951,2025-03-20,FT-2025-00408,A,4,192.10,768.40,117.00,1.5
R25-000952,2025-03-20,FT-2025-00420,A,1,199.42,199.42,117.00,1.5
R25-000953,2025-03-20,FT-2025-00420,A,2,199.60,399.20,117.00,1.5
R25-000954,2025-03-20,FT-2025-00432,B,5,118.55,592.75,76.00,0.5
R25-000955,2025-03-20,FT-2025-00432,B,1,118.48,118.48,76.00,0.5
R25-000956,2025-03-20,FT-2025-00432,A,2,200.00,400.00,117.00,1.5
R25-000957,2025-03-20,FT-2025-00477,A,4,183.11,732.44,117.00,1.5
R25-000958,2025-03-20,FT-2025-00502,B,2,119.65,239.30,76.00,0.5
R25-000959,2025-03-20,FT-2025-00502,A,3,200.00,600.00,117.00,1.5
R25-000960,2025-03-20,FT-2025-00513,A,2,198.00,396.00,117.00,1.5
R25-000961,2025-03-20,FT-2025-00513,B,1,120.00,120.00,76.00,0.5
R25-000962,2025-03-20,FT-2025-00527,A,3,200.00,600.00,117.00,1.5
R25-000963,2025-03-20,FT-2025-00527,A,1,200.00,200.00,117.00,1.5
R25-000964,2025-03-20,FT-2025-00527,B,4,114.43,457.72,76.00,0.5
R25-000965,2025-03-20,FT-2025-00549,A,1,199.45,199.45,117.00,1.5
R25-000966,2025-03-20,FT-2025-00549,A,1,195.50,195.50,117.00,1.5
R25-000967,2025-03-20,FT-2025-00559,B,8,118.09,944.72,76.00,0.5
R25-000968,2025-03-20,FT-2025-00559,B,13,118.36,1538.68,76.00,0.5
R25-000969,2025-03-20,FT-2025-00566,B,1,120.00,120.00,76.00,0.5
R25-000970,2025-03-20,FT-2025-00566,A,2,197.00,394.00,117.00,1.5
R25-000971,2025-03-20,FT-2025-00598,B,2,118.23,236.46,76.00,0.5
R25-000972,2025-03-20,FT-2025-00606,A,1,200.00,200.00,117.00,1.5
R25-000973,2025-03-21,FT-2025-00404,B,11,116.89,1285.79,76.00,0.5
R25-000974,2025-03-21,FT-2025-00413,B,6,115.69,694.14,76.00,0.5
R25-000975,2025-03-21,FT-2025-00413,C,7,288.98,2022.86,238.00,3.0
R25-000976,2025-03-21,FT-2025-00441,B,6,118.04,708.24,76.00,0.5
R25-000977,2025-03-21,FT-2025-00465,A,7,196.18,1373.26,117.00,1.5
R25-000978,2025-03-21,FT-2025-00465,B,4,116.85,467.40,76.00,0.5
R25-000979,2025-03-21,FT-2025-00476,A,11,151.33,1664.63,117.00,1.5
R25-000980,2025-03-21,FT-2025-00476,B,19,118.23,2246.37,76.00,0.5
R25-000981,2025-03-21,FT-2025-00515,B,19,109.74,2085.06,76.00,0.5
R25-000982,2025-03-21,FT-2025-00519,A,2,199.95,399.90,117.00,1.5
R25-000983,2025-03-21,FT-2025-00519,A,1,198.56,198.56,117.00,1.5
R25-000984,2025-03-21,FT-2025-00538,B,7,108.32,758.24,76.00,0.5
R25-000985,2025-03-21,FT-2025-00570,B,2,116.38,232.76,76.00,0.5
R25-000986,2025-03-21,FT-2025-00570,C,3,296.05,888.15,238.00,3.0
R25-000987,2025-03-21,FT-2025-00570,A,12,163.16,1957.92,117.00,1.5
R25-000988,2025-03-21,FT-2025-00583,A,2,190.67,381.34,117.00,1.5
R25-000989,2025-03-21,FT-2025-00583,A,2,190.51,381.02,117.00,1.5
R25-000990,2025-03-21,FT-2025-00586,B,1,120.00,120.00,76.00,0.5
R25-000991,2025-03-21,FT-2025-00586,A,1,196.05,196.05,117.00,1.5
R25-000992,2025-03-21,FT-2025-00586,A,1,199.83,199.83,117.00,1.5
R25-000993,2025-03-21,FT-2025-00612,B,1,117.07,117.07,76.00,0.5
R25-000994,2025-03-21,FT-2025-00612,C,5,294.98,1474.90,238.00,3.0
R25-000995,2025-03-21,FT-2025-00612,A,9,160.81,1447.29,117.00,1.5
R25-000996,2025-03-24,FT-2025-00433,A,1,200.00,200.00,117.00,1.5
R25-000997,2025-03-24,FT-2025-00434,B,6,116.92,701.52,76.00,0.5
R25-000998,2025-03-24,FT-2025-00444,B,17,116.83,1986.11,76.00,0.5
R25-000999,2025-03-24,FT-2025-00468,A,4,163.29,653.16,117.00,1.5
R25-001000,2025-03-24,FT-2025-00468,B,14,115.96,1623.44,76.00,0.5
R25-001001,2025-03-24,FT-2025-00472,A,3,193.71,581.13,117.00,1.5
R25-001002,2025-03-24,FT-2025-00472,A,1,189.46,189.46,117.00,1.5
R25-001003,2025-03-24,FT-2025-00472,A,1,193.27,193.27,117.00,1.5
R25-001004,2025-03-24,FT-2025-00474,A,1,199.99,199.99,117.00,1.5
R25-001005,2025-03-24,FT-2025-00505,A,6,184.25,1105.50,117.00,1.5
R25-001006,2025-03-24,FT-2025-00523,A,4,161.91,647.64,117.00,1.5
R25-001007,2025-03-24,FT-2025-00531,A,2,198.61,397.22,117.00,1.5
R25-001008,2025-03-24,FT-2025-00531,A,1,198.45,198.45,117.00,1.5
R25-001009,2025-03-24,FT-2025-00531,A,1,197.36,197.36,117.00,1.5
R25-001010,2025-03-24,FT-2025-00534,A,6,162.25,973.50,117.00,1.5
R25-001011,2025-03-24,FT-2025-00534,B,26,108.59,2823.34,76.00,0.5
R25-001012,2025-03-24,FT-2025-00590,A,7,188.14,1316.98,117.00,1.5
R25-001013,2025-03-24,FT-2025-00590,A,9,186.77,1680.93,117.00,1.5
R25-001014,2025-03-24,FT-2025-00595,C,5,292.07,1460.35,238.00,3.0
R25-001015,2025-03-24,FT-2025-00595,B,16,115.90,1854.40,76.00,0.5
R25-001016,2025-03-24,FT-2025-00595,A,9,163.02,1467.18,117.00,1.5
R25-001017,2025-03-25,FT-2025-00399,A,2,160.06,320.12,117.00,1.5
R25-001018,2025-03-25,FT-2025-00425,B,3,116.50,349.50,76.00,0.5
R25-001019,2025-03-25,FT-2025-00426,A,3,198.14,594.42,117.00,1.5
R25-001020,2025-03-25,FT-2025-00491,B,1,110.05,110.05,76.00,0.5
R25-001021,2025-03-25,FT-2025-00491,A,3,198.43,595.29,117.00,1.5
R25-001022,2025-03-25,FT-2025-00532,B,10,118.67,1186.70,76.00,0.5
R25-001023,2025-03-25,FT-2025-00532,A,2,194.65,389.30,117.00,1.5
R25-001024,2025-03-25,FT-2025-00572,C,3,291.89,875.67,238.00,3.0
R25-001025,2025-03-25,FT-2025-00603,B,6,116.95,701.70,76.00,0.5
R25-001026,2025-03-25,FT-2025-00603,C,8,287.76,2302.08,238.00,3.0
R25-001027,2025-03-26,FT-2025-00400,B,1,120.00,120.00,76.00,0.5
R25-001028,2025-03-26,FT-2025-00400,A,2,194.57,389.14,117.00,1.5
R25-001029,2025-03-26,FT-2025-00455,A,2,198.13,396.26,117.00,1.5
R25-001030,2025-03-26,FT-2025-00460,A,2,192.19,384.38,117.00,1.5
R25-001031,2025-03-26,FT-2025-00496,A,1,194.66,194.66,117.00,1.5
R25-001032,2025-03-26,FT-2025-00500,A,8,154.36,1234.88,117.00,1.5
R25-001033,2025-03-26,FT-2025-00504,A,1,192.65,192.65,117.00,1.5
R25-001034,2025-03-26,FT-2025-00504,A,1,195.89,195.89,117.00,1.5
R25-001035,2025-03-26,FT-2025-00504,B,1,120.00,120.00,76.00,0.5
R25-001036,2025-03-26,FT-2025-00529,A,2,192.42,384.84,117.00,1.5
R25-001037,2025-03-26,FT-2025-00529,A,1,190.28,190.28,117.00,1.5
R25-001038,2025-03-26,FT-2025-00529,A,3,193.34,580.02,117.00,1.5
R25-001039,2025-03-26,FT-2025-00564,A,1,200.00,200.00,117.00,1.5
R25-001040,2025-03-26,FT-2025-00564,B,3,115.45,346.35,76.00,0.5
R25-001041,2025-03-26,FT-2025-00617,B,5,107.50,537.50,76.00,0.5
R25-001042,2025-03-26,FT-2025-00617,A,9,161.73,1455.57,117.00,1.5
R25-001043,2025-03-27,FT-2025-00401,A,1,192.59,192.59,117.00,1.5
R25-001044,2025-03-27,FT-2025-00401,A,1,192.94,192.94,117.00,1.5
R25-001045,2025-03-27,FT-2025-00401,A,2,194.42,388.84,117.00,1.5
R25-001046,2025-03-27,FT-2025-00438,C,2,284.70,569.40,238.00,3.0
R25-001047,2025-03-27,FT-2025-00438,A,7,188.05,1316.35,117.00,1.5
R25-001048,2025-03-27,FT-2025-00438,A,6,187.49,1124.94,117.00,1.5
R25-001049,2025-03-27,FT-2025-00439,B,1,120.00,120.00,76.00,0.5
R25-001050,2025-03-27,FT-2025-00439,A,4,197.54,790.16,117.00,1.5
R25-001051,2025-03-27,FT-2025-00439,A,1,196.42,196.42,117.00,1.5
R25-001052,2025-03-27,FT-2025-00511,C,9,292.21,2629.89,238.00,3.0
R25-001053,2025-03-27,FT-2025-00512,B,8,109.27,874.16,76.00,0.5
R25-001054,2025-03-27,FT-2025-00512,A,10,163.53,1635.30,117.00,1.5
R25-001055,2025-03-27,FT-2025-00512,B,24,109.38,2625.12,76.00,0.5
R25-001056,2025-03-27,FT-2025-00521,A,5,161.26,806.30,117.00,1.5
R25-001057,2025-03-27,FT-2025-00555,B,10,117.38,1173.80,76.00,0.5
R25-001058,2025-03-27,FT-2025-00555,A,1,163.44,163.44,117.00,1.5
R25-001059,2025-03-27,FT-2025-00582,A,9,161.97,1457.73,117.00,1.5
R25-001060,2025-03-27,FT-2025-00582,C,8,294.40,2355.20,238.00,3.0
R25-001061,2025-03-27,FT-2025-00589,A,1,192.34,192.34,117.00,1.5
R25-001062,2025-03-27,FT-2025-00592,A,1,196.56,196.56,117.00,1.5
R25-001063,2025-03-27,FT-2025-00610,A,2,194.24,388.48,117.00,1.5
R25-001064,2025-03-27,FT-2025-00627,B,9,118.12,1063.08,76.00,0.5
R25-001065,2025-03-28,FT-2025-00409,B,12,108.78,1305.36,76.00,0.5
R25-001066,2025-03-28,FT-2025-00409,A,8,157.69,1261.52,117.00,1.5
R25-001067,2025-03-28,FT-2025-00409,B,20,109.79,2195.80,76.00,0.5
R25-001068,2025-03-28,FT-2025-00442,A,2,189.38,378.76,117.00,1.5
R25-001069,2025-03-28,FT-2025-00442,A,3,190.27,570.81,117.00,1.5
R25-001070,2025-03-28,FT-2025-00442,A,2,193.62,387.24,117.00,1.5
R25-001071,2025-03-28,FT-2025-00447,A,2,196.67,393.34,117.00,1.5
R25-001072,2025-03-28,FT-2025-00447,A,1,196.14,196.14,117.00,1.5
R25-001073,2025-03-28,FT-2025-00450,B,4,107.69,430.76,76.00,0.5
R25-001074,2025-03-28,FT-2025-00498,B,4,117.65,470.60,76.00,0.5
R25-001075,2025-03-28,FT-2025-00498,A,6,151.46,908.76,117.00,1.5
R25-001076,2025-03-28,FT-2025-00514,A,1,163.14,163.14,117.00,1.5
R25-001077,2025-03-28,FT-2025-00514,B,15,115.64,1734.60,76.00,0.5
R25-001078,2025-03-28,FT-2025-00522,C,7,291.76,2042.32,238.00,3.0
R25-001079,2025-03-28,FT-2025-00522,A,6,194.25,1165.50,117.00,1.5
R25-001080,2025-03-28,FT-2025-00525,C,2,282.82,565.64,238.00,3.0
R25-001081,2025-03-28,FT-2025-00554,A,2,200.00,400.00,117.00,1.5
R25-001082,2025-03-28,FT-2025-00565,A,6,160.80,964.80,117.00,1.5
R25-001083,2025-03-28,FT-2025-00581,A,1,196.89,196.89,117.00,1.5
R25-001084,2025-03-28,FT-2025-00620,A,1,193.73,193.73,117.00,1.5
R25-001085,2025-03-28,FT-2025-00626,A,3,193.15,579.45,117.00,1.5
R25-001086,2025-03-31,FT-2025-00411,A,2,200.00,400.00,117.00,1.5
R25-001087,2025-03-31,FT-2025-00456,A,2,193.08,386.16,117.00,1.5
R25-001088,2025-03-31,FT-2025-00456,A,2,190.58,381.16,117.00,1.5
R25-001089,2025-03-31,FT-2025-00463,B,19,114.96,2184.24,76.00,0.5
R25-001090,2025-03-31,FT-2025-00536,B,12,118.11,1417.32,76.00,0.5
R25-001091,2025-03-31,FT-2025-00558,A,1,200.00,200.00,117.00,1.5
R25-001092,2025-03-31,FT-2025-00577,C,5,291.07,1455.35,238.00,3.0
R25-001093,2025-03-31,FT-2025-00577,B,6,117.64,705.84,76.00,0.5
R25-001094,2025-03-31,FT-2025-00578,A,2,193.80,387.60,117.00,1.5
R25-001095,2025-03-31,FT-2025-00597,B,1,119.00,119.00,76.00,0.5
R25-001096,2025-03-31,FT-2025-00597,A,2,194.76,389.52,117.00,1.5
R25-001097,2025-03-31,FT-2025-00602,A,1,185.18,185.18,117.00,1.5
R25-001098,2025-03-31,FT-2025-00602,A,3,182.98,548.94,117.00,1.5
R25-001099,2025-03-31,FT-2025-00602,A,3,183.27,549.81,117.00,1.5
R25-001100,2025-04-01,FT-2025-00699,A,1,200.00,200.00,117.00,1.5
R25-001101,2025-04-01,FT-2025-00705,A,1,196.14,196.14,117.00,1.5
R25-001102,2025-04-01,FT-2025-00705,A,2,198.43,396.86,117.00,1.5
R25-001103,2025-04-01,FT-2025-00732,A,3,193.00,579.00,117.00,1.5
R25-001104,2025-04-01,FT-2025-00779,A,9,190.38,1713.42,117.00,1.5
R25-001105,2025-04-01,FT-2025-00779,B,7,108.15,757.05,76.00,0.5
R25-001106,2025-04-01,FT-2025-00779,B,8,106.73,853.84,76.00,0.5
R25-001107,2025-04-01,FT-2025-00825,A,2,200.00,400.00,117.00,1.5
R25-001108,2025-04-01,FT-2025-00825,A,1,200.00,200.00,117.00,1.5
R25-001109,2025-04-02,FT-2025-00654,A,1,189.62,189.62,117.00,1.5
R25-001110,2025-04-02,FT-2025-00654,B,1,120.00,120.00,76.00,0.5
R25-001111,2025-04-02,FT-2025-00674,A,1,192.39,192.39,117.00,1.5
R25-001112,2025-04-02,FT-2025-00674,A,3,192.79,578.37,117.00,1.5
R25-001113,2025-04-02,FT-2025-00674,A,1,193.09,193.09,117.00,1.5
R25-001114,2025-04-02,FT-2025-00697,B,9,109.56,986.04,76.00,0.5
R25-001115,2025-04-02,FT-2025-00697,A,9,161.18,1450.62,117.00,1.5
R25-001116,2025-04-02,FT-2025-00697,C,5,296.21,1481.05,238.00,3.0
R25-001117,2025-04-02,FT-2025-00716,B,2,118.35,236.70,76.00,0.5
R25-001118,2025-04-02,FT-2025-00748,A,3,198.90,596.70,117.00,1.5
R25-001119,2025-04-02,FT-2025-00748,B,1,109.33,109.33,76.00,0.5
R25-001120,2025-04-02,FT-2025-00797,A,1,193.22,193.22,117.00,1.5
R25-001121,2025-04-02,FT-2025-00797,A,1,191.29,191.29,117.00,1.5
R25-001122,2025-04-02,FT-2025-00797,B,2,120.00,240.00,76.00,0.5
R25-001123,2025-04-02,FT-2025-00798,B,12,110.93,1331.16,76.00,0.5
R25-001124,2025-04-02,FT-2025-00798,A,5,160.62,803.10,117.00,1.5
R25-001125,2025-04-02,FT-2025-00807,A,6,196.03,1176.18,117.00,1.5
R25-001126,2025-04-02,FT-2025-00807,A,2,197.88,395.76,117.00,1.5
R25-001127,2025-04-02,FT-2025-00807,A,2,195.31,390.62,117.00,1.5
R25-001128,2025-04-02,FT-2025-00812,C,2,288.98,577.96,238.00,3.0
R25-001129,2025-04-02,FT-2025-00812,B,16,115.02,1840.32,76.00,0.5
R25-001130,2025-04-03,FT-2025-00638,C,1,285.30,285.30,238.00,3.0
R25-001131,2025-04-03,FT-2025-00651,B,2,119.50,239.00,76.00,0.5
R25-001132,2025-04-03,FT-2025-00670,B,3,117.92,353.76,76.00,0.5
R25-001133,2025-04-03,FT-2025-00672,A,10,189.22,1892.20,117.00,1.5
R25-001134,2025-04-03,FT-2025-00672,A,7,186.80,1307.60,117.00,1.5
R25-001135,2025-04-03,FT-2025-00695,B,11,116.34,1279.74,76.00,0.5
R25-001136,2025-04-03,FT-2025-00707,A,3,198.82,596.46,117.00,1.5
R25-001137,2025-04-03,FT-2025-00707,A,1,199.40,199.40,117.00,1.5
R25-001138,2025-04-03,FT-2025-00707,A,1,200.00,200.00,117.00,1.5
R25-001139,2025-04-03,FT-2025-00708,A,6,192.12,1152.72,117.00,1.5
R25-001140,2025-04-03,FT-2025-00708,A,9,195.46,1759.14,117.00,1.5
R25-001141,2025-04-03,FT-2025-00719,A,4,189.89,759.56,117.00,1.5
R25-001142,2025-04-03,FT-2025-00741,C,7,288.08,2016.56,238.00,3.0
R25-001143,2025-04-03,FT-2025-00741,A,7,163.14,1141.98,117.00,1.5
R25-001144,2025-04-03,FT-2025-00741,B,6,117.68,706.08,76.00,0.5
R25-001145,2025-04-03,FT-2025-00745,A,9,160.63,1445.67,117.00,1.5
R25-001146,2025-04-03,FT-2025-00745,B,4,116.96,467.84,76.00,0.5
R25-001147,2025-04-03,FT-2025-00757,A,4,195.00,780.00,117.00,1.5
R25-001148,2025-04-03,FT-2025-00762,B,6,118.21,709.26,76.00,0.5
R25-001149,2025-04-03,FT-2025-00762,B,5,116.92,584.60,76.00,0.5
R25-001150,2025-04-03,FT-2025-00762,B,9,116.00,1044.00,76.00,0.5
R25-001151,2025-04-03,FT-2025-00817,A,1,200.00,200.00,117.00,1.5
R25-001152,2025-04-03,FT-2025-00824,A,10,151.49,1514.90,117.00,1.5
R25-001153,2025-04-03,FT-2025-00824,B,5,115.92,579.60,76.00,0.5
R25-001154,2025-04-03,FT-2025-00824,C,7,270.08,1890.56,238.00,3.0
R25-001155,2025-04-03,FT-2025-00829,A,1,199.49,199.49,117.00,1.5
R25-001156,2025-04-03,FT-2025-00829,A,1,199.77,199.77,117.00,1.5
R25-001157,2025-04-03,FT-2025-00832,A,2,190.24,380.48,117.00,1.5
R25-001158,2025-04-04,FT-2025-00644,C,4,287.46,1149.84,238.00,3.0
R25-001159,2025-04-04,FT-2025-00644,B,21,111.56,2342.76,76.00,0.5
R25-001160,2025-04-04,FT-2025-00710,B,12,117.27,1407.24,76.00,0.5
R25-001161,2025-04-04,FT-2025-00710,B,11,116.14,1277.54,76.00,0.5
R25-001162,2025-04-04,FT-2025-00725,A,1,200.00,200.00,117.00,1.5
R25-001163,2025-04-04,FT-2025-00725,B,1,120.00,120.00,76.00,0.5
R25-001164,2025-04-04,FT-2025-00725,A,1,200.00,200.00,117.00,1.5
R25-001165,2025-04-04,FT-2025-00730,B,13,108.50,1410.50,76.00,0.5
R25-001166,2025-04-04,FT-2025-00740,C,5,297.00,1485.00,238.00,3.0
R25-001167,2025-04-04,FT-2025-00756,A,3,200.00,600.00,117.00,1.5
R25-001168,2025-04-04,FT-2025-00756,B,2,112.71,225.42,76.00,0.5
R25-001169,2025-04-04,FT-2025-00802,B,3,112.53,337.59,76.00,0.5
R25-001170,2025-04-04,FT-2025-00813,B,6,109.47,656.82,76.00,0.5
R25-001171,2025-04-04,FT-2025-00813,C,4,295.14,1180.56,238.00,3.0
R25-001172,2025-04-04,FT-2025-00822,A,10,163.40,1634.00,117.00,1.5
R25-001173,2025-04-04,FT-2025-00822,B,6,118.12,708.72,76.00,0.5
R25-001174,2025-04-07,FT-2025-00632,A,3,194.04,582.12,117.00,1.5
R25-001175,2025-04-07,FT-2025-00632,A,3,192.63,577.89,117.00,1.5
R25-001176,2025-04-07,FT-2025-00632,A,1,193.82,193.82,117.00,1.5
R25-001177,2025-04-07,FT-2025-00645,A,2,160.32,320.64,117.00,1.5
R25-001178,2025-04-07,FT-2025-00677,C,8,288.32,2306.56,238.00,3.0
R25-001179,2025-04-07,FT-2025-00693,B,9,115.37,1038.33,76.00,0.5
R25-001180,2025-04-07,FT-2025-00693,A,3,161.58,484.74,117.00,1.5
R25-001181,2025-04-07,FT-2025-00737,B,16,117.93,1886.88,76.00,0.5
R25-001182,2025-04-07,FT-2025-00749,A,4,193.77,775.08,117.00,1.5
R25-001183,2025-04-07,FT-2025-00769,A,2,200.00,400.00,117.00,1.5
R25-001184,2025-04-07,FT-2025-00769,A,1,196.80,196.80,117.00,1.5
R25-001185,2025-04-07,FT-2025-00786,B,2,118.71,237.42,76.00,0.5
R25-001186,2025-04-07,FT-2025-00786,A,3,199.95,599.85,117.00,1.5
R25-001187,2025-04-07,FT-2025-00793,A,8,163.65,1309.20,117.00,1.5
R25-001188,2025-04-07,FT-2025-00793,B,15,117.25,1758.75,76.00,0.5
R25-001189,2025-04-07,FT-2025-00793,B,1,118.83,118.83,76.00,0.5
R25-001190,2025-04-07,FT-2025-00814,B,7,111.20,778.40,76.00,0.5
R25-001191,2025-04-07,FT-2025-00814,B,7,112.69,788.83,76.00,0.5
R25-001192,2025-04-07,FT-2025-00814,A,1,162.69,162.69,117.00,1.5
R25-001193,2025-04-07,FT-2025-00828,A,1,197.06,197.06,117.00,1.5
R25-001194,2025-04-07,FT-2025-00828,A,1,200.00,200.00,117.00,1.5
R25-001195,2025-04-08,FT-2025-00703,A,11,155.79,1713.69,117.00,1.5
R25-001196,2025-04-08,FT-2025-00703,B,16,109.59,1753.44,76.00,0.5
R25-001197,2025-04-08,FT-2025-00703,B,7,110.46,773.22,76.00,0.5
R25-001198,2025-04-08,FT-2025-00724,A,1,197.29,197.29,117.00,1.5
R25-001199,2025-04-08,FT-2025-00724,A,1,198.13,198.13,117.00,1.5
R25-001200,2025-04-08,FT-2025-00728,B,17,117.47,1996.99,76.00,0.5
R25-001201,2025-04-08,FT-2025-00728,C,5,286.49,1432.45,238.00,3.0
R25-001202,2025-04-08,FT-2025-00739,C,6,288.00,1728.00,238.00,3.0
R25-001203,2025-04-08,FT-2025-00739,B,13,118.33,1538.29,76.00,0.5
R25-001204,2025-04-08,FT-2025-00754,B,4,117.67,470.68,76.00,0.5
R25-001205,2025-04-08,FT-2025-00763,A,1,200.00,200.00,117.00,1.5
R25-001206,2025-04-08,FT-2025-00763,A,1,200.00,200.00,117.00,1.5
R25-001207,2025-04-08,FT-2025-00763,B,2,118.65,237.30,76.00,0.5
R25-001208,2025-04-08,FT-2025-00788,A,3,200.00,600.00,117.00,1.5
R25-001209,2025-04-08,FT-2025-00788,A,2,199.84,399.68,117.00,1.5
R25-001210,2025-04-08,FT-2025-00823,A,3,189.55,568.65,117.00,1.5
R25-001211,2025-04-09,FT-2025-00637,A,3,194.02,582.06,117.00,1.5
R25-001212,2025-04-09,FT-2025-00637,A,1,192.97,192.97,117.00,1.5
R25-001213,2025-04-09,FT-2025-00713,A,10,153.30,1533.00,117.00,1.5
R25-001214,2025-04-09,FT-2025-00713,B,16,116.34,1861.44,76.00,0.5
R25-001215,2025-04-09,FT-2025-00726,A,2,200.00,400.00,117.00,1.5
R25-001216,2025-04-09,FT-2025-00726,B,2,110.42,220.84,76.00,0.5
R25-001217,2025-04-09,FT-2025-00744,A,1,200.00,200.00,117.00,1.5
R25-001218,2025-04-09,FT-2025-00758,A,3,199.00,597.00,117.00,1.5
R25-001219,2025-04-09,FT-2025-00758,B,1,120.00,120.00,76.00,0.5
R25-001220,2025-04-09,FT-2025-00767,A,1,196.71,196.71,117.00,1.5
R25-001221,2025-04-09,FT-2025-00790,B,1,120.00,120.00,76.00,0.5
R25-001222,2025-04-09,FT-2025-00790,A,1,194.28,194.28,117.00,1.5
R25-001223,2025-04-09,FT-2025-00790,A,3,194.56,583.68,117.00,1.5
R25-001224,2025-04-09,FT-2025-00794,B,21,109.14,2291.94,76.00,0.5
R25-001225,2025-04-09,FT-2025-00794,C,2,292.03,584.06,238.00,3.0
R25-001226,2025-04-09,FT-2025-00808,B,27,109.29,2950.83,76.00,0.5
R25-001227,2025-04-09,FT-2025-00808,A,6,164.38,986.28,117.00,1.5
R25-001228,2025-04-10,FT-2025-00642,C,5,293.94,1469.70,238.00,3.0
R25-001229,2025-04-10,FT-2025-00669,A,5,161.95,809.75,117.00,1.5
R25-001230,2025-04-10,FT-2025-00684,A,2,196.29,392.58,117.00,1.5
R25-001231,2025-04-10,FT-2025-00701,C,6,293.62,1761.72,238.00,3.0
R25-001232,2025-04-10,FT-2025-00733,A,2,195.23,390.46,117.00,1.5
R25-001233,2025-04-10,FT-2025-00743,B,17,110.20,1873.40,76.00,0.5
R25-001234,2025-04-10,FT-2025-00743,A,6,161.08,966.48,117.00,1.5
R25-001235,2025-04-10,FT-2025-00768,B,1,120.00,120.00,76.00,0.5
R25-001236,2025-04-10,FT-2025-00768,A,3,200.00,600.00,117.00,1.5
R25-001237,2025-04-10,FT-2025-00799,A,8,186.96,1495.68,117.00,1.5
R25-001238,2025-04-10,FT-2025-00799,B,5,108.05,540.25,76.00,0.5
R25-001239,2025-04-10,FT-2025-00818,A,3,147.84,443.52,117.00,1.5
R25-001240,2025-04-11,FT-2025-00636,A,1,200.00,200.00,117.00,1.5
R25-001241,2025-04-11,FT-2025-00639,C,5,293.54,1467.70,238.00,3.0
R25-001242,2025-04-11,FT-2025-00639,B,8,117.68,941.44,76.00,0.5
R25-001243,2025-04-11,FT-2025-00657,C,5,290.73,1453.65,238.00,3.0
R25-001244,2025-04-11,FT-2025-00657,B,6,116.44,698.64,76.00,0.5
R25-001245,2025-04-11,FT-2025-00712,B,19,116.37,2211.03,76.00,0.5
R25-001246,2025-04-11,FT-2025-00717,A,3,199.12,597.36,117.00,1.5
R25-001247,2025-04-11,FT-2025-00717,A,1,200.00,200.00,117.00,1.5
R25-001248,2025-04-11,FT-2025-00755,A,1,193.43,193.43,117.00,1.5
R25-001249,2025-04-11,FT-2025-00766,A,3,190.06,570.18,117.00,1.5
R25-001250,2025-04-11,FT-2025-00770,B,7,113.69,795.83,76.00,0.5
R25-001251,2025-04-11,FT-2025-00803,A,1,190.56,190.56,117.00,1.5
R25-001252,2025-04-11,FT-2025-00803,A,3,191.59,574.77,117.00,1.5
R25-001253,2025-04-14,FT-2025-00646,A,5,194.59,972.95,117.00,1.5
R25-001254,2025-04-14,FT-2025-00646,A,4,195.14,780.56,117.00,1.5
R25-001255,2025-04-14,FT-2025-00658,A,7,163.04,1141.28,117.00,1.5
R25-001256,2025-04-14,FT-2025-00658,B,12,116.22,1394.64,76.00,0.5
R25-001257,2025-04-14,FT-2025-00665,A,1,200.00,200.00,117.00,1.5
R25-001258,2025-04-14,FT-2025-00681,A,3,182.87,548.61,117.00,1.5
R25-001259,2025-04-14,FT-2025-00681,B,3,119.67,359.01,76.00,0.5
R25-001260,2025-04-14,FT-2025-00682,A,1,200.00,200.00,117.00,1.5
R25-001261,2025-04-14,FT-2025-00682,A,1,200.00,200.00,117.00,1.5
R25-001262,2025-04-14,FT-2025-00721,A,4,163.95,655.80,117.00,1.5
R25-001263,2025-04-14,FT-2025-00721,B,14,108.71,1521.94,76.00,0.5
R25-001264,2025-04-14,FT-2025-00742,A,2,198.06,396.12,117.00,1.5
R25-001265,2025-04-14,FT-2025-00742,A,1,199.00,199.00,117.00,1.5
R25-001266,2025-04-14,FT-2025-00753,A,3,199.97,599.91,117.00,1.5
R25-001267,2025-04-14,FT-2025-00753,B,1,120.00,120.00,76.00,0.5
R25-001268,2025-04-14,FT-2025-00753,A,1,200.00,200.00,117.00,1.5
R25-001269,2025-04-14,FT-2025-00789,B,9,111.30,1001.70,76.00,0.5
R25-001270,2025-04-14,FT-2025-00789,A,8,154.50,1236.00,117.00,1.5
R25-001271,2025-04-14,FT-2025-00795,B,5,115.84,579.20,76.00,0.5
R25-001272,2025-04-14,FT-2025-00810,B,7,107.19,750.33,76.00,0.5
R25-001273,2025-04-15,FT-2025-00633,B,17,116.65,1983.05,76.00,0.5
R25-001274,2025-04-15,FT-2025-00656,B,1,120.00,120.00,76.00,0.5
R25-001275,2025-04-15,FT-2025-00656,A,5,197.50,987.50,117.00,1.5
R25-001276,2025-04-15,FT-2025-00685,A,3,185.71,557.13,117.00,1.5
R25-001277,2025-04-15,FT-2025-00687,B,11,118.14,1299.54,76.00,0.5
R25-001278,2025-04-15,FT-2025-00718,A,4,196.30,785.20,117.00,1.5
R25-001279,2025-04-15,FT-2025-00729,A,1,200.00,200.00,117.00,1.5
R25-001280,2025-04-15,FT-2025-00734,B,1,120.00,120.00,76.00,0.5
R25-001281,2025-04-15,FT-2025-00734,A,1,192.78,192.78,117.00,1.5
R25-001282,2025-04-15,FT-2025-00734,A,3,192.95,578.85,117.00,1.5
R25-001283,2025-04-15,FT-2025-00784,A,2,200.00,400.00,117.00,1.5
R25-001284,2025-04-15,FT-2025-00784,B,1,120.00,120.00,76.00,0.5
R25-001285,2025-04-15,FT-2025-00805,B,1,120.00,120.00,76.00,0.5
R25-001286,2025-04-15,FT-2025-00805,A,2,200.00,400.00,117.00,1.5
R25-001287,2025-04-15,FT-2025-00827,A,2,190.67,381.34,117.00,1.5
R25-001288,2025-04-15,FT-2025-00827,A,2,189.31,378.62,117.00,1.5
R25-001289,2025-04-16,FT-2025-00660,A,1,193.00,193.00,117.00,1.5
R25-001290,2025-04-16,FT-2025-00683,A,2,191.09,382.18,117.00,1.5
R25-001291,2025-04-16,FT-2025-00683,A,3,193.40,580.20,117.00,1.5
R25-001292,2025-04-16,FT-2025-00683,A,2,191.26,382.52,117.00,1.5
R25-001293,2025-04-16,FT-2025-00698,B,8,118.23,945.84,76.00,0.5
R25-001294,2025-04-16,FT-2025-00711,B,9,117.15,1054.35,76.00,0.5
R25-001295,2025-04-16,FT-2025-00711,A,9,193.39,1740.51,117.00,1.5
R25-001296,2025-04-16,FT-2025-00711,C,5,295.76,1478.80,238.00,3.0
R25-001297,2025-04-16,FT-2025-00801,A,6,189.53,1137.18,117.00,1.5
R25-001298,2025-04-16,FT-2025-00801,B,6,108.24,649.44,76.00,0.5
R25-001299,2025-04-16,FT-2025-00801,A,2,189.40,378.80,117.00,1.5
R25-001300,2025-04-16,FT-2025-00804,A,5,159.99,799.95,117.00,1.5
R25-001301,2025-04-16,FT-2025-00804,C,5,287.30,1436.50,238.00,3.0
R25-001302,2025-04-16,FT-2025-00826,B,12,109.41,1312.92,76.00,0.5
R25-001303,2025-04-16,FT-2025-00830,A,7,157.67,1103.69,117.00,1.5
R25-001304,2025-04-16,FT-2025-00830,B,19,115.12,2187.28,76.00,0.5
R25-001305,2025-04-16,FT-2025-00830,C,3,270.17,810.51,238.00,3.0
R25-001306,2025-04-17,FT-2025-00634,A,5,196.77,983.85,117.00,1.5
R25-001307,2025-04-17,FT-2025-00634,B,1,120.00,120.00,76.00,0.5
R25-001308,2025-04-17,FT-2025-00635,C,5,279.02,1395.10,238.00,3.0
R25-001309,2025-04-17,FT-2025-00643,A,2,200.00,400.00,117.00,1.5
R25-001310,2025-04-17,FT-2025-00647,A,1,200.00,200.00,117.00,1.5
R25-001311,2025-04-17,FT-2025-00647,A,2,200.00,400.00,117.00,1.5
R25-001312,2025-04-17,FT-2025-00668,A,2,189.90,379.80,117.00,1.5
R25-001313,2025-04-17,FT-2025-00668,A,2,194.17,388.34,117.00,1.5
R25-001314,2025-04-17,FT-2025-00673,B,8,116.26,930.08,76.00,0.5
R25-001315,2025-04-17,FT-2025-00678,B,12,116.63,1399.56,76.00,0.5
R25-001316,2025-04-17,FT-2025-00678,A,3,160.52,481.56,117.00,1.5
R25-001317,2025-04-17,FT-2025-00720,B,2,116.84,233.68,76.00,0.5
R25-001318,2025-04-17,FT-2025-00720,B,2,115.39,230.78,76.00,0.5
R25-001319,2025-04-17,FT-2025-00722,B,13,117.99,1533.87,76.00,0.5
R25-001320,2025-04-17,FT-2025-00722,B,9,118.00,1062.00,76.00,0.5
R25-001321,2025-04-17,FT-2025-00750,C,3,295.26,885.78,238.00,3.0
R25-001322,2025-04-17,FT-2025-00750,B,12,108.54,1302.48,76.00,0.5
R25-001323,2025-04-17,FT-2025-00750,A,5,162.10,810.50,117.00,1.5
R25-001324,2025-04-17,FT-2025-00751,B,12,117.14,1405.68,76.00,0.5
R25-001325,2025-04-17,FT-2025-00751,B,9,115.64,1040.76,76.00,0.5
R25-001326,2025-04-17,FT-2025-00751,A,10,162.00,1620.00,117.00,1.5
R25-001327,2025-04-17,FT-2025-00761,A,4,198.29,793.16,117.00,1.5
R25-001328,2025-04-17,FT-2025-00764,A,2,197.40,394.80,117.00,1.5
R25-001329,2025-04-17,FT-2025-00764,A,1,197.27,197.27,117.00,1.5
R25-001330,2025-04-17,FT-2025-00773,A,1,194.46,194.46,117.00,1.5
R25-001331,2025-04-17,FT-2025-00819,A,9,187.06,1683.54,117.00,1.5
R25-001332,2025-04-17,FT-2025-00819,A,6,190.28,1141.68,117.00,1.5
R25-001333,2025-04-17,FT-2025-00831,B,2,120.00,240.00,76.00,0.5
R25-001334,2025-04-17,FT-2025-00831,A,2,196.75,393.50,117.00,1.5
R25-001335,2025-04-18,FT-2025-00640,A,2,195.96,391.92,117.00,1.5
R25-001336,2025-04-18,FT-2025-00655,B,5,115.87,579.35,76.00,0.5
R25-001337,2025-04-18,FT-2025-00655,A,7,162.53,1137.71,117.00,1.5
R25-001338,2025-04-18,FT-2025-00663,B,8,110.77,886.16,76.00,0.5
R25-001339,2025-04-18,FT-2025-00663,B,10,111.19,1111.90,76.00,0.5
R25-001340,2025-04-18,FT-2025-00709,A,1,200.00,200.00,117.00,1.5
R25-001341,2025-04-18,FT-2025-00714,A,2,192.36,384.72,117.00,1.5
R25-001342,2025-04-18,FT-2025-00731,A,2,196.27,392.54,117.00,1.5
R25-001343,2025-04-18,FT-2025-00771,A,5,162.46,812.30,117.00,1.5
R25-001344,2025-04-18,FT-2025-00782,A,2,190.39,380.78,117.00,1.5
R25-001345,2025-04-18,FT-2025-00782,A,2,193.54,387.08,117.00,1.5
R25-001346,2025-04-18,FT-2025-00782,A,1,192.61,192.61,117.00,1.5
R25-001347,2025-04-18,FT-2025-00785,A,10,162.11,1621.10,117.00,1.5
R25-001348,2025-04-18,FT-2025-00785,B,14,109.03,1526.42,76.00,0.5
R25-001349,2025-04-21,FT-2025-00629,A,1,200.00,200.00,117.00,1.5
R25-001350,2025-04-21,FT-2025-00629,A,1,200.00,200.00,117.00,1.5
R25-001351,2025-04-21,FT-2025-00664,B,14,112.26,1571.64,76.00,0.5
R25-001352,2025-04-21,FT-2025-00664,A,4,162.14,648.56,117.00,1.5
R25-001353,2025-04-21,FT-2025-00675,A,7,146.65,1026.55,117.00,1.5
R25-001354,2025-04-21,FT-2025-00686,A,9,142.68,1284.12,117.00,1.5
R25-001355,2025-04-21,FT-2025-00686,C,3,296.47,889.41,238.00,3.0
R25-001356,2025-04-22,FT-2025-00641,A,3,200.00,600.00,117.00,1.5
R25-001357,2025-04-22,FT-2025-00641,B,2,118.69,237.38,76.00,0.5
R25-001358,2025-04-22,FT-2025-00641,B,1,117.78,117.78,76.00,0.5
R25-001359,2025-04-22,FT-2025-00666,B,7,108.82,761.74,76.00,0.5
R25-001360,2025-04-22,FT-2025-00666,C,4,281.88,1127.52,238.00,3.0
R25-001361,2025-04-22,FT-2025-00680,B,5,119.11,595.55,76.00,0.5
R25-001362,2025-04-22,FT-2025-00689,A,2,195.38,390.76,117.00,1.5
R25-001363,2025-04-22,FT-2025-00689,A,2,193.28,386.56,117.00,1.5
R25-001364,2025-04-22,FT-2025-00690,A,2,181.99,363.98,117.00,1.5
R25-001365,2025-04-22,FT-2025-00696,A,7,153.92,1077.44,117.00,1.5
R25-001366,2025-04-22,FT-2025-00696,C,3,270.00,810.00,238.00,3.0
R25-001367,2025-04-22,FT-2025-00702,A,2,198.76,397.52,117.00,1.5
R25-001368,2025-04-22,FT-2025-00702,B,1,110.40,110.40,76.00,0.5
R25-001369,2025-04-22,FT-2025-00706,A,2,199.99,399.98,117.00,1.5
R25-001370,2025-04-22,FT-2025-00735,B,8,117.52,940.16,76.00,0.5
R25-001371,2025-04-22,FT-2025-00735,A,5,159.99,799.95,117.00,1.5
R25-001372,2025-04-22,FT-2025-00787,A,1,195.86,195.86,117.00,1.5
R25-001373,2025-04-22,FT-2025-00787,A,1,197.24,197.24,117.00,1.5
R25-001374,2025-04-22,FT-2025-00811,A,4,160.70,642.80,117.00,1.5
R25-001375,2025-04-22,FT-2025-00820,A,2,200.00,400.00,117.00,1.5
R25-001376,2025-04-22,FT-2025-00821,A,3,191.00,573.00,117.00,1.5
R25-001377,2025-04-23,FT-2025-00652,A,3,189.55,568.65,117.00,1.5
R25-001378,2025-04-23,FT-2025-00652,B,6,109.17,655.02,76.00,0.5
R25-001379,2025-04-23,FT-2025-00652,A,2,187.28,374.56,117.00,1.5
R25-001380,2025-04-23,FT-2025-00653,C,3,296.37,889.11,238.00,3.0
R25-001381,2025-04-23,FT-2025-00653,B,11,109.14,1200.54,76.00,0.5
R25-001382,2025-04-23,FT-2025-00700,A,2,200.00,400.00,117.00,1.5
R25-001383,2025-04-23,FT-2025-00700,A,1,200.00,200.00,117.00,1.5
R25-001384,2025-04-23,FT-2025-00700,A,1,198.79,198.79,117.00,1.5
R25-001385,2025-04-23,FT-2025-00715,A,1,200.00,200.00,117.00,1.5
R25-001386,2025-04-23,FT-2025-00715,A,2,200.00,400.00,117.00,1.5
R25-001387,2025-04-23,FT-2025-00715,A,1,200.00,200.00,117.00,1.5
R25-001388,2025-04-23,FT-2025-00780,B,6,116.53,699.18,76.00,0.5
R25-001389,2025-04-23,FT-2025-00780,B,13,116.31,1512.03,76.00,0.5
R25-001390,2025-04-23,FT-2025-00783,A,1,181.63,181.63,117.00,1.5
R25-001391,2025-04-23,FT-2025-00806,A,5,163.91,819.55,117.00,1.5
R25-001392,2025-04-23,FT-2025-00816,A,1,184.18,184.18,117.00,1.5
R25-001393,2025-04-23,FT-2025-00816,A,4,181.62,726.48,117.00,1.5
R25-001394,2025-04-24,FT-2025-00659,B,2,120.00,240.00,76.00,0.5
R25-001395,2025-04-24,FT-2025-00659,A,1,191.09,191.09,117.00,1.5
R25-001396,2025-04-24,FT-2025-00659,A,2,194.33,388.66,117.00,1.5
R25-001397,2025-04-24,FT-2025-00661,B,11,108.64,1195.04,76.00,0.5
R25-001398,2025-04-24,FT-2025-00661,A,9,162.78,1465.02,117.00,1.5
R25-001399,2025-04-24,FT-2025-00661,B,12,109.47,1313.64,76.00,0.5
R25-001400,2025-04-24,FT-2025-00667,A,1,191.82,191.82,117.00,1.5
R25-001401,2025-04-24,FT-2025-00667,A,3,189.79,569.37,117.00,1.5
R25-001402,2025-04-24,FT-2025-00676,B,3,119.73,359.19,76.00,0.5
R25-001403,2025-04-24,FT-2025-00679,C,2,292.71,585.42,238.00,3.0
R25-001404,2025-04-24,FT-2025-00692,B,1,107.79,107.79,76.00,0.5
R25-001405,2025-04-24,FT-2025-00692,A,7,187.71,1313.97,117.00,1.5
R25-001406,2025-04-24,FT-2025-00694,A,2,183.45,366.90,117.00,1.5
R25-001407,2025-04-24,FT-2025-00723,A,10,192.59,1925.90,117.00,1.5
R25-001408,2025-04-24,FT-2025-00723,B,5,118.76,593.80,76.00,0.5
R25-001409,2025-04-24,FT-2025-00723,B,7,118.46,829.22,76.00,0.5
R25-001410,2025-04-24,FT-2025-00727,B,1,120.00,120.00,76.00,0.5
R25-001411,2025-04-24,FT-2025-00727,A,3,195.44,586.32,117.00,1.5
R25-001412,2025-04-24,FT-2025-00736,A,1,195.28,195.28,117.00,1.5
R25-001413,2025-04-24,FT-2025-00736,A,1,197.50,197.50,117.00,1.5
R25-001414,2025-04-24,FT-2025-00772,B,8,110.08,880.64,76.00,0.5
R25-001415,2025-04-24,FT-2025-00772,B,1,110.05,110.05,76.00,0.5
R25-001416,2025-04-24,FT-2025-00772,B,21,109.35,2296.35,76.00,0.5
R25-001417,2025-04-24,FT-2025-00774,B,1,120.00,120.00,76.00,0.5
R25-001418,2025-04-24,FT-2025-00774,A,2,200.00,400.00,117.00,1.5
R25-001419,2025-04-24,FT-2025-00774,A,1,200.00,200.00,117.00,1.5
R25-001420,2025-04-24,FT-2025-00791,A,7,159.75,1118.25,117.00,1.5
R25-001421,2025-04-24,FT-2025-00791,B,10,115.77,1157.70,76.00,0.5
R25-001422,2025-04-24,FT-2025-00800,C,5,293.09,1465.45,238.00,3.0
R25-001423,2025-04-28,FT-2025-00688,C,7,282.95,1980.65,238.00,3.0
R25-001424,2025-04-28,FT-2025-00688,B,11,117.82,1296.02,76.00,0.5
R25-001425,2025-04-28,FT-2025-00760,B,4,118.24,472.96,76.00,0.5
R25-001426,2025-04-28,FT-2025-00760,C,7,291.38,2039.66,238.00,3.0
R25-001427,2025-04-28,FT-2025-00775,A,4,194.32,777.28,117.00,1.5
R25-001428,2025-04-28,FT-2025-00781,B,8,112.18,897.44,76.00,0.5
R25-001429,2025-04-28,FT-2025-00796,A,7,162.33,1136.31,117.00,1.5
R25-001430,2025-04-28,FT-2025-00796,B,13,110.02,1430.26,76.00,0.5
R25-001431,2025-04-28,FT-2025-00796,B,16,107.67,1722.72,76.00,0.5
R25-001432,2025-04-29,FT-2025-00649,C,4,291.11,1164.44,238.00,3.0
R25-001433,2025-04-29,FT-2025-00671,B,2,118.10,236.20,76.00,0.5
R25-001434,2025-04-29,FT-2025-00691,C,8,294.01,2352.08,238.00,3.0
R25-001435,2025-04-29,FT-2025-00691,B,12,117.81,1413.72,76.00,0.5
R25-001436,2025-04-29,FT-2025-00691,C,7,296.01,2072.07,238.00,3.0
R25-001437,2025-04-29,FT-2025-00738,C,5,283.77,1418.85,238.00,3.0
R25-001438,2025-04-29,FT-2025-00746,A,2,200.00,400.00,117.00,1.5
R25-001439,2025-04-29,FT-2025-00747,C,6,291.31,1747.86,238.00,3.0
R25-001440,2025-04-29,FT-2025-00747,B,13,111.09,1444.17,76.00,0.5
R25-001441,2025-04-29,FT-2025-00776,A,8,162.56,1300.48,117.00,1.5
R25-001442,2025-04-29,FT-2025-00776,B,7,118.02,826.14,76.00,0.5
R25-001443,2025-04-29,FT-2025-00777,A,5,191.01,955.05,117.00,1.5
R25-001444,2025-04-29,FT-2025-00777,A,1,190.88,190.88,117.00,1.5
R25-001445,2025-04-29,FT-2025-00777,A,2,191.25,382.50,117.00,1.5
R25-001446,2025-04-30,FT-2025-00630,B,6,117.12,702.72,76.00,0.5
R25-001447,2025-04-30,FT-2025-00631,B,9,110.09,990.81,76.00,0.5
R25-001448,2025-04-30,FT-2025-00631,B,16,108.92,1742.72,76.00,0.5
R25-001449,2025-04-30,FT-2025-00631,B,5,109.63,548.15,76.00,0.5
R25-001450,2025-04-30,FT-2025-00648,A,2,192.81,385.62,117.00,1.5
R25-001451,2025-04-30,FT-2025-00648,A,1,191.55,191.55,117.00,1.5
R25-001452,2025-04-30,FT-2025-00648,A,2,190.26,380.52,117.00,1.5
R25-001453,2025-04-30,FT-2025-00650,A,1,200.00,200.00,117.00,1.5
R25-001454,2025-04-30,FT-2025-00650,A,1,200.00,200.00,117.00,1.5
R25-001455,2025-04-30,FT-2025-00662,B,1,113.83,113.83,76.00,0.5
R25-001456,2025-04-30,FT-2025-00662,A,3,196.61,589.83,117.00,1.5
R25-001457,2025-04-30,FT-2025-00704,A,10,186.28,1862.80,117.00,1.5
R25-001458,2025-04-30,FT-2025-00752,A,1,199.00,199.00,117.00,1.5
R25-001459,2025-04-30,FT-2025-00752,B,1,120.00,120.00,76.00,0.5
R25-001460,2025-04-30,FT-2025-00759,A,2,198.64,397.28,117.00,1.5
R25-001461,2025-04-30,FT-2025-00759,B,3,118.53,355.59,76.00,0.5
R25-001462,2025-04-30,FT-2025-00759,A,2,198.84,397.68,117.00,1.5
R25-001463,2025-04-30,FT-2025-00765,B,4,118.40,473.60,76.00,0.5
R25-001464,2025-04-30,FT-2025-00778,A,1,195.21,195.21,117.00,1.5
R25-001465,2025-04-30,FT-2025-00778,A,1,196.44,196.44,117.00,1.5
R25-001466,2025-04-30,FT-2025-00792,C,8,286.86,2294.88,238.00,3.0
R25-001467,2025-04-30,FT-2025-00792,A,8,162.10,1296.80,117.00,1.5
R25-001468,2025-04-30,FT-2025-00809,B,2,118.81,237.62,76.00,0.5
R25-001469,2025-04-30,FT-2025-00809,B,1,118.03,118.03,76.00,0.5
R25-001470,2025-04-30,FT-2025-00809,A,4,200.00,800.00,117.00,1.5
R25-001471,2025-04-30,FT-2025-00815,A,12,161.37,1936.44,117.00,1.5
R25-001472,2025-04-30,FT-2025-00815,B,22,112.00,2464.00,76.00,0.5
R25-001473,2025-05-02,FT-2025-00869,C,4,270.00,1080.00,238.00,3.0
R25-001474,2025-05-02,FT-2025-00883,B,6,107.30,643.80,76.00,0.5
R25-001475,2025-05-02,FT-2025-00883,A,4,186.84,747.36,117.00,1.5
R25-001476,2025-05-02,FT-2025-00883,B,2,107.12,214.24,76.00,0.5
R25-001477,2025-05-02,FT-2025-00893,A,1,200.00,200.00,117.00,1.5
R25-001478,2025-05-02,FT-2025-00893,B,2,120.00,240.00,76.00,0.5
R25-001479,2025-05-02,FT-2025-00893,A,2,200.00,400.00,117.00,1.5
R25-001480,2025-05-02,FT-2025-00900,C,7,270.37,1892.59,238.00,3.0
R25-001481,2025-05-02,FT-2025-00900,A,7,151.71,1061.97,117.00,1.5
R25-001482,2025-05-02,FT-2025-00907,A,2,199.67,399.34,117.00,1.5
R25-001483,2025-05-02,FT-2025-00907,A,1,200.00,200.00,117.00,1.5
R25-001484,2025-05-02,FT-2025-00917,A,1,200.00,200.00,117.00,1.5
R25-001485,2025-05-02,FT-2025-00925,A,1,197.43,197.43,117.00,1.5
R25-001486,2025-05-02,FT-2025-00952,B,1,120.00,120.00,76.00,0.5
R25-001487,2025-05-02,FT-2025-00952,A,4,199.81,799.24,117.00,1.5
R25-001488,2025-05-02,FT-2025-00976,B,3,118.72,356.16,76.00,0.5
R25-001489,2025-05-02,FT-2025-00976,A,3,194.77,584.31,117.00,1.5
R25-001490,2025-05-02,FT-2025-00981,A,4,190.25,761.00,117.00,1.5
R25-001491,2025-05-02,FT-2025-01031,A,1,161.62,161.62,117.00,1.5
R25-001492,2025-05-02,FT-2025-01031,C,11,287.59,3163.49,238.00,3.0
R25-001493,2025-05-05,FT-2025-00846,A,2,192.88,385.76,117.00,1.5
R25-001494,2025-05-05,FT-2025-00856,C,4,292.35,1169.40,238.00,3.0
R25-001495,2025-05-05,FT-2025-00862,A,2,193.49,386.98,117.00,1.5
R25-001496,2025-05-05,FT-2025-00862,A,1,193.82,193.82,117.00,1.5
R25-001497,2025-05-05,FT-2025-00862,A,4,191.98,767.92,117.00,1.5
R25-001498,2025-05-05,FT-2025-00881,C,3,293.32,879.96,238.00,3.0
R25-001499,2025-05-05,FT-2025-00899,B,8,116.32,930.56,76.00,0.5
R25-001500,2025-05-05,FT-2025-00899,C,7,290.21,2031.47,238.00,3.0
R25-001501,2025-05-05,FT-2025-00899,B,15,116.82,1752.30,76.00,0.5
R25-001502,2025-05-05,FT-2025-00942,C,4,272.33,1089.32,238.00,3.0
R25-001503,2025-05-05,FT-2025-00942,B,25,114.75,2868.75,76.00,0.5
R25-001504,2025-05-05,FT-2025-00958,B,4,115.90,463.60,76.00,0.5
R25-001505,2025-05-05,FT-2025-00961,A,6,192.05,1152.30,117.00,1.5
R25-001506,2025-05-05,FT-2025-00961,A,8,195.74,1565.92,117.00,1.5
R25-001507,2025-05-05,FT-2025-00962,B,22,110.49,2430.78,76.00,0.5
R25-001508,2025-05-05,FT-2025-00962,C,4,292.92,1171.68,238.00,3.0
R25-001509,2025-05-05,FT-2025-00970,A,1,200.00,200.00,117.00,1.5
R25-001510,2025-05-05,FT-2025-00970,B,5,115.22,576.10,76.00,0.5
R25-001511,2025-05-05,FT-2025-00982,A,11,161.39,1775.29,117.00,1.5
R25-001512,2025-05-05,FT-2025-00993,A,9,143.19,1288.71,117.00,1.5
R25-001513,2025-05-05,FT-2025-00995,B,1,120.00,120.00,76.00,0.5
R25-001514,2025-05-05,FT-2025-01006,A,3,192.43,577.29,117.00,1.5
R25-001515,2025-05-05,FT-2025-01006,A,2,192.54,385.08,117.00,1.5
R25-001516,2025-05-06,FT-2025-00838,A,5,160.93,804.65,117.00,1.5
R25-001517,2025-05-06,FT-2025-00838,C,3,295.86,887.58,238.00,3.0
R25-001518,2025-05-06,FT-2025-00841,A,2,197.80,395.60,117.00,1.5
R25-001519,2025-05-06,FT-2025-00841,A,1,197.87,197.87,117.00,1.5
R25-001520,2025-05-06,FT-2025-00841,A,3,198.55,595.65,117.00,1.5
R25-001521,2025-05-06,FT-2025-00908,A,2,195.03,390.06,117.00,1.5
R25-001522,2025-05-06,FT-2025-00908,A,2,193.92,387.84,117.00,1.5
R25-001523,2025-05-06,FT-2025-00929,B,3,115.82,347.46,76.00,0.5
R25-001524,2025-05-06,FT-2025-00971,A,1,184.84,184.84,117.00,1.5
R25-001525,2025-05-06,FT-2025-00971,B,2,120.00,240.00,76.00,0.5
R25-001526,2025-05-06,FT-2025-00988,A,6,189.42,1136.52,117.00,1.5
R25-001527,2025-05-06,FT-2025-00988,B,9,109.07,981.63,76.00,0.5
R25-001528,2025-05-06,FT-2025-00988,A,8,190.48,1523.84,117.00,1.5
R25-001529,2025-05-07,FT-2025-00851,A,2,200.00,400.00,117.00,1.5
R25-001530,2025-05-07,FT-2025-00865,A,2,191.70,383.40,117.00,1.5
R25-001531,2025-05-07,FT-2025-00865,A,2,193.22,386.44,117.00,1.5
R25-001532,2025-05-07,FT-2025-00888,B,7,118.88,832.16,76.00,0.5
R25-001533,2025-05-07,FT-2025-00888,B,8,117.73,941.84,76.00,0.5
R25-001534,2025-05-07,FT-2025-00888,A,2,192.33,384.66,117.00,1.5
R25-001535,2025-05-07,FT-2025-00933,C,1,285.17,285.17,238.00,3.0
R25-001536,2025-05-07,FT-2025-00933,B,2,111.15,222.30,76.00,0.5
R25-001537,2025-05-07,FT-2025-00948,B,17,117.25,1993.25,76.00,0.5
R25-001538,2025-05-07,FT-2025-00963,B,2,114.41,228.82,76.00,0.5
R25-001539,2025-05-07,FT-2025-00986,B,2,116.50,233.00,76.00,0.5
R25-001540,2025-05-07,FT-2025-00986,A,3,200.00,600.00,117.00,1.5
R25-001541,2025-05-07,FT-2025-00987,B,18,108.84,1959.12,76.00,0.5
R25-001542,2025-05-07,FT-2025-00987,B,10,110.04,1100.40,76.00,0.5
R25-001543,2025-05-07,FT-2025-00996,B,1,120.00,120.00,76.00,0.5
R25-001544,2025-05-07,FT-2025-00996,A,3,200.00,600.00,117.00,1.5
R25-001545,2025-05-07,FT-2025-00996,B,3,120.00,360.00,76.00,0.5
R25-001546,2025-05-07,FT-2025-01016,A,6,155.61,933.66,117.00,1.5
R25-001547,2025-05-07,FT-2025-01016,B,10,109.67,1096.70,76.00,0.5
R25-001548,2025-05-07,FT-2025-01043,A,2,200.00,400.00,117.00,1.5
R25-001549,2025-05-08,FT-2025-00833,C,3,283.11,849.33,238.00,3.0
R25-001550,2025-05-08,FT-2025-00833,A,5,187.95,939.75,117.00,1.5
R25-001551,2025-05-08,FT-2025-00858,A,1,184.74,184.74,117.00,1.5
R25-001552,2025-05-08,FT-2025-00878,A,1,200.00,200.00,117.00,1.5
R25-001553,2025-05-08,FT-2025-00939,C,3,292.70,878.10,238.00,3.0
R25-001554,2025-05-08,FT-2025-00939,B,10,110.04,1100.40,76.00,0.5
R25-001555,2025-05-08,FT-2025-00939,B,18,109.18,1965.24,76.00,0.5
R25-001556,2025-05-08,FT-2025-00983,A,1,190.68,190.68,117.00,1.5
R25-001557,2025-05-08,FT-2025-01019,A,3,198.23,594.69,117.00,1.5
R25-001558,2025-05-08,FT-2025-01019,B,1,120.00,120.00,76.00,0.5
R25-001559,2025-05-08,FT-2025-01019,A,1,199.70,199.70,117.00,1.5
R25-001560,2025-05-09,FT-2025-00855,B,1,119.87,119.87,76.00,0.5
R25-001561,2025-05-09,FT-2025-00855,A,2,200.00,400.00,117.00,1.5
R25-001562,2025-05-09,FT-2025-00855,B,2,118.53,237.06,76.00,0.5
R25-001563,2025-05-09,FT-2025-00870,B,25,116.62,2915.50,76.00,0.5
R25-001564,2025-05-09,FT-2025-00872,A,2,192.44,384.88,117.00,1.5
R25-001565,2025-05-09,FT-2025-00872,A,1,192.24,192.24,117.00,1.5
R25-001566,2025-05-09,FT-2025-00872,A,2,193.11,386.22,117.00,1.5
R25-001567,2025-05-09,FT-2025-00876,A,4,193.71,774.84,117.00,1.5
R25-001568,2025-05-09,FT-2025-00876,B,4,117.02,468.08,76.00,0.5
R25-001569,2025-05-09,FT-2025-00887,B,10,115.93,1159.30,76.00,0.5
R25-001570,2025-05-09,FT-2025-00887,C,9,294.14,2647.26,238.00,3.0
R25-001571,2025-05-09,FT-2025-00895,A,3,197.44,592.32,117.00,1.5
R25-001572,2025-05-09,FT-2025-00895,A,1,198.62,198.62,117.00,1.5
R25-001573,2025-05-09,FT-2025-00910,B,1,117.26,117.26,76.00,0.5
R25-001574,2025-05-09,FT-2025-00923,C,6,288.23,1729.38,238.00,3.0
R25-001575,2025-05-09,FT-2025-00923,A,6,162.13,972.78,117.00,1.5
R25-001576,2025-05-09,FT-2025-00937,A,1,189.94,189.94,117.00,1.5
R25-001577,2025-05-09,FT-2025-00955,B,13,117.53,1527.89,76.00,0.5
R25-001578,2025-05-09,FT-2025-00955,C,6,291.94,1751.64,238.00,3.0
R25-001579,2025-05-09,FT-2025-00994,A,2,198.22,396.44,117.00,1.5
R25-001580,2025-05-09,FT-2025-00994,A,1,195.88,195.88,117.00,1.5
R25-001581,2025-05-09,FT-2025-00994,A,1,196.08,196.08,117.00,1.5
R25-001582,2025-05-09,FT-2025-01026,A,1,197.35,197.35,117.00,1.5
R25-001583,2025-05-09,FT-2025-01026,A,1,193.55,193.55,117.00,1.5
R25-001584,2025-05-09,FT-2025-01026,A,2,192.74,385.48,117.00,1.5
R25-001585,2025-05-09,FT-2025-01041,B,1,108.00,108.00,76.00,0.5
R25-001586,2025-05-09,FT-2025-01041,A,4,196.85,787.40,117.00,1.5
R25-001587,2025-05-12,FT-2025-00850,C,14,294.15,4118.10,238.00,3.0
R25-001588,2025-05-12,FT-2025-00850,B,17,115.28,1959.76,76.00,0.5
R25-001589,2025-05-12,FT-2025-00850,A,7,163.32,1143.24,117.00,1.5
R25-001590,2025-05-12,FT-2025-00875,A,2,200.00,400.00,117.00,1.5
R25-001591,2025-05-12,FT-2025-00875,B,2,119.55,239.10,76.00,0.5
R25-001592,2025-05-12,FT-2025-00894,A,2,200.00,400.00,117.00,1.5
R25-001593,2025-05-12,FT-2025-00909,B,9,111.81,1006.29,76.00,0.5
R25-001594,2025-05-12,FT-2025-00909,B,14,112.54,1575.56,76.00,0.5
R25-001595,2025-05-12,FT-2025-00909,A,11,163.47,1798.17,117.00,1.5
R25-001596,2025-05-12,FT-2025-00924,A,3,197.63,592.89,117.00,1.5
R25-001597,2025-05-12,FT-2025-00924,B,1,110.74,110.74,76.00,0.5
R25-001598,2025-05-12,FT-2025-00935,B,19,116.41,2211.79,76.00,0.5
R25-001599,2025-05-12,FT-2025-00935,B,7,117.78,824.46,76.00,0.5
R25-001600,2025-05-12,FT-2025-00935,B,12,117.03,1404.36,76.00,0.5
R25-001601,2025-05-12,FT-2025-00967,B,15,109.96,1649.40,76.00,0.5
R25-001602,2025-05-12,FT-2025-00968,A,1,184.40,184.40,117.00,1.5
R25-001603,2025-05-12,FT-2025-00968,B,2,120.00,240.00,76.00,0.5
R25-001604,2025-05-12,FT-2025-00984,A,4,162.22,648.88,117.00,1.5
R25-001605,2025-05-12,FT-2025-01024,A,5,185.53,927.65,117.00,1.5
R25-001606,2025-05-12,FT-2025-01024,B,1,108.00,108.00,76.00,0.5
R25-001607,2025-05-12,FT-2025-01039,A,2,192.74,385.48,117.00,1.5
R25-001608,2025-05-12,FT-2025-01045,A,4,186.22,744.88,117.00,1.5
R25-001609,2025-05-13,FT-2025-00836,A,1,200.00,200.00,117.00,1.5
R25-001610,2025-05-13,FT-2025-00840,C,2,297.00,594.00,238.00,3.0
R25-001611,2025-05-13,FT-2025-00864,B,2,116.85,233.70,76.00,0.5
R25-001612,2025-05-13,FT-2025-00934,A,2,193.64,387.28,117.00,1.5
R25-001613,2025-05-13,FT-2025-00934,B,1,120.00,120.00,76.00,0.5
R25-001614,2025-05-13,FT-2025-00954,A,3,200.00,600.00,117.00,1.5
R25-001615,2025-05-13,FT-2025-00954,B,1,120.00,120.00,76.00,0.5
R25-001616,2025-05-13,FT-2025-00954,A,2,200.00,400.00,117.00,1.5
R25-001617,2025-05-13,FT-2025-00959,C,4,291.98,1167.92,238.00,3.0
R25-001618,2025-05-13,FT-2025-00959,B,8,118.60,948.80,76.00,0.5
R25-001619,2025-05-13,FT-2025-00965,A,10,152.45,1524.50,117.00,1.5
R25-001620,2025-05-13,FT-2025-00999,B,1,120.00,120.00,76.00,0.5
R25-001621,2025-05-13,FT-2025-00999,A,3,200.00,600.00,117.00,1.5
R25-001622,2025-05-13,FT-2025-01021,A,2,200.00,400.00,117.00,1.5
R25-001623,2025-05-13,FT-2025-01021,A,1,198.50,198.50,117.00,1.5
R25-001624,2025-05-13,FT-2025-01021,B,1,120.00,120.00,76.00,0.5
R25-001625,2025-05-14,FT-2025-00848,A,4,146.35,585.40,117.00,1.5
R25-001626,2025-05-14,FT-2025-00848,B,11,116.75,1284.25,76.00,0.5
R25-001627,2025-05-14,FT-2025-00868,A,1,192.76,192.76,117.00,1.5
R25-001628,2025-05-14,FT-2025-00880,A,9,163.27,1469.43,117.00,1.5
R25-001629,2025-05-14,FT-2025-00880,B,14,111.83,1565.62,76.00,0.5
R25-001630,2025-05-14,FT-2025-00896,A,2,200.00,400.00,117.00,1.5
R25-001631,2025-05-14,FT-2025-00912,B,7,108.00,756.00,76.00,0.5
R25-001632,2025-05-14,FT-2025-00912,A,5,194.85,974.25,117.00,1.5
R25-001633,2025-05-14,FT-2025-00930,A,6,187.40,1124.40,117.00,1.5
R25-001634,2025-05-14,FT-2025-00949,A,1,200.00,200.00,117.00,1.5
R25-001635,2025-05-14,FT-2025-00957,B,2,112.50,225.00,76.00,0.5
R25-001636,2025-05-14,FT-2025-00957,A,3,199.17,597.51,117.00,1.5
R25-001637,2025-05-14,FT-2025-00985,B,15,116.35,1745.25,76.00,0.5
R25-001638,2025-05-14,FT-2025-00985,A,6,151.86,911.16,117.00,1.5
R25-001639,2025-05-14,FT-2025-00989,A,5,161.53,807.65,117.00,1.5
R25-001640,2025-05-14,FT-2025-01000,B,1,108.00,108.00,76.00,0.5
R25-001641,2025-05-14,FT-2025-01000,A,2,192.03,384.06,117.00,1.5
R25-001642,2025-05-14,FT-2025-01005,C,5,291.57,1457.85,238.00,3.0
R25-001643,2025-05-14,FT-2025-01007,A,3,197.24,591.72,117.00,1.5
R25-001644,2025-05-14,FT-2025-01018,B,2,117.39,234.78,76.00,0.5
R25-001645,2025-05-14,FT-2025-01027,B,1,120.00,120.00,76.00,0.5
R25-001646,2025-05-14,FT-2025-01027,A,2,196.96,393.92,117.00,1.5
R25-001647,2025-05-14,FT-2025-01040,A,8,160.76,1286.08,117.00,1.5
R25-001648,2025-05-14,FT-2025-01040,B,24,117.17,2812.08,76.00,0.5
R25-001649,2025-05-15,FT-2025-00843,B,17,117.12,1991.04,76.00,0.5
R25-001650,2025-05-15,FT-2025-00885,A,2,192.96,385.92,117.00,1.5
R25-001651,2025-05-15,FT-2025-00885,A,2,191.86,383.72,117.00,1.5
R25-001652,2025-05-15,FT-2025-00905,B,3,119.53,358.59,76.00,0.5
R25-001653,2025-05-15,FT-2025-00905,A,1,200.00,200.00,117.00,1.5
R25-001654,2025-05-15,FT-2025-00905,A,2,200.00,400.00,117.00,1.5
R25-001655,2025-05-15,FT-2025-00953,A,4,188.76,755.04,117.00,1.5
R25-001656,2025-05-15,FT-2025-00953,B,10,108.69,1086.90,76.00,0.5
R25-001657,2025-05-15,FT-2025-00972,A,2,193.28,386.56,117.00,1.5
R25-001658,2025-05-15,FT-2025-00972,B,1,120.00,120.00,76.00,0.5
R25-001659,2025-05-15,FT-2025-00979,B,2,110.72,221.44,76.00,0.5
R25-001660,2025-05-15,FT-2025-00979,A,3,198.56,595.68,117.00,1.5
R25-001661,2025-05-15,FT-2025-00990,A,7,160.33,1122.31,117.00,1.5
R25-001662,2025-05-15,FT-2025-00990,C,15,289.41,4341.15,238.00,3.0
R25-001663,2025-05-15,FT-2025-00990,B,18,117.73,2119.14,76.00,0.5
R25-001664,2025-05-15,FT-2025-01042,B,15,116.60,1749.00,76.00,0.5
R25-001665,2025-05-16,FT-2025-00842,A,2,198.01,396.02,117.00,1.5
R25-001666,2025-05-16,FT-2025-00844,A,7,161.75,1132.25,117.00,1.5
R25-001667,2025-05-16,FT-2025-00861,A,9,163.15,1468.35,117.00,1.5
R25-001668,2025-05-16,FT-2025-00861,B,6,109.43,656.58,76.00,0.5
R25-001669,2025-05-16,FT-2025-00861,C,5,292.91,1464.55,238.00,3.0
R25-001670,2025-05-16,FT-2025-00874,B,12,109.77,1317.24,76.00,0.5
R25-001671,2025-05-16,FT-2025-00874,B,5,109.79,548.95,76.00,0.5
R25-001672,2025-05-16,FT-2025-00890,A,2,199.65,399.30,117.00,1.5
R25-001673,2025-05-16,FT-2025-00898,A,5,184.50,922.50,117.00,1.5
R25-001674,2025-05-16,FT-2025-00898,A,3,182.01,546.03,117.00,1.5
R25-001675,2025-05-16,FT-2025-00906,A,2,195.33,390.66,117.00,1.5
R25-001676,2025-05-16,FT-2025-00936,B,1,110.01,110.01,76.00,0.5
R25-001677,2025-05-16,FT-2025-00936,A,3,200.00,600.00,117.00,1.5
R25-001678,2025-05-16,FT-2025-00997,B,18,110.55,1989.90,76.00,0.5
R25-001679,2025-05-16,FT-2025-00997,A,4,160.84,643.36,117.00,1.5
R25-001680,2025-05-19,FT-2025-00845,B,15,116.59,1748.85,76.00,0.5
R25-001681,2025-05-19,FT-2025-00845,A,3,162.46,487.38,117.00,1.5
R25-001682,2025-05-19,FT-2025-00854,A,3,200.00,600.00,117.00,1.5
R25-001683,2025-05-19,FT-2025-00854,B,2,120.00,240.00,76.00,0.5
R25-001684,2025-05-19,FT-2025-00854,A,1,200.00,200.00,117.00,1.5
R25-001685,2025-05-19,FT-2025-00860,C,3,288.65,865.95,238.00,3.0
R25-001686,2025-05-19,FT-2025-00901,A,4,200.00,800.00,117.00,1.5
R25-001687,2025-05-19,FT-2025-00902,B,2,120.00,240.00,76.00,0.5
R25-001688,2025-05-19,FT-2025-00902,A,3,200.00,600.00,117.00,1.5
R25-001689,2025-05-19,FT-2025-00911,A,3,193.27,579.81,117.00,1.5
R25-001690,2025-05-19,FT-2025-00913,B,1,118.85,118.85,76.00,0.5
R25-001691,2025-05-19,FT-2025-00915,A,10,194.91,1949.10,117.00,1.5
R25-001692,2025-05-19,FT-2025-00915,C,7,293.72,2056.04,238.00,3.0
R25-001693,2025-05-19,FT-2025-00915,B,3,118.49,355.47,76.00,0.5
R25-001694,2025-05-19,FT-2025-00927,B,1,120.00,120.00,76.00,0.5
R25-001695,2025-05-19,FT-2025-00927,A,1,197.41,197.41,117.00,1.5
R25-001696,2025-05-19,FT-2025-00927,A,2,199.44,398.88,117.00,1.5
R25-001697,2025-05-19,FT-2025-00931,B,4,119.99,479.96,76.00,0.5
R25-001698,2025-05-19,FT-2025-00931,A,2,200.00,400.00,117.00,1.5
R25-001699,2025-05-19,FT-2025-00932,B,15,116.34,1745.10,76.00,0.5
R25-001700,2025-05-19,FT-2025-00945,A,2,197.42,394.84,117.00,1.5
R25-001701,2025-05-19,FT-2025-00969,A,1,193.58,193.58,117.00,1.5
R25-001702,2025-05-19,FT-2025-00969,A,3,190.58,571.74,117.00,1.5
R25-001703,2025-05-20,FT-2025-00903,A,1,196.34,196.34,117.00,1.5
R25-001704,2025-05-20,FT-2025-00903,A,1,194.07,194.07,117.00,1.5
R25-001705,2025-05-20,FT-2025-00916,A,2,192.37,384.74,117.00,1.5
R25-001706,2025-05-20,FT-2025-00916,A,2,199.27,398.54,117.00,1.5
R25-001707,2025-05-20,FT-2025-00916,B,1,115.00,115.00,76.00,0.5
R25-001708,2025-05-20,FT-2025-00918,A,3,198.39,595.17,117.00,1.5
R25-001709,2025-05-20,FT-2025-00918,B,1,115.00,115.00,76.00,0.5
R25-001710,2025-05-20,FT-2025-00926,A,3,190.16,570.48,117.00,1.5
R25-001711,2025-05-20,FT-2025-00926,B,5,108.00,540.00,76.00,0.5
R25-001712,2025-05-20,FT-2025-00926,A,10,186.17,1861.70,117.00,1.5
R25-001713,2025-05-20,FT-2025-00940,A,2,192.00,384.00,117.00,1.5
R25-001714,2025-05-20,FT-2025-00941,A,2,190.31,380.62,117.00,1.5
R25-001715,2025-05-20,FT-2025-00941,B,1,108.00,108.00,76.00,0.5
R25-001716,2025-05-20,FT-2025-00941,A,5,193.88,969.40,117.00,1.5
R25-001717,2025-05-20,FT-2025-01009,A,3,195.80,587.40,117.00,1.5
R25-001718,2025-05-20,FT-2025-01009,B,1,120.00,120.00,76.00,0.5
R25-001719,2025-05-20,FT-2025-01025,A,8,162.24,1297.92,117.00,1.5
R25-001720,2025-05-20,FT-2025-01032,B,6,116.61,699.66,76.00,0.5
R25-001721,2025-05-20,FT-2025-01032,B,9,116.88,1051.92,76.00,0.5
R25-001722,2025-05-21,FT-2025-00853,B,13,109.58,1424.54,76.00,0.5
R25-001723,2025-05-21,FT-2025-00853,A,3,160.92,482.76,117.00,1.5
R25-001724,2025-05-21,FT-2025-00857,A,2,193.74,387.48,117.00,1.5
R25-001725,2025-05-21,FT-2025-00886,A,5,160.64,803.20,117.00,1.5
R25-001726,2025-05-21,FT-2025-00886,C,3,293.42,880.26,238.00,3.0
R25-001727,2025-05-21,FT-2025-00886,B,22,110.00,2420.00,76.00,0.5
R25-001728,2025-05-21,FT-2025-00889,B,7,111.95,783.65,76.00,0.5
R25-001729,2025-05-21,FT-2025-00889,C,4,281.31,1125.24,238.00,3.0
R25-001730,2025-05-21,FT-2025-00946,A,3,197.53,592.59,117.00,1.5
R25-001731,2025-05-21,FT-2025-00946,B,1,120.00,120.00,76.00,0.5
R25-001732,2025-05-21,FT-2025-00956,B,11,116.49,1281.39,76.00,0.5
R25-001733,2025-05-21,FT-2025-00956,B,15,116.70,1750.50,76.00,0.5
R25-001734,2025-05-21,FT-2025-00960,A,6,161.32,967.92,117.00,1.5
R25-001735,2025-05-21,FT-2025-01028,A,1,200.00,200.00,117.00,1.5
R25-001736,2025-05-21,FT-2025-01028,B,2,120.00,240.00,76.00,0.5
R25-001737,2025-05-21,FT-2025-01038,C,5,292.07,1460.35,238.00,3.0
R25-001738,2025-05-21,FT-2025-01038,B,12,116.34,1396.08,76.00,0.5
R25-001739,2025-05-21,FT-2025-01038,A,6,161.47,968.82,117.00,1.5
R25-001740,2025-05-21,FT-2025-01044,B,12,117.47,1409.64,76.00,0.5
R25-001741,2025-05-21,FT-2025-01044,C,3,296.96,890.88,238.00,3.0
R25-001742,2025-05-21,FT-2025-01044,B,12,116.97,1403.64,76.00,0.5
R25-001743,2025-05-22,FT-2025-00849,C,1,288.05,288.05,238.00,3.0
R25-001744,2025-05-22,FT-2025-00849,B,5,117.26,586.30,76.00,0.5
R25-001745,2025-05-22,FT-2025-00849,A,11,163.48,1798.28,117.00,1.5
R25-001746,2025-05-22,FT-2025-00852,B,10,117.68,1176.80,76.00,0.5
R25-001747,2025-05-22,FT-2025-00852,B,10,117.61,1176.10,76.00,0.5
R25-001748,2025-05-22,FT-2025-00871,B,4,117.96,471.84,76.00,0.5
R25-001749,2025-05-22,FT-2025-00897,B,3,106.69,320.07,76.00,0.5
R25-001750,2025-05-22,FT-2025-00919,A,1,198.46,198.46,117.00,1.5
R25-001751,2025-05-22,FT-2025-00919,A,3,198.34,595.02,117.00,1.5
R25-001752,2025-05-22,FT-2025-00922,A,10,153.20,1532.00,117.00,1.5
R25-001753,2025-05-22,FT-2025-00922,B,5,116.60,583.00,76.00,0.5
R25-001754,2025-05-22,FT-2025-00944,A,2,185.12,370.24,117.00,1.5
R25-001755,2025-05-22,FT-2025-01013,A,1,190.48,190.48,117.00,1.5
R25-001756,2025-05-22,FT-2025-01013,B,2,120.00,240.00,76.00,0.5
R25-001757,2025-05-22,FT-2025-01013,A,2,193.16,386.32,117.00,1.5
R25-001758,2025-05-23,FT-2025-00834,B,1,120.00,120.00,76.00,0.5
R25-001759,2025-05-23,FT-2025-00834,B,1,120.00,120.00,76.00,0.5
R25-001760,2025-05-23,FT-2025-00834,A,1,189.00,189.00,117.00,1.5
R25-001761,2025-05-23,FT-2025-00847,B,22,109.60,2411.20,76.00,0.5
R25-001762,2025-05-23,FT-2025-00847,A,5,162.03,810.15,117.00,1.5
R25-001763,2025-05-23,FT-2025-00866,B,6,117.00,702.00,76.00,0.5
R25-001764,2025-05-23,FT-2025-00867,A,5,195.28,976.40,117.00,1.5
R25-001765,2025-05-23,FT-2025-00943,A,6,162.80,976.80,117.00,1.5
R25-001766,2025-05-23,FT-2025-00943,B,9,116.93,1052.37,76.00,0.5
R25-001767,2025-05-23,FT-2025-00943,B,5,116.83,584.15,76.00,0.5
R25-001768,2025-05-23,FT-2025-00947,B,9,109.25,983.25,76.00,0.5
R25-001769,2025-05-23,FT-2025-00947,A,6,163.24,979.44,117.00,1.5
R25-001770,2025-05-23,FT-2025-00947,B,16,109.84,1757.44,76.00,0.5
R25-001771,2025-05-23,FT-2025-01037,B,2,109.83,219.66,76.00,0.5
R25-001772,2025-05-23,FT-2025-01037,A,3,196.78,590.34,117.00,1.5
R25-001773,2025-05-26,FT-2025-00835,A,2,198.35,396.70,117.00,1.5
R25-001774,2025-05-26,FT-2025-00892,B,3,109.12,327.36,76.00,0.5
R25-001775,2025-05-26,FT-2025-00892,A,7,188.24,1317.68,117.00,1.5
R25-001776,2025-05-26,FT-2025-00892,A,6,186.01,1116.06,117.00,1.5
R25-001777,2025-05-26,FT-2025-00938,B,17,107.73,1831.41,76.00,0.5
R25-001778,2025-05-26,FT-2025-00938,A,7,163.26,1142.82,117.00,1.5
R25-001779,2025-05-26,FT-2025-01004,A,2,190.28,380.56,117.00,1.5
R25-001780,2025-05-26,FT-2025-01004,A,2,192.36,384.72,117.00,1.5
R25-001781,2025-05-26,FT-2025-01015,B,1,113.20,113.20,76.00,0.5
R25-001782,2025-05-26,FT-2025-01015,A,2,200.00,400.00,117.00,1.5
R25-001783,2025-05-26,FT-2025-01015,B,1,120.00,120.00,76.00,0.5
R25-001784,2025-05-26,FT-2025-01020,A,3,157.10,471.30,117.00,1.5
R25-001785,2025-05-26,FT-2025-01029,A,2,192.02,384.04,117.00,1.5
R25-001786,2025-05-26,FT-2025-01034,A,3,198.99,596.97,117.00,1.5
R25-001787,2025-05-26,FT-2025-01034,A,2,197.43,394.86,117.00,1.5
R25-001788,2025-05-26,FT-2025-01034,B,1,120.00,120.00,76.00,0.5
R25-001789,2025-05-27,FT-2025-00873,A,1,182.54,182.54,117.00,1.5
R25-001790,2025-05-27,FT-2025-00882,C,4,291.44,1165.76,238.00,3.0
R25-001791,2025-05-27,FT-2025-00882,B,14,116.70,1633.80,76.00,0.5
R25-001792,2025-05-27,FT-2025-00920,A,10,196.24,1962.40,117.00,1.5
R25-001793,2025-05-27,FT-2025-00928,A,2,193.29,386.58,117.00,1.5
R25-001794,2025-05-27,FT-2025-00950,A,2,160.81,321.62,117.00,1.5
R25-001795,2025-05-27,FT-2025-00973,B,8,115.91,927.28,76.00,0.5
R25-001796,2025-05-27,FT-2025-00975,A,2,200.00,400.00,117.00,1.5
R25-001797,2025-05-27,FT-2025-00975,B,1,120.00,120.00,76.00,0.5
R25-001798,2025-05-27,FT-2025-01001,B,21,110.54,2321.34,76.00,0.5
R25-001799,2025-05-27,FT-2025-01002,C,15,287.12,4306.80,238.00,3.0
R25-001800,2025-05-27,FT-2025-01002,A,5,162.21,811.05,117.00,1.5
R25-001801,2025-05-27,FT-2025-01002,B,13,117.93,1533.09,76.00,0.5
R25-001802,2025-05-27,FT-2025-01010,A,2,162.08,324.16,117.00,1.5
R25-001803,2025-05-27,FT-2025-01012,A,10,189.45,1894.50,117.00,1.5
R25-001804,2025-05-27,FT-2025-01033,A,2,190.45,380.90,117.00,1.5
R25-001805,2025-05-28,FT-2025-00879,A,1,196.44,196.44,117.00,1.5
R25-001806,2025-05-28,FT-2025-00884,A,3,195.27,585.81,117.00,1.5
R25-001807,2025-05-28,FT-2025-00891,B,21,111.76,2346.96,76.00,0.5
R25-001808,2025-05-28,FT-2025-00904,B,1,116.47,116.47,76.00,0.5
R25-001809,2025-05-28,FT-2025-00904,A,3,196.80,590.40,117.00,1.5
R25-001810,2025-05-28,FT-2025-00977,A,9,162.30,1460.70,117.00,1.5
R25-001811,2025-05-28,FT-2025-00977,A,7,162.68,1138.76,117.00,1.5
R25-001812,2025-05-28,FT-2025-00978,B,1,113.82,113.82,76.00,0.5
R25-001813,2025-05-28,FT-2025-00978,A,10,157.69,1576.90,117.00,1.5
R25-001814,2025-05-28,FT-2025-00992,B,6,116.79,700.74,76.00,0.5
R25-001815,2025-05-28,FT-2025-00992,B,12,117.79,1413.48,76.00,0.5
R25-001816,2025-05-28,FT-2025-01023,A,2,197.64,395.28,117.00,1.5
R25-001817,2025-05-28,FT-2025-01030,C,5,287.28,1436.40,238.00,3.0
R25-001818,2025-05-29,FT-2025-00837,B,8,108.38,867.04,76.00,0.5
R25-001819,2025-05-29,FT-2025-00921,C,5,284.11,1420.55,238.00,3.0
R25-001820,2025-05-29,FT-2025-00921,A,5,160.52,802.60,117.00,1.5
R25-001821,2025-05-29,FT-2025-00921,B,2,117.20,234.40,76.00,0.5
R25-001822,2025-05-29,FT-2025-00964,B,2,120.00,240.00,76.00,0.5
R25-001823,2025-05-29,FT-2025-00964,A,2,193.59,387.18,117.00,1.5
R25-001824,2025-05-29,FT-2025-00980,A,3,194.94,584.82,117.00,1.5
R25-001825,2025-05-29,FT-2025-00991,A,1,198.57,198.57,117.00,1.5
R25-001826,2025-05-29,FT-2025-00991,A,3,200.00,600.00,117.00,1.5
R25-001827,2025-05-29,FT-2025-00991,A,1,198.89,198.89,117.00,1.5
R25-001828,2025-05-29,FT-2025-01008,A,2,200.00,400.00,117.00,1.5
R25-001829,2025-05-29,FT-2025-01008,B,1,120.00,120.00,76.00,0.5
R25-001830,2025-05-29,FT-2025-01011,B,5,118.62,593.10,76.00,0.5
R25-001831,2025-05-29,FT-2025-01022,A,3,190.81,572.43,117.00,1.5
R25-001832,2025-05-29,FT-2025-01022,A,3,189.82,569.46,117.00,1.5
R25-001833,2025-05-30,FT-2025-00839,A,1,200.00,200.00,117.00,1.5
R25-001834,2025-05-30,FT-2025-00859,B,23,117.34,2698.82,76.00,0.5
R25-001835,2025-05-30,FT-2025-00863,B,1,120.00,120.00,76.00,0.5
R25-001836,2025-05-30,FT-2025-00863,A,3,196.67,590.01,117.00,1.5
R25-001837,2025-05-30,FT-2025-00877,A,9,162.72,1464.48,117.00,1.5
R25-001838,2025-05-30,FT-2025-00877,B,1,109.56,109.56,76.00,0.5
R25-001839,2025-05-30,FT-2025-00914,A,1,193.68,193.68,117.00,1.5
R25-001840,2025-05-30,FT-2025-00914,A,2,194.93,389.86,117.00,1.5
R25-001841,2025-05-30,FT-2025-00951,A,1,200.00,200.00,117.00,1.5
R25-001842,2025-05-30,FT-2025-00951,B,1,115.35,115.35,76.00,0.5
R25-001843,2025-05-30,FT-2025-00966,B,4,116.19,464.76,76.00,0.5
R25-001844,2025-05-30,FT-2025-00974,A,2,192.60,385.20,117.00,1.5
R25-001845,2025-05-30,FT-2025-00998,A,2,200.00,400.00,117.00,1.5
R25-001846,2025-05-30,FT-2025-00998,A,1,200.00,200.00,117.00,1.5
R25-001847,2025-05-30,FT-2025-00998,B,2,120.00,240.00,76.00,0.5
R25-001848,2025-05-30,FT-2025-01003,A,2,195.01,390.02,117.00,1.5
R25-001849,2025-05-30,FT-2025-01003,B,3,108.04,324.12,76.00,0.5
R25-001850,2025-05-30,FT-2025-01014,A,2,196.03,392.06,117.00,1.5
R25-001851,2025-05-30,FT-2025-01014,B,2,120.00,240.00,76.00,0.5
R25-001852,2025-05-30,FT-2025-01017,A,5,192.00,960.00,117.00,1.5
R25-001853,2025-05-30,FT-2025-01017,A,1,193.14,193.14,117.00,1.5
R25-001854,2025-05-30,FT-2025-01017,A,2,190.25,380.50,117.00,1.5
R25-001855,2025-05-30,FT-2025-01035,B,7,107.41,751.87,76.00,0.5
R25-001856,2025-05-30,FT-2025-01035,A,10,188.17,1881.70,117.00,1.5
R25-001857,2025-05-30,FT-2025-01036,A,2,199.83,399.66,117.00,1.5
R25-001858,2025-05-30,FT-2025-01036,B,1,120.00,120.00,76.00,0.5
R25-001859,2025-06-03,FT-2025-01054,A,8,151.61,1212.88,117.00,1.5
R25-001860,2025-06-03,FT-2025-01118,B,2,118.53,237.06,76.00,0.5
R25-001861,2025-06-03,FT-2025-01124,B,18,109.19,1965.42,76.00,0.5
R25-001862,2025-06-03,FT-2025-01134,A,4,197.68,790.72,117.00,1.5
R25-001863,2025-06-03,FT-2025-01134,B,1,120.00,120.00,76.00,0.5
R25-001864,2025-06-03,FT-2025-01148,B,4,119.08,476.32,76.00,0.5
R25-001865,2025-06-03,FT-2025-01148,B,6,118.44,710.64,76.00,0.5
R25-001866,2025-06-03,FT-2025-01170,B,12,110.70,1328.40,76.00,0.5
R25-001867,2025-06-03,FT-2025-01170,A,11,160.89,1769.79,117.00,1.5
R25-001868,2025-06-03,FT-2025-01171,A,1,198.22,198.22,117.00,1.5
R25-001869,2025-06-03,FT-2025-01175,A,2,189.36,378.72,117.00,1.5
R25-001870,2025-06-03,FT-2025-01175,A,3,190.31,570.93,117.00,1.5
R25-001871,2025-06-03,FT-2025-01203,B,3,119.44,358.32,76.00,0.5
R25-001872,2025-06-03,FT-2025-01203,A,1,200.00,200.00,117.00,1.5
R25-001873,2025-06-03,FT-2025-01213,B,11,116.92,1286.12,76.00,0.5
R25-001874,2025-06-03,FT-2025-01213,C,8,286.33,2290.64,238.00,3.0
R25-001875,2025-06-03,FT-2025-01213,B,5,116.07,580.35,76.00,0.5
R25-001876,2025-06-03,FT-2025-01242,A,1,187.27,187.27,117.00,1.5
R25-001877,2025-06-03,FT-2025-01242,A,2,185.59,371.18,117.00,1.5
R25-001878,2025-06-04,FT-2025-01047,A,2,200.00,400.00,117.00,1.5
R25-001879,2025-06-04,FT-2025-01047,A,1,199.34,199.34,117.00,1.5
R25-001880,2025-06-04,FT-2025-01047,A,1,200.00,200.00,117.00,1.5
R25-001881,2025-06-04,FT-2025-01049,B,4,117.73,470.92,76.00,0.5
R25-001882,2025-06-04,FT-2025-01049,A,7,161.80,1132.60,117.00,1.5
R25-001883,2025-06-04,FT-2025-01049,B,5,116.65,583.25,76.00,0.5
R25-001884,2025-06-04,FT-2025-01123,A,1,191.05,191.05,117.00,1.5
R25-001885,2025-06-04,FT-2025-01133,A,9,154.19,1387.71,117.00,1.5
R25-001886,2025-06-04,FT-2025-01144,A,5,197.19,985.95,117.00,1.5
R25-001887,2025-06-04,FT-2025-01222,A,1,196.34,196.34,117.00,1.5
R25-001888,2025-06-04,FT-2025-01256,A,1,196.71,196.71,117.00,1.5
R25-001889,2025-06-04,FT-2025-01260,B,1,120.00,120.00,76.00,0.5
R25-001890,2025-06-04,FT-2025-01260,A,2,200.00,400.00,117.00,1.5
R25-001891,2025-06-04,FT-2025-01261,B,3,117.36,352.08,76.00,0.5
R25-001892,2025-06-04,FT-2025-01261,A,3,200.00,600.00,117.00,1.5
R25-001893,2025-06-05,FT-2025-01087,B,19,111.30,2114.70,76.00,0.5
R25-001894,2025-06-05,FT-2025-01087,B,8,110.69,885.52,76.00,0.5
R25-001895,2025-06-05,FT-2025-01087,C,6,295.39,1772.34,238.00,3.0
R25-001896,2025-06-05,FT-2025-01110,A,6,163.12,978.72,117.00,1.5
R25-001897,2025-06-05,FT-2025-01187,A,4,196.09,784.36,117.00,1.5
R25-001898,2025-06-05,FT-2025-01188,B,4,117.13,468.52,76.00,0.5
R25-001899,2025-06-05,FT-2025-01194,C,4,295.69,1182.76,238.00,3.0
R25-001900,2025-06-05,FT-2025-01194,B,12,116.29,1395.48,76.00,0.5
R25-001901,2025-06-05,FT-2025-01229,A,3,200.00,600.00,117.00,1.5
R25-001902,2025-06-05,FT-2025-01229,B,3,119.11,357.33,76.00,0.5
R25-001903,2025-06-05,FT-2025-01229,B,1,118.48,118.48,76.00,0.5
R25-001904,2025-06-05,FT-2025-01235,C,2,293.49,586.98,238.00,3.0
R25-001905,2025-06-05,FT-2025-01235,B,19,110.57,2100.83,76.00,0.5
R25-001906,2025-06-05,FT-2025-01237,B,17,115.34,1960.78,76.00,0.5
R25-001907,2025-06-05,FT-2025-01237,B,8,116.52,932.16,76.00,0.5
R25-001908,2025-06-05,FT-2025-01237,A,11,147.02,1617.22,117.00,1.5
R25-001909,2025-06-06,FT-2025-01116,A,3,197.89,593.67,117.00,1.5
R25-001910,2025-06-06,FT-2025-01116,B,2,120.00,240.00,76.00,0.5
R25-001911,2025-06-06,FT-2025-01131,A,1,195.85,195.85,117.00,1.5
R25-001912,2025-06-06,FT-2025-01131,A,2,194.56,389.12,117.00,1.5
R25-001913,2025-06-06,FT-2025-01131,A,1,196.66,196.66,117.00,1.5
R25-001914,2025-06-06,FT-2025-01169,A,3,190.87,572.61,117.00,1.5
R25-001915,2025-06-06,FT-2025-01172,B,2,120.00,240.00,76.00,0.5
R25-001916,2025-06-06,FT-2025-01172,A,3,191.69,575.07,117.00,1.5
R25-001917,2025-06-06,FT-2025-01184,A,1,193.14,193.14,117.00,1.5
R25-001918,2025-06-06,FT-2025-01184,A,3,189.92,569.76,117.00,1.5
R25-001919,2025-06-06,FT-2025-01199,B,8,117.28,938.24,76.00,0.5
R25-001920,2025-06-06,FT-2025-01207,B,7,108.62,760.34,76.00,0.5
R25-001921,2025-06-06,FT-2025-01220,B,18,109.96,1979.28,76.00,0.5
R25-001922,2025-06-06,FT-2025-01220,B,11,109.83,1208.13,76.00,0.5
R25-001923,2025-06-06,FT-2025-01247,B,7,109.66,767.62,76.00,0.5
R25-001924,2025-06-06,FT-2025-01247,A,9,162.72,1464.48,117.00,1.5
R25-001925,2025-06-06,FT-2025-01248,A,3,184.01,552.03,117.00,1.5
R25-001926,2025-06-09,FT-2025-01077,A,3,192.63,577.89,117.00,1.5
R25-001927,2025-06-09,FT-2025-01080,A,2,196.04,392.08,117.00,1.5
R25-001928,2025-06-09,FT-2025-01080,B,1,120.00,120.00,76.00,0.5
R25-001929,2025-06-09,FT-2025-01082,B,1,120.00,120.00,76.00,0.5
R25-001930,2025-06-09,FT-2025-01082,A,2,196.29,392.58,117.00,1.5
R25-001931,2025-06-09,FT-2025-01082,A,2,196.34,392.68,117.00,1.5
R25-001932,2025-06-09,FT-2025-01085,A,8,189.07,1512.56,117.00,1.5
R25-001933,2025-06-09,FT-2025-01085,A,5,189.40,947.00,117.00,1.5
R25-001934,2025-06-09,FT-2025-01085,A,15,190.44,2856.60,117.00,1.5
R25-001935,2025-06-09,FT-2025-01094,C,4,290.28,1161.12,238.00,3.0
R25-001936,2025-06-09,FT-2025-01094,A,8,157.54,1260.32,117.00,1.5
R25-001937,2025-06-09,FT-2025-01095,B,2,119.02,238.04,76.00,0.5
R25-001938,2025-06-09,FT-2025-01095,A,3,199.63,598.89,117.00,1.5
R25-001939,2025-06-09,FT-2025-01132,C,8,288.48,2307.84,238.00,3.0
R25-001940,2025-06-09,FT-2025-01132,B,4,116.22,464.88,76.00,0.5
R25-001941,2025-06-09,FT-2025-01132,B,11,116.88,1285.68,76.00,0.5
R25-001942,2025-06-09,FT-2025-01136,B,2,119.95,239.90,76.00,0.5
R25-001943,2025-06-09,FT-2025-01136,B,1,117.89,117.89,76.00,0.5
R25-001944,2025-06-09,FT-2025-01136,A,3,200.00,600.00,117.00,1.5
R25-001945,2025-06-09,FT-2025-01157,B,2,115.37,230.74,76.00,0.5
R25-001946,2025-06-09,FT-2025-01157,A,2,200.00,400.00,117.00,1.5
R25-001947,2025-06-09,FT-2025-01160,B,21,109.24,2294.04,76.00,0.5
R25-001948,2025-06-09,FT-2025-01216,B,9,116.90,1052.10,76.00,0.5
R25-001949,2025-06-09,FT-2025-01216,B,7,118.26,827.82,76.00,0.5
R25-001950,2025-06-09,FT-2025-01221,C,9,291.49,2623.41,238.00,3.0
R25-001951,2025-06-09,FT-2025-01226,A,3,200.00,600.00,117.00,1.5
R25-001952,2025-06-09,FT-2025-01226,B,2,120.00,240.00,76.00,0.5
R25-001953,2025-06-09,FT-2025-01234,A,2,194.44,388.88,117.00,1.5
R25-001954,2025-06-09,FT-2025-01255,B,6,118.04,708.24,76.00,0.5
R25-001955,2025-06-10,FT-2025-01058,A,2,200.00,400.00,117.00,1.5
R25-001956,2025-06-10,FT-2025-01058,A,1,200.00,200.00,117.00,1.5
R25-001957,2025-06-10,FT-2025-01058,B,3,115.05,345.15,76.00,0.5
R25-001958,2025-06-10,FT-2025-01065,B,1,120.00,120.00,76.00,0.5
R25-001959,2025-06-10,FT-2025-01065,A,2,195.80,391.60,117.00,1.5
R25-001960,2025-06-10,FT-2025-01081,B,6,117.94,707.64,76.00,0.5
R25-001961,2025-06-10,FT-2025-01121,B,1,118.02,118.02,76.00,0.5
R25-001962,2025-06-10,FT-2025-01149,A,3,190.70,572.10,117.00,1.5
R25-001963,2025-06-10,FT-2025-01149,A,1,194.47,194.47,117.00,1.5
R25-001964,2025-06-10,FT-2025-01151,A,1,198.81,198.81,117.00,1.5
R25-001965,2025-06-10,FT-2025-01151,A,1,198.50,198.50,117.00,1.5
R25-001966,2025-06-10,FT-2025-01158,A,3,181.58,544.74,117.00,1.5
R25-001967,2025-06-10,FT-2025-01158,A,2,181.58,363.16,117.00,1.5
R25-001968,2025-06-10,FT-2025-01202,B,2,108.78,217.56,76.00,0.5
R25-001969,2025-06-10,FT-2025-01202,A,2,187.68,375.36,117.00,1.5
R25-001970,2025-06-10,FT-2025-01210,C,7,294.69,2062.83,238.00,3.0
R25-001971,2025-06-10,FT-2025-01210,B,3,115.91,347.73,76.00,0.5
R25-001972,2025-06-11,FT-2025-01074,B,13,116.03,1508.39,76.00,0.5
R25-001973,2025-06-11,FT-2025-01098,B,5,116.60,583.00,76.00,0.5
R25-001974,2025-06-11,FT-2025-01099,A,1,191.36,191.36,117.00,1.5
R25-001975,2025-06-11,FT-2025-01101,B,5,116.22,581.10,76.00,0.5
R25-001976,2025-06-11,FT-2025-01101,A,5,162.12,810.60,117.00,1.5
R25-001977,2025-06-11,FT-2025-01108,C,3,295.92,887.76,238.00,3.0
R25-001978,2025-06-11,FT-2025-01113,C,7,295.46,2068.22,238.00,3.0
R25-001979,2025-06-11,FT-2025-01113,A,9,160.66,1445.94,117.00,1.5
R25-001980,2025-06-11,FT-2025-01113,B,5,117.79,588.95,76.00,0.5
R25-001981,2025-06-11,FT-2025-01156,A,2,200.00,400.00,117.00,1.5
R25-001982,2025-06-11,FT-2025-01206,A,4,195.28,781.12,117.00,1.5
R25-001983,2025-06-11,FT-2025-01212,B,2,120.00,240.00,76.00,0.5
R25-001984,2025-06-11,FT-2025-01212,A,3,195.01,585.03,117.00,1.5
R25-001985,2025-06-11,FT-2025-01227,A,5,160.58,802.90,117.00,1.5
R25-001986,2025-06-11,FT-2025-01231,A,3,161.93,485.79,117.00,1.5
R25-001987,2025-06-11,FT-2025-01232,A,2,199.23,398.46,117.00,1.5
R25-001988,2025-06-11,FT-2025-01232,A,2,195.70,391.40,117.00,1.5
R25-001989,2025-06-12,FT-2025-01059,B,20,113.51,2270.20,76.00,0.5
R25-001990,2025-06-12,FT-2025-01059,A,7,159.42,1115.94,117.00,1.5
R25-001991,2025-06-12,FT-2025-01075,A,3,197.77,593.31,117.00,1.5
R25-001992,2025-06-12,FT-2025-01086,A,1,200.00,200.00,117.00,1.5
R25-001993,2025-06-12,FT-2025-01089,B,1,120.00,120.00,76.00,0.5
R25-001994,2025-06-12,FT-2025-01089,A,2,200.00,400.00,117.00,1.5
R25-001995,2025-06-12,FT-2025-01090,A,10,195.90,1959.00,117.00,1.5
R25-001996,2025-06-12,FT-2025-01114,A,3,189.93,569.79,117.00,1.5
R25-001997,2025-06-12,FT-2025-01114,A,1,193.35,193.35,117.00,1.5
R25-001998,2025-06-12,FT-2025-01120,B,1,108.00,108.00,76.00,0.5
R25-001999,2025-06-12,FT-2025-01120,A,2,199.73,399.46,117.00,1.5
R25-002000,2025-06-12,FT-2025-01135,A,5,161.02,805.10,117.00,1.5
R25-002001,2025-06-12,FT-2025-01138,C,4,281.62,1126.48,238.00,3.0
R25-002002,2025-06-12,FT-2025-01138,B,10,112.49,1124.90,76.00,0.5
R25-002003,2025-06-12,FT-2025-01141,C,4,285.67,1142.68,238.00,3.0
R25-002004,2025-06-12,FT-2025-01141,A,9,189.09,1701.81,117.00,1.5
R25-002005,2025-06-12,FT-2025-01185,A,6,152.56,915.36,117.00,1.5
R25-002006,2025-06-12,FT-2025-01185,C,5,270.00,1350.00,238.00,3.0
R25-002007,2025-06-12,FT-2025-01196,B,2,117.10,234.20,76.00,0.5
R25-002008,2025-06-12,FT-2025-01196,A,1,200.00,200.00,117.00,1.5
R25-002009,2025-06-12,FT-2025-01225,B,14,117.84,1649.76,76.00,0.5
R25-002010,2025-06-12,FT-2025-01225,B,11,116.35,1279.85,76.00,0.5
R25-002011,2025-06-12,FT-2025-01239,B,19,109.44,2079.36,76.00,0.5
R25-002012,2025-06-12,FT-2025-01239,A,7,162.85,1139.95,117.00,1.5
R25-002013,2025-06-12,FT-2025-01239,B,11,109.35,1202.85,76.00,0.5
R25-002014,2025-06-13,FT-2025-01091,A,2,193.41,386.82,117.00,1.5
R25-002015,2025-06-13,FT-2025-01119,A,11,163.81,1801.91,117.00,1.5
R25-002016,2025-06-13,FT-2025-01147,A,2,195.63,391.26,117.00,1.5
R25-002017,2025-06-13,FT-2025-01162,A,1,195.49,195.49,117.00,1.5
R25-002018,2025-06-13,FT-2025-01162,A,1,196.08,196.08,117.00,1.5
R25-002019,2025-06-13,FT-2025-01162,B,2,120.00,240.00,76.00,0.5
R25-002020,2025-06-13,FT-2025-01208,B,11,117.78,1295.58,76.00,0.5
R25-002021,2025-06-13,FT-2025-01214,B,12,107.54,1290.48,76.00,0.5
R25-002022,2025-06-13,FT-2025-01214,B,6,109.51,657.06,76.00,0.5
R25-002023,2025-06-16,FT-2025-01066,A,5,160.59,802.95,117.00,1.5
R25-002024,2025-06-16,FT-2025-01066,B,13,115.39,1500.07,76.00,0.5
R25-002025,2025-06-16,FT-2025-01078,A,2,194.54,389.08,117.00,1.5
R25-002026,2025-06-16,FT-2025-01078,A,2,193.52,387.04,117.00,1.5
R25-002027,2025-06-16,FT-2025-01106,A,1,197.69,197.69,117.00,1.5
R25-002028,2025-06-16,FT-2025-01111,B,6,109.71,658.26,76.00,0.5
R25-002029,2025-06-16,FT-2025-01130,A,3,188.13,564.39,117.00,1.5
R25-002030,2025-06-16,FT-2025-01205,A,1,198.63,198.63,117.00,1.5
R25-002031,2025-06-16,FT-2025-01205,A,1,197.94,197.94,117.00,1.5
R25-002032,2025-06-16,FT-2025-01205,B,1,120.00,120.00,76.00,0.5
R25-002033,2025-06-16,FT-2025-01209,A,3,199.14,597.42,117.00,1.5
R25-002034,2025-06-16,FT-2025-01209,B,1,114.80,114.80,76.00,0.5
R25-002035,2025-06-16,FT-2025-01228,B,10,116.60,1166.00,76.00,0.5
R25-002036,2025-06-16,FT-2025-01228,A,5,195.45,977.25,117.00,1.5
R25-002037,2025-06-17,FT-2025-01069,A,4,196.44,785.76,117.00,1.5
R25-002038,2025-06-17,FT-2025-01069,A,1,194.26,194.26,117.00,1.5
R25-002039,2025-06-17,FT-2025-01069,A,1,194.91,194.91,117.00,1.5
R25-002040,2025-06-17,FT-2025-01105,A,2,198.00,396.00,117.00,1.5
R25-002041,2025-06-17,FT-2025-01150,A,3,187.07,561.21,117.00,1.5
R25-002042,2025-06-17,FT-2025-01150,A,13,190.07,2470.91,117.00,1.5
R25-002043,2025-06-17,FT-2025-01150,B,8,108.89,871.12,76.00,0.5
R25-002044,2025-06-17,FT-2025-01159,A,3,162.04,486.12,117.00,1.5
R25-002045,2025-06-17,FT-2025-01159,B,13,110.24,1433.12,76.00,0.5
R25-002046,2025-06-17,FT-2025-01164,B,17,116.01,1972.17,76.00,0.5
R25-002047,2025-06-17,FT-2025-01164,B,4,116.86,467.44,76.00,0.5
R25-002048,2025-06-17,FT-2025-01164,B,3,117.67,353.01,76.00,0.5
R25-002049,2025-06-17,FT-2025-01183,A,5,161.21,806.05,117.00,1.5
R25-002050,2025-06-17,FT-2025-01183,C,2,290.62,581.24,238.00,3.0
R25-002051,2025-06-17,FT-2025-01198,A,9,154.55,1390.95,117.00,1.5
R25-002052,2025-06-17,FT-2025-01198,C,6,270.05,1620.30,238.00,3.0
R25-002053,2025-06-17,FT-2025-01224,B,8,116.31,930.48,76.00,0.5
R25-002054,2025-06-17,FT-2025-01224,A,8,163.37,1306.96,117.00,1.5
R25-002055,2025-06-17,FT-2025-01250,A,4,192.89,771.56,117.00,1.5
R25-002056,2025-06-17,FT-2025-01250,A,2,190.60,381.20,117.00,1.5
R25-002057,2025-06-17,FT-2025-01251,A,2,190.99,381.98,117.00,1.5
R25-002058,2025-06-17,FT-2025-01254,A,3,185.41,556.23,117.00,1.5
R25-002059,2025-06-17,RS-2025-01176,B,-2,118.27,-236.54,76.00,0.5
R25-002060,2025-06-18,FT-2025-01053,A,3,199.67,599.01,117.00,1.5
R25-002061,2025-06-18,FT-2025-01053,B,1,110.34,110.34,76.00,0.5
R25-002062,2025-06-18,FT-2025-01145,B,7,109.82,768.74,76.00,0.5
R25-002063,2025-06-18,FT-2025-01146,A,2,193.09,386.18,117.00,1.5
R25-002064,2025-06-18,FT-2025-01154,A,2,200.00,400.00,117.00,1.5
R25-002065,2025-06-18,FT-2025-01154,B,2,120.00,240.00,76.00,0.5
R25-002066,2025-06-18,FT-2025-01154,A,1,200.00,200.00,117.00,1.5
R25-002067,2025-06-18,FT-2025-01177,C,4,296.54,1186.16,238.00,3.0
R25-002068,2025-06-18,FT-2025-01182,B,19,118.03,2242.57,76.00,0.5
R25-002069,2025-06-18,FT-2025-01182,A,4,160.37,641.48,117.00,1.5
R25-002070,2025-06-18,FT-2025-01200,A,11,143.03,1573.33,117.00,1.5
R25-002071,2025-06-18,FT-2025-01200,B,8,116.33,930.64,76.00,0.5
R25-002072,2025-06-18,FT-2025-01230,A,3,200.00,600.00,117.00,1.5
R25-002073,2025-06-18,FT-2025-01230,A,2,200.00,400.00,117.00,1.5
R25-002074,2025-06-18,FT-2025-01243,A,6,161.11,966.66,117.00,1.5
R25-002075,2025-06-18,FT-2025-01245,B,3,119.73,359.19,76.00,0.5
R25-002076,2025-06-18,FT-2025-01245,C,1,290.27,290.27,238.00,3.0
R25-002077,2025-06-18,FT-2025-01245,A,3,182.10,546.30,117.00,1.5
R25-002078,2025-06-18,FT-2025-01246,A,1,195.27,195.27,117.00,1.5
R25-002079,2025-06-19,FT-2025-01048,B,7,114.23,799.61,76.00,0.5
R25-002080,2025-06-19,FT-2025-01063,B,7,116.20,813.40,76.00,0.5
R25-002081,2025-06-19,FT-2025-01063,A,10,160.91,1609.10,117.00,1.5
R25-002082,2025-06-19,FT-2025-01063,B,11,117.91,1297.01,76.00,0.5
R25-002083,2025-06-19,FT-2025-01068,A,3,194.63,583.89,117.00,1.5
R25-002084,2025-06-19,FT-2025-01068,A,2,193.47,386.94,117.00,1.5
R25-002085,2025-06-19,FT-2025-01070,B,9,108.02,972.18,76.00,0.5
R25-002086,2025-06-19,FT-2025-01072,A,1,191.43,191.43,117.00,1.5
R25-002087,2025-06-19,FT-2025-01076,B,18,111.01,1998.18,76.00,0.5
R25-002088,2025-06-19,FT-2025-01155,A,5,161.53,807.65,117.00,1.5
R25-002089,2025-06-19,FT-2025-01155,B,21,110.58,2322.18,76.00,0.5
R25-002090,2025-06-19,FT-2025-01155,C,3,291.09,873.27,238.00,3.0
R25-002091,2025-06-19,FT-2025-01178,A,4,199.67,798.68,117.00,1.5
R25-002092,2025-06-19,FT-2025-01181,A,2,194.91,389.82,117.00,1.5
R25-002093,2025-06-20,FT-2025-01064,B,1,120.00,120.00,76.00,0.5
R25-002094,2025-06-20,FT-2025-01064,A,2,200.00,400.00,117.00,1.5
R25-002095,2025-06-20,FT-2025-01067,B,4,119.09,476.36,76.00,0.5
R25-002096,2025-06-20,FT-2025-01067,B,7,117.77,824.39,76.00,0.5
R25-002097,2025-06-20,FT-2025-01083,B,8,111.70,893.60,76.00,0.5
R25-002098,2025-06-20,FT-2025-01107,A,2,192.74,385.48,117.00,1.5
R25-002099,2025-06-20,FT-2025-01107,A,1,190.51,190.51,117.00,1.5
R25-002100,2025-06-20,FT-2025-01126,A,1,199.99,199.99,117.00,1.5
R25-002101,2025-06-20,FT-2025-01174,A,4,193.17,772.68,117.00,1.5
R25-002102,2025-06-20,FT-2025-01191,A,2,187.96,375.92,117.00,1.5
R25-002103,2025-06-20,FT-2025-01253,A,2,193.99,387.98,117.00,1.5
R25-002104,2025-06-23,FT-2025-01046,A,1,198.42,198.42,117.00,1.5
R25-002105,2025-06-23,FT-2025-01096,C,5,294.54,1472.70,238.00,3.0
R25-002106,2025-06-23,FT-2025-01109,B,3,118.44,355.32,76.00,0.5
R25-002107,2025-06-23,FT-2025-01109,A,1,200.00,200.00,117.00,1.5
R25-002108,2025-06-23,FT-2025-01117,C,8,295.02,2360.16,238.00,3.0
R25-002109,2025-06-23,FT-2025-01117,A,7,195.04,1365.28,117.00,1.5
R25-002110,2025-06-23,FT-2025-01139,B,21,118.36,2485.56,76.00,0.5
R25-002111,2025-06-23,FT-2025-01139,B,9,118.30,1064.70,76.00,0.5
R25-002112,2025-06-23,FT-2025-01153,B,1,120.00,120.00,76.00,0.5
R25-002113,2025-06-23,FT-2025-01153,B,1,120.00,120.00,76.00,0.5
R25-002114,2025-06-23,FT-2025-01153,A,2,191.18,382.36,117.00,1.5
R25-002115,2025-06-23,FT-2025-01167,B,6,107.95,647.70,76.00,0.5
R25-002116,2025-06-23,FT-2025-01189,B,6,117.85,707.10,76.00,0.5
R25-002117,2025-06-23,FT-2025-01189,B,9,116.30,1046.70,76.00,0.5
R25-002118,2025-06-23,FT-2025-01192,A,4,161.30,645.20,117.00,1.5
R25-002119,2025-06-23,FT-2025-01195,B,1,117.35,117.35,76.00,0.5
R25-002120,2025-06-23,FT-2025-01197,C,8,290.99,2327.92,238.00,3.0
R25-002121,2025-06-23,FT-2025-01197,B,19,116.96,2222.24,76.00,0.5
R25-002122,2025-06-23,FT-2025-01197,A,18,147.56,2656.08,117.00,1.5
R25-002123,2025-06-23,FT-2025-01236,B,1,116.73,116.73,76.00,0.5
R25-002124,2025-06-23,FT-2025-01236,C,4,293.07,1172.28,238.00,3.0
R25-002125,2025-06-23,FT-2025-01244,B,1,120.00,120.00,76.00,0.5
R25-002126,2025-06-23,FT-2025-01244,A,4,198.30,793.20,117.00,1.5
R25-002127,2025-06-24,FT-2025-01050,B,5,116.13,580.65,76.00,0.5
R25-002128,2025-06-24,FT-2025-01055,A,1,199.18,199.18,117.00,1.5
R25-002129,2025-06-24,FT-2025-01055,A,1,200.00,200.00,117.00,1.5
R25-002130,2025-06-24,FT-2025-01055,A,1,200.00,200.00,117.00,1.5
R25-002131,2025-06-24,FT-2025-01056,B,12,117.36,1408.32,76.00,0.5
R25-002132,2025-06-24,FT-2025-01056,A,6,163.13,978.78,117.00,1.5
R25-002133,2025-06-24,FT-2025-01062,A,1,200.00,200.00,117.00,1.5
R25-002134,2025-06-24,FT-2025-01062,B,1,115.81,115.81,76.00,0.5
R25-002135,2025-06-24,FT-2025-01062,A,1,200.00,200.00,117.00,1.5
R25-002136,2025-06-24,FT-2025-01071,A,9,162.54,1462.86,117.00,1.5
R25-002137,2025-06-24,FT-2025-01092,A,2,196.89,393.78,117.00,1.5
R25-002138,2025-06-24,FT-2025-01103,A,11,157.58,1733.38,117.00,1.5
R25-002139,2025-06-24,FT-2025-01103,B,10,110.81,1108.10,76.00,0.5
R25-002140,2025-06-24,FT-2025-01103,B,11,110.73,1218.03,76.00,0.5
R25-002141,2025-06-24,FT-2025-01104,A,11,189.65,2086.15,117.00,1.5
R25-002142,2025-06-24,FT-2025-01104,B,4,108.78,435.12,76.00,0.5
R25-002143,2025-06-24,FT-2025-01104,A,3,186.14,558.42,117.00,1.5
R25-002144,2025-06-24,FT-2025-01115,B,16,110.08,1761.28,76.00,0.5
R25-002145,2025-06-24,FT-2025-01115,C,4,297.00,1188.00,238.00,3.0
R25-002146,2025-06-24,FT-2025-01127,B,14,116.26,1627.64,76.00,0.5
R25-002147,2025-06-24,FT-2025-01127,C,5,287.03,1435.15,238.00,3.0
R25-002148,2025-06-24,FT-2025-01137,B,3,116.96,350.88,76.00,0.5
R25-002149,2025-06-24,FT-2025-01137,A,2,200.00,400.00,117.00,1.5
R25-002150,2025-06-24,FT-2025-01152,A,1,193.21,193.21,117.00,1.5
R25-002151,2025-06-24,FT-2025-01152,A,1,192.13,192.13,117.00,1.5
R25-002152,2025-06-24,FT-2025-01152,A,1,194.35,194.35,117.00,1.5
R25-002153,2025-06-24,FT-2025-01163,B,2,108.00,216.00,76.00,0.5
R25-002154,2025-06-24,FT-2025-01163,A,3,194.85,584.55,117.00,1.5
R25-002155,2025-06-24,FT-2025-01168,A,2,197.38,394.76,117.00,1.5
R25-002156,2025-06-24,FT-2025-01190,B,5,117.78,588.90,76.00,0.5
R25-002157,2025-06-24,FT-2025-01218,C,2,296.90,593.80,238.00,3.0
R25-002158,2025-06-24,FT-2025-01218,B,21,110.36,2317.56,76.00,0.5
R25-002159,2025-06-24,FT-2025-01238,C,6,287.96,1727.76,238.00,3.0
R25-002160,2025-06-24,FT-2025-01238,B,9,117.94,1061.46,76.00,0.5
R25-002161,2025-06-24,FT-2025-01252,B,4,118.00,472.00,76.00,0.5
R25-002162,2025-06-24,FT-2025-01252,A,2,200.00,400.00,117.00,1.5
R25-002163,2025-06-24,FT-2025-01257,B,10,117.12,1171.20,76.00,0.5
R25-002164,2025-06-24,FT-2025-01259,A,4,200.00,800.00,117.00,1.5
R25-002165,2025-06-24,FT-2025-01259,A,1,200.00,200.00,117.00,1.5
R25-002166,2025-06-24,FT-2025-01259,B,2,118.17,236.34,76.00,0.5
R25-002167,2025-06-25,FT-2025-01052,B,2,107.24,214.48,76.00,0.5
R25-002168,2025-06-25,FT-2025-01052,A,3,189.24,567.72,117.00,1.5
R25-002169,2025-06-25,FT-2025-01084,A,1,197.60,197.60,117.00,1.5
R25-002170,2025-06-25,FT-2025-01084,A,3,198.38,595.14,117.00,1.5
R25-002171,2025-06-25,FT-2025-01088,B,1,108.00,108.00,76.00,0.5
R25-002172,2025-06-25,FT-2025-01088,C,1,305.00,305.00,238.00,3.0
R25-002173,2025-06-25,FT-2025-01097,A,8,195.47,1563.76,117.00,1.5
R25-002174,2025-06-25,FT-2025-01097,A,12,194.65,2335.80,117.00,1.5
R25-002175,2025-06-25,FT-2025-01097,B,7,118.61,830.27,76.00,0.5
R25-002176,2025-06-25,FT-2025-01140,B,1,119.22,119.22,76.00,0.5
R25-002177,2025-06-25,FT-2025-01140,A,3,200.00,600.00,117.00,1.5
R25-002178,2025-06-25,FT-2025-01143,A,1,196.93,196.93,117.00,1.5
R25-002179,2025-06-25,FT-2025-01215,B,6,109.84,659.04,76.00,0.5
R25-002180,2025-06-25,FT-2025-01233,A,1,192.69,192.69,117.00,1.5
R25-002181,2025-06-25,FT-2025-01240,A,1,199.27,199.27,117.00,1.5
R25-002182,2025-06-25,FT-2025-01240,A,1,199.67,199.67,117.00,1.5
R25-002183,2025-06-26,FT-2025-01061,A,3,190.44,571.32,117.00,1.5
R25-002184,2025-06-26,FT-2025-01061,A,3,191.03,573.09,117.00,1.5
R25-002185,2025-06-26,FT-2025-01079,B,2,116.91,233.82,76.00,0.5
R25-002186,2025-06-26,FT-2025-01079,A,3,200.00,600.00,117.00,1.5
R25-002187,2025-06-26,FT-2025-01093,C,3,296.44,889.32,238.00,3.0
R25-002188,2025-06-26,FT-2025-01102,A,1,198.47,198.47,117.00,1.5
R25-002189,2025-06-26,FT-2025-01102,A,1,197.60,197.60,117.00,1.5
R25-002190,2025-06-26,FT-2025-01102,A,2,198.92,397.84,117.00,1.5
R25-002191,2025-06-26,FT-2025-01128,A,9,161.98,1457.82,117.00,1.5
R25-002192,2025-06-26,FT-2025-01128,C,9,289.38,2604.42,238.00,3.0
R25-002193,2025-06-26,FT-2025-01165,A,2,198.54,397.08,117.00,1.5
R25-002194,2025-06-26,FT-2025-01165,A,2,198.15,396.30,117.00,1.5
R25-002195,2025-06-26,FT-2025-01179,C,5,296.00,1480.00,238.00,3.0
R25-002196,2025-06-26,FT-2025-01211,C,9,293.68,2643.12,238.00,3.0
R25-002197,2025-06-26,FT-2025-01211,B,8,115.62,924.96,76.00,0.5
R25-002198,2025-06-26,FT-2025-01223,A,1,200.00,200.00,117.00,1.5
R25-002199,2025-06-26,FT-2025-01223,A,3,200.00,600.00,117.00,1.5
R25-002200,2025-06-26,FT-2025-01223,B,1,120.00,120.00,76.00,0.5
R25-002201,2025-06-27,FT-2025-01073,C,10,295.17,2951.70,238.00,3.0
R25-002202,2025-06-27,FT-2025-01073,A,7,162.21,1135.47,117.00,1.5
R25-002203,2025-06-27,FT-2025-01073,C,1,293.86,293.86,238.00,3.0
R25-002204,2025-06-27,FT-2025-01129,B,5,116.48,582.40,76.00,0.5
R25-002205,2025-06-27,FT-2025-01142,A,1,185.69,185.69,117.00,1.5
R25-002206,2025-06-27,FT-2025-01161,A,9,163.21,1468.89,117.00,1.5
R25-002207,2025-06-27,FT-2025-01161,B,13,117.63,1529.19,76.00,0.5
R25-002208,2025-06-27,FT-2025-01173,B,3,118.52,355.56,76.00,0.5
R25-002209,2025-06-27,FT-2025-01173,B,2,117.98,235.96,76.00,0.5
R25-002210,2025-06-27,FT-2025-01180,A,2,194.46,388.92,117.00,1.5
R25-002211,2025-06-27,FT-2025-01186,B,3,111.63,334.89,76.00,0.5
R25-002212,2025-06-27,FT-2025-01186,A,2,200.00,400.00,117.00,1.5
R25-002213,2025-06-27,FT-2025-01193,B,12,110.59,1327.08,76.00,0.5
R25-002214,2025-06-27,FT-2025-01193,B,8,112.21,897.68,76.00,0.5
R25-002215,2025-06-27,FT-2025-01201,A,4,191.86,767.44,117.00,1.5
R25-002216,2025-06-27,FT-2025-01201,A,1,194.83,194.83,117.00,1.5
R25-002217,2025-06-27,FT-2025-01217,B,3,120.00,360.00,76.00,0.5
R25-002218,2025-06-27,FT-2025-01217,B,1,118.00,118.00,76.00,0.5
R25-002219,2025-06-27,FT-2025-01217,A,4,200.00,800.00,117.00,1.5
R25-002220,2025-06-27,FT-2025-01219,A,3,200.00,600.00,117.00,1.5
R25-002221,2025-06-27,FT-2025-01219,B,1,120.00,120.00,76.00,0.5
R25-002222,2025-06-27,FT-2025-01258,A,1,195.20,195.20,117.00,1.5
R25-002223,2025-06-27,FT-2025-01258,B,4,119.10,476.40,76.00,0.5
R25-002224,2025-06-27,FT-2025-01258,B,7,117.57,822.99,76.00,0.5
R25-002225,2025-06-30,FT-2025-01051,B,8,117.68,941.44,76.00,0.5
R25-002226,2025-06-30,FT-2025-01057,A,4,194.25,777.00,117.00,1.5
R25-002227,2025-06-30,FT-2025-01060,A,3,198.47,595.41,117.00,1.5
R25-002228,2025-06-30,FT-2025-01100,C,3,270.11,810.33,238.00,3.0
R25-002229,2025-06-30,FT-2025-01112,A,6,188.24,1129.44,117.00,1.5
R25-002230,2025-06-30,FT-2025-01112,B,9,108.75,978.75,76.00,0.5
R25-002231,2025-06-30,FT-2025-01122,B,11,116.57,1282.27,76.00,0.5
R25-002232,2025-06-30,FT-2025-01125,B,2,120.00,240.00,76.00,0.5
R25-002233,2025-06-30,FT-2025-01125,A,4,182.10,728.40,117.00,1.5
R25-002234,2025-06-30,FT-2025-01166,B,9,116.98,1052.82,76.00,0.5
R25-002235,2025-06-30,FT-2025-01204,A,1,196.75,196.75,117.00,1.5
R25-002236,2025-06-30,FT-2025-01204,A,3,199.27,597.81,117.00,1.5
R25-002237,2025-06-30,FT-2025-01241,A,3,189.70,569.10,117.00,1.5
R25-002238,2025-06-30,FT-2025-01249,B,13,117.79,1531.27,76.00,0.5
R25-002239,2025-07-01,FT-2025-01265,A,2,200.00,400.00,117.00,1.5
R25-002240,2025-07-01,FT-2025-01265,B,2,118.52,237.04,76.00,0.5
R25-002241,2025-07-01,FT-2025-01265,A,2,200.00,400.00,117.00,1.5
R25-002242,2025-07-01,FT-2025-01300,A,1,193.63,193.63,117.00,1.5
R25-002243,2025-07-01,FT-2025-01300,A,1,194.41,194.41,117.00,1.5
R25-002244,2025-07-01,FT-2025-01300,B,1,120.00,120.00,76.00,0.5
R25-002245,2025-07-01,FT-2025-01307,A,3,196.30,588.90,117.00,1.5
R25-002246,2025-07-01,FT-2025-01317,B,10,107.19,1071.90,76.00,0.5
R25-002247,2025-07-01,FT-2025-01336,A,4,189.96,759.84,117.00,1.5
R25-002248,2025-07-01,FT-2025-01336,A,2,189.50,379.00,117.00,1.5
R25-002249,2025-07-01,FT-2025-01336,A,1,190.08,190.08,117.00,1.5
R25-002250,2025-07-01,FT-2025-01371,A,3,200.00,600.00,117.00,1.5
R25-002251,2025-07-01,FT-2025-01371,B,2,119.79,239.58,76.00,0.5
R25-002252,2025-07-01,FT-2025-01382,B,21,112.19,2355.99,76.00,0.5
R25-002253,2025-07-01,FT-2025-01382,B,1,111.03,111.03,76.00,0.5
R25-002254,2025-07-01,FT-2025-01396,A,8,194.13,1553.04,117.00,1.5
R25-002255,2025-07-01,FT-2025-01396,B,5,116.46,582.30,76.00,0.5
R25-002256,2025-07-01,FT-2025-01422,A,12,162.90,1954.80,117.00,1.5
R25-002257,2025-07-02,FT-2025-01310,B,3,115.34,346.02,76.00,0.5
R25-002258,2025-07-02,FT-2025-01310,A,3,200.00,600.00,117.00,1.5
R25-002259,2025-07-02,FT-2025-01343,B,4,110.07,440.28,76.00,0.5
R25-002260,2025-07-02,FT-2025-01343,B,7,109.42,765.94,76.00,0.5
R25-002261,2025-07-02,FT-2025-01362,A,2,199.99,399.98,117.00,1.5
R25-002262,2025-07-02,FT-2025-01377,A,8,163.67,1309.36,117.00,1.5
R25-002263,2025-07-02,FT-2025-01387,A,3,191.86,575.58,117.00,1.5
R25-002264,2025-07-02,FT-2025-01441,B,21,109.23,2293.83,76.00,0.5
R25-002265,2025-07-02,FT-2025-01442,A,4,194.08,776.32,117.00,1.5
R25-002266,2025-07-02,FT-2025-01442,A,1,190.13,190.13,117.00,1.5
R25-002267,2025-07-02,FT-2025-01442,A,1,191.11,191.11,117.00,1.5
R25-002268,2025-07-03,FT-2025-01288,B,21,109.31,2295.51,76.00,0.5
R25-002269,2025-07-03,FT-2025-01315,A,5,188.08,940.40,117.00,1.5
R25-002270,2025-07-03,FT-2025-01324,A,4,198.20,792.80,117.00,1.5
R25-002271,2025-07-03,FT-2025-01324,B,1,120.00,120.00,76.00,0.5
R25-002272,2025-07-03,FT-2025-01324,A,1,198.50,198.50,117.00,1.5
R25-002273,2025-07-03,FT-2025-01325,A,3,198.51,595.53,117.00,1.5
R25-002274,2025-07-03,FT-2025-01325,A,1,198.68,198.68,117.00,1.5
R25-002275,2025-07-03,FT-2025-01325,B,1,120.00,120.00,76.00,0.5
R25-002276,2025-07-03,FT-2025-01340,B,2,118.95,237.90,76.00,0.5
R25-002277,2025-07-03,FT-2025-01340,B,2,118.99,237.98,76.00,0.5
R25-002278,2025-07-03,FT-2025-01344,B,3,116.57,349.71,76.00,0.5
R25-002279,2025-07-03,FT-2025-01344,B,9,117.17,1054.53,76.00,0.5
R25-002280,2025-07-03,FT-2025-01359,A,4,199.48,797.92,117.00,1.5
R25-002281,2025-07-03,FT-2025-01359,B,2,115.23,230.46,76.00,0.5
R25-002282,2025-07-03,FT-2025-01391,C,5,295.23,1476.15,238.00,3.0
R25-002283,2025-07-03,FT-2025-01391,B,6,108.25,649.50,76.00,0.5
R25-002284,2025-07-03,FT-2025-01391,B,10,108.40,1084.00,76.00,0.5
R25-002285,2025-07-03,FT-2025-01423,C,7,290.96,2036.72,238.00,3.0
R25-002286,2025-07-03,FT-2025-01423,A,5,161.75,808.75,117.00,1.5
R25-002287,2025-07-03,FT-2025-01426,C,6,270.09,1620.54,238.00,3.0
R25-002288,2025-07-03,FT-2025-01433,B,7,109.11,763.77,76.00,0.5
R25-002289,2025-07-03,FT-2025-01433,B,15,108.54,1628.10,76.00,0.5
R25-002290,2025-07-03,FT-2025-01445,B,3,118.83,356.49,76.00,0.5
R25-002291,2025-07-03,FT-2025-01445,B,2,118.50,237.00,76.00,0.5
R25-002292,2025-07-03,FT-2025-01453,A,2,199.45,398.90,117.00,1.5
R25-002293,2025-07-03,FT-2025-01476,B,21,110.68,2324.28,76.00,0.5
R25-002294,2025-07-04,FT-2025-01262,A,4,161.13,644.52,117.00,1.5
R25-002295,2025-07-04,FT-2025-01262,B,10,115.36,1153.60,76.00,0.5
R25-002296,2025-07-04,FT-2025-01278,A,2,197.14,394.28,117.00,1.5
R25-002297,2025-07-04,FT-2025-01278,A,1,194.17,194.17,117.00,1.5
R25-002298,2025-07-04,FT-2025-01373,A,6,162.96,977.76,117.00,1.5
R25-002299,2025-07-04,FT-2025-01373,C,4,294.92,1179.68,238.00,3.0
R25-002300,2025-07-04,FT-2025-01380,B,18,117.40,2113.20,76.00,0.5
R25-002301,2025-07-04,FT-2025-01380,B,9,117.23,1055.07,76.00,0.5
R25-002302,2025-07-04,FT-2025-01380,B,1,115.89,115.89,76.00,0.5
R25-002303,2025-07-04,FT-2025-01468,B,1,120.00,120.00,76.00,0.5
R25-002304,2025-07-04,FT-2025-01468,A,2,200.00,400.00,117.00,1.5
R25-002305,2025-07-04,FT-2025-01474,A,3,163.51,490.53,117.00,1.5
R25-002306,2025-07-04,FT-2025-01474,C,3,295.82,887.46,238.00,3.0
R25-002307,2025-07-04,FT-2025-01474,B,12,116.81,1401.72,76.00,0.5
R25-002308,2025-07-07,FT-2025-01332,B,7,117.98,825.86,76.00,0.5
R25-002309,2025-07-07,FT-2025-01332,B,5,117.04,585.20,76.00,0.5
R25-002310,2025-07-07,FT-2025-01385,A,4,198.00,792.00,117.00,1.5
R25-002311,2025-07-07,FT-2025-01393,A,7,161.24,1128.68,117.00,1.5
R25-002312,2025-07-07,FT-2025-01393,B,27,108.86,2939.22,76.00,0.5
R25-002313,2025-07-07,FT-2025-01395,A,5,188.66,943.30,117.00,1.5
R25-002314,2025-07-07,FT-2025-01395,B,3,107.38,322.14,76.00,0.5
R25-002315,2025-07-07,FT-2025-01398,C,5,287.38,1436.90,238.00,3.0
R25-002316,2025-07-07,FT-2025-01408,C,11,291.22,3203.42,238.00,3.0
R25-002317,2025-07-07,FT-2025-01408,B,12,116.20,1394.40,76.00,0.5
R25-002318,2025-07-07,FT-2025-01415,A,2,194.06,388.12,117.00,1.5
R25-002319,2025-07-07,FT-2025-01415,A,2,189.91,379.82,117.00,1.5
R25-002320,2025-07-07,FT-2025-01415,A,2,192.69,385.38,117.00,1.5
R25-002321,2025-07-08,FT-2025-01273,A,2,200.00,400.00,117.00,1.5
R25-002322,2025-07-08,FT-2025-01273,A,1,200.00,200.00,117.00,1.5
R25-002323,2025-07-08,FT-2025-01322,A,3,162.34,487.02,117.00,1.5
R25-002324,2025-07-08,FT-2025-01322,B,9,115.98,1043.82,76.00,0.5
R25-002325,2025-07-08,FT-2025-01348,B,10,116.61,1166.10,76.00,0.5
R25-002326,2025-07-08,FT-2025-01429,A,6,154.18,925.08,117.00,1.5
R25-002327,2025-07-08,FT-2025-01454,A,1,199.49,199.49,117.00,1.5
R25-002328,2025-07-08,FT-2025-01454,A,1,195.43,195.43,117.00,1.5
R25-002329,2025-07-08,FT-2025-01464,A,1,189.43,189.43,117.00,1.5
R25-002330,2025-07-08,FT-2025-01466,B,7,111.27,778.89,76.00,0.5
R25-002331,2025-07-08,FT-2025-01466,B,18,109.90,1978.20,76.00,0.5
R25-002332,2025-07-08,FT-2025-01472,A,1,200.00,200.00,117.00,1.5
R25-002333,2025-07-08,FT-2025-01473,A,10,161.19,1611.90,117.00,1.5
R25-002334,2025-07-09,FT-2025-01264,A,1,194.49,194.49,117.00,1.5
R25-002335,2025-07-09,FT-2025-01269,A,2,198.31,396.62,117.00,1.5
R25-002336,2025-07-09,FT-2025-01276,A,5,161.90,809.50,117.00,1.5
R25-002337,2025-07-09,FT-2025-01334,A,4,191.96,767.84,117.00,1.5
R25-002338,2025-07-09,FT-2025-01386,A,7,161.15,1128.05,117.00,1.5
R25-002339,2025-07-09,FT-2025-01386,B,5,117.09,585.45,76.00,0.5
R25-002340,2025-07-09,FT-2025-01386,B,12,116.31,1395.72,76.00,0.5
R25-002341,2025-07-09,FT-2025-01389,A,5,181.47,907.35,117.00,1.5
R25-002342,2025-07-09,FT-2025-01389,A,2,183.29,366.58,117.00,1.5
R25-002343,2025-07-09,FT-2025-01389,C,1,286.25,286.25,238.00,3.0
R25-002344,2025-07-09,FT-2025-01403,B,8,116.28,930.24,76.00,0.5
R25-002345,2025-07-09,FT-2025-01420,C,3,283.31,849.93,238.00,3.0
R25-002346,2025-07-09,FT-2025-01420,B,4,107.29,429.16,76.00,0.5
R25-002347,2025-07-09,FT-2025-01450,B,16,108.79,1740.64,76.00,0.5
R25-002348,2025-07-09,FT-2025-01450,A,8,162.71,1301.68,117.00,1.5
R25-002349,2025-07-09,FT-2025-01452,A,4,161.39,645.56,117.00,1.5
R25-002350,2025-07-09,FT-2025-01452,B,14,118.01,1652.14,76.00,0.5
R25-002351,2025-07-10,FT-2025-01284,B,5,116.04,580.20,76.00,0.5
R25-002352,2025-07-10,FT-2025-01303,B,3,116.88,350.64,76.00,0.5
R25-002353,2025-07-10,FT-2025-01303,A,2,200.00,400.00,117.00,1.5
R25-002354,2025-07-10,FT-2025-01311,A,10,160.31,1603.10,117.00,1.5
R25-002355,2025-07-10,FT-2025-01311,B,11,118.19,1300.09,76.00,0.5
R25-002356,2025-07-10,FT-2025-01319,A,1,194.09,194.09,117.00,1.5
R25-002357,2025-07-10,FT-2025-01333,A,3,195.75,587.25,117.00,1.5
R25-002358,2025-07-10,FT-2025-01333,B,1,120.00,120.00,76.00,0.5
R25-002359,2025-07-10,FT-2025-01370,A,1,198.34,198.34,117.00,1.5
R25-002360,2025-07-10,FT-2025-01370,A,4,196.77,787.08,117.00,1.5
R25-002361,2025-07-10,FT-2025-01370,A,2,196.76,393.52,117.00,1.5
R25-002362,2025-07-10,FT-2025-01376,A,3,200.00,600.00,117.00,1.5
R25-002363,2025-07-10,FT-2025-01376,B,2,118.84,237.68,76.00,0.5
R25-002364,2025-07-10,FT-2025-01376,B,1,119.69,119.69,76.00,0.5
R25-002365,2025-07-10,FT-2025-01378,A,3,196.16,588.48,117.00,1.5
R25-002366,2025-07-10,FT-2025-01378,A,1,197.27,197.27,117.00,1.5
R25-002367,2025-07-10,FT-2025-01378,B,3,109.48,328.44,76.00,0.5
R25-002368,2025-07-10,FT-2025-01400,B,2,118.85,237.70,76.00,0.5
R25-002369,2025-07-10,FT-2025-01431,C,5,278.56,1392.80,238.00,3.0
R25-002370,2025-07-10,FT-2025-01431,A,5,162.39,811.95,117.00,1.5
R25-002371,2025-07-11,FT-2025-01272,A,1,200.00,200.00,117.00,1.5
R25-002372,2025-07-11,FT-2025-01292,A,1,193.08,193.08,117.00,1.5
R25-002373,2025-07-11,FT-2025-01292,A,3,195.37,586.11,117.00,1.5
R25-002374,2025-07-11,FT-2025-01350,B,10,118.75,1187.50,76.00,0.5
R25-002375,2025-07-11,FT-2025-01350,A,3,195.22,585.66,117.00,1.5
R25-002376,2025-07-11,FT-2025-01361,A,1,200.00,200.00,117.00,1.5
R25-002377,2025-07-11,FT-2025-01397,A,1,185.13,185.13,117.00,1.5
R25-002378,2025-07-11,FT-2025-01447,A,5,188.47,942.35,117.00,1.5
R25-002379,2025-07-14,FT-2025-01295,B,1,120.00,120.00,76.00,0.5
R25-002380,2025-07-14,FT-2025-01347,A,2,193.92,387.84,117.00,1.5
R25-002381,2025-07-14,FT-2025-01347,A,2,194.45,388.90,117.00,1.5
R25-002382,2025-07-14,FT-2025-01353,A,3,193.76,581.28,117.00,1.5
R25-002383,2025-07-14,FT-2025-01372,B,7,117.77,824.39,76.00,0.5
R25-002384,2025-07-14,FT-2025-01381,B,3,119.98,359.94,76.00,0.5
R25-002385,2025-07-14,FT-2025-01401,A,2,200.00,400.00,117.00,1.5
R25-002386,2025-07-14,FT-2025-01401,B,1,120.00,120.00,76.00,0.5
R25-002387,2025-07-14,FT-2025-01401,A,1,200.00,200.00,117.00,1.5
R25-002388,2025-07-14,FT-2025-01402,B,2,119.40,238.80,76.00,0.5
R25-002389,2025-07-14,FT-2025-01402,A,3,200.00,600.00,117.00,1.5
R25-002390,2025-07-14,FT-2025-01411,A,4,162.74,650.96,117.00,1.5
R25-002391,2025-07-14,FT-2025-01411,B,10,118.05,1180.50,76.00,0.5
R25-002392,2025-07-14,FT-2025-01421,A,10,163.19,1631.90,117.00,1.5
R25-002393,2025-07-14,FT-2025-01421,B,6,108.89,653.34,76.00,0.5
R25-002394,2025-07-14,FT-2025-01421,B,11,109.22,1201.42,76.00,0.5
R25-002395,2025-07-14,FT-2025-01437,B,18,116.50,2097.00,76.00,0.5
R25-002396,2025-07-14,FT-2025-01457,A,1,196.01,196.01,117.00,1.5
R25-002397,2025-07-14,FT-2025-01457,A,2,197.36,394.72,117.00,1.5
R25-002398,2025-07-14,FT-2025-01457,A,1,189.73,189.73,117.00,1.5
R25-002399,2025-07-14,FT-2025-01477,A,2,195.44,390.88,117.00,1.5
R25-002400,2025-07-15,FT-2025-01277,A,4,187.44,749.76,117.00,1.5
R25-002401,2025-07-15,FT-2025-01277,A,7,187.53,1312.71,117.00,1.5
R25-002402,2025-07-15,FT-2025-01277,A,8,187.02,1496.16,117.00,1.5
R25-002403,2025-07-15,FT-2025-01305,A,1,193.73,193.73,117.00,1.5
R25-002404,2025-07-15,FT-2025-01338,A,2,198.41,396.82,117.00,1.5
R25-002405,2025-07-15,FT-2025-01341,B,11,116.65,1283.15,76.00,0.5
R25-002406,2025-07-15,FT-2025-01341,A,5,148.96,744.80,117.00,1.5
R25-002407,2025-07-15,FT-2025-01346,A,2,200.00,400.00,117.00,1.5
R25-002408,2025-07-15,FT-2025-01369,B,1,120.00,120.00,76.00,0.5
R25-002409,2025-07-15,FT-2025-01369,A,3,194.68,584.04,117.00,1.5
R25-002410,2025-07-15,FT-2025-01383,B,2,118.18,236.36,76.00,0.5
R25-002411,2025-07-15,FT-2025-01475,A,1,197.46,197.46,117.00,1.5
R25-002412,2025-07-15,FT-2025-01475,A,3,194.42,583.26,117.00,1.5
R25-002413,2025-07-15,FT-2025-01475,A,1,193.98,193.98,117.00,1.5
R25-002414,2025-07-16,FT-2025-01266,A,2,191.92,383.84,117.00,1.5
R25-002415,2025-07-16,FT-2025-01266,A,2,190.95,381.90,117.00,1.5
R25-002416,2025-07-16,FT-2025-01283,A,4,196.29,785.16,117.00,1.5
R25-002417,2025-07-16,FT-2025-01283,B,1,120.00,120.00,76.00,0.5
R25-002418,2025-07-16,FT-2025-01306,A,8,159.60,1276.80,117.00,1.5
R25-002419,2025-07-16,FT-2025-01306,B,20,114.15,2283.00,76.00,0.5
R25-002420,2025-07-16,FT-2025-01306,C,3,270.05,810.15,238.00,3.0
R25-002421,2025-07-16,FT-2025-01312,C,2,294.20,588.40,238.00,3.0
R25-002422,2025-07-16,FT-2025-01379,A,2,200.00,400.00,117.00,1.5
R25-002423,2025-07-16,FT-2025-01379,B,1,120.00,120.00,76.00,0.5
R25-002424,2025-07-16,FT-2025-01467,B,17,112.14,1906.38,76.00,0.5
R25-002425,2025-07-16,FT-2025-01467,C,5,289.75,1448.75,238.00,3.0
R25-002426,2025-07-16,FT-2025-01470,B,7,117.49,822.43,76.00,0.5
R25-002427,2025-07-16,FT-2025-01470,B,7,118.27,827.89,76.00,0.5
R25-002428,2025-07-17,FT-2025-01275,A,7,156.11,1092.77,117.00,1.5
R25-002429,2025-07-17,FT-2025-01275,C,3,296.21,888.63,238.00,3.0
R25-002430,2025-07-17,FT-2025-01282,A,2,190.43,380.86,117.00,1.5
R25-002431,2025-07-17,FT-2025-01282,A,2,192.74,385.48,117.00,1.5
R25-002432,2025-07-17,FT-2025-01282,A,2,194.21,388.42,117.00,1.5
R25-002433,2025-07-17,FT-2025-01294,B,20,110.82,2216.40,76.00,0.5
R25-002434,2025-07-17,FT-2025-01294,C,4,296.89,1187.56,238.00,3.0
R25-002435,2025-07-17,FT-2025-01337,A,4,191.55,766.20,117.00,1.5
R25-002436,2025-07-17,FT-2025-01337,A,1,195.25,195.25,117.00,1.5
R25-002437,2025-07-17,FT-2025-01337,A,2,194.83,389.66,117.00,1.5
R25-002438,2025-07-17,FT-2025-01345,A,8,194.88,1559.04,117.00,1.5
R25-002439,2025-07-17,FT-2025-01345,B,11,118.05,1298.55,76.00,0.5
R25-002440,2025-07-17,FT-2025-01345,B,4,118.53,474.12,76.00,0.5
R25-002441,2025-07-17,FT-2025-01355,A,3,200.00,600.00,117.00,1.5
R25-002442,2025-07-17,FT-2025-01366,A,15,189.49,2842.35,117.00,1.5
R25-002443,2025-07-17,FT-2025-01366,A,8,186.19,1489.52,117.00,1.5
R25-002444,2025-07-17,FT-2025-01404,B,2,120.00,240.00,76.00,0.5
R25-002445,2025-07-17,FT-2025-01404,A,1,200.00,200.00,117.00,1.5
R25-002446,2025-07-17,FT-2025-01404,A,2,200.00,400.00,117.00,1.5
R25-002447,2025-07-17,FT-2025-01419,A,3,190.82,572.46,117.00,1.5
R25-002448,2025-07-17,FT-2025-01419,A,1,192.83,192.83,117.00,1.5
R25-002449,2025-07-17,FT-2025-01427,A,2,199.12,398.24,117.00,1.5
R25-002450,2025-07-17,FT-2025-01438,B,2,116.36,232.72,76.00,0.5
R25-002451,2025-07-17,FT-2025-01438,A,2,200.00,400.00,117.00,1.5
R25-002452,2025-07-17,FT-2025-01438,A,2,200.00,400.00,117.00,1.5
R25-002453,2025-07-17,FT-2025-01460,A,2,200.00,400.00,117.00,1.5
R25-002454,2025-07-17,FT-2025-01463,A,7,163.34,1143.38,117.00,1.5
R25-002455,2025-07-17,FT-2025-01463,B,17,116.62,1982.54,76.00,0.5
R25-002456,2025-07-17,FT-2025-01463,C,5,282.74,1413.70,238.00,3.0
R25-002457,2025-07-18,FT-2025-01289,B,1,120.00,120.00,76.00,0.5
R25-002458,2025-07-18,FT-2025-01289,A,1,199.61,199.61,117.00,1.5
R25-002459,2025-07-18,FT-2025-01289,A,1,198.38,198.38,117.00,1.5
R25-002460,2025-07-18,FT-2025-01301,A,3,197.61,592.83,117.00,1.5
R25-002461,2025-07-18,FT-2025-01301,A,2,198.84,397.68,117.00,1.5
R25-002462,2025-07-18,FT-2025-01330,A,2,196.56,393.12,117.00,1.5
R25-002463,2025-07-18,FT-2025-01330,B,1,120.00,120.00,76.00,0.5
R25-002464,2025-07-18,FT-2025-01365,B,13,116.60,1515.80,76.00,0.5
R25-002465,2025-07-18,FT-2025-01365,C,7,288.20,2017.40,238.00,3.0
R25-002466,2025-07-18,FT-2025-01368,A,3,193.25,579.75,117.00,1.5
R25-002467,2025-07-18,FT-2025-01368,A,3,192.79,578.37,117.00,1.5
R25-002468,2025-07-18,FT-2025-01368,A,4,192.85,771.40,117.00,1.5
R25-002469,2025-07-18,FT-2025-01413,B,3,120.00,360.00,76.00,0.5
R25-002470,2025-07-18,FT-2025-01413,A,2,182.30,364.60,117.00,1.5
R25-002471,2025-07-18,FT-2025-01413,A,4,184.04,736.16,117.00,1.5
R25-002472,2025-07-18,FT-2025-01414,A,9,152.75,1374.75,117.00,1.5
R25-002473,2025-07-18,FT-2025-01478,A,1,191.78,191.78,117.00,1.5
R25-002474,2025-07-18,FT-2025-01478,A,2,191.21,382.42,117.00,1.5
R25-002475,2025-07-21,FT-2025-01267,B,12,116.11,1393.32,76.00,0.5
R25-002476,2025-07-21,FT-2025-01320,A,2,193.77,387.54,117.00,1.5
R25-002477,2025-07-21,FT-2025-01358,B,2,114.50,229.00,76.00,0.5
R25-002478,2025-07-21,FT-2025-01358,A,2,200.00,400.00,117.00,1.5
R25-002479,2025-07-21,FT-2025-01358,A,2,200.00,400.00,117.00,1.5
R25-002480,2025-07-21,FT-2025-01363,B,4,107.24,428.96,76.00,0.5
R25-002481,2025-07-21,FT-2025-01363,A,6,189.58,1137.48,117.00,1.5
R25-002482,2025-07-21,FT-2025-01363,A,3,189.38,568.14,117.00,1.5
R25-002483,2025-07-21,FT-2025-01367,B,13,109.17,1419.21,76.00,0.5
R25-002484,2025-07-21,FT-2025-01416,C,5,270.00,1350.00,238.00,3.0
R25-002485,2025-07-21,FT-2025-01416,B,16,117.92,1886.72,76.00,0.5
R25-002486,2025-07-21,FT-2025-01416,B,10,117.80,1178.00,76.00,0.5
R25-002487,2025-07-21,FT-2025-01434,B,12,116.42,1397.04,76.00,0.5
R25-002488,2025-07-21,FT-2025-01434,B,5,117.64,588.20,76.00,0.5
R25-002489,2025-07-21,FT-2025-01434,C,8,291.42,2331.36,238.00,3.0
R25-002490,2025-07-21,FT-2025-01449,A,2,200.00,400.00,117.00,1.5
R25-002491,2025-07-21,FT-2025-01449,B,1,116.81,116.81,76.00,0.5
R25-002492,2025-07-22,FT-2025-01293,A,2,195.89,391.78,117.00,1.5
R25-002493,2025-07-22,FT-2025-01316,A,4,193.56,774.24,117.00,1.5
R25-002494,2025-07-22,FT-2025-01316,A,8,195.96,1567.68,117.00,1.5
R25-002495,2025-07-22,FT-2025-01316,C,3,296.23,888.69,238.00,3.0
R25-002496,2025-07-22,FT-2025-01328,A,2,189.50,379.00,117.00,1.5
R25-002497,2025-07-22,FT-2025-01331,A,2,195.66,391.32,117.00,1.5
R25-002498,2025-07-22,FT-2025-01331,B,1,120.00,120.00,76.00,0.5
R25-002499,2025-07-22,FT-2025-01342,A,8,162.16,1297.28,117.00,1.5
R25-002500,2025-07-22,FT-2025-01342,B,12,109.95,1319.40,76.00,0.5
R25-002501,2025-07-22,FT-2025-01409,A,5,163.90,819.50,117.00,1.5
R25-002502,2025-07-22,FT-2025-01428,B,1,120.00,120.00,76.00,0.5
R25-002503,2025-07-22,FT-2025-01428,A,3,200.00,600.00,117.00,1.5
R25-002504,2025-07-22,FT-2025-01439,B,7,112.56,787.92,76.00,0.5
R25-002505,2025-07-23,FT-2025-01268,B,11,116.36,1279.96,76.00,0.5
R25-002506,2025-07-23,FT-2025-01270,B,7,117.40,821.80,76.00,0.5
R25-002507,2025-07-23,FT-2025-01270,C,7,285.05,1995.35,238.00,3.0
R25-002508,2025-07-23,FT-2025-01290,A,3,196.63,589.89,117.00,1.5
R25-002509,2025-07-23,FT-2025-01302,B,1,120.00,120.00,76.00,0.5
R25-002510,2025-07-23,FT-2025-01302,A,3,199.79,599.37,117.00,1.5
R25-002511,2025-07-23,FT-2025-01364,C,4,285.30,1141.20,238.00,3.0
R25-002512,2025-07-23,FT-2025-01388,A,2,187.15,374.30,117.00,1.5
R25-002513,2025-07-23,FT-2025-01392,B,5,117.66,588.30,76.00,0.5
R25-002514,2025-07-23,FT-2025-01435,B,4,117.82,471.28,76.00,0.5
R25-002515,2025-07-23,FT-2025-01435,A,3,162.48,487.44,117.00,1.5
R25-002516,2025-07-23,FT-2025-01444,B,10,117.70,1177.00,76.00,0.5
R25-002517,2025-07-23,FT-2025-01446,B,7,107.96,755.72,76.00,0.5
R25-002518,2025-07-23,FT-2025-01446,C,4,292.48,1169.92,238.00,3.0
R25-002519,2025-07-23,FT-2025-01446,B,14,109.82,1537.48,76.00,0.5
R25-002520,2025-07-23,FT-2025-01448,B,7,116.24,813.68,76.00,0.5
R25-002521,2025-07-23,FT-2025-01451,A,2,199.50,399.00,117.00,1.5
R25-002522,2025-07-23,FT-2025-01459,A,1,191.46,191.46,117.00,1.5
R25-002523,2025-07-23,FT-2025-01459,A,1,193.06,193.06,117.00,1.5
R25-002524,2025-07-23,FT-2025-01462,B,8,109.92,879.36,76.00,0.5
R25-002525,2025-07-24,FT-2025-01309,A,1,198.42,198.42,117.00,1.5
R25-002526,2025-07-24,FT-2025-01309,A,2,195.01,390.02,117.00,1.5
R25-002527,2025-07-24,FT-2025-01309,A,2,191.11,382.22,117.00,1.5
R25-002528,2025-07-24,FT-2025-01313,B,11,111.10,1222.10,76.00,0.5
R25-002529,2025-07-24,FT-2025-01321,B,2,119.52,239.04,76.00,0.5
R25-002530,2025-07-24,FT-2025-01321,A,2,200.00,400.00,117.00,1.5
R25-002531,2025-07-24,FT-2025-01323,B,5,107.01,535.05,76.00,0.5
R25-002532,2025-07-24,FT-2025-01356,A,1,192.05,192.05,117.00,1.5
R25-002533,2025-07-24,FT-2025-01360,A,1,199.32,199.32,117.00,1.5
R25-002534,2025-07-24,FT-2025-01374,C,3,293.70,881.10,238.00,3.0
R25-002535,2025-07-24,FT-2025-01375,A,2,192.50,385.00,117.00,1.5
R25-002536,2025-07-24,FT-2025-01412,B,15,108.63,1629.45,76.00,0.5
R25-002537,2025-07-24,FT-2025-01418,A,2,200.00,400.00,117.00,1.5
R25-002538,2025-07-24,FT-2025-01418,A,1,200.00,200.00,117.00,1.5
R25-002539,2025-07-24,FT-2025-01418,B,3,118.89,356.67,76.00,0.5
R25-002540,2025-07-24,FT-2025-01424,A,2,197.14,394.28,117.00,1.5
R25-002541,2025-07-24,FT-2025-01432,B,1,120.00,120.00,76.00,0.5
R25-002542,2025-07-24,FT-2025-01432,A,1,198.07,198.07,117.00,1.5
R25-002543,2025-07-24,FT-2025-01443,A,2,199.96,399.92,117.00,1.5
R25-002544,2025-07-24,FT-2025-01455,B,9,118.27,1064.43,76.00,0.5
R25-002545,2025-07-24,FT-2025-01458,A,1,196.92,196.92,117.00,1.5
R25-002546,2025-07-24,FT-2025-01461,A,4,188.16,752.64,117.00,1.5
R25-002547,2025-07-24,FT-2025-01461,A,2,185.25,370.50,117.00,1.5
R25-002548,2025-07-25,FT-2025-01263,B,3,118.00,354.00,76.00,0.5
R25-002549,2025-07-25,FT-2025-01291,B,8,118.07,944.56,76.00,0.5
R25-002550,2025-07-25,FT-2025-01291,B,14,116.76,1634.64,76.00,0.5
R25-002551,2025-07-25,FT-2025-01291,A,9,153.17,1378.53,117.00,1.5
R25-002552,2025-07-25,FT-2025-01297,A,4,196.25,785.00,117.00,1.5
R25-002553,2025-07-25,FT-2025-01314,A,2,195.34,390.68,117.00,1.5
R25-002554,2025-07-25,FT-2025-01314,B,2,113.26,226.52,76.00,0.5
R25-002555,2025-07-25,FT-2025-01335,A,2,200.00,400.00,117.00,1.5
R25-002556,2025-07-25,FT-2025-01335,B,2,118.36,236.72,76.00,0.5
R25-002557,2025-07-25,FT-2025-01339,A,10,155.99,1559.90,117.00,1.5
R25-002558,2025-07-25,FT-2025-01339,B,4,111.39,445.56,76.00,0.5
R25-002559,2025-07-25,FT-2025-01399,B,10,116.76,1167.60,76.00,0.5
R25-002560,2025-07-25,FT-2025-01399,C,7,295.20,2066.40,238.00,3.0
R25-002561,2025-07-25,FT-2025-01406,A,2,200.00,400.00,117.00,1.5
R25-002562,2025-07-25,FT-2025-01406,A,1,200.00,200.00,117.00,1.5
R25-002563,2025-07-25,FT-2025-01406,B,2,120.00,240.00,76.00,0.5
R25-002564,2025-07-25,FT-2025-01425,C,15,294.18,4412.70,238.00,3.0
R25-002565,2025-07-25,FT-2025-01425,B,3,117.34,352.02,76.00,0.5
R25-002566,2025-07-28,FT-2025-01281,A,8,163.11,1304.88,117.00,1.5
R25-002567,2025-07-28,FT-2025-01318,B,10,109.13,1091.30,76.00,0.5
R25-002568,2025-07-28,FT-2025-01329,C,2,291.50,583.00,238.00,3.0
R25-002569,2025-07-28,FT-2025-01329,A,6,143.03,858.18,117.00,1.5
R25-002570,2025-07-28,FT-2025-01349,B,1,120.00,120.00,76.00,0.5
R25-002571,2025-07-28,FT-2025-01349,A,2,200.00,400.00,117.00,1.5
R25-002572,2025-07-28,FT-2025-01349,B,1,120.00,120.00,76.00,0.5
R25-002573,2025-07-28,FT-2025-01410,A,5,161.09,805.45,117.00,1.5
R25-002574,2025-07-28,FT-2025-01430,A,1,196.62,196.62,117.00,1.5
R25-002575,2025-07-28,FT-2025-01430,A,1,198.93,198.93,117.00,1.5
R25-002576,2025-07-28,FT-2025-01465,B,4,106.97,427.88,76.00,0.5
R25-002577,2025-07-28,FT-2025-01465,A,5,189.59,947.95,117.00,1.5
R25-002578,2025-07-28,FT-2025-01465,A,9,186.25,1676.25,117.00,1.5
R25-002579,2025-07-29,FT-2025-01271,B,11,115.92,1275.12,76.00,0.5
R25-002580,2025-07-29,FT-2025-01285,C,8,289.28,2314.24,238.00,3.0
R25-002581,2025-07-29,FT-2025-01285,A,8,163.16,1305.28,117.00,1.5
R25-002582,2025-07-29,FT-2025-01304,C,3,295.95,887.85,238.00,3.0
R25-002583,2025-07-29,FT-2025-01304,A,5,161.48,807.40,117.00,1.5
R25-002584,2025-07-29,FT-2025-01308,A,1,199.90,199.90,117.00,1.5
R25-002585,2025-07-29,FT-2025-01327,A,8,195.66,1565.28,117.00,1.5
R25-002586,2025-07-29,FT-2025-01327,A,9,196.20,1765.80,117.00,1.5
R25-002587,2025-07-29,FT-2025-01327,A,9,192.02,1728.18,117.00,1.5
R25-002588,2025-07-29,FT-2025-01384,A,2,192.63,385.26,117.00,1.5
R25-002589,2025-07-29,FT-2025-01394,A,3,190.27,570.81,117.00,1.5
R25-002590,2025-07-29,FT-2025-01394,A,1,192.50,192.50,117.00,1.5
R25-002591,2025-07-29,FT-2025-01456,A,9,152.30,1370.70,117.00,1.5
R25-002592,2025-07-29,FT-2025-01456,B,12,118.25,1419.00,76.00,0.5
R25-002593,2025-07-29,FT-2025-01471,A,15,162.88,2443.20,117.00,1.5
R25-002594,2025-07-29,FT-2025-01471,C,13,274.63,3570.19,238.00,3.0
R25-002595,2025-07-29,FT-2025-01471,B,13,113.01,1469.13,76.00,0.5
R25-002596,2025-07-30,FT-2025-01274,C,4,291.83,1167.32,238.00,3.0
R25-002597,2025-07-30,FT-2025-01274,A,8,164.23,1313.84,117.00,1.5
R25-002598,2025-07-30,FT-2025-01298,B,19,109.76,2085.44,76.00,0.5
R25-002599,2025-07-30,FT-2025-01299,B,1,120.00,120.00,76.00,0.5
R25-002600,2025-07-30,FT-2025-01299,A,2,200.00,400.00,117.00,1.5
R25-002601,2025-07-30,FT-2025-01299,B,1,120.00,120.00,76.00,0.5
R25-002602,2025-07-30,FT-2025-01351,B,2,108.00,216.00,76.00,0.5
R25-002603,2025-07-30,FT-2025-01357,B,10,107.31,1073.10,76.00,0.5
R25-002604,2025-07-30,FT-2025-01357,B,5,107.35,536.75,76.00,0.5
R25-002605,2025-07-30,FT-2025-01405,A,3,198.73,596.19,117.00,1.5
R25-002606,2025-07-30,FT-2025-01405,B,1,110.14,110.14,76.00,0.5
R25-002607,2025-07-30,FT-2025-01407,A,2,192.08,384.16,117.00,1.5
R25-002608,2025-07-30,FT-2025-01407,A,3,193.15,579.45,117.00,1.5
R25-002609,2025-07-30,FT-2025-01417,A,1,183.73,183.73,117.00,1.5
R25-002610,2025-07-30,FT-2025-01417,B,2,119.34,238.68,76.00,0.5
R25-002611,2025-07-30,FT-2025-01440,B,3,116.90,350.70,76.00,0.5
R25-002612,2025-07-30,FT-2025-01440,C,7,295.51,2068.57,238.00,3.0
R25-002613,2025-07-30,FT-2025-01440,B,7,116.21,813.47,76.00,0.5
R25-002614,2025-07-31,FT-2025-01279,B,5,116.52,582.60,76.00,0.5
R25-002615,2025-07-31,FT-2025-01279,C,3,294.99,884.97,238.00,3.0
R25-002616,2025-07-31,FT-2025-01280,B,3,111.65,334.95,76.00,0.5
R25-002617,2025-07-31,FT-2025-01286,A,8,162.93,1303.44,117.00,1.5
R25-002618,2025-07-31,FT-2025-01287,B,1,120.00,120.00,76.00,0.5
R25-002619,2025-07-31,FT-2025-01287,A,1,188.79,188.79,117.00,1.5
R25-002620,2025-07-31,FT-2025-01287,A,3,198.69,596.07,117.00,1.5
R25-002621,2025-07-31,FT-2025-01296,A,7,160.49,1123.43,117.00,1.5
R25-002622,2025-07-31,FT-2025-01326,A,2,200.00,400.00,117.00,1.5
R25-002623,2025-07-31,FT-2025-01352,B,17,117.13,1991.21,76.00,0.5
R25-002624,2025-07-31,FT-2025-01354,A,2,193.11,386.22,117.00,1.5
R25-002625,2025-07-31,FT-2025-01354,A,2,193.74,387.48,117.00,1.5
R25-002626,2025-07-31,FT-2025-01354,A,2,190.19,380.38,117.00,1.5
R25-002627,2025-07-31,FT-2025-01390,B,13,111.55,1450.15,76.00,0.5
R25-002628,2025-07-31,FT-2025-01390,B,12,112.81,1353.72,76.00,0.5
R25-002629,2025-07-31,FT-2025-01436,B,14,117.60,1646.40,76.00,0.5
R25-002630,2025-07-31,FT-2025-01469,A,1,197.87,197.87,117.00,1.5
R25-002631,2025-07-31,FT-2025-01469,A,2,199.85,399.70,117.00,1.5
R25-002632,2025-07-31,FT-2025-01469,A,1,199.22,199.22,117.00,1.5
R25-002633,2025-08-01,FT-2025-01500,B,1,120.00,120.00,76.00,0.5
R25-002634,2025-08-01,FT-2025-01500,A,2,193.40,386.80,117.00,1.5
R25-002635,2025-08-01,FT-2025-01515,A,1,200.00,200.00,117.00,1.5
R25-002636,2025-08-01,FT-2025-01536,A,2,194.96,389.92,117.00,1.5
R25-002637,2025-08-01,FT-2025-01538,B,2,107.56,215.12,76.00,0.5
R25-002638,2025-08-01,FT-2025-01538,A,5,190.38,951.90,117.00,1.5
R25-002639,2025-08-01,FT-2025-01538,A,5,188.51,942.55,117.00,1.5
R25-002640,2025-08-01,FT-2025-01602,B,5,117.38,586.90,76.00,0.5
R25-002641,2025-08-01,FT-2025-01602,B,9,118.44,1065.96,76.00,0.5
R25-002642,2025-08-01,FT-2025-01602,B,1,116.57,116.57,76.00,0.5
R25-002643,2025-08-01,FT-2025-01609,A,10,161.43,1614.30,117.00,1.5
R25-002644,2025-08-01,FT-2025-01609,B,10,109.26,1092.60,76.00,0.5
R25-002645,2025-08-01,FT-2025-01628,B,14,115.58,1618.12,76.00,0.5
R25-002646,2025-08-04,FT-2025-01490,A,8,162.25,1298.00,117.00,1.5
R25-002647,2025-08-04,FT-2025-01490,B,3,117.03,351.09,76.00,0.5
R25-002648,2025-08-04,FT-2025-01531,A,2,196.68,393.36,117.00,1.5
R25-002649,2025-08-04,FT-2025-01531,A,1,193.65,193.65,117.00,1.5
R25-002650,2025-08-04,FT-2025-01571,B,12,118.13,1417.56,76.00,0.5
R25-002651,2025-08-04,FT-2025-01571,C,6,292.33,1753.98,238.00,3.0
R25-002652,2025-08-04,FT-2025-01571,A,9,161.97,1457.73,117.00,1.5
R25-002653,2025-08-04,FT-2025-01612,A,4,200.00,800.00,117.00,1.5
R25-002654,2025-08-04,FT-2025-01612,B,5,118.85,594.25,76.00,0.5
R25-002655,2025-08-04,FT-2025-01640,A,7,163.00,1141.00,117.00,1.5
R25-002656,2025-08-04,FT-2025-01640,B,13,109.80,1427.40,76.00,0.5
R25-002657,2025-08-04,FT-2025-01640,B,9,107.59,968.31,76.00,0.5
R25-002658,2025-08-05,FT-2025-01480,A,1,200.00,200.00,117.00,1.5
R25-002659,2025-08-05,FT-2025-01480,B,1,117.00,117.00,76.00,0.5
R25-002660,2025-08-05,FT-2025-01480,A,2,200.00,400.00,117.00,1.5
R25-002661,2025-08-05,FT-2025-01510,A,1,200.00,200.00,117.00,1.5
R25-002662,2025-08-05,FT-2025-01510,A,1,200.00,200.00,117.00,1.5
R25-002663,2025-08-05,FT-2025-01510,A,2,200.00,400.00,117.00,1.5
R25-002664,2025-08-05,FT-2025-01545,A,2,200.00,400.00,117.00,1.5
R25-002665,2025-08-05,FT-2025-01563,A,5,161.52,807.60,117.00,1.5
R25-002666,2025-08-05,FT-2025-01588,A,9,186.34,1677.06,117.00,1.5
R25-002667,2025-08-05,FT-2025-01588,C,3,284.11,852.33,238.00,3.0
R25-002668,2025-08-05,FT-2025-01588,A,9,186.30,1676.70,117.00,1.5
R25-002669,2025-08-05,FT-2025-01625,A,2,200.00,400.00,117.00,1.5
R25-002670,2025-08-05,FT-2025-01633,C,2,281.32,562.64,238.00,3.0
R25-002671,2025-08-06,FT-2025-01527,B,11,115.73,1273.03,76.00,0.5
R25-002672,2025-08-06,FT-2025-01593,C,3,270.12,810.36,238.00,3.0
R25-002673,2025-08-06,FT-2025-01613,A,1,200.00,200.00,117.00,1.5
R25-002674,2025-08-06,FT-2025-01613,A,2,194.82,389.64,117.00,1.5
R25-002675,2025-08-06,FT-2025-01613,A,3,195.64,586.92,117.00,1.5
R25-002676,2025-08-06,FT-2025-01623,C,4,288.88,1155.52,238.00,3.0
R25-002677,2025-08-06,FT-2025-01623,A,7,162.34,1136.38,117.00,1.5
R25-002678,2025-08-06,FT-2025-01644,A,1,159.43,159.43,117.00,1.5
R25-002679,2025-08-07,FT-2025-01486,B,7,109.01,763.07,76.00,0.5
R25-002680,2025-08-07,FT-2025-01517,A,4,160.68,642.72,117.00,1.5
R25-002681,2025-08-07,FT-2025-01533,B,8,112.08,896.64,76.00,0.5
R25-002682,2025-08-07,FT-2025-01537,B,6,117.96,707.76,76.00,0.5
R25-002683,2025-08-07,FT-2025-01537,A,4,192.85,771.40,117.00,1.5
R25-002684,2025-08-07,FT-2025-01537,B,7,108.00,756.00,76.00,0.5
R25-002685,2025-08-07,FT-2025-01540,A,2,192.29,384.58,117.00,1.5
R25-002686,2025-08-07,FT-2025-01540,A,1,192.97,192.97,117.00,1.5
R25-002687,2025-08-07,FT-2025-01540,A,2,191.17,382.34,117.00,1.5
R25-002688,2025-08-07,FT-2025-01543,A,12,151.04,1812.48,117.00,1.5
R25-002689,2025-08-07,FT-2025-01543,B,3,116.96,350.88,76.00,0.5
R25-002690,2025-08-07,FT-2025-01543,B,10,117.64,1176.40,76.00,0.5
R25-002691,2025-08-07,FT-2025-01560,A,4,184.55,738.20,117.00,1.5
R25-002692,2025-08-07,FT-2025-01560,A,4,184.06,736.24,117.00,1.5
R25-002693,2025-08-07,FT-2025-01572,A,2,190.60,381.20,117.00,1.5
R25-002694,2025-08-07,FT-2025-01591,A,2,200.00,400.00,117.00,1.5
R25-002695,2025-08-07,FT-2025-01591,B,1,120.00,120.00,76.00,0.5
R25-002696,2025-08-07,FT-2025-01592,A,2,200.00,400.00,117.00,1.5
R25-002697,2025-08-07,FT-2025-01592,A,1,200.00,200.00,117.00,1.5
R25-002698,2025-08-07,FT-2025-01592,B,1,116.45,116.45,76.00,0.5
R25-002699,2025-08-07,FT-2025-01634,B,9,115.75,1041.75,76.00,0.5
R25-002700,2025-08-07,FT-2025-01634,C,5,292.86,1464.30,238.00,3.0
R25-002701,2025-08-07,FT-2025-01639,A,4,198.13,792.52,117.00,1.5
R25-002702,2025-08-07,FT-2025-01646,B,10,115.96,1159.60,76.00,0.5
R25-002703,2025-08-07,FT-2025-01646,A,4,148.70,594.80,117.00,1.5
R25-002704,2025-08-08,FT-2025-01489,A,4,162.96,651.84,117.00,1.5
R25-002705,2025-08-08,FT-2025-01489,C,4,287.84,1151.36,238.00,3.0
R25-002706,2025-08-08,FT-2025-01492,A,2,194.20,388.40,117.00,1.5
R25-002707,2025-08-08,FT-2025-01492,A,2,192.67,385.34,117.00,1.5
R25-002708,2025-08-08,FT-2025-01528,A,2,199.14,398.28,117.00,1.5
R25-002709,2025-08-08,FT-2025-01562,B,7,116.97,818.79,76.00,0.5
R25-002710,2025-08-08,FT-2025-01562,B,10,115.75,1157.50,76.00,0.5
R25-002711,2025-08-08,FT-2025-01565,B,7,116.38,814.66,76.00,0.5
R25-002712,2025-08-08,FT-2025-01565,C,3,296.08,888.24,238.00,3.0
R25-002713,2025-08-08,FT-2025-01567,B,3,117.38,352.14,76.00,0.5
R25-002714,2025-08-08,FT-2025-01567,C,6,292.85,1757.10,238.00,3.0
R25-002715,2025-08-08,FT-2025-01568,A,3,189.41,568.23,117.00,1.5
R25-002716,2025-08-08,FT-2025-01568,A,1,192.92,192.92,117.00,1.5
R25-002717,2025-08-08,FT-2025-01574,B,18,118.41,2131.38,76.00,0.5
R25-002718,2025-08-08,FT-2025-01582,A,1,200.00,200.00,117.00,1.5
R25-002719,2025-08-08,FT-2025-01582,A,3,195.89,587.67,117.00,1.5
R25-002720,2025-08-08,FT-2025-01605,C,6,296.27,1777.62,238.00,3.0
R25-002721,2025-08-08,FT-2025-01610,A,2,193.33,386.66,117.00,1.5
R25-002722,2025-08-08,FT-2025-01610,A,3,190.09,570.27,117.00,1.5
R25-002723,2025-08-08,FT-2025-01616,B,1,120.00,120.00,76.00,0.5
R25-002724,2025-08-08,FT-2025-01616,A,2,200.00,400.00,117.00,1.5
R25-002725,2025-08-08,FT-2025-01619,B,6,108.81,652.86,76.00,0.5
R25-002726,2025-08-08,FT-2025-01619,A,4,190.33,761.32,117.00,1.5
R25-002727,2025-08-08,FT-2025-01642,C,2,293.14,586.28,238.00,3.0
R25-002728,2025-08-08,FT-2025-01645,A,4,188.90,755.60,117.00,1.5
R25-002729,2025-08-11,FT-2025-01483,A,2,198.25,396.50,117.00,1.5
R25-002730,2025-08-11,FT-2025-01483,A,1,196.65,196.65,117.00,1.5
R25-002731,2025-08-11,FT-2025-01498,A,3,182.78,548.34,117.00,1.5
R25-002732,2025-08-11,FT-2025-01505,A,2,199.03,398.06,117.00,1.5
R25-002733,2025-08-11,FT-2025-01506,B,13,108.02,1404.26,76.00,0.5
R25-002734,2025-08-11,FT-2025-01506,B,14,108.66,1521.24,76.00,0.5
R25-002735,2025-08-11,FT-2025-01506,C,4,295.17,1180.68,238.00,3.0
R25-002736,2025-08-11,FT-2025-01520,A,1,197.21,197.21,117.00,1.5
R25-002737,2025-08-11,FT-2025-01520,A,4,197.82,791.28,117.00,1.5
R25-002738,2025-08-11,FT-2025-01520,B,1,115.92,115.92,76.00,0.5
R25-002739,2025-08-11,FT-2025-01541,B,12,110.64,1327.68,76.00,0.5
R25-002740,2025-08-11,FT-2025-01541,A,9,162.32,1460.88,117.00,1.5
R25-002741,2025-08-11,FT-2025-01541,C,3,281.19,843.57,238.00,3.0
R25-002742,2025-08-11,FT-2025-01556,B,1,116.45,116.45,76.00,0.5
R25-002743,2025-08-11,FT-2025-01556,B,2,115.02,230.04,76.00,0.5
R25-002744,2025-08-11,FT-2025-01556,A,3,200.00,600.00,117.00,1.5
R25-002745,2025-08-11,FT-2025-01585,B,16,109.46,1751.36,76.00,0.5
R25-002746,2025-08-11,FT-2025-01607,A,5,162.63,813.15,117.00,1.5
R25-002747,2025-08-11,FT-2025-01607,C,4,287.89,1151.56,238.00,3.0
R25-002748,2025-08-11,FT-2025-01650,A,2,196.91,393.82,117.00,1.5
R25-002749,2025-08-11,FT-2025-01650,A,2,199.77,399.54,117.00,1.5
R25-002750,2025-08-12,FT-2025-01481,B,6,107.61,645.66,76.00,0.5
R25-002751,2025-08-12,FT-2025-01495,B,8,109.85,878.80,76.00,0.5
R25-002752,2025-08-12,FT-2025-01495,C,5,296.11,1480.55,238.00,3.0
R25-002753,2025-08-12,FT-2025-01495,B,8,109.80,878.40,76.00,0.5
R25-002754,2025-08-12,FT-2025-01507,A,1,200.00,200.00,117.00,1.5
R25-002755,2025-08-12,FT-2025-01522,A,1,193.25,193.25,117.00,1.5
R25-002756,2025-08-12,FT-2025-01522,A,3,194.88,584.64,117.00,1.5
R25-002757,2025-08-12,FT-2025-01529,A,1,195.13,195.13,117.00,1.5
R25-002758,2025-08-12,FT-2025-01551,A,1,197.44,197.44,117.00,1.5
R25-002759,2025-08-12,FT-2025-01551,A,2,194.96,389.92,117.00,1.5
R25-002760,2025-08-12,FT-2025-01551,A,1,197.01,197.01,117.00,1.5
R25-002761,2025-08-12,FT-2025-01554,A,1,194.61,194.61,117.00,1.5
R25-002762,2025-08-12,FT-2025-01554,A,3,192.48,577.44,117.00,1.5
R25-002763,2025-08-12,FT-2025-01554,B,3,120.00,360.00,76.00,0.5
R25-002764,2025-08-12,FT-2025-01559,A,1,194.88,194.88,117.00,1.5
R25-002765,2025-08-12,FT-2025-01559,A,1,195.62,195.62,117.00,1.5
R25-002766,2025-08-12,FT-2025-01570,A,7,192.81,1349.67,117.00,1.5
R25-002767,2025-08-12,FT-2025-01570,A,5,192.97,964.85,117.00,1.5
R25-002768,2025-08-12,FT-2025-01600,B,6,117.11,702.66,76.00,0.5
R25-002769,2025-08-12,FT-2025-01600,C,8,285.54,2284.32,238.00,3.0
R25-002770,2025-08-12,FT-2025-01629,A,2,200.00,400.00,117.00,1.5
R25-002771,2025-08-13,FT-2025-01511,A,3,193.18,579.54,117.00,1.5
R25-002772,2025-08-13,FT-2025-01511,B,1,120.00,120.00,76.00,0.5
R25-002773,2025-08-13,FT-2025-01552,C,3,286.89,860.67,238.00,3.0
R25-002774,2025-08-13,FT-2025-01552,B,12,116.93,1403.16,76.00,0.5
R25-002775,2025-08-13,FT-2025-01584,C,3,292.81,878.43,238.00,3.0
R25-002776,2025-08-13,FT-2025-01603,A,2,199.30,398.60,117.00,1.5
R25-002777,2025-08-13,FT-2025-01649,A,3,193.53,580.59,117.00,1.5
R25-002778,2025-08-13,FT-2025-01649,A,1,191.24,191.24,117.00,1.5
R25-002779,2025-08-13,FT-2025-01649,A,2,190.00,380.00,117.00,1.5
R25-002780,2025-08-14,FT-2025-01482,C,9,293.78,2644.02,238.00,3.0
R25-002781,2025-08-14,FT-2025-01482,B,8,116.22,929.76,76.00,0.5
R25-002782,2025-08-14,FT-2025-01485,A,18,162.45,2924.10,117.00,1.5
R25-002783,2025-08-14,FT-2025-01485,C,15,283.24,4248.60,238.00,3.0
R25-002784,2025-08-14,FT-2025-01485,B,19,117.31,2228.89,76.00,0.5
R25-002785,2025-08-14,FT-2025-01501,A,2,199.91,399.82,117.00,1.5
R25-002786,2025-08-14,FT-2025-01524,B,3,116.13,348.39,76.00,0.5
R25-002787,2025-08-14,FT-2025-01524,A,2,200.00,400.00,117.00,1.5
R25-002788,2025-08-14,FT-2025-01542,A,1,197.76,197.76,117.00,1.5
R25-002789,2025-08-14,FT-2025-01542,A,1,198.21,198.21,117.00,1.5
R25-002790,2025-08-14,FT-2025-01577,B,10,117.03,1170.30,76.00,0.5
R25-002791,2025-08-14,FT-2025-01577,B,8,116.54,932.32,76.00,0.5
R25-002792,2025-08-14,FT-2025-01577,A,7,194.50,1361.50,117.00,1.5
R25-002793,2025-08-14,FT-2025-01608,A,3,193.60,580.80,117.00,1.5
R25-002794,2025-08-14,FT-2025-01608,A,2,192.58,385.16,117.00,1.5
R25-002795,2025-08-14,FT-2025-01614,A,7,154.19,1079.33,117.00,1.5
R25-002796,2025-08-18,FT-2025-01479,B,1,119.05,119.05,76.00,0.5
R25-002797,2025-08-18,FT-2025-01491,A,2,197.31,394.62,117.00,1.5
R25-002798,2025-08-18,FT-2025-01491,A,2,195.98,391.96,117.00,1.5
R25-002799,2025-08-18,FT-2025-01491,B,1,109.82,109.82,76.00,0.5
R25-002800,2025-08-18,FT-2025-01530,A,2,198.17,396.34,117.00,1.5
R25-002801,2025-08-18,FT-2025-01535,B,2,119.35,238.70,76.00,0.5
R25-002802,2025-08-18,FT-2025-01535,A,2,199.98,399.96,117.00,1.5
R25-002803,2025-08-18,FT-2025-01557,A,3,193.45,580.35,117.00,1.5
R25-002804,2025-08-18,FT-2025-01557,A,1,190.62,190.62,117.00,1.5
R25-002805,2025-08-18,FT-2025-01578,A,4,161.64,646.56,117.00,1.5
R25-002806,2025-08-18,FT-2025-01578,B,19,110.85,2106.15,76.00,0.5
R25-002807,2025-08-18,FT-2025-01578,C,2,293.79,587.58,238.00,3.0
R25-002808,2025-08-18,FT-2025-01580,A,2,200.00,400.00,117.00,1.5
R25-002809,2025-08-18,FT-2025-01580,B,2,113.33,226.66,76.00,0.5
R25-002810,2025-08-18,FT-2025-01580,A,1,200.00,200.00,117.00,1.5
R25-002811,2025-08-18,FT-2025-01590,A,3,190.33,570.99,117.00,1.5
R25-002812,2025-08-18,FT-2025-01599,B,2,118.41,236.82,76.00,0.5
R25-002813,2025-08-18,FT-2025-01599,A,2,200.00,400.00,117.00,1.5
R25-002814,2025-08-18,FT-2025-01641,B,8,116.32,930.56,76.00,0.5
R25-002815,2025-08-18,FT-2025-01641,A,5,163.24,816.20,117.00,1.5
R25-002816,2025-08-18,FT-2025-01647,B,9,117.47,1057.23,76.00,0.5
R25-002817,2025-08-18,FT-2025-01647,A,3,161.86,485.58,117.00,1.5
R25-002818,2025-08-19,FT-2025-01484,B,1,109.11,109.11,76.00,0.5
R25-002819,2025-08-19,FT-2025-01484,A,3,198.48,595.44,117.00,1.5
R25-002820,2025-08-19,FT-2025-01502,C,4,270.00,1080.00,238.00,3.0
R25-002821,2025-08-19,FT-2025-01502,B,19,115.91,2202.29,76.00,0.5
R25-002822,2025-08-19,FT-2025-01518,A,2,198.41,396.82,117.00,1.5
R25-002823,2025-08-19,FT-2025-01526,A,1,184.69,184.69,117.00,1.5
R25-002824,2025-08-19,FT-2025-01569,A,3,193.68,581.04,117.00,1.5
R25-002825,2025-08-19,FT-2025-01569,A,1,190.21,190.21,117.00,1.5
R25-002826,2025-08-19,FT-2025-01573,A,8,155.08,1240.64,117.00,1.5
R25-002827,2025-08-19,FT-2025-01573,B,15,110.28,1654.20,76.00,0.5
R25-002828,2025-08-19,FT-2025-01621,A,8,162.07,1296.56,117.00,1.5
R25-002829,2025-08-19,FT-2025-01621,C,8,287.26,2298.08,238.00,3.0
R25-002830,2025-08-19,FT-2025-01621,B,13,118.03,1534.39,76.00,0.5
R25-002831,2025-08-19,FT-2025-01624,B,1,120.00,120.00,76.00,0.5
R25-002832,2025-08-19,FT-2025-01624,A,3,194.34,583.02,117.00,1.5
R25-002833,2025-08-20,FT-2025-01503,A,4,189.86,759.44,117.00,1.5
R25-002834,2025-08-20,FT-2025-01503,A,1,191.20,191.20,117.00,1.5
R25-002835,2025-08-20,FT-2025-01547,A,4,161.64,646.56,117.00,1.5
R25-002836,2025-08-20,FT-2025-01547,B,11,117.50,1292.50,76.00,0.5
R25-002837,2025-08-20,FT-2025-01555,A,9,190.20,1711.80,117.00,1.5
R25-002838,2025-08-20,FT-2025-01555,B,13,107.82,1401.66,76.00,0.5
R25-002839,2025-08-20,FT-2025-01558,A,1,200.00,200.00,117.00,1.5
R25-002840,2025-08-20,FT-2025-01586,A,1,200.00,200.00,117.00,1.5
R25-002841,2025-08-20,FT-2025-01586,A,1,200.00,200.00,117.00,1.5
R25-002842,2025-08-20,FT-2025-01597,A,2,190.70,381.40,117.00,1.5
R25-002843,2025-08-20,FT-2025-01597,A,1,193.59,193.59,117.00,1.5
R25-002844,2025-08-20,FT-2025-01597,A,3,189.79,569.37,117.00,1.5
R25-002845,2025-08-20,FT-2025-01601,B,5,119.02,595.10,76.00,0.5
R25-002846,2025-08-20,FT-2025-01601,A,11,199.99,2199.89,117.00,1.5
R25-002847,2025-08-21,FT-2025-01493,B,1,120.00,120.00,76.00,0.5
R25-002848,2025-08-21,FT-2025-01493,A,2,200.00,400.00,117.00,1.5
R25-002849,2025-08-21,FT-2025-01504,A,8,161.19,1289.52,117.00,1.5
R25-002850,2025-08-21,FT-2025-01504,B,7,117.11,819.77,76.00,0.5
R25-002851,2025-08-21,FT-2025-01509,A,2,198.72,397.44,117.00,1.5
R25-002852,2025-08-21,FT-2025-01523,A,1,195.78,195.78,117.00,1.5
R25-002853,2025-08-21,FT-2025-01523,A,1,195.14,195.14,117.00,1.5
R25-002854,2025-08-21,FT-2025-01525,A,1,196.11,196.11,117.00,1.5
R25-002855,2025-08-21,FT-2025-01525,A,2,196.78,393.56,117.00,1.5
R25-002856,2025-08-21,FT-2025-01549,B,7,108.89,762.23,76.00,0.5
R25-002857,2025-08-21,FT-2025-01561,B,10,116.97,1169.70,76.00,0.5
R25-002858,2025-08-21,FT-2025-01561,B,7,115.97,811.79,76.00,0.5
R25-002859,2025-08-21,FT-2025-01561,A,11,161.71,1778.81,117.00,1.5
R25-002860,2025-08-21,FT-2025-01564,B,15,117.71,1765.65,76.00,0.5
R25-002861,2025-08-21,FT-2025-01596,B,1,120.00,120.00,76.00,0.5
R25-002862,2025-08-21,FT-2025-01596,A,2,200.00,400.00,117.00,1.5
R25-002863,2025-08-21,FT-2025-01622,B,3,119.18,357.54,76.00,0.5
R25-002864,2025-08-21,FT-2025-01622,A,2,200.00,400.00,117.00,1.5
R25-002865,2025-08-21,FT-2025-01622,A,1,200.00,200.00,117.00,1.5
R25-002866,2025-08-21,FT-2025-01631,A,4,198.03,792.12,117.00,1.5
R25-002867,2025-08-21,FT-2025-01632,C,7,292.07,2044.49,238.00,3.0
R25-002868,2025-08-21,FT-2025-01632,A,10,161.96,1619.60,117.00,1.5
R25-002869,2025-08-21,FT-2025-01632,B,6,117.51,705.06,76.00,0.5
R25-002870,2025-08-22,FT-2025-01487,A,4,161.24,644.96,117.00,1.5
R25-002871,2025-08-22,FT-2025-01487,B,9,116.67,1050.03,76.00,0.5
R25-002872,2025-08-22,FT-2025-01532,A,5,154.31,771.55,117.00,1.5
R25-002873,2025-08-22,FT-2025-01532,B,23,109.42,2516.66,76.00,0.5
R25-002874,2025-08-22,FT-2025-01553,B,10,118.52,1185.20,76.00,0.5
R25-002875,2025-08-22,FT-2025-01553,A,7,193.94,1357.58,117.00,1.5
R25-002876,2025-08-22,FT-2025-01581,A,3,200.00,600.00,117.00,1.5
R25-002877,2025-08-22,FT-2025-01581,B,3,118.40,355.20,76.00,0.5
R25-002878,2025-08-22,FT-2025-01581,B,1,119.70,119.70,76.00,0.5
R25-002879,2025-08-22,FT-2025-01587,A,10,187.65,1876.50,117.00,1.5
R25-002880,2025-08-22,FT-2025-01587,B,5,108.56,542.80,76.00,0.5
R25-002881,2025-08-22,FT-2025-01615,C,2,272.97,545.94,238.00,3.0
R25-002882,2025-08-22,FT-2025-01651,C,5,295.41,1477.05,238.00,3.0
R25-002883,2025-08-22,FT-2025-01651,A,8,163.32,1306.56,117.00,1.5
R25-002884,2025-08-25,FT-2025-01513,B,1,108.00,108.00,76.00,0.5
R25-002885,2025-08-25,FT-2025-01513,A,2,184.03,368.06,117.00,1.5
R25-002886,2025-08-25,FT-2025-01514,A,9,142.41,1281.69,117.00,1.5
R25-002887,2025-08-25,FT-2025-01514,B,16,117.38,1878.08,76.00,0.5
R25-002888,2025-08-25,FT-2025-01548,B,4,117.61,470.44,76.00,0.5
R25-002889,2025-08-25,FT-2025-01575,B,6,110.79,664.74,76.00,0.5
R25-002890,2025-08-25,FT-2025-01576,A,1,200.00,200.00,117.00,1.5
R25-002891,2025-08-25,FT-2025-01589,A,2,191.56,383.12,117.00,1.5
R25-002892,2025-08-25,FT-2025-01611,A,7,158.46,1109.22,117.00,1.5
R25-002893,2025-08-25,FT-2025-01611,B,20,115.21,2304.20,76.00,0.5
R25-002894,2025-08-25,FT-2025-01620,A,1,200.00,200.00,117.00,1.5
R25-002895,2025-08-25,FT-2025-01627,B,16,118.25,1892.00,76.00,0.5
R25-002896,2025-08-25,FT-2025-01630,C,4,290.75,1163.00,238.00,3.0
R25-002897,2025-08-25,FT-2025-01630,A,6,162.66,975.96,117.00,1.5
R25-002898,2025-08-26,FT-2025-01494,B,12,107.81,1293.72,76.00,0.5
R25-002899,2025-08-26,FT-2025-01521,A,1,200.00,200.00,117.00,1.5
R25-002900,2025-08-26,FT-2025-01521,A,2,198.19,396.38,117.00,1.5
R25-002901,2025-08-26,FT-2025-01521,A,1,197.99,197.99,117.00,1.5
R25-002902,2025-08-26,FT-2025-01546,A,2,200.00,400.00,117.00,1.5
R25-002903,2025-08-26,FT-2025-01550,B,12,110.64,1327.68,76.00,0.5
R25-002904,2025-08-26,FT-2025-01579,B,2,120.00,240.00,76.00,0.5
R25-002905,2025-08-26,FT-2025-01579,A,2,192.61,385.22,117.00,1.5
R25-002906,2025-08-26,FT-2025-01594,B,2,120.00,240.00,76.00,0.5
R25-002907,2025-08-26,FT-2025-01594,A,2,184.54,369.08,117.00,1.5
R25-002908,2025-08-26,FT-2025-01604,B,1,119.03,119.03,76.00,0.5
R25-002909,2025-08-26,FT-2025-01604,A,2,200.00,400.00,117.00,1.5
R25-002910,2025-08-26,FT-2025-01604,B,4,118.87,475.48,76.00,0.5
R25-002911,2025-08-27,FT-2025-01508,B,14,110.24,1543.36,76.00,0.5
R25-002912,2025-08-27,FT-2025-01508,C,5,291.39,1456.95,238.00,3.0
R25-002913,2025-08-27,FT-2025-01508,B,4,109.79,439.16,76.00,0.5
R25-002914,2025-08-27,FT-2025-01544,B,8,116.76,934.08,76.00,0.5
R25-002915,2025-08-27,FT-2025-01544,B,11,116.20,1278.20,76.00,0.5
R25-002916,2025-08-27,FT-2025-01544,A,8,161.45,1291.60,117.00,1.5
R25-002917,2025-08-27,FT-2025-01566,A,1,195.54,195.54,117.00,1.5
R25-002918,2025-08-27,FT-2025-01583,B,6,118.97,713.82,76.00,0.5
R25-002919,2025-08-27,FT-2025-01583,B,2,108.00,216.00,76.00,0.5
R25-002920,2025-08-27,FT-2025-01583,C,5,295.06,1475.30,238.00,3.0
R25-002921,2025-08-27,FT-2025-01595,B,3,108.37,325.11,76.00,0.5
R25-002922,2025-08-27,FT-2025-01598,B,1,120.00,120.00,76.00,0.5
R25-002923,2025-08-27,FT-2025-01598,A,2,195.73,391.46,117.00,1.5
R25-002924,2025-08-27,FT-2025-01598,B,1,120.00,120.00,76.00,0.5
R25-002925,2025-08-27,FT-2025-01638,B,2,108.00,216.00,76.00,0.5
R25-002926,2025-08-27,FT-2025-01638,A,2,200.00,400.00,117.00,1.5
R25-002927,2025-08-28,FT-2025-01488,B,2,116.13,232.26,76.00,0.5
R25-002928,2025-08-28,FT-2025-01488,A,3,199.81,599.43,117.00,1.5
R25-002929,2025-08-28,FT-2025-01488,A,1,200.00,200.00,117.00,1.5
R25-002930,2025-08-28,FT-2025-01512,B,21,111.81,2348.01,76.00,0.5
R25-002931,2025-08-28,FT-2025-01512,C,3,270.00,810.00,238.00,3.0
R25-002932,2025-08-28,FT-2025-01512,A,6,160.57,963.42,117.00,1.5
R25-002933,2025-08-28,FT-2025-01519,B,13,116.52,1514.76,76.00,0.5
R25-002934,2025-08-28,FT-2025-01534,B,10,109.95,1099.50,76.00,0.5
R25-002935,2025-08-28,FT-2025-01534,A,9,163.53,1471.77,117.00,1.5
R25-002936,2025-08-28,FT-2025-01534,B,16,107.92,1726.72,76.00,0.5
R25-002937,2025-08-28,FT-2025-01539,A,3,196.85,590.55,117.00,1.5
R25-002938,2025-08-28,FT-2025-01539,B,1,120.00,120.00,76.00,0.5
R25-002939,2025-08-28,FT-2025-01606,B,9,117.01,1053.09,76.00,0.5
R25-002940,2025-08-28,FT-2025-01606,B,10,116.33,1163.30,76.00,0.5
R25-002941,2025-08-28,FT-2025-01617,A,1,200.00,200.00,117.00,1.5
R25-002942,2025-08-28,FT-2025-01626,B,18,109.34,1968.12,76.00,0.5
R25-002943,2025-08-28,FT-2025-01635,A,7,160.85,1125.95,117.00,1.5
R25-002944,2025-08-28,FT-2025-01635,B,8,109.55,876.40,76.00,0.5
R25-002945,2025-08-28,FT-2025-01637,A,5,192.20,961.00,117.00,1.5
R25-002946,2025-08-28,FT-2025-01637,A,3,199.97,599.91,117.00,1.5
R25-002947,2025-08-29,FT-2025-01496,B,7,117.85,824.95,76.00,0.5
R25-002948,2025-08-29,FT-2025-01497,B,15,110.07,1651.05,76.00,0.5
R25-002949,2025-08-29,FT-2025-01497,C,4,288.19,1152.76,238.00,3.0
R25-002950,2025-08-29,FT-2025-01499,A,3,197.36,592.08,117.00,1.5
R25-002951,2025-08-29,FT-2025-01499,A,1,185.00,185.00,117.00,1.5
R25-002952,2025-08-29,FT-2025-01499,B,2,117.50,235.00,76.00,0.5
R25-002953,2025-08-29,FT-2025-01516,C,3,293.58,880.74,238.00,3.0
R25-002954,2025-08-29,FT-2025-01516,B,19,109.77,2085.63,76.00,0.5
R25-002955,2025-08-29,FT-2025-01516,A,5,163.50,817.50,117.00,1.5
R25-002956,2025-08-29,FT-2025-01618,A,6,186.79,1120.74,117.00,1.5
R25-002957,2025-08-29,FT-2025-01636,A,3,190.37,571.11,117.00,1.5
R25-002958,2025-08-29,FT-2025-01636,A,4,192.00,768.00,117.00,1.5
R25-002959,2025-08-29,FT-2025-01636,A,1,191.36,191.36,117.00,1.5
R25-002960,2025-08-29,FT-2025-01643,B,3,108.00,324.00,76.00,0.5
R25-002961,2025-08-29,FT-2025-01648,B,1,119.68,119.68,76.00,0.5
R25-002962,2025-08-29,FT-2025-01648,B,2,119.18,238.36,76.00,0.5
R25-002963,2025-08-29,FT-2025-01648,B,4,120.00,480.00,76.00,0.5
R25-002964,2025-09-01,FT-2025-01678,A,1,190.59,190.59,117.00,1.5
R25-002965,2025-09-01,FT-2025-01701,B,13,117.53,1527.89,76.00,0.5
R25-002966,2025-09-01,FT-2025-01701,B,8,117.79,942.32,76.00,0.5
R25-002967,2025-09-01,FT-2025-01743,C,7,287.56,2012.92,238.00,3.0
R25-002968,2025-09-01,FT-2025-01800,B,12,117.25,1407.00,76.00,0.5
R25-002969,2025-09-01,FT-2025-01800,C,3,288.95,866.85,238.00,3.0
R25-002970,2025-09-01,FT-2025-01800,B,12,116.80,1401.60,76.00,0.5
R25-002971,2025-09-01,FT-2025-01826,A,2,200.00,400.00,117.00,1.5
R25-002972,2025-09-01,FT-2025-01832,B,7,110.94,776.58,76.00,0.5
R25-002973,2025-09-01,FT-2025-01838,B,17,116.32,1977.44,76.00,0.5
R25-002974,2025-09-02,FT-2025-01655,A,1,193.01,193.01,117.00,1.5
R25-002975,2025-09-02,FT-2025-01655,A,3,193.88,581.64,117.00,1.5
R25-002976,2025-09-02,FT-2025-01662,A,2,194.76,389.52,117.00,1.5
R25-002977,2025-09-02,FT-2025-01672,B,6,118.35,710.10,76.00,0.5
R25-002978,2025-09-02,FT-2025-01672,B,6,116.80,700.80,76.00,0.5
R25-002979,2025-09-02,FT-2025-01672,B,6,117.67,706.02,76.00,0.5
R25-002980,2025-09-02,FT-2025-01686,A,1,197.19,197.19,117.00,1.5
R25-002981,2025-09-02,FT-2025-01686,A,2,195.38,390.76,117.00,1.5
R25-002982,2025-09-02,FT-2025-01686,A,4,199.42,797.68,117.00,1.5
R25-002983,2025-09-02,FT-2025-01728,C,4,286.06,1144.24,238.00,3.0
R25-002984,2025-09-02,FT-2025-01728,A,7,185.98,1301.86,117.00,1.5
R25-002985,2025-09-02,FT-2025-01728,A,7,189.23,1324.61,117.00,1.5
R25-002986,2025-09-02,FT-2025-01764,B,1,120.00,120.00,76.00,0.5
R25-002987,2025-09-02,FT-2025-01764,A,1,200.00,200.00,117.00,1.5
R25-002988,2025-09-02,FT-2025-01764,A,1,200.00,200.00,117.00,1.5
R25-002989,2025-09-02,FT-2025-01770,C,11,295.07,3245.77,238.00,3.0
R25-002990,2025-09-02,FT-2025-01770,A,6,161.10,966.60,117.00,1.5
R25-002991,2025-09-02,FT-2025-01770,B,4,117.33,469.32,76.00,0.5
R25-002992,2025-09-02,FT-2025-01788,A,2,193.81,387.62,117.00,1.5
R25-002993,2025-09-02,FT-2025-01788,A,1,191.28,191.28,117.00,1.5
R25-002994,2025-09-02,FT-2025-01813,A,3,193.71,581.13,117.00,1.5
R25-002995,2025-09-02,FT-2025-01815,B,15,107.80,1617.00,76.00,0.5
R25-002996,2025-09-02,FT-2025-01823,B,7,115.55,808.85,76.00,0.5
R25-002997,2025-09-02,FT-2025-01823,B,10,116.86,1168.60,76.00,0.5
R25-002998,2025-09-02,FT-2025-01850,C,5,270.00,1350.00,238.00,3.0
R25-002999,2025-09-03,FT-2025-01666,B,6,118.88,713.28,76.00,0.5
R25-003000,2025-09-03,FT-2025-01666,A,3,192.12,576.36,117.00,1.5
R25-003001,2025-09-03,FT-2025-01681,A,2,189.43,378.86,117.00,1.5
R25-003002,2025-09-03,FT-2025-01681,A,2,192.66,385.32,117.00,1.5
R25-003003,2025-09-03,FT-2025-01681,A,2,193.32,386.64,117.00,1.5
R25-003004,2025-09-03,FT-2025-01694,B,16,110.19,1763.04,76.00,0.5
R25-003005,2025-09-03,FT-2025-01697,B,9,109.24,983.16,76.00,0.5
R25-003006,2025-09-03,FT-2025-01697,B,13,109.92,1428.96,76.00,0.5
R25-003007,2025-09-03,FT-2025-01720,A,1,200.00,200.00,117.00,1.5
R25-003008,2025-09-03,FT-2025-01736,B,3,119.62,358.86,76.00,0.5
R25-003009,2025-09-03,FT-2025-01736,A,3,200.00,600.00,117.00,1.5
R25-003010,2025-09-03,FT-2025-01736,A,1,200.00,200.00,117.00,1.5
R25-003011,2025-09-03,FT-2025-01744,B,3,117.55,352.65,76.00,0.5
R25-003012,2025-09-03,FT-2025-01744,B,9,116.36,1047.24,76.00,0.5
R25-003013,2025-09-03,FT-2025-01768,B,9,108.24,974.16,76.00,0.5
R25-003014,2025-09-03,FT-2025-01768,B,6,107.74,646.44,76.00,0.5
R25-003015,2025-09-03,FT-2025-01785,A,4,193.51,774.04,117.00,1.5
R25-003016,2025-09-03,FT-2025-01785,A,1,190.46,190.46,117.00,1.5
R25-003017,2025-09-03,FT-2025-01785,A,2,191.27,382.54,117.00,1.5
R25-003018,2025-09-03,FT-2025-01819,B,1,108.00,108.00,76.00,0.5
R25-003019,2025-09-03,FT-2025-01848,B,1,115.32,115.32,76.00,0.5
R25-003020,2025-09-03,FT-2025-01848,A,3,194.43,583.29,117.00,1.5
R25-003021,2025-09-03,FT-2025-01852,A,2,195.86,391.72,117.00,1.5
R25-003022,2025-09-03,FT-2025-01852,A,3,197.47,592.41,117.00,1.5
R25-003023,2025-09-03,FT-2025-01852,B,1,120.00,120.00,76.00,0.5
R25-003024,2025-09-03,FT-2025-01856,A,10,161.83,1618.30,117.00,1.5
R25-003025,2025-09-03,FT-2025-01856,B,10,117.46,1174.60,76.00,0.5
R25-003026,2025-09-04,FT-2025-01680,A,11,160.52,1765.72,117.00,1.5
R25-003027,2025-09-04,FT-2025-01680,C,6,293.65,1761.90,238.00,3.0
R25-003028,2025-09-04,FT-2025-01689,A,3,197.61,592.83,117.00,1.5
R25-003029,2025-09-04,FT-2025-01689,A,2,200.00,400.00,117.00,1.5
R25-003030,2025-09-04,FT-2025-01765,B,4,116.07,464.28,76.00,0.5
R25-003031,2025-09-04,FT-2025-01765,B,14,116.09,1625.26,76.00,0.5
R25-003032,2025-09-04,FT-2025-01767,A,1,194.16,194.16,117.00,1.5
R25-003033,2025-09-04,FT-2025-01767,A,2,193.49,386.98,117.00,1.5
R25-003034,2025-09-04,FT-2025-01767,A,2,197.16,394.32,117.00,1.5
R25-003035,2025-09-04,FT-2025-01776,B,6,116.36,698.16,76.00,0.5
R25-003036,2025-09-04,FT-2025-01789,B,2,120.00,240.00,76.00,0.5
R25-003037,2025-09-04,FT-2025-01806,A,2,183.69,367.38,117.00,1.5
R25-003038,2025-09-04,FT-2025-01846,B,1,120.00,120.00,76.00,0.5
R25-003039,2025-09-04,FT-2025-01860,C,5,280.02,1400.10,238.00,3.0
R25-003040,2025-09-04,FT-2025-01860,A,6,160.57,963.42,117.00,1.5
R25-003041,2025-09-04,FT-2025-01863,A,2,192.28,384.56,117.00,1.5
R25-003042,2025-09-04,FT-2025-01863,A,1,190.72,190.72,117.00,1.5
R25-003043,2025-09-04,FT-2025-01863,A,1,192.28,192.28,117.00,1.5
R25-003044,2025-09-05,FT-2025-01656,A,5,198.18,990.90,117.00,1.5
R25-003045,2025-09-05,FT-2025-01656,B,1,108.00,108.00,76.00,0.5
R25-003046,2025-09-05,FT-2025-01656,C,1,301.18,301.18,238.00,3.0
R25-003047,2025-09-05,FT-2025-01687,C,7,291.40,2039.80,238.00,3.0
R25-003048,2025-09-05,FT-2025-01687,A,9,163.19,1468.71,117.00,1.5
R25-003049,2025-09-05,FT-2025-01732,B,9,117.00,1053.00,76.00,0.5
R25-003050,2025-09-05,FT-2025-01753,B,2,120.00,240.00,76.00,0.5
R25-003051,2025-09-05,FT-2025-01753,A,3,199.52,598.56,117.00,1.5
R25-003052,2025-09-05,FT-2025-01762,C,7,270.02,1890.14,238.00,3.0
R25-003053,2025-09-05,FT-2025-01766,C,2,297.00,594.00,238.00,3.0
R25-003054,2025-09-05,FT-2025-01766,A,5,163.21,816.05,117.00,1.5
R25-003055,2025-09-05,FT-2025-01779,B,21,109.66,2302.86,76.00,0.5
R25-003056,2025-09-05,FT-2025-01780,A,7,186.32,1304.24,117.00,1.5
R25-003057,2025-09-05,FT-2025-01780,A,5,186.37,931.85,117.00,1.5
R25-003058,2025-09-05,FT-2025-01780,A,5,189.03,945.15,117.00,1.5
R25-003059,2025-09-05,FT-2025-01817,A,7,161.11,1127.77,117.00,1.5
R25-003060,2025-09-05,FT-2025-01817,B,9,118.00,1062.00,76.00,0.5
R25-003061,2025-09-05,FT-2025-01817,B,7,117.05,819.35,76.00,0.5
R25-003062,2025-09-05,FT-2025-01831,A,6,161.87,971.22,117.00,1.5
R25-003063,2025-09-08,FT-2025-01661,C,5,292.87,1464.35,238.00,3.0
R25-003064,2025-09-08,FT-2025-01705,A,7,157.55,1102.85,117.00,1.5
R25-003065,2025-09-08,FT-2025-01705,B,14,111.75,1564.50,76.00,0.5
R25-003066,2025-09-08,FT-2025-01706,B,1,119.98,119.98,76.00,0.5
R25-003067,2025-09-08,FT-2025-01712,A,2,198.69,397.38,117.00,1.5
R25-003068,2025-09-08,FT-2025-01717,A,1,200.00,200.00,117.00,1.5
R25-003069,2025-09-08,FT-2025-01717,A,1,200.00,200.00,117.00,1.5
R25-003070,2025-09-08,FT-2025-01717,B,1,120.00,120.00,76.00,0.5
R25-003071,2025-09-08,FT-2025-01729,A,2,190.41,380.82,117.00,1.5
R25-003072,2025-09-08,FT-2025-01745,B,1,108.01,108.01,76.00,0.5
R25-003073,2025-09-08,FT-2025-01747,A,6,142.73,856.38,117.00,1.5
R25-003074,2025-09-08,FT-2025-01747,C,3,290.74,872.22,238.00,3.0
R25-003075,2025-09-08,FT-2025-01773,A,3,186.80,560.40,117.00,1.5
R25-003076,2025-09-08,FT-2025-01781,A,1,198.62,198.62,117.00,1.5
R25-003077,2025-09-08,FT-2025-01807,A,2,195.10,390.20,117.00,1.5
R25-003078,2025-09-08,FT-2025-01807,A,1,195.31,195.31,117.00,1.5
R25-003079,2025-09-08,FT-2025-01834,C,4,296.98,1187.92,238.00,3.0
R25-003080,2025-09-08,FT-2025-01834,A,12,195.37,2344.44,117.00,1.5
R25-003081,2025-09-09,FT-2025-01658,B,2,115.24,230.48,76.00,0.5
R25-003082,2025-09-09,FT-2025-01660,B,2,117.70,235.40,76.00,0.5
R25-003083,2025-09-09,FT-2025-01683,B,9,115.67,1041.03,76.00,0.5
R25-003084,2025-09-09,FT-2025-01683,A,5,162.66,813.30,117.00,1.5
R25-003085,2025-09-09,FT-2025-01721,B,14,117.21,1640.94,76.00,0.5
R25-003086,2025-09-09,FT-2025-01721,A,7,161.22,1128.54,117.00,1.5
R25-003087,2025-09-09,FT-2025-01723,A,7,163.51,1144.57,117.00,1.5
R25-003088,2025-09-09,FT-2025-01751,A,5,153.35,766.75,117.00,1.5
R25-003089,2025-09-09,FT-2025-01754,A,2,200.00,400.00,117.00,1.5
R25-003090,2025-09-09,FT-2025-01754,B,2,120.00,240.00,76.00,0.5
R25-003091,2025-09-09,FT-2025-01754,A,1,200.00,200.00,117.00,1.5
R25-003092,2025-09-09,FT-2025-01805,A,1,195.78,195.78,117.00,1.5
R25-003093,2025-09-09,FT-2025-01808,A,2,190.71,381.42,117.00,1.5
R25-003094,2025-09-09,FT-2025-01808,B,2,120.00,240.00,76.00,0.5
R25-003095,2025-09-09,FT-2025-01827,A,1,199.71,199.71,117.00,1.5
R25-003096,2025-09-09,FT-2025-01827,A,4,199.58,798.32,117.00,1.5
R25-003097,2025-09-09,FT-2025-01827,A,3,197.62,592.86,117.00,1.5
R25-003098,2025-09-09,FT-2025-01857,B,4,108.07,432.28,76.00,0.5
R25-003099,2025-09-09,FT-2025-01857,A,7,187.86,1315.02,117.00,1.5
R25-003100,2025-09-09,FT-2025-01857,B,6,108.33,649.98,76.00,0.5
R25-003101,2025-09-10,FT-2025-01726,A,1,189.52,189.52,117.00,1.5
R25-003102,2025-09-10,FT-2025-01726,A,3,191.56,574.68,117.00,1.5
R25-003103,2025-09-10,FT-2025-01726,A,4,191.54,766.16,117.00,1.5
R25-003104,2025-09-10,FT-2025-01750,B,7,108.96,762.72,76.00,0.5
R25-003105,2025-09-10,FT-2025-01771,A,3,200.00,600.00,117.00,1.5
R25-003106,2025-09-10,FT-2025-01771,B,1,120.00,120.00,76.00,0.5
R25-003107,2025-09-10,FT-2025-01797,B,21,108.12,2270.52,76.00,0.5
R25-003108,2025-09-10,FT-2025-01837,B,11,117.95,1297.45,76.00,0.5
R25-003109,2025-09-10,FT-2025-01837,A,4,160.34,641.36,117.00,1.5
R25-003110,2025-09-11,FT-2025-01652,B,20,113.49,2269.80,76.00,0.5
R25-003111,2025-09-11,FT-2025-01704,A,1,197.52,197.52,117.00,1.5
R25-003112,2025-09-11,FT-2025-01707,B,9,117.20,1054.80,76.00,0.5
R25-003113,2025-09-11,FT-2025-01755,A,9,152.68,1374.12,117.00,1.5
R25-003114,2025-09-11,FT-2025-01828,A,1,196.31,196.31,117.00,1.5
R25-003115,2025-09-11,FT-2025-01829,A,2,192.90,385.80,117.00,1.5
R25-003116,2025-09-11,FT-2025-01829,A,2,192.48,384.96,117.00,1.5
R25-003117,2025-09-11,FT-2025-01858,B,1,115.28,115.28,76.00,0.5
R25-003118,2025-09-11,FT-2025-01858,A,3,192.56,577.68,117.00,1.5
R25-003119,2025-09-12,FT-2025-01663,B,1,119.98,119.98,76.00,0.5
R25-003120,2025-09-12,FT-2025-01696,A,1,195.58,195.58,117.00,1.5
R25-003121,2025-09-12,FT-2025-01696,A,2,192.70,385.40,117.00,1.5
R25-003122,2025-09-12,FT-2025-01724,B,13,108.81,1414.53,76.00,0.5
R25-003123,2025-09-12,FT-2025-01724,B,8,110.01,880.08,76.00,0.5
R25-003124,2025-09-12,FT-2025-01724,B,6,109.77,658.62,76.00,0.5
R25-003125,2025-09-12,FT-2025-01748,B,8,109.92,879.36,76.00,0.5
R25-003126,2025-09-12,FT-2025-01787,B,2,120.00,240.00,76.00,0.5
R25-003127,2025-09-12,FT-2025-01798,B,6,106.84,641.04,76.00,0.5
R25-003128,2025-09-12,FT-2025-01798,B,5,109.15,545.75,76.00,0.5
R25-003129,2025-09-12,FT-2025-01798,A,4,189.50,758.00,117.00,1.5
R25-003130,2025-09-12,FT-2025-01845,A,1,200.00,200.00,117.00,1.5
R25-003131,2025-09-12,FT-2025-01845,A,2,200.00,400.00,117.00,1.5
R25-003132,2025-09-15,FT-2025-01667,B,2,117.92,235.84,76.00,0.5
R25-003133,2025-09-15,FT-2025-01708,B,1,120.00,120.00,76.00,0.5
R25-003134,2025-09-15,FT-2025-01708,A,2,197.91,395.82,117.00,1.5
R25-003135,2025-09-15,FT-2025-01739,A,2,197.69,395.38,117.00,1.5
R25-003136,2025-09-15,FT-2025-01741,A,1,200.00,200.00,117.00,1.5
R25-003137,2025-09-15,FT-2025-01741,A,1,198.50,198.50,117.00,1.5
R25-003138,2025-09-15,FT-2025-01741,A,1,200.00,200.00,117.00,1.5
R25-003139,2025-09-15,FT-2025-01775,A,2,193.22,386.44,117.00,1.5
R25-003140,2025-09-15,FT-2025-01821,B,1,120.00,120.00,76.00,0.5
R25-003141,2025-09-15,FT-2025-01821,A,3,194.65,583.95,117.00,1.5
R25-003142,2025-09-15,FT-2025-01835,A,10,161.62,1616.20,117.00,1.5
R25-003143,2025-09-15,FT-2025-01835,B,5,115.62,578.10,76.00,0.5
R25-003144,2025-09-15,FT-2025-01849,A,3,193.60,580.80,117.00,1.5
R25-003145,2025-09-15,FT-2025-01849,B,1,120.00,120.00,76.00,0.5
R25-003146,2025-09-16,FT-2025-01740,B,9,109.69,987.21,76.00,0.5
R25-003147,2025-09-16,FT-2025-01752,A,5,182.10,910.50,117.00,1.5
R25-003148,2025-09-16,FT-2025-01804,B,3,118.58,355.74,76.00,0.5
R25-003149,2025-09-16,FT-2025-01804,A,1,200.00,200.00,117.00,1.5
R25-003150,2025-09-16,FT-2025-01804,A,2,200.00,400.00,117.00,1.5
R25-003151,2025-09-16,FT-2025-01822,B,1,120.00,120.00,76.00,0.5
R25-003152,2025-09-16,FT-2025-01822,A,3,197.74,593.22,117.00,1.5
R25-003153,2025-09-17,FT-2025-01682,A,5,184.58,922.90,117.00,1.5
R25-003154,2025-09-17,FT-2025-01734,C,8,294.65,2357.20,238.00,3.0
R25-003155,2025-09-17,FT-2025-01734,A,2,192.09,384.18,117.00,1.5
R25-003156,2025-09-17,FT-2025-01757,A,2,191.53,383.06,117.00,1.5
R25-003157,2025-09-17,FT-2025-01757,A,3,189.87,569.61,117.00,1.5
R25-003158,2025-09-17,FT-2025-01757,A,1,191.51,191.51,117.00,1.5
R25-003159,2025-09-17,FT-2025-01790,B,15,117.33,1759.95,76.00,0.5
R25-003160,2025-09-17,FT-2025-01790,A,3,161.37,484.11,117.00,1.5
R25-003161,2025-09-17,FT-2025-01799,A,5,162.52,812.60,117.00,1.5
R25-003162,2025-09-17,FT-2025-01799,B,10,118.20,1182.00,76.00,0.5
R25-003163,2025-09-17,FT-2025-01803,B,8,118.14,945.12,76.00,0.5
R25-003164,2025-09-17,FT-2025-01816,B,11,111.39,1225.29,76.00,0.5
R25-003165,2025-09-17,FT-2025-01816,B,12,111.24,1334.88,76.00,0.5
R25-003166,2025-09-17,FT-2025-01853,B,13,118.33,1538.29,76.00,0.5
R25-003167,2025-09-17,FT-2025-01853,C,10,290.49,2904.90,238.00,3.0
R25-003168,2025-09-17,FT-2025-01853,A,1,159.64,159.64,117.00,1.5
R25-003169,2025-09-17,FT-2025-01859,C,8,288.00,2304.00,238.00,3.0
R25-003170,2025-09-17,FT-2025-01859,B,5,117.48,587.40,76.00,0.5
R25-003171,2025-09-17,FT-2025-01859,B,11,117.31,1290.41,76.00,0.5
R25-003172,2025-09-18,FT-2025-01673,A,7,161.59,1131.13,117.00,1.5
R25-003173,2025-09-18,FT-2025-01673,C,8,292.03,2336.24,238.00,3.0
R25-003174,2025-09-18,FT-2025-01673,B,17,109.44,1860.48,76.00,0.5
R25-003175,2025-09-18,FT-2025-01695,A,2,200.00,400.00,117.00,1.5
R25-003176,2025-09-18,FT-2025-01695,B,3,113.26,339.78,76.00,0.5
R25-003177,2025-09-18,FT-2025-01709,B,2,118.42,236.84,76.00,0.5
R25-003178,2025-09-18,FT-2025-01709,A,8,196.31,1570.48,117.00,1.5
R25-003179,2025-09-18,FT-2025-01710,A,2,195.09,390.18,117.00,1.5
R25-003180,2025-09-18,FT-2025-01715,B,1,120.00,120.00,76.00,0.5
R25-003181,2025-09-18,FT-2025-01715,A,1,200.00,200.00,117.00,1.5
R25-003182,2025-09-18,FT-2025-01715,A,1,200.00,200.00,117.00,1.5
R25-003183,2025-09-18,FT-2025-01725,A,3,187.27,561.81,117.00,1.5
R25-003184,2025-09-18,FT-2025-01735,B,2,119.47,238.94,76.00,0.5
R25-003185,2025-09-18,FT-2025-01735,A,2,200.00,400.00,117.00,1.5
R25-003186,2025-09-18,FT-2025-01738,C,7,287.37,2011.59,238.00,3.0
R25-003187,2025-09-18,FT-2025-01746,A,2,190.59,381.18,117.00,1.5
R25-003188,2025-09-18,FT-2025-01777,A,2,196.17,392.34,117.00,1.5
R25-003189,2025-09-18,FT-2025-01841,A,4,159.96,639.84,117.00,1.5
R25-003190,2025-09-18,FT-2025-01844,B,1,120.00,120.00,76.00,0.5
R25-003191,2025-09-18,FT-2025-01844,A,2,185.42,370.84,117.00,1.5
R25-003192,2025-09-19,FT-2025-01654,A,8,160.56,1284.48,117.00,1.5
R25-003193,2025-09-19,FT-2025-01654,B,15,116.55,1748.25,76.00,0.5
R25-003194,2025-09-19,FT-2025-01664,B,22,109.71,2413.62,76.00,0.5
R25-003195,2025-09-19,FT-2025-01674,C,5,288.62,1443.10,238.00,3.0
R25-003196,2025-09-19,FT-2025-01674,B,9,116.62,1049.58,76.00,0.5
R25-003197,2025-09-19,FT-2025-01676,A,1,195.99,195.99,117.00,1.5
R25-003198,2025-09-19,FT-2025-01693,A,9,148.65,1337.85,117.00,1.5
R25-003199,2025-09-19,FT-2025-01700,A,10,187.79,1877.90,117.00,1.5
R25-003200,2025-09-19,FT-2025-01795,A,2,193.92,387.84,117.00,1.5
R25-003201,2025-09-19,FT-2025-01795,A,1,193.04,193.04,117.00,1.5
R25-003202,2025-09-19,FT-2025-01802,B,6,117.37,704.22,76.00,0.5
R25-003203,2025-09-19,FT-2025-01802,B,15,115.86,1737.90,76.00,0.5
R25-003204,2025-09-19,FT-2025-01825,B,1,117.58,117.58,76.00,0.5
R25-003205,2025-09-19,FT-2025-01862,A,11,153.57,1689.27,117.00,1.5
R25-003206,2025-09-22,FT-2025-01670,A,7,189.86,1329.02,117.00,1.5
R25-003207,2025-09-22,FT-2025-01671,A,5,161.71,808.55,117.00,1.5
R25-003208,2025-09-22,FT-2025-01671,C,2,296.62,593.24,238.00,3.0
R25-003209,2025-09-22,FT-2025-01675,A,2,200.00,400.00,117.00,1.5
R25-003210,2025-09-22,FT-2025-01675,B,2,120.00,240.00,76.00,0.5
R25-003211,2025-09-22,FT-2025-01684,A,2,197.25,394.50,117.00,1.5
R25-003212,2025-09-22,FT-2025-01690,A,4,189.55,758.20,117.00,1.5
R25-003213,2025-09-22,FT-2025-01691,C,4,294.79,1179.16,238.00,3.0
R25-003214,2025-09-22,FT-2025-01691,B,5,117.05,585.25,76.00,0.5
R25-003215,2025-09-22,FT-2025-01733,A,2,200.00,400.00,117.00,1.5
R25-003216,2025-09-22,FT-2025-01737,B,6,116.53,699.18,76.00,0.5
R25-003217,2025-09-22,FT-2025-01737,B,7,117.95,825.65,76.00,0.5
R25-003218,2025-09-22,FT-2025-01737,B,7,117.34,821.38,76.00,0.5
R25-003219,2025-09-22,FT-2025-01742,A,2,196.91,393.82,117.00,1.5
R25-003220,2025-09-22,FT-2025-01749,A,4,198.93,795.72,117.00,1.5
R25-003221,2025-09-22,FT-2025-01749,B,1,111.01,111.01,76.00,0.5
R25-003222,2025-09-22,FT-2025-01759,C,3,286.84,860.52,238.00,3.0
R25-003223,2025-09-22,FT-2025-01772,B,18,116.37,2094.66,76.00,0.5
R25-003224,2025-09-22,FT-2025-01836,B,1,120.00,120.00,76.00,0.5
R25-003225,2025-09-22,FT-2025-01836,A,3,200.00,600.00,117.00,1.5
R25-003226,2025-09-22,FT-2025-01842,A,5,160.29,801.45,117.00,1.5
R25-003227,2025-09-22,FT-2025-01842,C,13,282.77,3676.01,238.00,3.0
R25-003228,2025-09-22,FT-2025-01843,A,2,198.47,396.94,117.00,1.5
R25-003229,2025-09-22,FT-2025-01843,A,1,198.20,198.20,117.00,1.5
R25-003230,2025-09-22,FT-2025-01851,A,5,194.04,970.20,117.00,1.5
R25-003231,2025-09-22,FT-2025-01851,A,6,199.94,1199.64,117.00,1.5
R25-003232,2025-09-22,FT-2025-01851,B,3,118.66,355.98,76.00,0.5
R25-003233,2025-09-22,FT-2025-01861,A,7,163.37,1143.59,117.00,1.5
R25-003234,2025-09-22,FT-2025-01861,B,10,109.86,1098.60,76.00,0.5
R25-003235,2025-09-22,FT-2025-01861,C,3,294.01,882.03,238.00,3.0
R25-003236,2025-09-23,FT-2025-01702,A,3,197.01,591.03,117.00,1.5
R25-003237,2025-09-23,FT-2025-01756,A,2,198.88,397.76,117.00,1.5
R25-003238,2025-09-23,FT-2025-01760,A,2,195.03,390.06,117.00,1.5
R25-003239,2025-09-23,FT-2025-01763,B,6,110.48,662.88,76.00,0.5
R25-003240,2025-09-23,FT-2025-01769,A,2,200.00,400.00,117.00,1.5
R25-003241,2025-09-23,FT-2025-01769,B,2,120.00,240.00,76.00,0.5
R25-003242,2025-09-23,FT-2025-01774,A,2,190.79,381.58,117.00,1.5
R25-003243,2025-09-23,FT-2025-01774,A,2,190.46,380.92,117.00,1.5
R25-003244,2025-09-23,FT-2025-01778,A,4,191.00,764.00,117.00,1.5
R25-003245,2025-09-23,FT-2025-01778,A,1,193.88,193.88,117.00,1.5
R25-003246,2025-09-23,FT-2025-01791,A,2,200.00,400.00,117.00,1.5
R25-003247,2025-09-23,FT-2025-01791,B,2,114.94,229.88,76.00,0.5
R25-003248,2025-09-23,FT-2025-01796,A,3,191.92,575.76,117.00,1.5
R25-003249,2025-09-23,FT-2025-01833,A,1,196.39,196.39,117.00,1.5
R25-003250,2025-09-23,FT-2025-01833,B,1,120.00,120.00,76.00,0.5
R25-003251,2025-09-24,FT-2025-01653,B,13,117.06,1521.78,76.00,0.5
R25-003252,2025-09-24,FT-2025-01653,A,7,163.30,1143.10,117.00,1.5
R25-003253,2025-09-24,FT-2025-01653,C,5,292.32,1461.60,238.00,3.0
R25-003254,2025-09-24,FT-2025-01677,A,9,194.42,1749.78,117.00,1.5
R25-003255,2025-09-24,FT-2025-01677,B,9,116.59,1049.31,76.00,0.5
R25-003256,2025-09-24,FT-2025-01703,A,1,194.95,194.95,117.00,1.5
R25-003257,2025-09-24,FT-2025-01703,A,1,195.88,195.88,117.00,1.5
R25-003258,2025-09-24,FT-2025-01716,B,4,109.97,439.88,76.00,0.5
R25-003259,2025-09-24,FT-2025-01716,B,18,108.86,1959.48,76.00,0.5
R25-003260,2025-09-24,FT-2025-01716,B,6,107.71,646.26,76.00,0.5
R25-003261,2025-09-24,FT-2025-01811,A,4,195.90,783.60,117.00,1.5
R25-003262,2025-09-24,FT-2025-01811,A,1,191.50,191.50,117.00,1.5
R25-003263,2025-09-24,FT-2025-01820,B,9,116.85,1051.65,76.00,0.5
R25-003264,2025-09-25,FT-2025-01659,C,7,295.10,2065.70,238.00,3.0
R25-003265,2025-09-25,FT-2025-01688,C,4,296.56,1186.24,238.00,3.0
R25-003266,2025-09-25,FT-2025-01688,A,8,157.37,1258.96,117.00,1.5
R25-003267,2025-09-25,FT-2025-01688,B,14,109.04,1526.56,76.00,0.5
R25-003268,2025-09-25,FT-2025-01698,A,3,198.98,596.94,117.00,1.5
R25-003269,2025-09-25,FT-2025-01714,A,2,194.83,389.66,117.00,1.5
R25-003270,2025-09-25,FT-2025-01718,A,3,195.56,586.68,117.00,1.5
R25-003271,2025-09-25,FT-2025-01722,A,1,200.00,200.00,117.00,1.5
R25-003272,2025-09-25,FT-2025-01731,A,9,162.55,1462.95,117.00,1.5
R25-003273,2025-09-25,FT-2025-01731,B,9,111.02,999.18,76.00,0.5
R25-003274,2025-09-25,FT-2025-01731,B,9,112.13,1009.17,76.00,0.5
R25-003275,2025-09-25,FT-2025-01758,A,1,190.66,190.66,117.00,1.5
R25-003276,2025-09-25,FT-2025-01758,A,2,189.25,378.50,117.00,1.5
R25-003277,2025-09-25,FT-2025-01761,A,7,187.69,1313.83,117.00,1.5
R25-003278,2025-09-25,FT-2025-01792,B,1,120.00,120.00,76.00,0.5
R25-003279,2025-09-25,FT-2025-01792,A,2,197.97,395.94,117.00,1.5
R25-003280,2025-09-25,FT-2025-01792,A,3,197.39,592.17,117.00,1.5
R25-003281,2025-09-25,FT-2025-01794,C,2,292.68,585.36,238.00,3.0
R25-003282,2025-09-25,FT-2025-01794,A,5,162.70,813.50,117.00,1.5
R25-003283,2025-09-25,FT-2025-01810,B,7,118.08,826.56,76.00,0.5
R25-003284,2025-09-25,FT-2025-01810,A,5,196.21,981.05,117.00,1.5
R25-003285,2025-09-25,FT-2025-01814,B,1,120.00,120.00,76.00,0.5
R25-003286,2025-09-25,FT-2025-01814,A,3,200.00,600.00,117.00,1.5
R25-003287,2025-09-25,FT-2025-01830,A,1,200.00,200.00,117.00,1.5
R25-003288,2025-09-25,FT-2025-01855,C,7,294.88,2064.16,238.00,3.0
R25-003289,2025-09-25,FT-2025-01855,B,8,116.79,934.32,76.00,0.5
R25-003290,2025-09-26,FT-2025-01665,B,5,117.65,588.25,76.00,0.5
R25-003291,2025-09-26,FT-2025-01665,B,7,116.55,815.85,76.00,0.5
R25-003292,2025-09-26,FT-2025-01679,A,7,188.04,1316.28,117.00,1.5
R25-003293,2025-09-26,FT-2025-01679,B,8,108.01,864.08,76.00,0.5
R25-003294,2025-09-26,FT-2025-01719,A,1,179.71,179.71,117.00,1.5
R25-003295,2025-09-26,FT-2025-01719,B,3,116.43,349.29,76.00,0.5
R25-003296,2025-09-26,FT-2025-01784,B,1,110.76,110.76,76.00,0.5
R25-003297,2025-09-26,FT-2025-01784,A,2,197.47,394.94,117.00,1.5
R25-003298,2025-09-26,FT-2025-01786,A,2,200.00,400.00,117.00,1.5
R25-003299,2025-09-26,FT-2025-01786,B,2,110.90,221.80,76.00,0.5
R25-003300,2025-09-26,FT-2025-01801,B,2,110.58,221.16,76.00,0.5
R25-003301,2025-09-26,FT-2025-01801,A,3,194.36,583.08,117.00,1.5
R25-003302,2025-09-26,FT-2025-01812,A,2,200.00,400.00,117.00,1.5
R25-003303,2025-09-26,FT-2025-01812,B,1,120.00,120.00,76.00,0.5
R25-003304,2025-09-26,FT-2025-01864,A,3,194.81,584.43,117.00,1.5
R25-003305,2025-09-26,FT-2025-01864,B,1,120.00,120.00,76.00,0.5
R25-003306,2025-09-26,FT-2025-01864,A,2,198.42,396.84,117.00,1.5
R25-003307,2025-09-26,FT-2025-01865,B,2,109.11,218.22,76.00,0.5
R25-003308,2025-09-26,FT-2025-01865,A,3,195.23,585.69,117.00,1.5
R25-003309,2025-09-29,FT-2025-01669,B,12,115.90,1390.80,76.00,0.5
R25-003310,2025-09-29,FT-2025-01669,B,10,116.76,1167.60,76.00,0.5
R25-003311,2025-09-29,FT-2025-01669,B,6,117.23,703.38,76.00,0.5
R25-003312,2025-09-29,FT-2025-01692,A,8,163.16,1305.28,117.00,1.5
R25-003313,2025-09-29,FT-2025-01699,A,7,157.29,1101.03,117.00,1.5
R25-003314,2025-09-29,FT-2025-01699,C,3,270.10,810.30,238.00,3.0
R25-003315,2025-09-29,FT-2025-01711,B,14,112.10,1569.40,76.00,0.5
R25-003316,2025-09-29,FT-2025-01711,A,4,161.06,644.24,117.00,1.5
R25-003317,2025-09-29,FT-2025-01730,A,1,200.00,200.00,117.00,1.5
R25-003318,2025-09-29,FT-2025-01730,A,1,199.66,199.66,117.00,1.5
R25-003319,2025-09-29,FT-2025-01782,B,13,117.37,1525.81,76.00,0.5
R25-003320,2025-09-29,FT-2025-01782,A,6,148.83,892.98,117.00,1.5
R25-003321,2025-09-29,FT-2025-01793,A,3,200.00,600.00,117.00,1.5
R25-003322,2025-09-29,FT-2025-01793,B,3,119.60,358.80,76.00,0.5
R25-003323,2025-09-29,FT-2025-01818,B,17,110.23,1873.91,76.00,0.5
R25-003324,2025-09-29,FT-2025-01839,C,1,287.67,287.67,238.00,3.0
R25-003325,2025-09-29,FT-2025-01839,B,3,118.37,355.11,76.00,0.5
R25-003326,2025-09-29,FT-2025-01840,A,8,162.70,1301.60,117.00,1.5
R25-003327,2025-09-29,FT-2025-01840,B,8,116.04,928.32,76.00,0.5
R25-003328,2025-09-29,FT-2025-01854,A,6,192.02,1152.12,117.00,1.5
R25-003329,2025-09-30,FT-2025-01657,A,4,162.25,649.00,117.00,1.5
R25-003330,2025-09-30,FT-2025-01668,A,2,200.00,400.00,117.00,1.5
R25-003331,2025-09-30,FT-2025-01668,A,1,199.78,199.78,117.00,1.5
R25-003332,2025-09-30,FT-2025-01685,A,2,182.83,365.66,117.00,1.5
R25-003333,2025-09-30,FT-2025-01713,A,10,151.99,1519.90,117.00,1.5
R25-003334,2025-09-30,FT-2025-01713,B,18,115.74,2083.32,76.00,0.5
R25-003335,2025-09-30,FT-2025-01727,B,3,107.38,322.14,76.00,0.5
R25-003336,2025-09-30,FT-2025-01727,A,7,189.04,1323.28,117.00,1.5
R25-003337,2025-09-30,FT-2025-01783,A,2,195.75,391.50,117.00,1.5
R25-003338,2025-09-30,FT-2025-01809,B,3,119.76,359.28,76.00,0.5
R25-003339,2025-09-30,FT-2025-01824,B,11,117.34,1290.74,76.00,0.5
R25-003340,2025-09-30,FT-2025-01824,A,12,162.21,1946.52,117.00,1.5
R25-003341,2025-09-30,FT-2025-01824,B,9,116.68,1050.12,76.00,0.5
R25-003342,2025-09-30,FT-2025-01847,B,3,118.73,356.19,76.00,0.5
R25-003343,2025-09-30,FT-2025-01847,A,2,200.00,400.00,117.00,1.5
R25-003344,2025-09-30,FT-2025-01866,B,10,116.43,1164.30,76.00,0.5
R25-003345,2025-10-01,FT-2025-01873,A,6,162.05,972.30,117.00,1.5
R25-003346,2025-10-01,FT-2025-01911,A,6,195.48,1172.88,117.00,1.5
R25-003347,2025-10-01,FT-2025-01947,A,4,198.07,792.28,117.00,1.5
R25-003348,2025-10-01,FT-2025-01949,B,9,117.86,1060.74,76.00,0.5
R25-003349,2025-10-01,FT-2025-01949,A,4,161.39,645.56,117.00,1.5
R25-003350,2025-10-01,FT-2025-01980,B,8,115.71,925.68,76.00,0.5
R25-003351,2025-10-01,FT-2025-01984,C,4,285.63,1142.52,238.00,3.0
R25-003352,2025-10-01,FT-2025-01984,A,3,187.46,562.38,117.00,1.5
R25-003353,2025-10-01,FT-2025-01984,B,5,108.99,544.95,76.00,0.5
R25-003354,2025-10-01,FT-2025-02002,A,2,198.61,397.22,117.00,1.5
R25-003355,2025-10-01,FT-2025-02008,B,1,109.31,109.31,76.00,0.5
R25-003356,2025-10-01,FT-2025-02008,A,3,199.02,597.06,117.00,1.5
R25-003357,2025-10-01,FT-2025-02042,A,4,191.90,767.60,117.00,1.5
R25-003358,2025-10-02,FT-2025-01872,B,1,110.06,110.06,76.00,0.5
R25-003359,2025-10-02,FT-2025-01872,B,21,109.61,2301.81,76.00,0.5
R25-003360,2025-10-02,FT-2025-01872,A,12,161.37,1936.44,117.00,1.5
R25-003361,2025-10-02,FT-2025-01918,A,2,198.64,397.28,117.00,1.5
R25-003362,2025-10-02,FT-2025-01967,A,5,161.93,809.65,117.00,1.5
R25-003363,2025-10-02,FT-2025-02011,A,1,196.38,196.38,117.00,1.5
R25-003364,2025-10-02,FT-2025-02033,A,1,191.12,191.12,117.00,1.5
R25-003365,2025-10-02,FT-2025-02045,A,2,192.29,384.58,117.00,1.5
R25-003366,2025-10-02,FT-2025-02045,B,1,120.00,120.00,76.00,0.5
R25-003367,2025-10-03,FT-2025-01867,A,2,199.26,398.52,117.00,1.5
R25-003368,2025-10-03,FT-2025-01867,A,1,197.27,197.27,117.00,1.5
R25-003369,2025-10-03,FT-2025-01892,A,8,161.95,1295.60,117.00,1.5
R25-003370,2025-10-03,FT-2025-01892,B,7,117.52,822.64,76.00,0.5
R25-003371,2025-10-03,FT-2025-01893,B,18,108.43,1951.74,76.00,0.5
R25-003372,2025-10-03,FT-2025-01903,C,1,303.00,303.00,238.00,3.0
R25-003373,2025-10-03,FT-2025-01903,A,1,196.03,196.03,117.00,1.5
R25-003374,2025-10-03,FT-2025-01912,B,8,115.65,925.20,76.00,0.5
R25-003375,2025-10-03,FT-2025-01912,B,7,115.81,810.67,76.00,0.5
R25-003376,2025-10-03,FT-2025-01916,A,2,199.59,399.18,117.00,1.5
R25-003377,2025-10-03,FT-2025-01916,A,1,198.42,198.42,117.00,1.5
R25-003378,2025-10-03,FT-2025-01936,A,2,190.36,380.72,117.00,1.5
R25-003379,2025-10-03,FT-2025-02032,B,9,110.23,992.07,76.00,0.5
R25-003380,2025-10-03,FT-2025-02065,A,3,200.00,600.00,117.00,1.5
R25-003381,2025-10-03,FT-2025-02065,B,2,118.02,236.04,76.00,0.5
R25-003382,2025-10-03,FT-2025-02067,A,9,192.90,1736.10,117.00,1.5
R25-003383,2025-10-03,FT-2025-02067,B,10,119.17,1191.70,76.00,0.5
R25-003384,2025-10-06,FT-2025-01933,B,9,115.81,1042.29,76.00,0.5
R25-003385,2025-10-06,FT-2025-01933,A,10,161.37,1613.70,117.00,1.5
R25-003386,2025-10-06,FT-2025-01933,B,11,116.45,1280.95,76.00,0.5
R25-003387,2025-10-06,FT-2025-01958,B,1,120.00,120.00,76.00,0.5
R25-003388,2025-10-06,FT-2025-01986,B,3,119.34,358.02,76.00,0.5
R25-003389,2025-10-06,FT-2025-02019,A,2,192.31,384.62,117.00,1.5
R25-003390,2025-10-06,FT-2025-02019,A,3,192.52,577.56,117.00,1.5
R25-003391,2025-10-06,FT-2025-02019,A,1,192.50,192.50,117.00,1.5
R25-003392,2025-10-06,FT-2025-02035,B,2,109.19,218.38,76.00,0.5
R25-003393,2025-10-06,FT-2025-02035,A,2,199.15,398.30,117.00,1.5
R25-003394,2025-10-06,FT-2025-02035,A,1,196.89,196.89,117.00,1.5
R25-003395,2025-10-06,FT-2025-02051,A,2,192.81,385.62,117.00,1.5
R25-003396,2025-10-06,FT-2025-02051,B,2,120.00,240.00,76.00,0.5
R25-003397,2025-10-06,FT-2025-02060,A,2,198.98,397.96,117.00,1.5
R25-003398,2025-10-06,FT-2025-02060,B,2,118.67,237.34,76.00,0.5
R25-003399,2025-10-06,FT-2025-02061,A,9,140.50,1264.50,117.00,1.5
R25-003400,2025-10-07,FT-2025-01915,B,10,108.95,1089.50,76.00,0.5
R25-003401,2025-10-07,FT-2025-01915,B,11,108.87,1197.57,76.00,0.5
R25-003402,2025-10-07,FT-2025-01937,A,4,190.24,760.96,117.00,1.5
R25-003403,2025-10-07,FT-2025-01937,A,3,189.54,568.62,117.00,1.5
R25-003404,2025-10-07,FT-2025-01937,A,6,188.07,1128.42,117.00,1.5
R25-003405,2025-10-07,FT-2025-01960,A,10,154.79,1547.90,117.00,1.5
R25-003406,2025-10-07,FT-2025-01960,B,16,110.32,1765.12,76.00,0.5
R25-003407,2025-10-07,FT-2025-01963,A,13,162.45,2111.85,117.00,1.5
R25-003408,2025-10-07,FT-2025-01963,B,10,116.18,1161.80,76.00,0.5
R25-003409,2025-10-07,FT-2025-01963,B,12,117.44,1409.28,76.00,0.5
R25-003410,2025-10-07,FT-2025-01966,A,2,191.41,382.82,117.00,1.5
R25-003411,2025-10-07,FT-2025-01966,A,2,193.74,387.48,117.00,1.5
R25-003412,2025-10-07,FT-2025-02038,B,6,118.13,708.78,76.00,0.5
R25-003413,2025-10-07,FT-2025-02038,B,5,117.26,586.30,76.00,0.5
R25-003414,2025-10-08,FT-2025-01886,A,1,200.00,200.00,117.00,1.5
R25-003415,2025-10-08,FT-2025-01894,A,2,198.36,396.72,117.00,1.5
R25-003416,2025-10-08,FT-2025-01894,A,4,198.11,792.44,117.00,1.5
R25-003417,2025-10-08,FT-2025-01905,A,8,161.43,1291.44,117.00,1.5
R25-003418,2025-10-08,FT-2025-01905,C,8,295.21,2361.68,238.00,3.0
R25-003419,2025-10-08,FT-2025-01992,A,8,163.89,1311.12,117.00,1.5
R25-003420,2025-10-08,FT-2025-01992,C,11,292.34,3215.74,238.00,3.0
R25-003421,2025-10-08,FT-2025-02017,B,4,116.54,466.16,76.00,0.5
R25-003422,2025-10-08,FT-2025-02017,C,6,290.13,1740.78,238.00,3.0
R25-003423,2025-10-08,FT-2025-02017,B,8,114.84,918.72,76.00,0.5
R25-003424,2025-10-08,FT-2025-02037,A,3,195.17,585.51,117.00,1.5
R25-003425,2025-10-08,FT-2025-02037,A,2,194.08,388.16,117.00,1.5
R25-003426,2025-10-09,FT-2025-01906,B,4,116.09,464.36,76.00,0.5
R25-003427,2025-10-09,FT-2025-01906,B,2,116.73,233.46,76.00,0.5
R25-003428,2025-10-09,FT-2025-01906,A,2,200.00,400.00,117.00,1.5
R25-003429,2025-10-09,FT-2025-01907,C,2,273.69,547.38,238.00,3.0
R25-003430,2025-10-09,FT-2025-01907,B,14,111.40,1559.60,76.00,0.5
R25-003431,2025-10-09,FT-2025-01942,A,4,195.73,782.92,117.00,1.5
R25-003432,2025-10-09,FT-2025-01985,A,4,184.04,736.16,117.00,1.5
R25-003433,2025-10-09,FT-2025-02046,B,11,117.46,1292.06,76.00,0.5
R25-003434,2025-10-10,FT-2025-01877,C,10,292.18,2921.80,238.00,3.0
R25-003435,2025-10-10,FT-2025-01877,B,9,117.19,1054.71,76.00,0.5
R25-003436,2025-10-10,FT-2025-01880,A,1,196.25,196.25,117.00,1.5
R25-003437,2025-10-10,FT-2025-01900,A,3,190.12,570.36,117.00,1.5
R25-003438,2025-10-10,FT-2025-01900,A,1,193.30,193.30,117.00,1.5
R25-003439,2025-10-10,FT-2025-01917,A,2,197.87,395.74,117.00,1.5
R25-003440,2025-10-10,FT-2025-01917,A,1,199.84,199.84,117.00,1.5
R25-003441,2025-10-10,FT-2025-01922,B,1,110.00,110.00,76.00,0.5
R25-003442,2025-10-10,FT-2025-01922,A,3,199.53,598.59,117.00,1.5
R25-003443,2025-10-10,FT-2025-01930,B,1,115.97,115.97,76.00,0.5
R25-003444,2025-10-10,FT-2025-01930,A,2,200.00,400.00,117.00,1.5
R25-003445,2025-10-10,FT-2025-01945,B,13,117.01,1521.13,76.00,0.5
R25-003446,2025-10-10,FT-2025-01945,A,10,154.64,1546.40,117.00,1.5
R25-003447,2025-10-10,FT-2025-01945,B,5,117.92,589.60,76.00,0.5
R25-003448,2025-10-10,FT-2025-01988,B,1,120.00,120.00,76.00,0.5
R25-003449,2025-10-10,FT-2025-01988,A,2,200.00,400.00,117.00,1.5
R25-003450,2025-10-10,FT-2025-01991,A,3,195.32,585.96,117.00,1.5
R25-003451,2025-10-10,FT-2025-01991,A,2,199.56,399.12,117.00,1.5
R25-003452,2025-10-10,FT-2025-01991,B,1,109.08,109.08,76.00,0.5
R25-003453,2025-10-10,FT-2025-01993,B,6,117.43,704.58,76.00,0.5
R25-003454,2025-10-10,FT-2025-02020,B,10,111.20,1112.00,76.00,0.5
R25-003455,2025-10-10,FT-2025-02020,C,6,280.76,1684.56,238.00,3.0
R25-003456,2025-10-10,FT-2025-02020,A,10,161.31,1613.10,117.00,1.5
R25-003457,2025-10-10,FT-2025-02023,B,6,109.59,657.54,76.00,0.5
R25-003458,2025-10-10,FT-2025-02023,B,10,107.89,1078.90,76.00,0.5
R25-003459,2025-10-10,FT-2025-02031,A,3,196.87,590.61,117.00,1.5
R25-003460,2025-10-10,FT-2025-02031,B,1,120.00,120.00,76.00,0.5
R25-003461,2025-10-10,FT-2025-02036,B,6,107.93,647.58,76.00,0.5
R25-003462,2025-10-10,FT-2025-02036,A,1,189.76,189.76,117.00,1.5
R25-003463,2025-10-10,FT-2025-02058,B,7,109.56,766.92,76.00,0.5
R25-003464,2025-10-13,FT-2025-01899,A,9,194.57,1751.13,117.00,1.5
R25-003465,2025-10-13,FT-2025-01899,B,5,117.08,585.40,76.00,0.5
R25-003466,2025-10-13,FT-2025-01899,B,4,117.86,471.44,76.00,0.5
R25-003467,2025-10-13,FT-2025-01913,B,10,116.43,1164.30,76.00,0.5
R25-003468,2025-10-13,FT-2025-01913,A,5,160.10,800.50,117.00,1.5
R25-003469,2025-10-13,FT-2025-01927,A,8,157.34,1258.72,117.00,1.5
R25-003470,2025-10-13,FT-2025-01927,B,11,110.67,1217.37,76.00,0.5
R25-003471,2025-10-13,FT-2025-01927,B,14,110.07,1540.98,76.00,0.5
R25-003472,2025-10-13,FT-2025-01971,C,6,289.16,1734.96,238.00,3.0
R25-003473,2025-10-13,FT-2025-01976,B,2,119.41,238.82,76.00,0.5
R25-003474,2025-10-13,FT-2025-01976,A,2,198.84,397.68,117.00,1.5
R25-003475,2025-10-13,FT-2025-01987,A,1,193.25,193.25,117.00,1.5
R25-003476,2025-10-13,FT-2025-02007,A,2,194.36,388.72,117.00,1.5
R25-003477,2025-10-13,FT-2025-02007,A,1,193.54,193.54,117.00,1.5
R25-003478,2025-10-13,FT-2025-02014,B,11,117.40,1291.40,76.00,0.5
R25-003479,2025-10-13,FT-2025-02014,A,3,161.19,483.57,117.00,1.5
R25-003480,2025-10-14,FT-2025-01876,A,2,189.82,379.64,117.00,1.5
R25-003481,2025-10-14,FT-2025-01876,A,2,189.95,379.90,117.00,1.5
R25-003482,2025-10-14,FT-2025-01898,A,8,187.73,1501.84,117.00,1.5
R25-003483,2025-10-14,FT-2025-01898,B,4,108.63,434.52,76.00,0.5
R25-003484,2025-10-14,FT-2025-01928,A,1,200.00,200.00,117.00,1.5
R25-003485,2025-10-14,FT-2025-01928,A,1,199.00,199.00,117.00,1.5
R25-003486,2025-10-14,FT-2025-01970,B,19,118.05,2242.95,76.00,0.5
R25-003487,2025-10-14,FT-2025-01970,C,4,270.00,1080.00,238.00,3.0
R25-003488,2025-10-14,FT-2025-01979,A,2,200.00,400.00,117.00,1.5
R25-003489,2025-10-14,FT-2025-02021,B,8,118.24,945.92,76.00,0.5
R25-003490,2025-10-15,FT-2025-01871,A,3,191.65,574.95,117.00,1.5
R25-003491,2025-10-15,FT-2025-01871,A,1,193.38,193.38,117.00,1.5
R25-003492,2025-10-15,FT-2025-01923,C,2,292.99,585.98,238.00,3.0
R25-003493,2025-10-15,FT-2025-01934,A,2,184.88,369.76,117.00,1.5
R25-003494,2025-10-15,FT-2025-01934,A,2,181.96,363.92,117.00,1.5
R25-003495,2025-10-15,FT-2025-01950,B,1,120.00,120.00,76.00,0.5
R25-003496,2025-10-15,FT-2025-01950,A,1,197.25,197.25,117.00,1.5
R25-003497,2025-10-15,FT-2025-01952,B,16,118.62,1897.92,76.00,0.5
R25-003498,2025-10-15,FT-2025-01952,A,5,160.34,801.70,117.00,1.5
R25-003499,2025-10-15,FT-2025-01969,A,2,199.61,399.22,117.00,1.5
R25-003500,2025-10-15,FT-2025-01969,B,2,119.10,238.20,76.00,0.5
R25-003501,2025-10-15,FT-2025-01978,A,9,189.89,1709.01,117.00,1.5
R25-003502,2025-10-15,FT-2025-01978,A,4,187.83,751.32,117.00,1.5
R25-003503,2025-10-15,FT-2025-01978,B,6,108.32,649.92,76.00,0.5
R25-003504,2025-10-15,FT-2025-01994,A,1,192.25,192.25,117.00,1.5
R25-003505,2025-10-15,FT-2025-02010,A,2,200.00,400.00,117.00,1.5
R25-003506,2025-10-15,FT-2025-02010,B,1,109.19,109.19,76.00,0.5
R25-003507,2025-10-15,FT-2025-02010,A,1,200.00,200.00,117.00,1.5
R25-003508,2025-10-15,FT-2025-02025,B,7,118.14,826.98,76.00,0.5
R25-003509,2025-10-15,FT-2025-02025,C,8,289.57,2316.56,238.00,3.0
R25-003510,2025-10-15,FT-2025-02025,B,9,115.74,1041.66,76.00,0.5
R25-003511,2025-10-15,FT-2025-02049,A,3,193.51,580.53,117.00,1.5
R25-003512,2025-10-15,FT-2025-02049,C,8,295.09,2360.72,238.00,3.0
R25-003513,2025-10-15,FT-2025-02062,A,1,192.84,192.84,117.00,1.5
R25-003514,2025-10-15,FT-2025-02062,A,3,190.02,570.06,117.00,1.5
R25-003515,2025-10-15,FT-2025-02062,A,5,190.81,954.05,117.00,1.5
R25-003516,2025-10-16,FT-2025-01878,B,13,110.33,1434.29,76.00,0.5
R25-003517,2025-10-16,FT-2025-01878,A,3,160.51,481.53,117.00,1.5
R25-003518,2025-10-16,FT-2025-01881,A,1,191.85,191.85,117.00,1.5
R25-003519,2025-10-16,FT-2025-01884,A,1,195.70,195.70,117.00,1.5
R25-003520,2025-10-16,FT-2025-01884,A,3,196.02,588.06,117.00,1.5
R25-003521,2025-10-16,FT-2025-01885,B,1,110.00,110.00,76.00,0.5
R25-003522,2025-10-16,FT-2025-01885,A,3,198.64,595.92,117.00,1.5
R25-003523,2025-10-16,FT-2025-01888,A,2,200.00,400.00,117.00,1.5
R25-003524,2025-10-16,FT-2025-01929,B,11,107.73,1185.03,76.00,0.5
R25-003525,2025-10-16,FT-2025-01929,B,9,109.94,989.46,76.00,0.5
R25-003526,2025-10-16,FT-2025-01929,A,9,161.29,1451.61,117.00,1.5
R25-003527,2025-10-16,FT-2025-01941,B,3,117.48,352.44,76.00,0.5
R25-003528,2025-10-16,FT-2025-01941,A,3,197.82,593.46,117.00,1.5
R25-003529,2025-10-16,FT-2025-01941,B,1,118.23,118.23,76.00,0.5
R25-003530,2025-10-16,FT-2025-01975,A,2,198.33,396.66,117.00,1.5
R25-003531,2025-10-16,FT-2025-01975,A,2,200.00,400.00,117.00,1.5
R25-003532,2025-10-16,FT-2025-01975,B,1,108.73,108.73,76.00,0.5
R25-003533,2025-10-16,FT-2025-01997,A,3,200.00,600.00,117.00,1.5
R25-003534,2025-10-16,FT-2025-01997,B,1,116.40,116.40,76.00,0.5
R25-003535,2025-10-16,FT-2025-01999,B,3,119.10,357.30,76.00,0.5
R25-003536,2025-10-16,FT-2025-01999,A,8,192.83,1542.64,117.00,1.5
R25-003537,2025-10-16,FT-2025-02012,B,3,118.94,356.82,76.00,0.5
R25-003538,2025-10-16,FT-2025-02012,A,2,199.96,399.92,117.00,1.5
R25-003539,2025-10-17,FT-2025-01882,A,6,187.80,1126.80,117.00,1.5
R25-003540,2025-10-17,FT-2025-01882,B,6,108.59,651.54,76.00,0.5
R25-003541,2025-10-17,FT-2025-01882,A,2,189.04,378.08,117.00,1.5
R25-003542,2025-10-17,FT-2025-01973,A,12,154.22,1850.64,117.00,1.5
R25-003543,2025-10-17,FT-2025-01996,B,1,110.19,110.19,76.00,0.5
R25-003544,2025-10-17,FT-2025-01996,A,2,198.55,397.10,117.00,1.5
R25-003545,2025-10-17,FT-2025-02004,A,2,200.00,400.00,117.00,1.5
R25-003546,2025-10-17,FT-2025-02029,C,7,292.99,2050.93,238.00,3.0
R25-003547,2025-10-17,FT-2025-02029,C,4,290.88,1163.52,238.00,3.0
R25-003548,2025-10-20,FT-2025-01869,A,2,196.86,393.72,117.00,1.5
R25-003549,2025-10-20,FT-2025-01889,B,10,117.82,1178.20,76.00,0.5
R25-003550,2025-10-20,FT-2025-01889,A,5,162.69,813.45,117.00,1.5
R25-003551,2025-10-20,FT-2025-01901,A,1,200.00,200.00,117.00,1.5
R25-003552,2025-10-20,FT-2025-01901,A,2,200.00,400.00,117.00,1.5
R25-003553,2025-10-20,FT-2025-01901,B,1,118.60,118.60,76.00,0.5
R25-003554,2025-10-20,FT-2025-01924,A,2,192.59,385.18,117.00,1.5
R25-003555,2025-10-20,FT-2025-01935,A,2,190.16,380.32,117.00,1.5
R25-003556,2025-10-20,FT-2025-01935,A,2,192.31,384.62,117.00,1.5
R25-003557,2025-10-20,FT-2025-01935,A,1,193.59,193.59,117.00,1.5
R25-003558,2025-10-20,FT-2025-01981,A,3,192.23,576.69,117.00,1.5
R25-003559,2025-10-20,FT-2025-01995,B,4,109.77,439.08,76.00,0.5
R25-003560,2025-10-20,FT-2025-01995,A,9,160.88,1447.92,117.00,1.5
R25-003561,2025-10-20,FT-2025-02016,A,2,195.77,391.54,117.00,1.5
R25-003562,2025-10-20,FT-2025-02016,A,1,195.74,195.74,117.00,1.5
R25-003563,2025-10-20,FT-2025-02016,A,2,197.83,395.66,117.00,1.5
R25-003564,2025-10-20,FT-2025-02034,A,1,200.00,200.00,117.00,1.5
R25-003565,2025-10-20,FT-2025-02040,B,6,109.85,659.10,76.00,0.5
R25-003566,2025-10-20,FT-2025-02043,B,3,120.00,360.00,76.00,0.5
R25-003567,2025-10-20,FT-2025-02043,A,2,197.83,395.66,117.00,1.5
R25-003568,2025-10-20,FT-2025-02043,A,2,195.84,391.68,117.00,1.5
R25-003569,2025-10-21,FT-2025-01909,C,1,291.67,291.67,238.00,3.0
R25-003570,2025-10-21,FT-2025-01943,A,2,200.00,400.00,117.00,1.5
R25-003571,2025-10-21,FT-2025-01953,A,5,158.05,790.25,117.00,1.5
R25-003572,2025-10-21,FT-2025-01953,B,13,115.59,1502.67,76.00,0.5
R25-003573,2025-10-21,FT-2025-01972,B,15,117.84,1767.60,76.00,0.5
R25-003574,2025-10-21,FT-2025-02001,A,2,194.59,389.18,117.00,1.5
R25-003575,2025-10-21,FT-2025-02001,A,3,195.73,587.19,117.00,1.5
R25-003576,2025-10-21,FT-2025-02009,A,5,187.92,939.60,117.00,1.5
R25-003577,2025-10-21,FT-2025-02013,A,5,162.23,811.15,117.00,1.5
R25-003578,2025-10-21,FT-2025-02013,B,9,116.87,1051.83,76.00,0.5
R25-003579,2025-10-21,FT-2025-02039,A,5,196.16,980.80,117.00,1.5
R25-003580,2025-10-21,FT-2025-02039,B,13,116.41,1513.33,76.00,0.5
R25-003581,2025-10-21,FT-2025-02039,B,3,118.63,355.89,76.00,0.5
R25-003582,2025-10-21,FT-2025-02044,A,3,198.59,595.77,117.00,1.5
R25-003583,2025-10-21,FT-2025-02047,B,9,116.66,1049.94,76.00,0.5
R25-003584,2025-10-21,FT-2025-02047,C,5,292.84,1464.20,238.00,3.0
R25-003585,2025-10-21,FT-2025-02050,B,5,111.24,556.20,76.00,0.5
R25-003586,2025-10-21,FT-2025-02057,B,1,109.06,109.06,76.00,0.5
R25-003587,2025-10-21,FT-2025-02059,B,7,111.94,783.58,76.00,0.5
R25-003588,2025-10-21,FT-2025-02059,A,6,162.17,973.02,117.00,1.5
R25-003589,2025-10-22,FT-2025-01870,A,10,151.28,1512.80,117.00,1.5
R25-003590,2025-10-22,FT-2025-01938,A,1,197.83,197.83,117.00,1.5
R25-003591,2025-10-22,FT-2025-01938,B,1,120.00,120.00,76.00,0.5
R25-003592,2025-10-22,FT-2025-01938,A,1,198.51,198.51,117.00,1.5
R25-003593,2025-10-22,FT-2025-01959,A,3,200.00,600.00,117.00,1.5
R25-003594,2025-10-22,FT-2025-01959,A,2,197.69,395.38,117.00,1.5
R25-003595,2025-10-22,FT-2025-01989,C,8,290.81,2326.48,238.00,3.0
R25-003596,2025-10-22,FT-2025-01989,A,1,161.19,161.19,117.00,1.5
R25-003597,2025-10-23,FT-2025-01887,A,1,191.97,191.97,117.00,1.5
R25-003598,2025-10-23,FT-2025-01887,A,2,193.20,386.40,117.00,1.5
R25-003599,2025-10-23,FT-2025-01896,A,7,161.91,1133.37,117.00,1.5
R25-003600,2025-10-23,FT-2025-01896,B,19,109.04,2071.76,76.00,0.5
R25-003601,2025-10-23,FT-2025-01896,C,4,295.77,1183.08,238.00,3.0
R25-003602,2025-10-23,FT-2025-01908,A,4,161.05,644.20,117.00,1.5
R25-003603,2025-10-23,FT-2025-01925,B,7,110.62,774.34,76.00,0.5
R25-003604,2025-10-23,FT-2025-01925,C,3,294.66,883.98,238.00,3.0
R25-003605,2025-10-23,FT-2025-01925,A,6,162.10,972.60,117.00,1.5
R25-003606,2025-10-23,FT-2025-01951,B,27,109.78,2964.06,76.00,0.5
R25-003607,2025-10-23,FT-2025-01951,C,6,292.97,1757.82,238.00,3.0
R25-003608,2025-10-23,FT-2025-01956,A,1,198.09,198.09,117.00,1.5
R25-003609,2025-10-23,FT-2025-01965,C,4,286.29,1145.16,238.00,3.0
R25-003610,2025-10-23,FT-2025-01965,B,13,109.92,1428.96,76.00,0.5
R25-003611,2025-10-23,FT-2025-02006,A,9,163.02,1467.18,117.00,1.5
R25-003612,2025-10-23,FT-2025-02018,B,1,120.00,120.00,76.00,0.5
R25-003613,2025-10-23,FT-2025-02026,A,3,199.40,598.20,117.00,1.5
R25-003614,2025-10-23,FT-2025-02026,A,1,198.12,198.12,117.00,1.5
R25-003615,2025-10-23,FT-2025-02026,A,3,196.74,590.22,117.00,1.5
R25-003616,2025-10-24,FT-2025-01875,A,3,190.41,571.23,117.00,1.5
R25-003617,2025-10-24,FT-2025-01875,A,2,191.81,383.62,117.00,1.5
R25-003618,2025-10-24,FT-2025-01883,B,10,117.68,1176.80,76.00,0.5
R25-003619,2025-10-24,FT-2025-01883,A,4,162.29,649.16,117.00,1.5
R25-003620,2025-10-24,FT-2025-01891,A,1,190.49,190.49,117.00,1.5
R25-003621,2025-10-24,FT-2025-01891,A,3,192.47,577.41,117.00,1.5
R25-003622,2025-10-24,FT-2025-01897,B,6,117.89,707.34,76.00,0.5
R25-003623,2025-10-24,FT-2025-01932,A,6,162.48,974.88,117.00,1.5
R25-003624,2025-10-24,FT-2025-01932,B,13,116.40,1513.20,76.00,0.5
R25-003625,2025-10-24,FT-2025-01932,B,7,115.53,808.71,76.00,0.5
R25-003626,2025-10-24,FT-2025-01955,B,8,116.18,929.44,76.00,0.5
R25-003627,2025-10-24,FT-2025-01955,A,4,161.23,644.92,117.00,1.5
R25-003628,2025-10-24,FT-2025-01990,B,2,118.28,236.56,76.00,0.5
R25-003629,2025-10-24,FT-2025-01990,B,2,119.82,239.64,76.00,0.5
R25-003630,2025-10-24,FT-2025-01990,A,3,197.81,593.43,117.00,1.5
R25-003631,2025-10-24,FT-2025-02024,A,7,189.56,1326.92,117.00,1.5
R25-003632,2025-10-24,FT-2025-02028,B,3,120.00,360.00,76.00,0.5
R25-003633,2025-10-24,FT-2025-02055,A,2,195.94,391.88,117.00,1.5
R25-003634,2025-10-27,FT-2025-01902,A,2,200.00,400.00,117.00,1.5
R25-003635,2025-10-27,FT-2025-01902,B,1,110.34,110.34,76.00,0.5
R25-003636,2025-10-27,FT-2025-01920,A,1,199.72,199.72,117.00,1.5
R25-003637,2025-10-27,FT-2025-01920,A,4,195.73,782.92,117.00,1.5
R25-003638,2025-10-27,FT-2025-01931,B,16,117.89,1886.24,76.00,0.5
R25-003639,2025-10-27,FT-2025-01931,C,3,291.84,875.52,238.00,3.0
R25-003640,2025-10-27,FT-2025-01931,B,8,118.55,948.40,76.00,0.5
R25-003641,2025-10-27,FT-2025-01954,A,2,194.33,388.66,117.00,1.5
R25-003642,2025-10-27,FT-2025-02030,C,5,289.80,1449.00,238.00,3.0
R25-003643,2025-10-27,FT-2025-02030,B,13,110.70,1439.10,76.00,0.5
R25-003644,2025-10-27,FT-2025-02052,A,2,200.00,400.00,117.00,1.5
R25-003645,2025-10-28,FT-2025-01921,A,1,197.21,197.21,117.00,1.5
R25-003646,2025-10-28,FT-2025-01921,B,3,118.25,354.75,76.00,0.5
R25-003647,2025-10-28,FT-2025-01921,A,2,199.69,399.38,117.00,1.5
R25-003648,2025-10-28,FT-2025-01948,C,5,287.61,1438.05,238.00,3.0
R25-003649,2025-10-28,FT-2025-01957,B,2,116.72,233.44,76.00,0.5
R25-003650,2025-10-28,FT-2025-01957,B,2,117.34,234.68,76.00,0.5
R25-003651,2025-10-28,FT-2025-01968,C,5,284.62,1423.10,238.00,3.0
R25-003652,2025-10-28,FT-2025-01968,B,9,116.47,1048.23,76.00,0.5
R25-003653,2025-10-28,FT-2025-01983,B,1,112.70,112.70,76.00,0.5
R25-003654,2025-10-28,FT-2025-01983,A,2,200.00,400.00,117.00,1.5
R25-003655,2025-10-28,FT-2025-02000,C,4,291.37,1165.48,238.00,3.0
R25-003656,2025-10-28,FT-2025-02005,A,12,186.18,2234.16,117.00,1.5
R25-003657,2025-10-28,FT-2025-02005,B,6,107.42,644.52,76.00,0.5
R25-003658,2025-10-28,FT-2025-02066,C,9,271.57,2444.13,238.00,3.0
R25-003659,2025-10-28,FT-2025-02066,A,6,152.02,912.12,117.00,1.5
R25-003660,2025-10-28,FT-2025-02068,C,2,294.67,589.34,238.00,3.0
R25-003661,2025-10-29,FT-2025-01961,B,7,113.47,794.29,76.00,0.5
R25-003662,2025-10-29,FT-2025-01962,A,3,185.53,556.59,117.00,1.5
R25-003663,2025-10-29,FT-2025-01962,B,1,118.55,118.55,76.00,0.5
R25-003664,2025-10-29,FT-2025-01962,A,5,181.69,908.45,117.00,1.5
R25-003665,2025-10-29,FT-2025-01977,B,15,116.09,1741.35,76.00,0.5
R25-003666,2025-10-29,FT-2025-01982,A,1,184.16,184.16,117.00,1.5
R25-003667,2025-10-29,FT-2025-01982,B,2,120.00,240.00,76.00,0.5
R25-003668,2025-10-29,FT-2025-02022,B,2,118.02,236.04,76.00,0.5
R25-003669,2025-10-29,FT-2025-02022,A,3,196.70,590.10,117.00,1.5
R25-003670,2025-10-29,FT-2025-02022,B,2,118.78,237.56,76.00,0.5
R25-003671,2025-10-29,FT-2025-02027,A,3,191.99,575.97,117.00,1.5
R25-003672,2025-10-29,FT-2025-02027,A,1,190.03,190.03,117.00,1.5
R25-003673,2025-10-29,FT-2025-02027,A,2,192.49,384.98,117.00,1.5
R25-003674,2025-10-29,FT-2025-02054,B,4,116.64,466.56,76.00,0.5
R25-003675,2025-10-29,FT-2025-02054,B,11,118.09,1298.99,76.00,0.5
R25-003676,2025-10-29,FT-2025-02064,B,22,107.84,2372.48,76.00,0.5
R25-003677,2025-10-30,FT-2025-01874,A,11,188.93,2078.23,117.00,1.5
R25-003678,2025-10-30,FT-2025-01874,B,10,109.07,1090.70,76.00,0.5
R25-003679,2025-10-30,FT-2025-01874,B,6,107.37,644.22,76.00,0.5
R25-003680,2025-10-30,FT-2025-01879,A,9,188.29,1694.61,117.00,1.5
R25-003681,2025-10-30,FT-2025-01890,A,1,182.37,182.37,117.00,1.5
R25-003682,2025-10-30,FT-2025-01890,B,1,120.00,120.00,76.00,0.5
R25-003683,2025-10-30,FT-2025-01890,B,1,120.00,120.00,76.00,0.5
R25-003684,2025-10-30,FT-2025-01895,A,1,193.83,193.83,117.00,1.5
R25-003685,2025-10-30,FT-2025-01895,A,2,194.42,388.84,117.00,1.5
R25-003686,2025-10-30,FT-2025-01910,B,10,118.64,1186.40,76.00,0.5
R25-003687,2025-10-30,FT-2025-01914,A,11,147.18,1618.98,117.00,1.5
R25-003688,2025-10-30,FT-2025-01914,B,14,116.87,1636.18,76.00,0.5
R25-003689,2025-10-30,FT-2025-01919,B,2,119.79,239.58,76.00,0.5
R25-003690,2025-10-30,FT-2025-01919,A,2,197.59,395.18,117.00,1.5
R25-003691,2025-10-30,FT-2025-01919,B,2,120.00,240.00,76.00,0.5
R25-003692,2025-10-30,FT-2025-01939,B,3,119.64,358.92,76.00,0.5
R25-003693,2025-10-30,FT-2025-01939,A,3,184.47,553.41,117.00,1.5
R25-003694,2025-10-30,FT-2025-01940,C,14,289.85,4057.90,238.00,3.0
R25-003695,2025-10-30,FT-2025-01944,B,1,109.86,109.86,76.00,0.5
R25-003696,2025-10-30,FT-2025-01944,A,3,197.98,593.94,117.00,1.5
R25-003697,2025-10-30,FT-2025-01964,B,7,116.93,818.51,76.00,0.5
R25-003698,2025-10-30,FT-2025-01974,A,1,191.39,191.39,117.00,1.5
R25-003699,2025-10-30,FT-2025-01974,A,1,191.99,191.99,117.00,1.5
R25-003700,2025-10-30,FT-2025-01974,B,1,120.00,120.00,76.00,0.5
R25-003701,2025-10-30,FT-2025-01998,B,8,116.89,935.12,76.00,0.5
R25-003702,2025-10-30,FT-2025-01998,B,4,117.12,468.48,76.00,0.5
R25-003703,2025-10-30,FT-2025-01998,A,8,162.70,1301.60,117.00,1.5
R25-003704,2025-10-30,FT-2025-02015,B,1,120.00,120.00,76.00,0.5
R25-003705,2025-10-30,FT-2025-02041,A,1,189.57,189.57,117.00,1.5
R25-003706,2025-10-30,FT-2025-02041,A,1,187.43,187.43,117.00,1.5
R25-003707,2025-10-30,FT-2025-02053,C,5,290.89,1454.45,238.00,3.0
R25-003708,2025-10-30,FT-2025-02053,B,9,110.67,996.03,76.00,0.5
R25-003709,2025-10-30,FT-2025-02053,B,16,110.62,1769.92,76.00,0.5
R25-003710,2025-10-31,FT-2025-01868,B,2,116.97,233.94,76.00,0.5
R25-003711,2025-10-31,FT-2025-01868,A,2,200.00,400.00,117.00,1.5
R25-003712,2025-10-31,FT-2025-01868,A,1,200.00,200.00,117.00,1.5
R25-003713,2025-10-31,FT-2025-01904,A,1,199.54,199.54,117.00,1.5
R25-003714,2025-10-31,FT-2025-01904,A,4,198.83,795.32,117.00,1.5
R25-003715,2025-10-31,FT-2025-01926,B,10,108.39,1083.90,76.00,0.5
R25-003716,2025-10-31,FT-2025-01926,C,5,292.84,1464.20,238.00,3.0
R25-003717,2025-10-31,FT-2025-01926,B,19,109.87,2087.53,76.00,0.5
R25-003718,2025-10-31,FT-2025-01946,B,12,113.01,1356.12,76.00,0.5
R25-003719,2025-10-31,FT-2025-01946,B,12,112.48,1349.76,76.00,0.5
R25-003720,2025-10-31,FT-2025-02003,A,4,196.07,784.28,117.00,1.5
R25-003721,2025-10-31,FT-2025-02048,A,1,197.64,197.64,117.00,1.5
R25-003722,2025-10-31,FT-2025-02048,A,1,197.38,197.38,117.00,1.5
R25-003723,2025-10-31,FT-2025-02056,A,8,162.56,1300.48,117.00,1.5
R25-003724,2025-10-31,FT-2025-02063,B,10,118.41,1184.10,76.00,0.5
R25-003725,2025-10-31,FT-2025-02063,B,10,115.71,1157.10,76.00,0.5
R25-003726,2025-10-31,FT-2025-02063,B,14,115.94,1623.16,76.00,0.5
R25-003727,2025-11-03,FT-2025-02079,A,1,199.61,199.61,117.00,1.5
R25-003728,2025-11-03,FT-2025-02079,A,2,197.67,395.34,117.00,1.5
R25-003729,2025-11-03,FT-2025-02086,C,3,297.00,891.00,238.00,3.0
R25-003730,2025-11-03,FT-2025-02086,A,11,162.58,1788.38,117.00,1.5
R25-003731,2025-11-03,FT-2025-02094,B,3,117.63,352.89,76.00,0.5
R25-003732,2025-11-03,FT-2025-02094,A,2,198.71,397.42,117.00,1.5
R25-003733,2025-11-03,FT-2025-02094,B,2,119.74,239.48,76.00,0.5
R25-003734,2025-11-03,FT-2025-02125,A,1,191.46,191.46,117.00,1.5
R25-003735,2025-11-03,FT-2025-02125,A,1,191.27,191.27,117.00,1.5
R25-003736,2025-11-03,FT-2025-02125,A,3,190.29,570.87,117.00,1.5
R25-003737,2025-11-03,FT-2025-02142,A,5,197.88,989.40,117.00,1.5
R25-003738,2025-11-03,FT-2025-02142,B,3,115.45,346.35,76.00,0.5
R25-003739,2025-11-03,FT-2025-02142,B,1,115.50,115.50,76.00,0.5
R25-003740,2025-11-03,FT-2025-02151,C,8,283.92,2271.36,238.00,3.0
R25-003741,2025-11-03,FT-2025-02179,A,9,186.50,1678.50,117.00,1.5
R25-003742,2025-11-03,FT-2025-02179,A,2,186.42,372.84,117.00,1.5
R25-003743,2025-11-03,FT-2025-02179,A,7,185.97,1301.79,117.00,1.5
R25-003744,2025-11-03,FT-2025-02190,C,5,284.37,1421.85,238.00,3.0
R25-003745,2025-11-03,FT-2025-02190,B,11,116.69,1283.59,76.00,0.5
R25-003746,2025-11-03,FT-2025-02199,B,4,119.40,477.60,76.00,0.5
R25-003747,2025-11-03,FT-2025-02199,B,1,119.31,119.31,76.00,0.5
R25-003748,2025-11-03,FT-2025-02242,B,1,119.50,119.50,76.00,0.5
R25-003749,2025-11-03,FT-2025-02242,A,4,192.93,771.72,117.00,1.5
R25-003750,2025-11-03,FT-2025-02242,A,1,192.71,192.71,117.00,1.5
R25-003751,2025-11-03,FT-2025-02250,A,7,156.67,1096.69,117.00,1.5
R25-003752,2025-11-04,FT-2025-02121,C,5,290.40,1452.00,238.00,3.0
R25-003753,2025-11-04,FT-2025-02170,A,6,160.33,961.98,117.00,1.5
R25-003754,2025-11-04,FT-2025-02189,B,3,119.03,357.09,76.00,0.5
R25-003755,2025-11-04,FT-2025-02224,B,1,116.38,116.38,76.00,0.5
R25-003756,2025-11-04,FT-2025-02224,A,1,161.84,161.84,117.00,1.5
R25-003757,2025-11-04,FT-2025-02224,A,13,161.55,2100.15,117.00,1.5
R25-003758,2025-11-04,FT-2025-02247,B,15,117.79,1766.85,76.00,0.5
R25-003759,2025-11-04,FT-2025-02247,B,8,117.10,936.80,76.00,0.5
R25-003760,2025-11-04,FT-2025-02247,B,6,116.35,698.10,76.00,0.5
R25-003761,2025-11-05,FT-2025-02069,B,2,118.42,236.84,76.00,0.5
R25-003762,2025-11-05,FT-2025-02069,A,2,198.24,396.48,117.00,1.5
R25-003763,2025-11-05,FT-2025-02089,B,7,118.25,827.75,76.00,0.5
R25-003764,2025-11-05,FT-2025-02118,A,4,198.97,795.88,117.00,1.5
R25-003765,2025-11-05,FT-2025-02118,A,1,199.06,199.06,117.00,1.5
R25-003766,2025-11-05,FT-2025-02131,A,3,200.00,600.00,117.00,1.5
R25-003767,2025-11-05,FT-2025-02131,B,2,115.40,230.80,76.00,0.5
R25-003768,2025-11-05,FT-2025-02136,A,2,190.61,381.22,117.00,1.5
R25-003769,2025-11-05,FT-2025-02136,A,2,190.59,381.18,117.00,1.5
R25-003770,2025-11-05,FT-2025-02153,A,2,200.00,400.00,117.00,1.5
R25-003771,2025-11-05,FT-2025-02154,B,11,117.78,1295.58,76.00,0.5
R25-003772,2025-11-05,FT-2025-02165,A,2,192.35,384.70,117.00,1.5
R25-003773,2025-11-05,FT-2025-02182,B,1,120.00,120.00,76.00,0.5
R25-003774,2025-11-05,FT-2025-02182,A,2,195.48,390.96,117.00,1.5
R25-003775,2025-11-05,FT-2025-02219,B,4,118.85,475.40,76.00,0.5
R25-003776,2025-11-05,FT-2025-02219,A,2,197.09,394.18,117.00,1.5
R25-003777,2025-11-05,FT-2025-02239,A,3,191.58,574.74,117.00,1.5
R25-003778,2025-11-05,FT-2025-02239,A,2,191.50,383.00,117.00,1.5
R25-003779,2025-11-05,FT-2025-02240,B,12,117.36,1408.32,76.00,0.5
R25-003780,2025-11-05,FT-2025-02249,A,1,197.08,197.08,117.00,1.5
R25-003781,2025-11-06,FT-2025-02071,B,8,108.02,864.16,76.00,0.5
R25-003782,2025-11-06,FT-2025-02075,A,12,154.18,1850.16,117.00,1.5
R25-003783,2025-11-06,FT-2025-02091,C,4,295.75,1183.00,238.00,3.0
R25-003784,2025-11-06,FT-2025-02091,B,10,109.55,1095.50,76.00,0.5
R25-003785,2025-11-06,FT-2025-02091,B,16,109.94,1759.04,76.00,0.5
R25-003786,2025-11-06,FT-2025-02099,A,1,193.76,193.76,117.00,1.5
R25-003787,2025-11-06,FT-2025-02099,A,2,192.08,384.16,117.00,1.5
R25-003788,2025-11-06,FT-2025-02129,B,7,115.64,809.48,76.00,0.5
R25-003789,2025-11-06,FT-2025-02129,B,11,117.54,1292.94,76.00,0.5
R25-003790,2025-11-06,FT-2025-02130,B,1,110.00,110.00,76.00,0.5
R25-003791,2025-11-06,FT-2025-02130,A,3,197.78,593.34,117.00,1.5
R25-003792,2025-11-06,FT-2025-02130,A,1,199.55,199.55,117.00,1.5
R25-003793,2025-11-06,FT-2025-02143,B,3,108.68,326.04,76.00,0.5
R25-003794,2025-11-06,FT-2025-02163,B,9,117.15,1054.35,76.00,0.5
R25-003795,2025-11-06,FT-2025-02163,B,10,116.31,1163.10,76.00,0.5
R25-003796,2025-11-06,FT-2025-02178,B,2,120.00,240.00,76.00,0.5
R25-003797,2025-11-06,FT-2025-02193,B,10,117.29,1172.90,76.00,0.5
R25-003798,2025-11-06,FT-2025-02227,A,7,192.51,1347.57,117.00,1.5
R25-003799,2025-11-06,FT-2025-02233,A,2,194.28,388.56,117.00,1.5
R25-003800,2025-11-06,FT-2025-02233,A,2,192.58,385.16,117.00,1.5
R25-003801,2025-11-06,FT-2025-02237,C,8,287.98,2303.84,238.00,3.0
R25-003802,2025-11-06,FT-2025-02237,A,8,162.04,1296.32,117.00,1.5
R25-003803,2025-11-06,FT-2025-02264,B,6,117.07,702.42,76.00,0.5
R25-003804,2025-11-06,FT-2025-02264,B,9,117.14,1054.26,76.00,0.5
R25-003805,2025-11-07,FT-2025-02087,A,1,200.00,200.00,117.00,1.5
R25-003806,2025-11-07,FT-2025-02123,C,3,293.93,881.79,238.00,3.0
R25-003807,2025-11-07,FT-2025-02123,A,6,161.25,967.50,117.00,1.5
R25-003808,2025-11-07,FT-2025-02123,B,17,108.39,1842.63,76.00,0.5
R25-003809,2025-11-07,FT-2025-02137,B,11,110.49,1215.39,76.00,0.5
R25-003810,2025-11-07,FT-2025-02137,C,3,277.87,833.61,238.00,3.0
R25-003811,2025-11-07,FT-2025-02152,A,6,160.73,964.38,117.00,1.5
R25-003812,2025-11-07,FT-2025-02152,B,12,116.57,1398.84,76.00,0.5
R25-003813,2025-11-07,FT-2025-02152,C,4,296.32,1185.28,238.00,3.0
R25-003814,2025-11-07,FT-2025-02176,A,8,158.35,1266.80,117.00,1.5
R25-003815,2025-11-07,FT-2025-02176,C,2,270.61,541.22,238.00,3.0
R25-003816,2025-11-07,FT-2025-02185,A,3,192.68,578.04,117.00,1.5
R25-003817,2025-11-07,FT-2025-02212,A,2,189.61,379.22,117.00,1.5
R25-003818,2025-11-07,FT-2025-02212,A,6,187.45,1124.70,117.00,1.5
R25-003819,2025-11-07,FT-2025-02254,C,3,296.27,888.81,238.00,3.0
R25-003820,2025-11-07,FT-2025-02254,A,8,162.74,1301.92,117.00,1.5
R25-003821,2025-11-07,FT-2025-02266,B,2,120.00,240.00,76.00,0.5
R25-003822,2025-11-07,FT-2025-02270,A,2,191.16,382.32,117.00,1.5
R25-003823,2025-11-07,FT-2025-02270,B,2,120.00,240.00,76.00,0.5
R25-003824,2025-11-10,FT-2025-02088,B,8,116.66,933.28,76.00,0.5
R25-003825,2025-11-10,FT-2025-02110,A,1,185.60,185.60,117.00,1.5
R25-003826,2025-11-10,FT-2025-02110,B,1,120.00,120.00,76.00,0.5
R25-003827,2025-11-10,FT-2025-02251,A,3,182.52,547.56,117.00,1.5
R25-003828,2025-11-11,FT-2025-02117,A,2,195.71,391.42,117.00,1.5
R25-003829,2025-11-11,FT-2025-02117,A,1,197.77,197.77,117.00,1.5
R25-003830,2025-11-11,FT-2025-02117,A,3,197.30,591.90,117.00,1.5
R25-003831,2025-11-11,FT-2025-02215,A,2,195.63,391.26,117.00,1.5
R25-003832,2025-11-11,FT-2025-02215,A,2,196.37,392.74,117.00,1.5
R25-003833,2025-11-11,FT-2025-02215,B,1,110.18,110.18,76.00,0.5
R25-003834,2025-11-11,FT-2025-02218,A,10,152.33,1523.30,117.00,1.5
R25-003835,2025-11-11,FT-2025-02218,C,3,270.00,810.00,238.00,3.0
R25-003836,2025-11-12,FT-2025-02122,A,8,163.69,1309.52,117.00,1.5
R25-003837,2025-11-12,FT-2025-02122,C,8,283.91,2271.28,238.00,3.0
R25-003838,2025-11-12,FT-2025-02122,B,8,115.82,926.56,76.00,0.5
R25-003839,2025-11-12,FT-2025-02159,A,4,189.47,757.88,117.00,1.5
R25-003840,2025-11-12,FT-2025-02159,B,5,107.76,538.80,76.00,0.5
R25-003841,2025-11-12,FT-2025-02173,A,6,163.88,983.28,117.00,1.5
R25-003842,2025-11-12,FT-2025-02173,B,8,116.38,931.04,76.00,0.5
R25-003843,2025-11-12,FT-2025-02184,C,5,294.21,1471.05,238.00,3.0
R25-003844,2025-11-12,FT-2025-02184,B,13,116.02,1508.26,76.00,0.5
R25-003845,2025-11-12,FT-2025-02184,A,9,163.26,1469.34,117.00,1.5
R25-003846,2025-11-12,FT-2025-02188,B,4,119.75,479.00,76.00,0.5
R25-003847,2025-11-12,FT-2025-02209,A,3,193.28,579.84,117.00,1.5
R25-003848,2025-11-12,FT-2025-02209,B,1,109.68,109.68,76.00,0.5
R25-003849,2025-11-12,FT-2025-02216,B,20,117.61,2352.20,76.00,0.5
R25-003850,2025-11-12,FT-2025-02260,A,2,193.77,387.54,117.00,1.5
R25-003851,2025-11-12,FT-2025-02260,B,2,120.00,240.00,76.00,0.5
R25-003852,2025-11-12,FT-2025-02269,B,14,108.41,1517.74,76.00,0.5
R25-003853,2025-11-12,RS-2025-02187,A,-2,196.84,-393.68,117.00,1.5
R25-003854,2025-11-13,FT-2025-02074,A,6,193.98,1163.88,117.00,1.5
R25-003855,2025-11-13,FT-2025-02074,A,9,193.61,1742.49,117.00,1.5
R25-003856,2025-11-13,FT-2025-02092,A,3,196.93,590.79,117.00,1.5
R25-003857,2025-11-13,FT-2025-02166,B,13,110.97,1442.61,76.00,0.5
R25-003858,2025-11-13,FT-2025-02180,B,14,117.92,1650.88,76.00,0.5
R25-003859,2025-11-13,FT-2025-02180,C,8,286.80,2294.40,238.00,3.0
R25-003860,2025-11-13,FT-2025-02197,A,2,183.44,366.88,117.00,1.5
R25-003861,2025-11-13,FT-2025-02197,A,5,181.01,905.05,117.00,1.5
R25-003862,2025-11-13,FT-2025-02210,B,4,109.92,439.68,76.00,0.5
R25-003863,2025-11-13,FT-2025-02213,A,3,192.64,577.92,117.00,1.5
R25-003864,2025-11-13,FT-2025-02213,A,1,194.61,194.61,117.00,1.5
R25-003865,2025-11-13,FT-2025-02238,B,7,109.62,767.34,76.00,0.5
R25-003866,2025-11-14,FT-2025-02109,A,4,194.13,776.52,117.00,1.5
R25-003867,2025-11-14,FT-2025-02109,B,10,118.98,1189.80,76.00,0.5
R25-003868,2025-11-14,FT-2025-02126,A,6,186.23,1117.38,117.00,1.5
R25-003869,2025-11-14,FT-2025-02135,B,15,110.17,1652.55,76.00,0.5
R25-003870,2025-11-14,FT-2025-02145,A,2,191.82,383.64,117.00,1.5
R25-003871,2025-11-14,FT-2025-02158,B,1,109.66,109.66,76.00,0.5
R25-003872,2025-11-14,FT-2025-02158,A,3,197.40,592.20,117.00,1.5
R25-003873,2025-11-14,FT-2025-02168,B,15,110.70,1660.50,76.00,0.5
R25-003874,2025-11-14,FT-2025-02168,A,6,157.64,945.84,117.00,1.5
R25-003875,2025-11-14,FT-2025-02206,A,2,196.08,392.16,117.00,1.5
R25-003876,2025-11-14,FT-2025-02206,A,1,193.90,193.90,117.00,1.5
R25-003877,2025-11-14,FT-2025-02217,A,1,198.32,198.32,117.00,1.5
R25-003878,2025-11-14,FT-2025-02217,A,2,197.61,395.22,117.00,1.5
R25-003879,2025-11-14,FT-2025-02221,A,2,195.37,390.74,117.00,1.5
R25-003880,2025-11-14,FT-2025-02246,A,1,194.53,194.53,117.00,1.5
R25-003881,2025-11-14,FT-2025-02246,A,2,194.77,389.54,117.00,1.5
R25-003882,2025-11-14,FT-2025-02259,A,3,193.69,581.07,117.00,1.5
R25-003883,2025-11-14,FT-2025-02259,A,1,190.13,190.13,117.00,1.5
R25-003884,2025-11-14,FT-2025-02259,A,1,192.52,192.52,117.00,1.5
R25-003885,2025-11-17,FT-2025-02082,C,2,293.17,586.34,238.00,3.0
R25-003886,2025-11-17,FT-2025-02084,A,2,198.28,396.56,117.00,1.5
R25-003887,2025-11-17,FT-2025-02084,A,1,195.98,195.98,117.00,1.5
R25-003888,2025-11-17,FT-2025-02102,A,2,200.00,400.00,117.00,1.5
R25-003889,2025-11-17,FT-2025-02111,A,1,200.00,200.00,117.00,1.5
R25-003890,2025-11-17,FT-2025-02116,B,10,116.69,1166.90,76.00,0.5
R25-003891,2025-11-17,FT-2025-02116,B,14,117.09,1639.26,76.00,0.5
R25-003892,2025-11-17,FT-2025-02119,A,2,198.26,396.52,117.00,1.5
R25-003893,2025-11-17,FT-2025-02120,A,5,162.07,810.35,117.00,1.5
R25-003894,2025-11-17,FT-2025-02133,B,8,117.64,941.12,76.00,0.5
R25-003895,2025-11-17,FT-2025-02133,C,9,289.58,2606.22,238.00,3.0
R25-003896,2025-11-17,FT-2025-02133,B,10,117.53,1175.30,76.00,0.5
R25-003897,2025-11-17,FT-2025-02157,B,8,116.90,935.20,76.00,0.5
R25-003898,2025-11-17,FT-2025-02157,A,9,161.14,1450.26,117.00,1.5
R25-003899,2025-11-17,FT-2025-02160,B,6,109.32,655.92,76.00,0.5
R25-003900,2025-11-17,FT-2025-02181,A,9,162.70,1464.30,117.00,1.5
R25-003901,2025-11-17,FT-2025-02181,B,11,109.86,1208.46,76.00,0.5
R25-003902,2025-11-17,FT-2025-02192,A,3,197.67,593.01,117.00,1.5
R25-003903,2025-11-17,FT-2025-02192,B,3,118.79,356.37,76.00,0.5
R25-003904,2025-11-17,FT-2025-02234,A,1,199.00,199.00,117.00,1.5
R25-003905,2025-11-17,FT-2025-02234,B,2,114.56,229.12,76.00,0.5
R25-003906,2025-11-17,FT-2025-02241,A,2,199.23,398.46,117.00,1.5
R25-003907,2025-11-17,FT-2025-02245,A,7,186.43,1305.01,117.00,1.5
R25-003908,2025-11-17,FT-2025-02245,B,10,106.87,1068.70,76.00,0.5
R25-003909,2025-11-17,FT-2025-02253,A,1,200.00,200.00,117.00,1.5
R25-003910,2025-11-17,FT-2025-02258,A,2,196.50,393.00,117.00,1.5
R25-003911,2025-11-18,FT-2025-02072,A,2,198.68,397.36,117.00,1.5
R25-003912,2025-11-18,FT-2025-02072,A,1,200.00,200.00,117.00,1.5
R25-003913,2025-11-18,FT-2025-02078,B,11,116.22,1278.42,76.00,0.5
R25-003914,2025-11-18,FT-2025-02078,A,6,160.17,961.02,117.00,1.5
R25-003915,2025-11-18,FT-2025-02085,A,2,197.29,394.58,117.00,1.5
R25-003916,2025-11-18,FT-2025-02095,A,10,189.13,1891.30,117.00,1.5
R25-003917,2025-11-18,FT-2025-02095,B,8,107.54,860.32,76.00,0.5
R25-003918,2025-11-18,FT-2025-02095,B,3,107.80,323.40,76.00,0.5
R25-003919,2025-11-18,FT-2025-02098,B,8,117.08,936.64,76.00,0.5
R25-003920,2025-11-18,FT-2025-02098,B,11,116.84,1285.24,76.00,0.5
R25-003921,2025-11-18,FT-2025-02101,B,1,119.81,119.81,76.00,0.5
R25-003922,2025-11-18,FT-2025-02139,B,1,113.55,113.55,76.00,0.5
R25-003923,2025-11-18,FT-2025-02140,B,1,113.34,113.34,76.00,0.5
R25-003924,2025-11-18,FT-2025-02140,A,2,200.00,400.00,117.00,1.5
R25-003925,2025-11-18,FT-2025-02141,B,5,116.88,584.40,76.00,0.5
R25-003926,2025-11-18,FT-2025-02169,B,2,119.60,239.20,76.00,0.5
R25-003927,2025-11-18,FT-2025-02169,A,2,197.98,395.96,117.00,1.5
R25-003928,2025-11-18,FT-2025-02175,A,4,193.01,772.04,117.00,1.5
R25-003929,2025-11-18,FT-2025-02175,A,1,191.34,191.34,117.00,1.5
R25-003930,2025-11-18,FT-2025-02211,C,7,293.88,2057.16,238.00,3.0
R25-003931,2025-11-18,FT-2025-02211,A,10,162.86,1628.60,117.00,1.5
R25-003932,2025-11-18,FT-2025-02252,A,2,194.69,389.38,117.00,1.5
R25-003933,2025-11-18,FT-2025-02256,B,2,110.00,220.00,76.00,0.5
R25-003934,2025-11-18,FT-2025-02256,A,5,197.35,986.75,117.00,1.5
R25-003935,2025-11-18,FT-2025-02257,A,2,191.42,382.84,117.00,1.5
R25-003936,2025-11-18,FT-2025-02261,B,1,120.00,120.00,76.00,0.5
R25-003937,2025-11-18,FT-2025-02262,B,5,117.70,588.50,76.00,0.5
R25-003938,2025-11-18,FT-2025-02262,B,4,117.85,471.40,76.00,0.5
R25-003939,2025-11-18,FT-2025-02262,A,4,192.15,768.60,117.00,1.5
R25-003940,2025-11-19,FT-2025-02073,A,11,140.10,1541.10,117.00,1.5
R25-003941,2025-11-19,FT-2025-02073,C,4,294.36,1177.44,238.00,3.0
R25-003942,2025-11-19,FT-2025-02105,B,13,109.27,1420.51,76.00,0.5
R25-003943,2025-11-19,FT-2025-02112,A,3,198.34,595.02,117.00,1.5
R25-003944,2025-11-19,FT-2025-02112,A,1,197.82,197.82,117.00,1.5
R25-003945,2025-11-19,FT-2025-02128,A,1,196.80,196.80,117.00,1.5
R25-003946,2025-11-19,FT-2025-02128,B,1,120.00,120.00,76.00,0.5
R25-003947,2025-11-19,FT-2025-02128,B,1,120.00,120.00,76.00,0.5
R25-003948,2025-11-19,FT-2025-02164,B,15,108.86,1632.90,76.00,0.5
R25-003949,2025-11-19,FT-2025-02164,B,10,108.67,1086.70,76.00,0.5
R25-003950,2025-11-19,FT-2025-02164,C,3,291.30,873.90,238.00,3.0
R25-003951,2025-11-19,FT-2025-02171,B,19,109.07,2072.33,76.00,0.5
R25-003952,2025-11-19,FT-2025-02171,B,11,108.85,1197.35,76.00,0.5
R25-003953,2025-11-19,FT-2025-02198,B,7,111.01,777.07,76.00,0.5
R25-003954,2025-11-19,FT-2025-02228,B,13,112.04,1456.52,76.00,0.5
R25-003955,2025-11-19,FT-2025-02228,A,9,160.08,1440.72,117.00,1.5
R25-003956,2025-11-19,FT-2025-02232,A,1,197.51,197.51,117.00,1.5
R25-003957,2025-11-19,FT-2025-02232,A,2,197.63,395.26,117.00,1.5
R25-003958,2025-11-19,FT-2025-02255,A,6,160.11,960.66,117.00,1.5
R25-003959,2025-11-19,FT-2025-02255,C,4,294.96,1179.84,238.00,3.0
R25-003960,2025-11-19,FT-2025-02268,A,2,200.00,400.00,117.00,1.5
R25-003961,2025-11-19,FT-2025-02268,B,1,119.11,119.11,76.00,0.5
R25-003962,2025-11-20,FT-2025-02077,A,7,160.84,1125.88,117.00,1.5
R25-003963,2025-11-20,FT-2025-02077,B,9,117.44,1056.96,76.00,0.5
R25-003964,2025-11-20,FT-2025-02077,C,7,287.00,2009.00,238.00,3.0
R25-003965,2025-11-20,FT-2025-02093,B,1,110.00,110.00,76.00,0.5
R25-003966,2025-11-20,FT-2025-02093,A,3,195.83,587.49,117.00,1.5
R25-003967,2025-11-20,FT-2025-02093,A,2,196.21,392.42,117.00,1.5
R25-003968,2025-11-20,FT-2025-02097,A,2,190.06,380.12,117.00,1.5
R25-003969,2025-11-20,FT-2025-02097,A,4,191.88,767.52,117.00,1.5
R25-003970,2025-11-20,FT-2025-02134,A,3,152.81,458.43,117.00,1.5
R25-003971,2025-11-20,FT-2025-02134,B,13,116.67,1516.71,76.00,0.5
R25-003972,2025-11-20,FT-2025-02138,B,4,107.98,431.92,76.00,0.5
R25-003973,2025-11-20,FT-2025-02167,B,12,117.28,1407.36,76.00,0.5
R25-003974,2025-11-20,FT-2025-02167,A,7,196.06,1372.42,117.00,1.5
R25-003975,2025-11-20,FT-2025-02174,B,20,109.04,2180.80,76.00,0.5
R25-003976,2025-11-20,FT-2025-02174,A,6,161.21,967.26,117.00,1.5
R25-003977,2025-11-20,FT-2025-02174,C,3,292.92,878.76,238.00,3.0
R25-003978,2025-11-20,FT-2025-02191,A,3,194.82,584.46,117.00,1.5
R25-003979,2025-11-20,FT-2025-02200,A,1,191.64,191.64,117.00,1.5
R25-003980,2025-11-20,FT-2025-02236,C,9,295.40,2658.60,238.00,3.0
R25-003981,2025-11-20,FT-2025-02243,B,2,120.00,240.00,76.00,0.5
R25-003982,2025-11-20,FT-2025-02248,A,4,148.30,593.20,117.00,1.5
R25-003983,2025-11-20,FT-2025-02248,B,14,117.02,1638.28,76.00,0.5
R25-003984,2025-11-21,FT-2025-02100,B,10,116.80,1168.00,76.00,0.5
R25-003985,2025-11-21,FT-2025-02100,B,16,116.56,1864.96,76.00,0.5
R25-003986,2025-11-21,FT-2025-02107,B,5,117.93,589.65,76.00,0.5
R25-003987,2025-11-21,FT-2025-02150,A,1,193.02,193.02,117.00,1.5
R25-003988,2025-11-21,FT-2025-02150,A,1,191.87,191.87,117.00,1.5
R25-003989,2025-11-21,FT-2025-02150,A,1,189.06,189.06,117.00,1.5
R25-003990,2025-11-21,FT-2025-02161,B,2,119.73,239.46,76.00,0.5
R25-003991,2025-11-21,FT-2025-02161,A,2,181.20,362.40,117.00,1.5
R25-003992,2025-11-21,FT-2025-02161,B,2,119.23,238.46,76.00,0.5
R25-003993,2025-11-21,FT-2025-02220,B,1,119.05,119.05,76.00,0.5
R25-003994,2025-11-21,FT-2025-02220,A,5,183.66,918.30,117.00,1.5
R25-003995,2025-11-21,FT-2025-02220,A,2,185.50,371.00,117.00,1.5
R25-003996,2025-11-21,FT-2025-02235,B,2,119.50,239.00,76.00,0.5
R25-003997,2025-11-21,FT-2025-02235,A,3,200.00,600.00,117.00,1.5
R25-003998,2025-11-21,FT-2025-02271,A,2,200.00,400.00,117.00,1.5
R25-003999,2025-11-21,FT-2025-02271,B,2,119.37,238.74,76.00,0.5
R25-004000,2025-11-24,FT-2025-02070,B,2,118.57,237.14,76.00,0.5
R25-004001,2025-11-24,FT-2025-02070,A,3,198.94,596.82,117.00,1.5
R25-004002,2025-11-24,FT-2025-02103,A,2,200.00,400.00,117.00,1.5
R25-004003,2025-11-24,FT-2025-02103,B,2,116.30,232.60,76.00,0.5
R25-004004,2025-11-24,FT-2025-02106,A,1,200.00,200.00,117.00,1.5
R25-004005,2025-11-24,FT-2025-02132,A,2,198.74,397.48,117.00,1.5
R25-004006,2025-11-24,FT-2025-02194,C,3,285.47,856.41,238.00,3.0
R25-004007,2025-11-24,FT-2025-02194,B,16,111.31,1780.96,76.00,0.5
R25-004008,2025-11-24,FT-2025-02195,B,1,117.96,117.96,76.00,0.5
R25-004009,2025-11-24,FT-2025-02202,A,5,198.94,994.70,117.00,1.5
R25-004010,2025-11-24,FT-2025-02202,A,1,195.63,195.63,117.00,1.5
R25-004011,2025-11-24,FT-2025-02202,A,3,199.44,598.32,117.00,1.5
R25-004012,2025-11-25,FT-2025-02080,A,3,161.30,483.90,117.00,1.5
R25-004013,2025-11-25,FT-2025-02108,B,27,108.44,2927.88,76.00,0.5
R25-004014,2025-11-25,FT-2025-02115,B,7,108.48,759.36,76.00,0.5
R25-004015,2025-11-25,FT-2025-02115,A,5,189.51,947.55,117.00,1.5
R25-004016,2025-11-25,FT-2025-02148,B,16,109.18,1746.88,76.00,0.5
R25-004017,2025-11-25,FT-2025-02148,C,3,291.50,874.50,238.00,3.0
R25-004018,2025-11-25,FT-2025-02162,A,1,191.45,191.45,117.00,1.5
R25-004019,2025-11-25,FT-2025-02162,A,4,192.39,769.56,117.00,1.5
R25-004020,2025-11-25,FT-2025-02186,A,1,199.12,199.12,117.00,1.5
R25-004021,2025-11-25,FT-2025-02186,A,2,198.29,396.58,117.00,1.5
R25-004022,2025-11-25,FT-2025-02203,B,2,118.82,237.64,76.00,0.5
R25-004023,2025-11-25,FT-2025-02204,A,2,191.18,382.36,117.00,1.5
R25-004024,2025-11-25,FT-2025-02204,A,2,192.27,384.54,117.00,1.5
R25-004025,2025-11-25,FT-2025-02225,B,20,114.51,2290.20,76.00,0.5
R25-004026,2025-11-25,FT-2025-02230,B,2,119.17,238.34,76.00,0.5
R25-004027,2025-11-25,FT-2025-02230,A,8,196.20,1569.60,117.00,1.5
R25-004028,2025-11-25,FT-2025-02230,C,4,295.18,1180.72,238.00,3.0
R25-004029,2025-11-25,FT-2025-02267,B,11,116.34,1279.74,76.00,0.5
R25-004030,2025-11-25,FT-2025-02267,B,9,116.74,1050.66,76.00,0.5
R25-004031,2025-11-25,FT-2025-02267,B,1,116.97,116.97,76.00,0.5
R25-004032,2025-11-26,FT-2025-02083,B,1,120.00,120.00,76.00,0.5
R25-004033,2025-11-26,FT-2025-02083,B,1,120.00,120.00,76.00,0.5
R25-004034,2025-11-26,FT-2025-02083,A,1,196.40,196.40,117.00,1.5
R25-004035,2025-11-26,FT-2025-02104,A,4,191.21,764.84,117.00,1.5
R25-004036,2025-11-26,FT-2025-02104,A,3,192.07,576.21,117.00,1.5
R25-004037,2025-11-26,FT-2025-02113,A,1,198.19,198.19,117.00,1.5
R25-004038,2025-11-26,FT-2025-02113,A,2,198.46,396.92,117.00,1.5
R25-004039,2025-11-26,FT-2025-02149,B,6,117.81,706.86,76.00,0.5
R25-004040,2025-11-26,FT-2025-02172,A,2,199.33,398.66,117.00,1.5
R25-004041,2025-11-26,FT-2025-02172,A,2,199.98,399.96,117.00,1.5
R25-004042,2025-11-26,FT-2025-02214,A,2,197.30,394.60,117.00,1.5
R25-004043,2025-11-26,FT-2025-02222,A,2,198.90,397.80,117.00,1.5
R25-004044,2025-11-26,FT-2025-02231,A,2,199.87,399.74,117.00,1.5
R25-004045,2025-11-26,FT-2025-02244,B,4,108.55,434.20,76.00,0.5
R25-004046,2025-11-26,FT-2025-02263,B,1,110.00,110.00,76.00,0.5
R25-004047,2025-11-26,FT-2025-02263,A,2,199.91,399.82,117.00,1.5
R25-004048,2025-11-26,FT-2025-02263,A,2,200.00,400.00,117.00,1.5
R25-004049,2025-11-27,FT-2025-02081,A,1,194.78,194.78,117.00,1.5
R25-004050,2025-11-27,FT-2025-02081,B,1,110.00,110.00,76.00,0.5
R25-004051,2025-11-27,FT-2025-02081,A,4,194.03,776.12,117.00,1.5
R25-004052,2025-11-27,FT-2025-02096,C,14,270.00,3780.00,238.00,3.0
R25-004053,2025-11-27,FT-2025-02096,A,5,163.05,815.25,117.00,1.5
R25-004054,2025-11-27,FT-2025-02096,B,21,112.54,2363.34,76.00,0.5
R25-004055,2025-11-27,FT-2025-02124,A,1,191.02,191.02,117.00,1.5
R25-004056,2025-11-27,FT-2025-02124,A,3,194.17,582.51,117.00,1.5
R25-004057,2025-11-27,FT-2025-02127,B,1,119.46,119.46,76.00,0.5
R25-004058,2025-11-27,FT-2025-02127,A,2,199.71,399.42,117.00,1.5
R25-004059,2025-11-27,FT-2025-02144,B,8,118.81,950.48,76.00,0.5
R25-004060,2025-11-27,FT-2025-02155,B,6,117.21,703.26,76.00,0.5
R25-004061,2025-11-27,FT-2025-02155,B,8,116.80,934.40,76.00,0.5
R25-004062,2025-11-27,FT-2025-02155,B,8,116.42,931.36,76.00,0.5
R25-004063,2025-11-27,FT-2025-02156,C,5,270.72,1353.60,238.00,3.0
R25-004064,2025-11-27,FT-2025-02183,A,11,160.48,1765.28,117.00,1.5
R25-004065,2025-11-27,FT-2025-02183,B,7,118.32,828.24,76.00,0.5
R25-004066,2025-11-27,FT-2025-02201,A,2,197.88,395.76,117.00,1.5
R25-004067,2025-11-27,FT-2025-02201,A,1,197.31,197.31,117.00,1.5
R25-004068,2025-11-27,FT-2025-02205,A,3,197.53,592.59,117.00,1.5
R25-004069,2025-11-27,FT-2025-02205,A,2,197.74,395.48,117.00,1.5
R25-004070,2025-11-27,FT-2025-02205,B,1,108.53,108.53,76.00,0.5
R25-004071,2025-11-27,FT-2025-02207,A,7,189.73,1328.11,117.00,1.5
R25-004072,2025-11-27,FT-2025-02207,A,6,187.08,1122.48,117.00,1.5
R25-004073,2025-11-27,FT-2025-02226,A,3,196.94,590.82,117.00,1.5
R25-004074,2025-11-27,FT-2025-02265,A,2,200.00,400.00,117.00,1.5
R25-004075,2025-11-28,FT-2025-02076,B,3,116.00,348.00,76.00,0.5
R25-004076,2025-11-28,FT-2025-02090,B,9,117.49,1057.41,76.00,0.5
R25-004077,2025-11-28,FT-2025-02090,B,16,116.61,1865.76,76.00,0.5
R25-004078,2025-11-28,FT-2025-02090,C,8,292.00,2336.00,238.00,3.0
R25-004079,2025-11-28,FT-2025-02114,B,3,117.18,351.54,76.00,0.5
R25-004080,2025-11-28,FT-2025-02146,A,1,196.75,196.75,117.00,1.5
R25-004081,2025-11-28,FT-2025-02146,A,2,195.77,391.54,117.00,1.5
R25-004082,2025-11-28,FT-2025-02147,A,2,198.04,396.08,117.00,1.5
R25-004083,2025-11-28,FT-2025-02177,A,11,188.13,2069.43,117.00,1.5
R25-004084,2025-11-28,FT-2025-02177,C,3,284.11,852.33,238.00,3.0
R25-004085,2025-11-28,FT-2025-02177,B,5,107.28,536.40,76.00,0.5
R25-004086,2025-11-28,FT-2025-02196,B,8,118.40,947.20,76.00,0.5
R25-004087,2025-11-28,FT-2025-02208,B,2,117.67,235.34,76.00,0.5
R25-004088,2025-11-28,FT-2025-02223,A,11,161.99,1781.89,117.00,1.5
R25-004089,2025-11-28,FT-2025-02223,B,5,115.87,579.35,76.00,0.5
R25-004090,2025-11-28,FT-2025-02229,A,1,196.91,196.91,117.00,1.5
R25-004091,2025-12-01,FT-2025-02276,A,1,200.00,200.00,117.00,1.5
R25-004092,2025-12-01,FT-2025-02276,B,1,113.80,113.80,76.00,0.5
R25-004093,2025-12-01,FT-2025-02276,A,1,200.00,200.00,117.00,1.5
R25-004094,2025-12-01,FT-2025-02277,B,1,119.30,119.30,76.00,0.5
R25-004095,2025-12-01,FT-2025-02280,B,1,118.58,118.58,76.00,0.5
R25-004096,2025-12-01,FT-2025-02377,B,7,116.20,813.40,76.00,0.5
R25-004097,2025-12-01,FT-2025-02377,B,5,117.51,587.55,76.00,0.5
R25-004098,2025-12-01,FT-2025-02401,A,1,200.00,200.00,117.00,1.5
R25-004099,2025-12-01,FT-2025-02434,A,11,162.24,1784.64,117.00,1.5
R25-004100,2025-12-01,FT-2025-02434,B,7,107.76,754.32,76.00,0.5
R25-004101,2025-12-01,FT-2025-02434,C,5,293.58,1467.90,238.00,3.0
R25-004102,2025-12-01,FT-2025-02455,A,4,162.87,651.48,117.00,1.5
R25-004103,2025-12-01,FT-2025-02455,B,7,116.03,812.21,76.00,0.5
R25-004104,2025-12-02,FT-2025-02331,B,3,119.90,359.70,76.00,0.5
R25-004105,2025-12-02,FT-2025-02331,B,1,119.90,119.90,76.00,0.5
R25-004106,2025-12-02,FT-2025-02352,B,1,114.65,114.65,76.00,0.5
R25-004107,2025-12-02,FT-2025-02352,A,3,198.23,594.69,117.00,1.5
R25-004108,2025-12-02,FT-2025-02372,C,4,290.86,1163.44,238.00,3.0
R25-004109,2025-12-02,FT-2025-02394,A,1,198.55,198.55,117.00,1.5
R25-004110,2025-12-02,FT-2025-02394,A,2,199.82,399.64,117.00,1.5
R25-004111,2025-12-02,FT-2025-02399,A,8,160.37,1282.96,117.00,1.5
R25-004112,2025-12-02,FT-2025-02399,B,5,117.86,589.30,76.00,0.5
R25-004113,2025-12-02,FT-2025-02428,B,5,117.96,589.80,76.00,0.5
R25-004114,2025-12-02,FT-2025-02428,B,7,117.48,822.36,76.00,0.5
R25-004115,2025-12-02,FT-2025-02456,C,4,276.88,1107.52,238.00,3.0
R25-004116,2025-12-03,FT-2025-02294,A,1,200.00,200.00,117.00,1.5
R25-004117,2025-12-03,FT-2025-02304,A,5,190.21,951.05,117.00,1.5
R25-004118,2025-12-03,FT-2025-02304,B,11,108.55,1194.05,76.00,0.5
R25-004119,2025-12-03,FT-2025-02339,A,2,193.42,386.84,117.00,1.5
R25-004120,2025-12-03,FT-2025-02348,B,6,111.86,671.16,76.00,0.5
R25-004121,2025-12-03,FT-2025-02348,C,3,291.19,873.57,238.00,3.0
R25-004122,2025-12-03,FT-2025-02349,A,1,193.67,193.67,117.00,1.5
R25-004123,2025-12-03,FT-2025-02357,B,2,120.00,240.00,76.00,0.5
R25-004124,2025-12-03,FT-2025-02357,A,2,200.00,400.00,117.00,1.5
R25-004125,2025-12-03,FT-2025-02358,A,2,191.80,383.60,117.00,1.5
R25-004126,2025-12-03,FT-2025-02368,A,1,192.03,192.03,117.00,1.5
R25-004127,2025-12-03,FT-2025-02368,A,3,193.64,580.92,117.00,1.5
R25-004128,2025-12-03,FT-2025-02373,A,2,198.49,396.98,117.00,1.5
R25-004129,2025-12-03,FT-2025-02373,A,2,197.26,394.52,117.00,1.5
R25-004130,2025-12-03,FT-2025-02374,A,1,194.28,194.28,117.00,1.5
R25-004131,2025-12-03,FT-2025-02385,A,1,189.93,189.93,117.00,1.5
R25-004132,2025-12-03,FT-2025-02386,A,4,189.80,759.20,117.00,1.5
R25-004133,2025-12-03,FT-2025-02387,A,5,190.36,951.80,117.00,1.5
R25-004134,2025-12-03,FT-2025-02387,A,1,190.43,190.43,117.00,1.5
R25-004135,2025-12-03,FT-2025-02405,B,18,117.52,2115.36,76.00,0.5
R25-004136,2025-12-03,FT-2025-02414,B,7,117.37,821.59,76.00,0.5
R25-004137,2025-12-03,FT-2025-02414,B,9,117.98,1061.82,76.00,0.5
R25-004138,2025-12-03,FT-2025-02433,A,2,183.64,367.28,117.00,1.5
R25-004139,2025-12-03,FT-2025-02433,A,4,181.99,727.96,117.00,1.5
R25-004140,2025-12-03,FT-2025-02433,B,2,118.61,237.22,76.00,0.5
R25-004141,2025-12-03,FT-2025-02437,B,11,109.77,1207.47,76.00,0.5
R25-004142,2025-12-03,FT-2025-02437,B,10,108.35,1083.50,76.00,0.5
R25-004143,2025-12-03,FT-2025-02437,A,7,162.85,1139.95,117.00,1.5
R25-004144,2025-12-04,FT-2025-02298,B,18,110.08,1981.44,76.00,0.5
R25-004145,2025-12-04,FT-2025-02309,B,12,116.18,1394.16,76.00,0.5
R25-004146,2025-12-04,FT-2025-02309,A,11,151.41,1665.51,117.00,1.5
R25-004147,2025-12-04,FT-2025-02311,C,3,289.84,869.52,238.00,3.0
R25-004148,2025-12-04,FT-2025-02311,A,6,154.89,929.34,117.00,1.5
R25-004149,2025-12-04,FT-2025-02356,A,1,183.93,183.93,117.00,1.5
R25-004150,2025-12-04,FT-2025-02375,A,9,161.19,1450.71,117.00,1.5
R25-004151,2025-12-04,FT-2025-02375,B,6,118.03,708.18,76.00,0.5
R25-004152,2025-12-04,FT-2025-02375,B,7,117.89,825.23,76.00,0.5
R25-004153,2025-12-04,FT-2025-02382,C,3,294.90,884.70,238.00,3.0
R25-004154,2025-12-04,FT-2025-02382,B,12,108.42,1301.04,76.00,0.5
R25-004155,2025-12-04,FT-2025-02382,B,14,110.67,1549.38,76.00,0.5
R25-004156,2025-12-04,FT-2025-02424,B,12,108.53,1302.36,76.00,0.5
R25-004157,2025-12-04,FT-2025-02432,B,11,109.71,1206.81,76.00,0.5
R25-004158,2025-12-04,FT-2025-02432,B,12,107.84,1294.08,76.00,0.5
R25-004159,2025-12-04,FT-2025-02448,A,1,193.32,193.32,117.00,1.5
R25-004160,2025-12-04,FT-2025-02448,A,2,191.89,383.78,117.00,1.5
R25-004161,2025-12-04,FT-2025-02448,A,2,189.71,379.42,117.00,1.5
R25-004162,2025-12-04,FT-2025-02452,C,8,289.40,2315.20,238.00,3.0
R25-004163,2025-12-04,FT-2025-02452,B,16,115.70,1851.20,76.00,0.5
R25-004164,2025-12-05,FT-2025-02325,A,2,191.90,383.80,117.00,1.5
R25-004165,2025-12-05,FT-2025-02338,A,1,200.00,200.00,117.00,1.5
R25-004166,2025-12-05,FT-2025-02353,A,5,192.79,963.95,117.00,1.5
R25-004167,2025-12-05,FT-2025-02353,B,10,116.85,1168.50,76.00,0.5
R25-004168,2025-12-05,FT-2025-02353,A,10,192.45,1924.50,117.00,1.5
R25-004169,2025-12-05,FT-2025-02354,A,17,186.20,3165.40,117.00,1.5
R25-004170,2025-12-05,FT-2025-02369,B,2,119.73,239.46,76.00,0.5
R25-004171,2025-12-05,FT-2025-02397,B,12,108.63,1303.56,76.00,0.5
R25-004172,2025-12-05,FT-2025-02397,A,6,162.52,975.12,117.00,1.5
R25-004173,2025-12-05,FT-2025-02397,C,4,295.09,1180.36,238.00,3.0
R25-004174,2025-12-05,FT-2025-02406,B,18,117.94,2122.92,76.00,0.5
R25-004175,2025-12-05,FT-2025-02406,A,21,162.53,3413.13,117.00,1.5
R25-004176,2025-12-05,FT-2025-02406,C,5,290.46,1452.30,238.00,3.0
R25-004177,2025-12-05,FT-2025-02417,A,2,195.48,390.96,117.00,1.5
R25-004178,2025-12-05,FT-2025-02417,A,3,199.39,598.17,117.00,1.5
R25-004179,2025-12-05,FT-2025-02419,A,1,195.22,195.22,117.00,1.5
R25-004180,2025-12-05,FT-2025-02443,A,3,160.52,481.56,117.00,1.5
R25-004181,2025-12-05,FT-2025-02462,A,2,200.00,400.00,117.00,1.5
R25-004182,2025-12-05,FT-2025-02462,B,2,119.61,239.22,76.00,0.5
R25-004183,2025-12-09,FT-2025-02285,C,4,295.30,1181.20,238.00,3.0
R25-004184,2025-12-09,FT-2025-02285,B,13,116.35,1512.55,76.00,0.5
R25-004185,2025-12-09,FT-2025-02288,A,2,199.71,399.42,117.00,1.5
R25-004186,2025-12-09,FT-2025-02288,A,1,198.61,198.61,117.00,1.5
R25-004187,2025-12-09,FT-2025-02302,A,2,199.59,399.18,117.00,1.5
R25-004188,2025-12-09,FT-2025-02302,B,1,110.20,110.20,76.00,0.5
R25-004189,2025-12-09,FT-2025-02310,C,2,293.18,586.36,238.00,3.0
R25-004190,2025-12-09,FT-2025-02310,B,17,111.03,1887.51,76.00,0.5
R25-004191,2025-12-09,FT-2025-02310,A,6,159.79,958.74,117.00,1.5
R25-004192,2025-12-09,FT-2025-02313,A,2,198.52,397.04,117.00,1.5
R25-004193,2025-12-09,FT-2025-02313,B,1,110.49,110.49,76.00,0.5
R25-004194,2025-12-09,FT-2025-02316,A,1,195.93,195.93,117.00,1.5
R25-004195,2025-12-09,FT-2025-02316,A,2,199.09,398.18,117.00,1.5
R25-004196,2025-12-09,FT-2025-02326,A,1,200.00,200.00,117.00,1.5
R25-004197,2025-12-09,FT-2025-02326,A,1,199.41,199.41,117.00,1.5
R25-004198,2025-12-09,FT-2025-02335,B,15,116.06,1740.90,76.00,0.5
R25-004199,2025-12-09,FT-2025-02389,B,1,109.63,109.63,76.00,0.5
R25-004200,2025-12-09,FT-2025-02389,A,2,195.58,391.16,117.00,1.5
R25-004201,2025-12-09,FT-2025-02450,B,6,116.87,701.22,76.00,0.5
R25-004202,2025-12-10,FT-2025-02284,A,2,200.00,400.00,117.00,1.5
R25-004203,2025-12-10,FT-2025-02284,A,1,199.05,199.05,117.00,1.5
R25-004204,2025-12-10,FT-2025-02359,B,14,116.81,1635.34,76.00,0.5
R25-004205,2025-12-10,FT-2025-02361,A,1,200.00,200.00,117.00,1.5
R25-004206,2025-12-10,FT-2025-02366,A,2,191.70,383.40,117.00,1.5
R25-004207,2025-12-10,FT-2025-02378,C,4,270.00,1080.00,238.00,3.0
R25-004208,2025-12-10,FT-2025-02409,B,1,120.00,120.00,76.00,0.5
R25-004209,2025-12-10,FT-2025-02409,A,1,192.76,192.76,117.00,1.5
R25-004210,2025-12-10,FT-2025-02446,B,6,109.11,654.66,76.00,0.5
R25-004211,2025-12-10,FT-2025-02446,A,1,187.99,187.99,117.00,1.5
R25-004212,2025-12-11,FT-2025-02279,A,2,191.99,383.98,117.00,1.5
R25-004213,2025-12-11,FT-2025-02279,A,2,193.53,387.06,117.00,1.5
R25-004214,2025-12-11,FT-2025-02300,B,11,116.17,1277.87,76.00,0.5
R25-004215,2025-12-11,FT-2025-02300,A,7,160.21,1121.47,117.00,1.5
R25-004216,2025-12-11,FT-2025-02300,C,7,287.81,2014.67,238.00,3.0
R25-004217,2025-12-11,FT-2025-02306,B,11,117.21,1289.31,76.00,0.5
R25-004218,2025-12-11,FT-2025-02306,C,3,284.84,854.52,238.00,3.0
R25-004219,2025-12-11,FT-2025-02314,B,18,108.71,1956.78,76.00,0.5
R25-004220,2025-12-11,FT-2025-02314,B,6,109.72,658.32,76.00,0.5
R25-004221,2025-12-11,FT-2025-02336,B,11,116.47,1281.17,76.00,0.5
R25-004222,2025-12-11,FT-2025-02337,A,2,197.97,395.94,117.00,1.5
R25-004223,2025-12-11,FT-2025-02337,B,1,109.05,109.05,76.00,0.5
R25-004224,2025-12-11,FT-2025-02388,B,7,118.77,831.39,76.00,0.5
R25-004225,2025-12-11,FT-2025-02388,A,5,193.81,969.05,117.00,1.5
R25-004226,2025-12-11,FT-2025-02388,A,5,195.43,977.15,117.00,1.5
R25-004227,2025-12-11,FT-2025-02395,A,5,160.45,802.25,117.00,1.5
R25-004228,2025-12-11,FT-2025-02395,C,4,278.64,1114.56,238.00,3.0
R25-004229,2025-12-11,FT-2025-02412,A,2,195.70,391.40,117.00,1.5
R25-004230,2025-12-11,FT-2025-02412,B,2,110.74,221.48,76.00,0.5
R25-004231,2025-12-11,FT-2025-02451,A,1,198.39,198.39,117.00,1.5
R25-004232,2025-12-11,FT-2025-02451,B,2,119.59,239.18,76.00,0.5
R25-004233,2025-12-11,FT-2025-02458,B,2,117.21,234.42,76.00,0.5
R25-004234,2025-12-11,FT-2025-02458,B,3,115.52,346.56,76.00,0.5
R25-004235,2025-12-11,FT-2025-02458,A,2,197.95,395.90,117.00,1.5
R25-004236,2025-12-11,FT-2025-02464,A,8,162.82,1302.56,117.00,1.5
R25-004237,2025-12-12,FT-2025-02286,B,9,115.54,1039.86,76.00,0.5
R25-004238,2025-12-12,FT-2025-02286,C,3,293.30,879.90,238.00,3.0
R25-004239,2025-12-12,FT-2025-02299,A,1,196.06,196.06,117.00,1.5
R25-004240,2025-12-12,FT-2025-02303,B,2,119.68,239.36,76.00,0.5
R25-004241,2025-12-12,FT-2025-02303,A,4,181.54,726.16,117.00,1.5
R25-004242,2025-12-12,FT-2025-02315,A,2,197.46,394.92,117.00,1.5
R25-004243,2025-12-12,FT-2025-02315,A,1,197.81,197.81,117.00,1.5
R25-004244,2025-12-12,FT-2025-02317,C,5,286.38,1431.90,238.00,3.0
R25-004245,2025-12-12,FT-2025-02317,A,5,162.52,812.60,117.00,1.5
R25-004246,2025-12-12,FT-2025-02319,A,1,196.52,196.52,117.00,1.5
R25-004247,2025-12-12,FT-2025-02363,A,4,147.57,590.28,117.00,1.5
R25-004248,2025-12-12,FT-2025-02363,B,11,117.13,1288.43,76.00,0.5
R25-004249,2025-12-12,FT-2025-02364,A,2,193.27,386.54,117.00,1.5
R25-004250,2025-12-12,FT-2025-02364,A,1,191.08,191.08,117.00,1.5
R25-004251,2025-12-12,FT-2025-02364,A,2,194.86,389.72,117.00,1.5
R25-004252,2025-12-12,FT-2025-02391,A,7,188.61,1320.27,117.00,1.5
R25-004253,2025-12-12,FT-2025-02400,A,6,161.14,966.84,117.00,1.5
R25-004254,2025-12-12,FT-2025-02400,A,7,163.26,1142.82,117.00,1.5
R25-004255,2025-12-12,FT-2025-02418,B,24,111.55,2677.20,76.00,0.5
R25-004256,2025-12-12,FT-2025-02457,B,1,119.60,119.60,76.00,0.5
R25-004257,2025-12-12,FT-2025-02457,B,3,117.77,353.31,76.00,0.5
R25-004258,2025-12-12,FT-2025-02457,A,3,198.50,595.50,117.00,1.5
R25-004259,2025-12-15,FT-2025-02282,A,1,190.68,190.68,117.00,1.5
R25-004260,2025-12-15,FT-2025-02282,A,3,193.61,580.83,117.00,1.5
R25-004261,2025-12-15,FT-2025-02283,B,1,120.00,120.00,76.00,0.5
R25-004262,2025-12-15,FT-2025-02283,A,2,184.50,369.00,117.00,1.5
R25-004263,2025-12-15,FT-2025-02312,A,2,192.75,385.50,117.00,1.5
R25-004264,2025-12-15,FT-2025-02342,C,3,291.82,875.46,238.00,3.0
R25-004265,2025-12-15,FT-2025-02342,B,26,109.93,2858.18,76.00,0.5
R25-004266,2025-12-15,FT-2025-02355,A,2,195.54,391.08,117.00,1.5
R25-004267,2025-12-15,FT-2025-02367,B,7,109.23,764.61,76.00,0.5
R25-004268,2025-12-15,FT-2025-02381,B,11,109.80,1207.80,76.00,0.5
R25-004269,2025-12-15,FT-2025-02396,B,3,117.45,352.35,76.00,0.5
R25-004270,2025-12-15,FT-2025-02396,A,2,199.65,399.30,117.00,1.5
R25-004271,2025-12-15,FT-2025-02407,C,3,292.99,878.97,238.00,3.0
R25-004272,2025-12-15,FT-2025-02408,A,10,192.68,1926.80,117.00,1.5
R25-004273,2025-12-15,FT-2025-02441,A,1,200.00,200.00,117.00,1.5
R25-004274,2025-12-15,FT-2025-02441,B,2,113.07,226.14,76.00,0.5
R25-004275,2025-12-15,FT-2025-02441,A,2,200.00,400.00,117.00,1.5
R25-004276,2025-12-15,FT-2025-02445,A,1,199.68,199.68,117.00,1.5
R25-004277,2025-12-15,FT-2025-02445,B,2,117.96,235.92,76.00,0.5
R25-004278,2025-12-15,FT-2025-02453,A,1,196.67,196.67,117.00,1.5
R25-004279,2025-12-15,FT-2025-02453,A,1,196.89,196.89,117.00,1.5
R25-004280,2025-12-15,FT-2025-02453,A,3,197.11,591.33,117.00,1.5
R25-004281,2025-12-16,FT-2025-02274,A,7,162.76,1139.32,117.00,1.5
R25-004282,2025-12-16,FT-2025-02274,B,12,107.72,1292.64,76.00,0.5
R25-004283,2025-12-16,FT-2025-02274,C,4,295.09,1180.36,238.00,3.0
R25-004284,2025-12-16,FT-2025-02278,B,6,113.86,683.16,76.00,0.5
R25-004285,2025-12-16,FT-2025-02301,A,9,161.27,1451.43,117.00,1.5
R25-004286,2025-12-16,FT-2025-02301,A,4,160.79,643.16,117.00,1.5
R25-004287,2025-12-16,FT-2025-02301,B,8,116.41,931.28,76.00,0.5
R25-004288,2025-12-16,FT-2025-02321,B,14,111.84,1565.76,76.00,0.5
R25-004289,2025-12-16,FT-2025-02321,A,4,161.06,644.24,117.00,1.5
R25-004290,2025-12-16,FT-2025-02333,B,2,119.62,239.24,76.00,0.5
R25-004291,2025-12-16,FT-2025-02333,A,2,198.88,397.76,117.00,1.5
R25-004292,2025-12-16,FT-2025-02333,B,2,120.00,240.00,76.00,0.5
R25-004293,2025-12-16,FT-2025-02365,A,2,200.00,400.00,117.00,1.5
R25-004294,2025-12-16,FT-2025-02376,A,2,199.56,399.12,117.00,1.5
R25-004295,2025-12-16,FT-2025-02411,C,5,293.84,1469.20,238.00,3.0
R25-004296,2025-12-16,FT-2025-02413,B,6,118.80,712.80,76.00,0.5
R25-004297,2025-12-16,FT-2025-02413,B,7,119.20,834.40,76.00,0.5
R25-004298,2025-12-16,FT-2025-02415,B,2,109.86,219.72,76.00,0.5
R25-004299,2025-12-16,FT-2025-02415,A,2,200.00,400.00,117.00,1.5
R25-004300,2025-12-16,FT-2025-02415,A,1,200.00,200.00,117.00,1.5
R25-004301,2025-12-16,FT-2025-02416,A,2,197.66,395.32,117.00,1.5
R25-004302,2025-12-16,FT-2025-02416,B,1,110.09,110.09,76.00,0.5
R25-004303,2025-12-16,FT-2025-02421,A,12,189.40,2272.80,117.00,1.5
R25-004304,2025-12-16,FT-2025-02421,B,8,107.35,858.80,76.00,0.5
R25-004305,2025-12-16,FT-2025-02421,B,5,108.24,541.20,76.00,0.5
R25-004306,2025-12-16,FT-2025-02431,A,4,160.22,640.88,117.00,1.5
R25-004307,2025-12-16,FT-2025-02431,B,9,117.55,1057.95,76.00,0.5
R25-004308,2025-12-17,FT-2025-02296,C,2,296.27,592.54,238.00,3.0
R25-004309,2025-12-17,FT-2025-02296,A,6,141.86,851.16,117.00,1.5
R25-004310,2025-12-17,FT-2025-02327,A,2,192.45,384.90,117.00,1.5
R25-004311,2025-12-17,FT-2025-02327,A,1,190.44,190.44,117.00,1.5
R25-004312,2025-12-17,FT-2025-02328,B,3,118.08,354.24,76.00,0.5
R25-004313,2025-12-17,FT-2025-02328,A,2,199.66,399.32,117.00,1.5
R25-004314,2025-12-17,FT-2025-02328,A,1,199.70,199.70,117.00,1.5
R25-004315,2025-12-17,FT-2025-02340,B,12,117.62,1411.44,76.00,0.5
R25-004316,2025-12-17,FT-2025-02340,A,6,161.74,970.44,117.00,1.5
R25-004317,2025-12-17,FT-2025-02340,C,6,296.47,1778.82,238.00,3.0
R25-004318,2025-12-17,FT-2025-02380,A,1,196.55,196.55,117.00,1.5
R25-004319,2025-12-17,FT-2025-02383,B,3,116.29,348.87,76.00,0.5
R25-004320,2025-12-17,FT-2025-02383,A,6,153.87,923.22,117.00,1.5
R25-004321,2025-12-17,FT-2025-02390,A,2,190.11,380.22,117.00,1.5
R25-004322,2025-12-17,FT-2025-02429,B,1,119.02,119.02,76.00,0.5
R25-004323,2025-12-17,FT-2025-02438,B,4,108.99,435.96,76.00,0.5
R25-004324,2025-12-18,FT-2025-02287,B,2,118.80,237.60,76.00,0.5
R25-004325,2025-12-18,FT-2025-02287,A,2,196.86,393.72,117.00,1.5
R25-004326,2025-12-18,FT-2025-02287,A,1,196.19,196.19,117.00,1.5
R25-004327,2025-12-18,FT-2025-02292,B,9,117.26,1055.34,76.00,0.5
R25-004328,2025-12-18,FT-2025-02293,C,10,295.42,2954.20,238.00,3.0
R25-004329,2025-12-18,FT-2025-02293,A,7,163.11,1141.77,117.00,1.5
R25-004330,2025-12-18,FT-2025-02295,A,4,160.41,641.64,117.00,1.5
R25-004331,2025-12-18,FT-2025-02295,C,4,288.84,1155.36,238.00,3.0
R25-004332,2025-12-18,FT-2025-02297,B,12,116.43,1397.16,76.00,0.5
R25-004333,2025-12-18,FT-2025-02297,A,6,160.09,960.54,117.00,1.5
R25-004334,2025-12-18,FT-2025-02297,C,4,293.35,1173.40,238.00,3.0
R25-004335,2025-12-18,FT-2025-02307,A,3,186.12,558.36,117.00,1.5
R25-004336,2025-12-18,FT-2025-02318,A,1,191.91,191.91,117.00,1.5
R25-004337,2025-12-18,FT-2025-02322,B,1,109.72,109.72,76.00,0.5
R25-004338,2025-12-18,FT-2025-02322,A,2,196.89,393.78,117.00,1.5
R25-004339,2025-12-18,FT-2025-02343,B,14,108.56,1519.84,76.00,0.5
R25-004340,2025-12-18,FT-2025-02343,C,4,296.73,1186.92,238.00,3.0
R25-004341,2025-12-18,FT-2025-02371,A,2,200.00,400.00,117.00,1.5
R25-004342,2025-12-18,FT-2025-02379,A,1,199.50,199.50,117.00,1.5
R25-004343,2025-12-18,FT-2025-02392,A,3,195.29,585.87,117.00,1.5
R25-004344,2025-12-18,FT-2025-02420,B,1,114.97,114.97,76.00,0.5
R25-004345,2025-12-18,FT-2025-02420,A,1,200.00,200.00,117.00,1.5
R25-004346,2025-12-18,FT-2025-02420,A,1,200.00,200.00,117.00,1.5
R25-004347,2025-12-18,FT-2025-02425,A,1,200.00,200.00,117.00,1.5
R25-004348,2025-12-18,FT-2025-02426,A,9,163.09,1467.81,117.00,1.5
R25-004349,2025-12-18,FT-2025-02426,B,8,117.48,939.84,76.00,0.5
R25-004350,2025-12-18,FT-2025-02426,C,7,291.45,2040.15,238.00,3.0
R25-004351,2025-12-18,FT-2025-02430,B,2,119.16,238.32,76.00,0.5
R25-004352,2025-12-18,FT-2025-02440,A,6,162.46,974.76,117.00,1.5
R25-004353,2025-12-18,FT-2025-02460,A,3,200.00,600.00,117.00,1.5
R25-004354,2025-12-19,FT-2025-02290,B,12,112.08,1344.96,76.00,0.5
R25-004355,2025-12-19,FT-2025-02290,B,12,111.12,1333.44,76.00,0.5
R25-004356,2025-12-19,FT-2025-02290,B,11,112.06,1232.66,76.00,0.5
R25-004357,2025-12-19,FT-2025-02351,A,1,199.89,199.89,117.00,1.5
R25-004358,2025-12-19,FT-2025-02351,A,2,199.87,399.74,117.00,1.5
R25-004359,2025-12-19,FT-2025-02351,A,1,196.94,196.94,117.00,1.5
R25-004360,2025-12-19,FT-2025-02403,A,3,192.52,577.56,117.00,1.5
R25-004361,2025-12-19,FT-2025-02403,A,1,192.02,192.02,117.00,1.5
R25-004362,2025-12-19,FT-2025-02444,B,1,120.00,120.00,76.00,0.5
R25-004363,2025-12-19,FT-2025-02463,A,2,188.61,377.22,117.00,1.5
R25-004364,2025-12-19,FT-2025-02463,A,3,186.59,559.77,117.00,1.5
R25-004365,2025-12-19,FT-2025-02463,B,3,107.35,322.05,76.00,0.5
R25-004366,2025-12-22,FT-2025-02329,A,5,162.58,812.90,117.00,1.5
R25-004367,2025-12-22,FT-2025-02329,B,13,109.96,1429.48,76.00,0.5
R25-004368,2025-12-22,FT-2025-02329,C,3,292.40,877.20,238.00,3.0
R25-004369,2025-12-22,FT-2025-02347,B,12,108.35,1300.20,76.00,0.5
R25-004370,2025-12-22,FT-2025-02347,B,8,108.30,866.40,76.00,0.5
R25-004371,2025-12-22,FT-2025-02370,A,7,189.00,1323.00,117.00,1.5
R25-004372,2025-12-22,FT-2025-02384,A,6,156.62,939.72,117.00,1.5
R25-004373,2025-12-22,FT-2025-02410,B,5,118.17,590.85,76.00,0.5
R25-004374,2025-12-22,FT-2025-02439,A,12,151.63,1819.56,117.00,1.5
R25-004375,2025-12-22,FT-2025-02439,B,16,116.02,1856.32,76.00,0.5
R25-004376,2025-12-22,FT-2025-02454,B,11,116.23,1278.53,76.00,0.5
R25-004377,2025-12-22,FT-2025-02454,B,4,116.19,464.76,76.00,0.5
R25-004378,2025-12-23,FT-2025-02320,C,8,290.48,2323.84,238.00,3.0
R25-004379,2025-12-23,FT-2025-02320,B,8,115.99,927.92,76.00,0.5
R25-004380,2025-12-23,FT-2025-02320,B,8,117.73,941.84,76.00,0.5
R25-004381,2025-12-23,FT-2025-02330,B,17,116.99,1988.83,76.00,0.5
R25-004382,2025-12-23,FT-2025-02435,C,6,272.82,1636.92,238.00,3.0
R25-004383,2025-12-23,FT-2025-02435,B,17,118.12,2008.04,76.00,0.5
R25-004384,2025-12-23,FT-2025-02459,A,1,193.64,193.64,117.00,1.5
R25-004385,2025-12-24,FT-2025-02289,A,3,192.85,578.55,117.00,1.5
R25-004386,2025-12-24,FT-2025-02291,C,1,289.67,289.67,238.00,3.0
R25-004387,2025-12-24,FT-2025-02341,A,10,191.95,1919.50,117.00,1.5
R25-004388,2025-12-24,FT-2025-02345,A,2,200.00,400.00,117.00,1.5
R25-004389,2025-12-24,FT-2025-02402,B,9,107.48,967.32,76.00,0.5
R25-004390,2025-12-24,FT-2025-02402,A,5,162.50,812.50,117.00,1.5
R25-004391,2025-12-24,FT-2025-02461,B,8,117.31,938.48,76.00,0.5
R25-004392,2025-12-24,FT-2025-02461,B,6,115.96,695.76,76.00,0.5
R25-004393,2025-12-29,FT-2025-02344,A,2,192.96,385.92,117.00,1.5
R25-004394,2025-12-29,FT-2025-02344,A,1,192.58,192.58,117.00,1.5
R25-004395,2025-12-29,FT-2025-02344,A,2,191.69,383.38,117.00,1.5
R25-004396,2025-12-29,FT-2025-02362,B,19,110.42,2097.98,76.00,0.5
R25-004397,2025-12-29,FT-2025-02398,A,3,189.46,568.38,117.00,1.5
R25-004398,2025-12-29,FT-2025-02398,C,3,282.98,848.94,238.00,3.0
R25-004399,2025-12-29,FT-2025-02422,A,2,192.15,384.30,117.00,1.5
R25-004400,2025-12-29,FT-2025-02427,A,1,199.94,199.94,117.00,1.5
R25-004401,2025-12-29,FT-2025-02427,B,1,109.95,109.95,76.00,0.5
R25-004402,2025-12-29,FT-2025-02427,A,3,198.45,595.35,117.00,1.5
R25-004403,2025-12-30,FT-2025-02272,A,3,198.04,594.12,117.00,1.5
R25-004404,2025-12-30,FT-2025-02272,A,1,198.89,198.89,117.00,1.5
R25-004405,2025-12-30,FT-2025-02273,A,1,196.94,196.94,117.00,1.5
R25-004406,2025-12-30,FT-2025-02305,B,3,116.74,350.22,76.00,0.5
R25-004407,2025-12-30,FT-2025-02305,A,3,193.01,579.03,117.00,1.5
R25-004408,2025-12-30,FT-2025-02308,A,6,188.38,1130.28,117.00,1.5
R25-004409,2025-12-30,FT-2025-02324,A,2,200.00,400.00,117.00,1.5
R25-004410,2025-12-30,FT-2025-02324,A,1,200.00,200.00,117.00,1.5
R25-004411,2025-12-30,FT-2025-02324,B,1,113.92,113.92,76.00,0.5
R25-004412,2025-12-30,FT-2025-02334,B,17,117.21,1992.57,76.00,0.5
R25-004413,2025-12-30,FT-2025-02436,A,2,160.43,320.86,117.00,1.5
R25-004414,2025-12-30,FT-2025-02442,B,7,116.21,813.47,76.00,0.5
R25-004415,2025-12-30,FT-2025-02447,B,5,119.16,595.80,76.00,0.5
R25-004416,2025-12-30,FT-2025-02447,C,6,295.39,1772.34,238.00,3.0
R25-004417,2025-12-30,FT-2025-02447,B,11,116.87,1285.57,76.00,0.5
R25-004418,2025-12-30,FT-2025-02449,A,6,161.37,968.22,117.00,1.5
R25-004419,2025-12-30,RS-2025-02393,B,-2,116.64,-233.28,76.00,0.5
R25-004420,2025-12-31,FT-2025-02275,A,1,192.28,192.28,117.00,1.5
R25-004421,2025-12-31,FT-2025-02275,A,2,194.66,389.32,117.00,1.5
R25-004422,2025-12-31,FT-2025-02281,B,1,118.90,118.90,76.00,0.5
R25-004423,2025-12-31,FT-2025-02323,A,1,197.51,197.51,117.00,1.5
R25-004424,2025-12-31,FT-2025-02332,A,6,163.00,978.00,117.00,1.5
R25-004425,2025-12-31,FT-2025-02346,B,15,110.88,1663.20,76.00,0.5
R25-004426,2025-12-31,FT-2025-02350,A,2,200.00,400.00,117.00,1.5
R25-004427,2025-12-31,FT-2025-02360,A,1,198.70,198.70,117.00,1.5
R25-004428,2025-12-31,FT-2025-02360,A,1,198.70,198.70,117.00,1.5
R25-004429,2025-12-31,FT-2025-02360,B,1,120.00,120.00,76.00,0.5
R25-004430,2025-12-31,FT-2025-02404,B,2,116.51,233.02,76.00,0.5
R25-004431,2025-12-31,FT-2025-02404,B,1,116.94,116.94,76.00,0.5
R25-004432,2025-12-31,FT-2025-02404,A,3,198.21,594.63,117.00,1.5
R25-004433,2025-12-31,FT-2025-02423,B,1,120.00,120.00,76.00,0.5
