id_riga,data_documento,numero_documento,codice_cliente,canale,codice_prodotto,quantita,prezzo_listino,sconto_percentuale,importo_netto_riga
R25-000001,2025-01-02,FT-2025-00036,CL-017,diretto,A,2,200.00,3.50,386.00
R25-000002,2025-01-02,FT-2025-00044,CL-232,distributori,B,19,120.00,4.45,2178.54
R25-000003,2025-01-02,FT-2025-00074,CL-122,diretto,A,2,200.00,3.11,387.58
R25-000004,2025-01-02,FT-2025-00074,CL-122,diretto,B,1,120.00,0.00,120.00
R25-000005,2025-01-02,FT-2025-00083,CL-258,distributori,A,9,200.00,29.10,1276.20
R25-000006,2025-01-02,FT-2025-00083,CL-258,distributori,B,22,120.00,2.93,2562.78
R25-000007,2025-01-02,FT-2025-00083,CL-258,distributori,B,1,120.00,1.36,118.37
R25-000008,2025-01-02,FT-2025-00098,CL-012,diretto,A,1,200.00,0.71,198.58
R25-000009,2025-01-02,FT-2025-00119,CL-036,diretto,A,1,200.00,0.77,198.46
R25-000010,2025-01-02,FT-2025-00120,CL-007,diretto,A,2,200.00,6.99,372.04
R25-000011,2025-01-02,FT-2025-00120,CL-007,diretto,A,1,200.00,8.33,183.35
R25-000012,2025-01-02,FT-2025-00120,CL-007,diretto,A,3,200.00,7.70,553.83
R25-000013,2025-01-02,FT-2025-00145,CL-230,distributori,A,1,200.00,23.26,153.48
R25-000014,2025-01-02,FT-2025-00162,CL-236,distributori,B,18,120.00,1.69,2123.46
R25-000015,2025-01-02,FT-2025-00163,CL-176,diretto,A,1,200.00,2.70,194.60
R25-000016,2025-01-03,FT-2025-00009,CL-027,diretto,A,9,200.00,6.84,1676.97
R25-000017,2025-01-03,FT-2025-00030,CL-015,diretto,B,1,120.00,0.28,119.67
R25-000018,2025-01-03,FT-2025-00066,CL-237,distributori,B,12,120.00,2.42,1405.20
R25-000019,2025-01-03,FT-2025-00066,CL-237,distributori,A,9,200.00,18.64,1464.57
R25-000020,2025-01-03,FT-2025-00066,CL-237,distributori,B,1,120.00,1.91,117.71
R25-000021,2025-01-03,FT-2025-00073,CL-003,diretto,A,2,200.00,3.62,385.52
R25-000022,2025-01-03,FT-2025-00073,CL-003,diretto,A,3,200.00,3.23,580.62
R25-000023,2025-01-03,FT-2025-00073,CL-003,diretto,A,2,200.00,5.13,379.48
R25-000024,2025-01-03,FT-2025-00094,CL-243,distributori,B,1,120.00,2.42,117.10
R25-000025,2025-01-03,FT-2025-00094,CL-243,distributori,A,11,200.00,19.57,1769.46
R25-000026,2025-01-03,FT-2025-00094,CL-243,distributori,C,8,305.00,4.77,2323.60
R25-000027,2025-01-03,FT-2025-00111,CL-234,distributori,B,1,120.00,9.39,108.73
R25-000028,2025-01-03,FT-2025-00111,CL-234,distributori,B,22,120.00,9.83,2380.62
R25-000029,2025-01-03,FT-2025-00111,CL-234,distributori,B,14,120.00,9.80,1515.36
R25-000030,2025-01-03,FT-2025-00140,CL-252,distributori,B,19,120.00,2.45,2224.14
R25-000031,2025-01-03,FT-2025-00147,CL-146,diretto,A,1,200.00,7.00,186.00
R25-000032,2025-01-03,FT-2025-00158,CL-244,distributori,B,14,120.00,8.27,1541.12
R25-000033,2025-01-03,FT-2025-00167,CL-247,distributori,B,14,120.00,4.96,1596.70
R25-000034,2025-01-03,FT-2025-00167,CL-247,distributori,A,3,200.00,19.95,480.30
R25-000035,2025-01-07,FT-2025-00035,CL-229,distributori,B,1,120.00,7.89,110.53
R25-000036,2025-01-07,FT-2025-00038,CL-224,distributori,C,10,305.00,10.53,2728.80
R25-000037,2025-01-07,FT-2025-00038,CL-224,distributori,A,12,200.00,23.31,1840.68
R25-000038,2025-01-07,FT-2025-00040,CL-031,diretto,A,4,200.00,3.13,774.96
R25-000039,2025-01-07,FT-2025-00040,CL-031,diretto,A,2,200.00,3.33,386.68
R25-000040,2025-01-07,FT-2025-00156,CL-013,diretto,A,1,200.00,4.01,191.98
R25-000041,2025-01-07,FT-2025-00156,CL-013,diretto,A,2,200.00,4.03,383.88
R25-000042,2025-01-07,FT-2025-00169,CL-246,distributori,B,24,120.00,8.58,2633.04
R25-000043,2025-01-07,FT-2025-00180,CL-235,distributori,B,14,120.00,2.88,1631.70
R25-000044,2025-01-07,FT-2025-00190,CL-021,diretto,A,1,200.00,2.38,195.25
R25-000045,2025-01-07,FT-2025-00191,CL-245,distributori,C,4,305.00,4.69,1162.80
R25-000046,2025-01-07,FT-2025-00191,CL-245,distributori,B,18,120.00,9.03,1964.88
R25-000047,2025-01-07,FT-2025-00191,CL-245,distributori,B,12,120.00,9.13,1308.60
R25-000048,2025-01-08,FT-2025-00071,CL-020,diretto,A,2,200.00,1.54,393.84
R25-000049,2025-01-08,FT-2025-00071,CL-020,diretto,A,2,200.00,1.82,392.72
R25-000050,2025-01-08,FT-2025-00133,CL-249,distributori,C,6,305.00,6.39,1713.00
R25-000051,2025-01-08,FT-2025-00133,CL-249,distributori,B,5,120.00,1.70,589.80
R25-000052,2025-01-08,FT-2025-00133,CL-249,distributori,B,1,120.00,3.48,115.83
R25-000053,2025-01-08,FT-2025-00151,CL-223,distributori,B,10,120.00,2.97,1164.40
R25-000054,2025-01-08,FT-2025-00188,CL-014,diretto,A,1,200.00,3.08,193.85
R25-000055,2025-01-08,FT-2025-00188,CL-014,diretto,A,15,200.00,3.64,2890.80
R25-000056,2025-01-09,FT-2025-00018,CL-023,diretto,B,3,120.00,0.25,359.10
R25-000057,2025-01-09,FT-2025-00018,CL-023,diretto,A,1,200.00,0.00,200.00
R25-000058,2025-01-09,FT-2025-00060,CL-242,distributori,A,6,200.00,19.95,960.60
R25-000059,2025-01-09,FT-2025-00070,CL-024,diretto,B,3,120.00,2.55,350.82
R25-000060,2025-01-09,FT-2025-00070,CL-024,diretto,A,1,200.00,0.00,200.00
R25-000061,2025-01-09,FT-2025-00081,CL-018,diretto,A,2,200.00,4.38,382.48
R25-000062,2025-01-09,FT-2025-00081,CL-018,diretto,A,1,200.00,4.15,191.71
R25-000063,2025-01-09,FT-2025-00092,CL-191,diretto,A,1,200.00,4.40,191.20
R25-000064,2025-01-09,FT-2025-00092,CL-191,diretto,B,1,120.00,0.00,120.00
R25-000065,2025-01-09,FT-2025-00092,CL-191,diretto,A,3,200.00,0.00,600.00
R25-000066,2025-01-09,FT-2025-00099,CL-027,diretto,A,3,200.00,6.05,563.73
R25-000067,2025-01-09,FT-2025-00112,CL-209,diretto,A,2,200.00,0.59,397.64
R25-000068,2025-01-09,FT-2025-00112,CL-209,diretto,A,1,200.00,0.33,199.35
R25-000069,2025-01-09,FT-2025-00148,CL-005,diretto,A,1,200.00,3.92,192.17
R25-000070,2025-01-09,FT-2025-00148,CL-005,diretto,A,1,200.00,4.86,190.28
R25-000071,2025-01-09,FT-2025-00148,CL-005,diretto,A,4,200.00,4.13,766.96
R25-000072,2025-01-09,FT-2025-00189,CL-219,distributori,C,4,305.00,5.96,1147.24
R25-000073,2025-01-10,FT-2025-00027,CL-238,distributori,B,28,120.00,8.96,3059.00
R25-000074,2025-01-10,FT-2025-00049,CL-228,distributori,B,18,120.00,2.03,2116.08
R25-000075,2025-01-10,FT-2025-00050,CL-034,diretto,B,3,120.00,2.16,352.23
R25-000076,2025-01-10,FT-2025-00050,CL-034,diretto,A,3,200.00,0.00,600.00
R25-000077,2025-01-10,FT-2025-00058,CL-173,diretto,B,1,120.00,0.00,120.00
R25-000078,2025-01-10,FT-2025-00062,CL-195,diretto,A,1,200.00,3.15,193.70
R25-000079,2025-01-10,FT-2025-00107,CL-004,diretto,A,2,200.00,0.00,400.00
R25-000080,2025-01-10,FT-2025-00108,CL-252,distributori,A,1,200.00,18.22,163.57
R25-000081,2025-01-10,FT-2025-00116,CL-016,diretto,B,3,120.00,10.00,324.00
R25-000082,2025-01-10,FT-2025-00155,CL-011,diretto,B,2,120.00,0.17,239.60
R25-000083,2025-01-10,FT-2025-00155,CL-011,diretto,B,1,120.00,0.44,119.47
R25-000084,2025-01-10,FT-2025-00155,CL-011,diretto,A,3,200.00,0.24,598.59
R25-000085,2025-01-10,FT-2025-00170,CL-257,distributori,C,2,305.00,5.80,574.64
R25-000086,2025-01-10,FT-2025-00170,CL-257,distributori,A,4,200.00,18.87,649.08
R25-000087,2025-01-10,FT-2025-00173,CL-082,diretto,B,2,120.00,0.00,240.00
R25-000088,2025-01-10,FT-2025-00173,CL-082,diretto,A,2,200.00,3.25,387.00
R25-000089,2025-01-13,FT-2025-00001,CL-114,diretto,A,1,200.00,1.55,196.91
R25-000090,2025-01-13,FT-2025-00001,CL-114,diretto,A,1,200.00,2.45,195.10
R25-000091,2025-01-13,FT-2025-00001,CL-114,diretto,A,1,200.00,0.42,199.17
R25-000092,2025-01-13,FT-2025-00002,CL-027,diretto,A,1,200.00,5.67,188.66
R25-000093,2025-01-13,FT-2025-00002,CL-027,diretto,B,7,120.00,9.63,759.15
R25-000094,2025-01-13,FT-2025-00023,CL-239,distributori,C,3,305.00,2.72,890.07
R25-000095,2025-01-13,FT-2025-00023,CL-239,distributori,A,5,200.00,18.90,811.00
R25-000096,2025-01-13,FT-2025-00045,CL-008,diretto,A,1,200.00,7.35,185.31
R25-000097,2025-01-13,FT-2025-00080,CL-014,diretto,C,8,305.00,4.68,2325.76
R25-000098,2025-01-13,FT-2025-00080,CL-014,diretto,C,1,305.00,4.63,290.89
R25-000099,2025-01-13,FT-2025-00101,CL-026,diretto,A,2,200.00,3.28,386.90
R25-000100,2025-01-13,FT-2025-00101,CL-026,diretto,A,3,200.00,3.14,581.19
R25-000101,2025-01-13,FT-2025-00134,CL-019,diretto,A,2,200.00,1.59,393.66
R25-000102,2025-01-13,FT-2025-00178,CL-075,diretto,A,1,200.00,1.63,196.74
R25-000103,2025-01-13,FT-2025-00192,CL-046,diretto,A,1,200.00,7.50,185.00
R25-000104,2025-01-13,FT-2025-00192,CL-046,diretto,A,1,200.00,0.00,200.00
R25-000105,2025-01-13,FT-2025-00197,CL-014,diretto,B,1,120.00,1.68,117.98
R25-000106,2025-01-14,FT-2025-00029,CL-225,distributori,C,5,305.00,6.97,1418.70
R25-000107,2025-01-14,FT-2025-00039,CL-002,diretto,B,2,120.00,4.38,229.48
R25-000108,2025-01-14,FT-2025-00056,CL-224,distributori,B,7,120.00,3.52,810.46
R25-000109,2025-01-14,FT-2025-00056,CL-224,distributori,B,14,120.00,3.43,1622.32
R25-000110,2025-01-14,FT-2025-00103,CL-135,diretto,A,1,200.00,5.00,190.00
R25-000111,2025-01-14,FT-2025-00103,CL-135,diretto,B,1,120.00,0.00,120.00
R25-000112,2025-01-14,FT-2025-00105,CL-241,distributori,B,9,120.00,1.53,1063.44
R25-000113,2025-01-14,FT-2025-00105,CL-241,distributori,A,5,200.00,18.80,812.05
R25-000114,2025-01-14,FT-2025-00123,CL-159,diretto,A,2,200.00,0.01,399.98
R25-000115,2025-01-14,FT-2025-00157,CL-109,diretto,A,2,200.00,1.78,392.88
R25-000116,2025-01-14,FT-2025-00157,CL-109,diretto,A,1,200.00,0.82,198.36
R25-000117,2025-01-14,FT-2025-00157,CL-109,diretto,A,1,200.00,2.21,195.59
R25-000118,2025-01-14,FT-2025-00198,CL-250,distributori,B,12,120.00,1.75,1414.80
R25-000119,2025-01-14,FT-2025-00198,CL-250,distributori,A,7,200.00,19.47,1127.42
R25-000120,2025-01-14,FT-2025-00202,CL-027,diretto,A,7,200.00,5.73,1319.78
R25-000121,2025-01-14,FT-2025-00202,CL-027,diretto,B,5,120.00,10.43,537.45
R25-000122,2025-01-15,FT-2025-00021,CL-253,distributori,A,10,200.00,18.87,1622.60
R25-000123,2025-01-15,FT-2025-00021,CL-253,distributori,B,8,120.00,1.31,947.44
R25-000124,2025-01-15,FT-2025-00021,CL-253,distributori,B,8,120.00,1.59,944.72
R25-000125,2025-01-15,FT-2025-00026,CL-226,distributori,B,1,120.00,8.78,109.47
R25-000126,2025-01-15,FT-2025-00026,CL-226,distributori,C,4,305.00,3.10,1182.20
R25-000127,2025-01-15,FT-2025-00091,CL-230,distributori,B,1,120.00,2.28,117.27
R25-000128,2025-01-15,FT-2025-00091,CL-230,distributori,B,25,120.00,2.89,2913.25
R25-000129,2025-01-15,FT-2025-00091,CL-230,distributori,C,5,305.00,11.48,1350.00
R25-000130,2025-01-15,FT-2025-00096,CL-010,diretto,B,3,120.00,0.44,358.41
R25-000131,2025-01-15,FT-2025-00096,CL-010,diretto,A,2,200.00,2.17,391.32
R25-000132,2025-01-15,FT-2025-00097,CL-117,diretto,A,1,200.00,3.30,193.40
R25-000133,2025-01-15,FT-2025-00100,CL-255,distributori,A,11,200.00,19.46,1771.88
R25-000134,2025-01-15,FT-2025-00100,CL-255,distributori,B,1,120.00,1.42,118.30
R25-000135,2025-01-15,FT-2025-00100,CL-255,distributori,C,8,305.00,3.99,2342.64
R25-000136,2025-01-15,FT-2025-00127,CL-243,distributori,B,18,120.00,2.43,2107.62
R25-000137,2025-01-15,FT-2025-00127,CL-243,distributori,A,1,200.00,19.15,161.71
R25-000138,2025-01-15,FT-2025-00129,CL-014,diretto,B,7,120.00,2.23,821.24
R25-000139,2025-01-15,FT-2025-00129,CL-014,diretto,B,13,120.00,2.82,1516.06
R25-000140,2025-01-15,FT-2025-00138,CL-252,distributori,B,1,120.00,3.34,115.99
R25-000141,2025-01-15,FT-2025-00138,CL-252,distributori,C,1,305.00,4.26,292.02
R25-000142,2025-01-15,FT-2025-00146,CL-227,distributori,B,4,120.00,2.81,466.52
R25-000143,2025-01-15,FT-2025-00152,CL-027,diretto,A,5,200.00,5.44,945.60
R25-000144,2025-01-15,FT-2025-00200,CL-231,distributori,A,8,200.00,26.60,1174.40
R25-000145,2025-01-15,FT-2025-00200,CL-231,distributori,C,3,305.00,4.05,877.92
R25-000146,2025-01-15,FT-2025-00200,CL-231,distributori,B,19,120.00,2.38,2225.66
R25-000147,2025-01-16,FT-2025-00020,CL-032,diretto,A,1,200.00,4.37,191.26
R25-000148,2025-01-16,FT-2025-00020,CL-032,diretto,A,3,200.00,4.71,571.77
R25-000149,2025-01-16,FT-2025-00053,CL-028,diretto,A,3,200.00,0.70,595.83
R25-000150,2025-01-16,FT-2025-00053,CL-028,diretto,A,1,200.00,0.66,198.69
R25-000151,2025-01-16,FT-2025-00069,CL-009,diretto,A,1,200.00,4.40,191.21
R25-000152,2025-01-16,FT-2025-00089,CL-220,distributori,A,5,200.00,18.32,816.85
R25-000153,2025-01-16,FT-2025-00089,CL-220,distributori,B,11,120.00,9.28,1197.46
R25-000154,2025-01-16,FT-2025-00095,CL-052,diretto,A,1,200.00,2.35,195.31
R25-000155,2025-01-16,FT-2025-00102,CL-039,diretto,A,1,200.00,4.00,192.00
R25-000156,2025-01-16,FT-2025-00106,CL-069,diretto,A,2,200.00,1.79,392.86
R25-000157,2025-01-16,FT-2025-00106,CL-069,diretto,A,1,200.00,1.75,196.50
R25-000158,2025-01-16,FT-2025-00106,CL-069,diretto,A,1,200.00,1.82,196.37
R25-000159,2025-01-16,FT-2025-00132,CL-235,distributori,A,9,200.00,18.46,1467.72
R25-000160,2025-01-16,FT-2025-00132,CL-235,distributori,B,1,120.00,1.43,118.28
R25-000161,2025-01-16,FT-2025-00153,CL-022,diretto,A,1,200.00,0.00,200.00
R25-000162,2025-01-17,FT-2025-00024,CL-144,diretto,A,1,200.00,0.96,198.09
R25-000163,2025-01-17,FT-2025-00024,CL-144,diretto,A,2,200.00,0.00,400.00
R25-000164,2025-01-17,FT-2025-00024,CL-144,diretto,A,1,200.00,0.90,198.20
R25-000165,2025-01-17,FT-2025-00047,CL-014,diretto,B,8,120.00,1.06,949.84
R25-000166,2025-01-17,FT-2025-00047,CL-014,diretto,A,5,200.00,3.06,969.45
R25-000167,2025-01-17,FT-2025-00048,CL-198,diretto,A,1,200.00,4.37,191.27
R25-000168,2025-01-17,FT-2025-00054,CL-027,diretto,A,6,200.00,6.88,1117.50
R25-000169,2025-01-17,FT-2025-00077,CL-224,distributori,B,8,120.00,1.43,946.32
R25-000170,2025-01-17,FT-2025-00077,CL-224,distributori,A,17,200.00,24.17,2578.39
R25-000171,2025-01-17,FT-2025-00077,CL-224,distributori,B,6,120.00,2.83,699.60
R25-000172,2025-01-17,FT-2025-00113,CL-258,distributori,C,3,305.00,4.68,872.22
R25-000173,2025-01-17,FT-2025-00122,CL-246,distributori,A,8,200.00,22.79,1235.44
R25-000174,2025-01-17,FT-2025-00122,CL-246,distributori,B,1,120.00,6.44,112.27
R25-000175,2025-01-17,FT-2025-00125,CL-007,diretto,A,4,200.00,7.24,742.08
R25-000176,2025-01-17,FT-2025-00125,CL-007,diretto,A,4,200.00,8.40,732.84
R25-000177,2025-01-17,FT-2025-00172,CL-236,distributori,C,7,305.00,5.08,2026.57
R25-000178,2025-01-17,FT-2025-00172,CL-236,distributori,B,1,120.00,2.21,117.35
R25-000179,2025-01-17,FT-2025-00172,CL-236,distributori,A,10,200.00,18.29,1634.30
R25-000180,2025-01-17,FT-2025-00185,CL-229,distributori,C,3,305.00,7.36,847.68
R25-000181,2025-01-17,FT-2025-00196,CL-219,distributori,A,5,200.00,19.38,806.20
R25-000182,2025-01-17,FT-2025-00196,CL-219,distributori,B,16,120.00,2.88,1864.80
R25-000183,2025-01-20,FT-2025-00003,CL-185,diretto,A,2,200.00,0.17,399.32
R25-000184,2025-01-20,FT-2025-00005,CL-213,diretto,A,2,200.00,1.12,395.52
R25-000185,2025-01-20,FT-2025-00046,CL-245,distributori,B,11,120.00,9.67,1192.40
R25-000186,2025-01-20,FT-2025-00063,CL-023,diretto,A,2,200.00,0.00,400.00
R25-000187,2025-01-20,FT-2025-00082,CL-199,diretto,A,2,200.00,1.80,392.80
R25-000188,2025-01-20,FT-2025-00093,CL-242,distributori,B,1,120.00,10.32,107.62
R25-000189,2025-01-20,FT-2025-00110,CL-251,distributori,B,26,120.00,8.93,2841.54
R25-000190,2025-01-20,FT-2025-00110,CL-251,distributori,A,6,200.00,19.56,965.34
R25-000191,2025-01-20,FT-2025-00110,CL-251,distributori,C,3,305.00,4.33,875.40
R25-000192,2025-01-20,FT-2025-00131,CL-244,distributori,A,3,200.00,18.86,486.84
R25-000193,2025-01-20,FT-2025-00139,CL-252,distributori,A,4,200.00,19.20,646.44
R25-000194,2025-01-20,FT-2025-00141,CL-026,diretto,A,1,200.00,4.10,191.81
R25-000195,2025-01-20,FT-2025-00161,CL-108,diretto,A,1,200.00,1.92,196.16
R25-000196,2025-01-20,FT-2025-00161,CL-108,diretto,A,3,200.00,2.68,583.92
R25-000197,2025-01-20,FT-2025-00161,CL-108,diretto,B,1,120.00,0.00,120.00
R25-000198,2025-01-20,FT-2025-00194,CL-008,diretto,A,2,200.00,7.88,368.50
R25-000199,2025-01-21,FT-2025-00008,CL-249,distributori,B,17,120.00,2.03,1998.69
R25-000200,2025-01-21,FT-2025-00008,CL-249,distributori,A,7,200.00,19.73,1123.78
R25-000201,2025-01-21,FT-2025-00022,CL-033,diretto,B,1,120.00,10.00,108.00
R25-000202,2025-01-21,FT-2025-00037,CL-238,distributori,C,3,305.00,4.27,875.91
R25-000203,2025-01-21,FT-2025-00037,CL-238,distributori,A,6,200.00,18.30,980.40
R25-000204,2025-01-21,FT-2025-00037,CL-238,distributori,B,1,120.00,8.40,109.92
R25-000205,2025-01-21,FT-2025-00090,CL-027,diretto,B,12,120.00,9.66,1300.92
R25-000206,2025-01-21,FT-2025-00090,CL-027,diretto,A,13,200.00,5.74,2450.89
R25-000207,2025-01-21,FT-2025-00104,CL-014,diretto,A,10,200.00,0.16,1996.80
R25-000208,2025-01-21,FT-2025-00104,CL-014,diretto,A,5,200.00,3.69,963.15
R25-000209,2025-01-21,FT-2025-00104,CL-014,diretto,B,3,120.00,0.77,357.24
R25-000210,2025-01-21,FT-2025-00117,CL-175,diretto,A,1,200.00,0.38,199.25
R25-000211,2025-01-21,FT-2025-00136,CL-234,distributori,C,4,305.00,4.40,1166.32
R25-000212,2025-01-21,FT-2025-00136,CL-234,distributori,A,8,200.00,18.45,1304.88
R25-000213,2025-01-21,FT-2025-00142,CL-020,diretto,A,1,200.00,1.05,197.90
R25-000214,2025-01-21,FT-2025-00142,CL-020,diretto,A,5,200.00,0.60,994.00
R25-000215,2025-01-21,FT-2025-00150,CL-222,distributori,A,4,200.00,19.46,644.32
R25-000216,2025-01-21,FT-2025-00150,CL-222,distributori,B,14,120.00,7.42,1555.40
R25-000217,2025-01-21,FT-2025-00168,CL-233,distributori,B,20,120.00,8.58,2194.00
R25-000218,2025-01-21,FT-2025-00168,CL-233,distributori,A,5,200.00,18.27,817.30
R25-000219,2025-01-21,FT-2025-00168,CL-233,distributori,C,3,305.00,3.24,885.39
R25-000220,2025-01-21,FT-2025-00174,CL-237,distributori,C,7,305.00,3.08,2069.27
R25-000221,2025-01-21,FT-2025-00174,CL-237,distributori,B,6,120.00,3.35,695.88
R25-000222,2025-01-21,FT-2025-00182,CL-239,distributori,B,24,120.00,8.65,2630.88
R25-000223,2025-01-21,FT-2025-00182,CL-239,distributori,B,1,120.00,9.22,108.94
R25-000224,2025-01-21,FT-2025-00183,CL-177,diretto,A,1,200.00,0.34,199.32
R25-000225,2025-01-21,FT-2025-00183,CL-177,diretto,A,1,200.00,1.96,196.08
R25-000226,2025-01-21,FT-2025-00199,CL-228,distributori,B,1,120.00,2.50,117.00
R25-000227,2025-01-21,FT-2025-00199,CL-228,distributori,A,6,200.00,18.60,976.80
R25-000228,2025-01-21,FT-2025-00199,CL-228,distributori,C,5,305.00,5.56,1440.15
R25-000229,2025-01-22,FT-2025-00006,CL-221,distributori,B,11,120.00,1.81,1296.13
R25-000230,2025-01-22,FT-2025-00006,CL-221,distributori,C,3,305.00,7.50,846.39
R25-000231,2025-01-22,FT-2025-00011,CL-232,distributori,C,3,305.00,11.45,810.21
R25-000232,2025-01-22,FT-2025-00011,CL-232,distributori,A,7,200.00,20.65,1110.97
R25-000233,2025-01-22,FT-2025-00014,CL-160,diretto,A,1,200.00,3.97,192.06
R25-000234,2025-01-22,FT-2025-00014,CL-160,diretto,B,2,120.00,0.00,240.00
R25-000235,2025-01-22,FT-2025-00014,CL-160,diretto,A,2,200.00,0.00,400.00
R25-000236,2025-01-22,FT-2025-00034,CL-027,diretto,A,6,200.00,5.49,1134.18
R25-000237,2025-01-22,FT-2025-00057,CL-252,distributori,B,10,120.00,2.42,1171.00
R25-000238,2025-01-22,FT-2025-00057,CL-252,distributori,B,8,120.00,1.41,946.48
R25-000239,2025-01-23,FT-2025-00017,CL-006,diretto,A,1,200.00,4.68,190.64
R25-000240,2025-01-23,FT-2025-00017,CL-006,diretto,A,3,200.00,5.24,568.59
R25-000241,2025-01-23,FT-2025-00078,CL-018,diretto,A,4,200.00,4.35,765.24
R25-000242,2025-01-23,FT-2025-00078,CL-018,diretto,A,2,200.00,3.50,386.02
R25-000243,2025-01-23,FT-2025-00115,CL-116,diretto,A,2,200.00,2.36,390.58
R25-000244,2025-01-23,FT-2025-00126,CL-180,diretto,A,1,200.00,7.50,185.00
R25-000245,2025-01-23,FT-2025-00179,CL-031,diretto,A,1,200.00,3.61,192.78
R25-000246,2025-01-23,FT-2025-00179,CL-031,diretto,A,2,200.00,3.51,385.98
R25-000247,2025-01-23,FT-2025-00181,CL-014,diretto,B,4,120.00,2.24,469.24
R25-000248,2025-01-23,FT-2025-00186,CL-004,diretto,B,3,120.00,0.67,357.60
R25-000249,2025-01-24,FT-2025-00028,CL-089,diretto,A,1,200.00,7.50,185.00
R25-000250,2025-01-24,FT-2025-00087,CL-002,diretto,A,3,200.00,0.60,596.40
R25-000251,2025-01-24,FT-2025-00160,CL-243,distributori,B,6,120.00,3.18,697.08
R25-000252,2025-01-27,FT-2025-00016,CL-154,diretto,A,1,200.00,2.44,195.13
R25-000253,2025-01-27,FT-2025-00016,CL-154,diretto,A,2,200.00,3.10,387.60
R25-000254,2025-01-27,FT-2025-00041,CL-062,diretto,A,2,200.00,3.75,385.02
R25-000255,2025-01-27,FT-2025-00041,CL-062,diretto,B,1,120.00,3.93,115.28
R25-000256,2025-01-27,FT-2025-00043,CL-205,diretto,A,2,200.00,2.43,390.30
R25-000257,2025-01-27,FT-2025-00043,CL-205,diretto,A,1,200.00,2.99,194.03
R25-000258,2025-01-27,FT-2025-00043,CL-205,diretto,A,2,200.00,1.57,393.72
R25-000259,2025-01-27,FT-2025-00064,CL-001,diretto,A,2,200.00,1.31,394.76
R25-000260,2025-01-27,FT-2025-00065,CL-224,distributori,B,11,120.00,2.08,1292.61
R25-000261,2025-01-27,FT-2025-00065,CL-224,distributori,A,1,200.00,22.67,154.67
R25-000262,2025-01-27,FT-2025-00114,CL-230,distributori,A,13,200.00,23.05,2000.70
R25-000263,2025-01-27,FT-2025-00114,CL-230,distributori,B,12,120.00,1.81,1413.96
R25-000264,2025-01-27,FT-2025-00149,CL-214,diretto,A,1,200.00,6.26,187.48
R25-000265,2025-01-27,FT-2025-00149,CL-214,diretto,A,1,200.00,5.89,188.23
R25-000266,2025-01-27,FT-2025-00177,CL-226,distributori,B,15,120.00,7.38,1667.25
R25-000267,2025-01-27,FT-2025-00177,CL-226,distributori,A,8,200.00,21.04,1263.44
R25-000268,2025-01-27,FT-2025-00177,CL-226,distributori,B,22,120.00,8.03,2428.14
R25-000269,2025-01-27,FT-2025-00193,CL-067,diretto,A,2,200.00,3.02,387.94
R25-000270,2025-01-27,FT-2025-00193,CL-067,diretto,A,1,200.00,1.31,197.39
R25-000271,2025-01-27,FT-2025-00193,CL-067,diretto,A,1,200.00,2.03,195.95
R25-000272,2025-01-28,FT-2025-00015,CL-192,diretto,A,1,200.00,3.50,193.00
R25-000273,2025-01-28,FT-2025-00015,CL-192,diretto,A,1,200.00,0.00,200.00
R25-000274,2025-01-28,FT-2025-00015,CL-192,diretto,A,1,200.00,0.00,200.00
R25-000275,2025-01-28,FT-2025-00019,CL-107,diretto,A,1,200.00,4.19,191.62
R25-000276,2025-01-28,FT-2025-00032,CL-003,diretto,A,2,200.00,3.67,385.34
R25-000277,2025-01-28,FT-2025-00032,CL-003,diretto,A,3,200.00,4.96,570.27
R25-000278,2025-01-28,FT-2025-00032,CL-003,diretto,A,1,200.00,4.74,190.52
R25-000279,2025-01-28,FT-2025-00033,CL-246,distributori,C,4,305.00,5.26,1155.84
R25-000280,2025-01-28,FT-2025-00033,CL-246,distributori,B,13,120.00,6.77,1454.44
R25-000281,2025-01-28,FT-2025-00042,CL-188,diretto,A,1,200.00,0.00,200.00
R25-000282,2025-01-28,FT-2025-00042,CL-188,diretto,A,1,200.00,0.00,200.00
R25-000283,2025-01-28,FT-2025-00055,CL-027,diretto,C,2,305.00,6.60,569.74
R25-000284,2025-01-28,FT-2025-00061,CL-014,diretto,A,4,200.00,2.15,782.84
R25-000285,2025-01-28,FT-2025-00067,CL-212,diretto,A,1,200.00,1.22,197.57
R25-000286,2025-01-28,FT-2025-00068,CL-163,diretto,A,1,200.00,4.77,190.46
R25-000287,2025-01-28,FT-2025-00075,CL-027,diretto,B,5,120.00,11.10,533.40
R25-000288,2025-01-28,FT-2025-00135,CL-143,diretto,B,2,120.00,8.65,219.24
R25-000289,2025-01-28,FT-2025-00135,CL-143,diretto,A,3,200.00,0.00,600.00
R25-000290,2025-01-28,FT-2025-00135,CL-143,diretto,A,1,200.00,0.08,199.84
R25-000291,2025-01-28,FT-2025-00144,CL-235,distributori,B,7,120.00,1.43,827.96
R25-000292,2025-01-28,FT-2025-00144,CL-235,distributori,C,8,305.00,6.17,2289.44
R25-000293,2025-01-28,FT-2025-00144,CL-235,distributori,B,7,120.00,3.58,809.90
R25-000294,2025-01-28,FT-2025-00154,CL-253,distributori,C,10,305.00,6.44,2853.50
R25-000295,2025-01-28,FT-2025-00154,CL-253,distributori,B,17,120.00,2.33,1992.40
R25-000296,2025-01-28,FT-2025-00154,CL-253,distributori,B,1,120.00,3.13,116.25
R25-000297,2025-01-28,FT-2025-00159,CL-016,diretto,A,1,200.00,1.75,196.51
R25-000298,2025-01-28,FT-2025-00159,CL-016,diretto,A,3,200.00,1.65,590.13
R25-000299,2025-01-28,FT-2025-00165,CL-010,diretto,A,1,200.00,2.23,195.54
R25-000300,2025-01-28,FT-2025-00171,CL-029,diretto,A,2,200.00,0.00,400.00
R25-000301,2025-01-28,FT-2025-00171,CL-029,diretto,B,1,120.00,0.13,119.84
R25-000302,2025-01-28,FT-2025-00175,CL-254,distributori,B,13,120.00,9.66,1409.33
R25-000303,2025-01-28,FT-2025-00175,CL-254,distributori,A,4,200.00,18.49,652.12
R25-000304,2025-01-28,FT-2025-00176,CL-240,distributori,B,8,120.00,1.81,942.64
R25-000305,2025-01-28,FT-2025-00176,CL-240,distributori,C,7,305.00,3.67,2056.60
R25-000306,2025-01-28,FT-2025-00195,CL-041,diretto,A,4,200.00,1.13,791.00
R25-000307,2025-01-28,FT-2025-00195,CL-041,diretto,B,2,120.00,0.00,240.00
R25-000308,2025-01-29,FT-2025-00004,CL-229,distributori,A,9,200.00,19.69,1445.58
R25-000309,2025-01-29,FT-2025-00004,CL-229,distributori,B,22,120.00,7.13,2451.68
R25-000310,2025-01-29,FT-2025-00031,CL-223,distributori,A,4,200.00,25.27,597.84
R25-000311,2025-01-29,FT-2025-00076,CL-084,diretto,A,2,200.00,0.72,397.12
R25-000312,2025-01-29,FT-2025-00086,CL-024,diretto,A,3,200.00,0.00,600.00
R25-000313,2025-01-29,FT-2025-00086,CL-024,diretto,B,1,120.00,2.29,117.25
R25-000314,2025-01-29,FT-2025-00128,CL-250,distributori,C,4,305.00,5.31,1155.16
R25-000315,2025-01-29,FT-2025-00137,CL-014,diretto,B,8,120.00,1.32,947.36
R25-000316,2025-01-29,FT-2025-00143,CL-026,diretto,A,4,200.00,3.11,775.16
R25-000317,2025-01-29,FT-2025-00166,CL-076,diretto,A,1,200.00,5.00,190.00
R25-000318,2025-01-29,FT-2025-00201,CL-252,distributori,C,11,305.00,4.55,3202.32
R25-000319,2025-01-29,FT-2025-00201,CL-252,distributori,A,15,200.00,18.77,2437.05
R25-000320,2025-01-30,FT-2025-00012,CL-207,diretto,A,2,200.00,3.63,385.50
R25-000321,2025-01-30,FT-2025-00025,CL-032,diretto,A,2,200.00,3.73,385.10
R25-000322,2025-01-30,FT-2025-00059,CL-245,distributori,B,1,120.00,9.59,108.49
R25-000323,2025-01-30,FT-2025-00059,CL-245,distributori,A,9,200.00,19.45,1449.90
R25-000324,2025-01-30,FT-2025-00072,CL-021,diretto,A,3,200.00,4.27,574.41
R25-000325,2025-01-30,FT-2025-00079,CL-008,diretto,B,2,120.00,10.00,216.00
R25-000326,2025-01-30,FT-2025-00079,CL-008,diretto,A,4,200.00,7.35,741.20
R25-000327,2025-01-30,FT-2025-00088,CL-147,diretto,A,1,200.00,7.50,185.00
R25-000328,2025-01-30,FT-2025-00130,CL-242,distributori,C,3,305.00,2.85,888.90
R25-000329,2025-01-30,FT-2025-00130,CL-242,distributori,B,26,120.00,9.16,2834.26
R25-000330,2025-01-30,FT-2025-00184,CL-255,distributori,A,1,200.00,19.96,160.08
R25-000331,2025-01-30,FT-2025-00184,CL-255,distributori,B,9,120.00,3.51,1042.11
R25-000332,2025-01-30,FT-2025-00184,CL-255,distributori,B,13,120.00,1.58,1535.43
R25-000333,2025-01-31,FT-2025-00007,CL-120,diretto,A,1,200.00,0.74,198.52
R25-000334,2025-01-31,FT-2025-00007,CL-120,diretto,A,2,200.00,0.00,400.00
R25-000335,2025-01-31,FT-2025-00010,CL-007,diretto,B,1,120.00,10.00,108.00
R25-000336,2025-01-31,FT-2025-00010,CL-007,diretto,A,3,200.00,7.21,556.77
R25-000337,2025-01-31,FT-2025-00013,CL-157,diretto,A,2,200.00,3.75,385.00
R25-000338,2025-01-31,FT-2025-00013,CL-157,diretto,B,1,120.00,0.00,120.00
R25-000339,2025-01-31,FT-2025-00051,CL-013,diretto,A,2,200.00,3.88,384.50
R25-000340,2025-01-31,FT-2025-00052,CL-009,diretto,A,3,200.00,4.65,572.10
R25-000341,2025-01-31,FT-2025-00052,CL-009,diretto,A,2,200.00,4.66,381.36
R25-000342,2025-01-31,FT-2025-00084,CL-187,diretto,A,1,200.00,0.50,199.00
R25-000343,2025-01-31,FT-2025-00085,CL-027,diretto,A,6,200.00,5.22,1137.42
R25-000344,2025-01-31,FT-2025-00085,CL-027,diretto,B,1,120.00,9.08,109.10
R25-000345,2025-01-31,FT-2025-00109,CL-044,diretto,A,1,200.00,0.98,198.04
R25-000346,2025-01-31,FT-2025-00109,CL-044,diretto,A,2,200.00,0.65,397.40
R25-000347,2025-01-31,FT-2025-00118,CL-011,diretto,A,1,200.00,0.00,200.00
R25-000348,2025-01-31,FT-2025-00118,CL-011,diretto,B,1,120.00,1.38,118.34
R25-000349,2025-01-31,FT-2025-00121,CL-225,distributori,A,5,200.00,19.72,802.85
R25-000350,2025-01-31,FT-2025-00121,CL-225,distributori,B,17,120.00,2.89,1981.01
R25-000351,2025-01-31,FT-2025-00124,CL-194,diretto,A,2,200.00,0.34,398.66
R25-000352,2025-01-31,FT-2025-00124,CL-194,diretto,A,4,200.00,0.76,793.92
R25-000353,2025-01-31,FT-2025-00124,CL-194,diretto,A,1,200.00,0.00,200.00
R25-000354,2025-01-31,FT-2025-00164,CL-139,diretto,A,2,200.00,1.58,393.68
R25-000355,2025-01-31,FT-2025-00164,CL-139,diretto,B,1,120.00,0.00,120.00
R25-000356,2025-01-31,FT-2025-00187,CL-224,distributori,B,1,120.00,3.62,115.66
R25-000357,2025-01-31,FT-2025-00187,CL-224,distributori,B,7,120.00,2.83,816.20
R25-000358,2025-01-31,FT-2025-00187,CL-224,distributori,B,19,120.00,3.11,2209.13
R25-000359,2025-02-03,FT-2025-00221,CL-030,diretto,A,2,200.00,3.63,385.50
R25-000360,2025-02-03,FT-2025-00221,CL-030,diretto,A,1,200.00,4.31,191.39
R25-000361,2025-02-03,FT-2025-00231,CL-228,distributori,B,6,120.00,3.53,694.56
R25-000362,2025-02-03,FT-2025-00231,CL-228,distributori,C,8,305.00,4.77,2323.52
R25-000363,2025-02-03,FT-2025-00231,CL-228,distributori,B,10,120.00,1.59,1180.90
R25-000364,2025-02-03,FT-2025-00262,CL-005,diretto,A,1,200.00,5.35,189.31
R25-000365,2025-02-03,FT-2025-00271,CL-219,distributori,B,1,120.00,2.10,117.48
R25-000366,2025-02-03,FT-2025-00294,CL-236,distributori,A,10,200.00,19.31,1613.90
R25-000367,2025-02-03,FT-2025-00294,CL-236,distributori,B,9,120.00,1.76,1061.01
R25-000368,2025-02-03,FT-2025-00321,CL-014,diretto,B,5,120.00,10.00,540.00
R25-000369,2025-02-03,FT-2025-00338,CL-055,diretto,A,1,200.00,2.05,195.90
R25-000370,2025-02-03,FT-2025-00338,CL-055,diretto,A,3,200.00,2.72,583.71
R25-000371,2025-02-03,FT-2025-00359,CL-170,diretto,B,2,120.00,2.08,235.00
R25-000372,2025-02-03,FT-2025-00359,CL-170,diretto,A,5,200.00,0.03,999.70
R25-000373,2025-02-03,FT-2025-00361,CL-258,distributori,B,9,120.00,3.18,1045.71
R25-000374,2025-02-03,FT-2025-00361,CL-258,distributori,B,8,120.00,2.29,938.00
R25-000375,2025-02-03,FT-2025-00361,CL-258,distributori,A,1,200.00,29.11,141.79
R25-000376,2025-02-03,FT-2025-00377,CL-150,diretto,A,1,200.00,0.00,200.00
R25-000377,2025-02-04,FT-2025-00217,CL-123,diretto,A,1,200.00,0.78,198.45
R25-000378,2025-02-04,FT-2025-00217,CL-123,diretto,A,1,200.00,1.06,197.89
R25-000379,2025-02-04,FT-2025-00230,CL-014,diretto,A,9,200.00,3.10,1744.20
R25-000380,2025-02-04,FT-2025-00230,CL-014,diretto,B,4,120.00,1.62,472.24
R25-000381,2025-02-04,FT-2025-00230,CL-014,diretto,A,9,200.00,2.47,1755.63
R25-000382,2025-02-04,FT-2025-00260,CL-070,diretto,A,2,200.00,0.89,396.44
R25-000383,2025-02-04,FT-2025-00267,CL-252,distributori,B,13,120.00,1.70,1533.48
R25-000384,2025-02-04,FT-2025-00267,CL-252,distributori,A,6,200.00,19.40,967.26
R25-000385,2025-02-04,FT-2025-00267,CL-252,distributori,C,7,305.00,3.02,2070.53
R25-000386,2025-02-04,FT-2025-00299,CL-238,distributori,C,4,305.00,3.48,1177.56
R25-000387,2025-02-04,FT-2025-00299,CL-238,distributori,B,7,120.00,8.32,770.14
R25-000388,2025-02-04,FT-2025-00305,CL-226,distributori,B,23,120.00,8.01,2538.97
R25-000389,2025-02-04,FT-2025-00313,CL-249,distributori,B,8,120.00,2.13,939.52
R25-000390,2025-02-04,FT-2025-00313,CL-249,distributori,B,9,120.00,2.65,1051.38
R25-000391,2025-02-04,FT-2025-00329,CL-237,distributori,B,12,120.00,1.81,1413.96
R25-000392,2025-02-04,FT-2025-00334,CL-027,diretto,A,6,200.00,6.99,1116.12
R25-000393,2025-02-04,FT-2025-00334,CL-027,diretto,A,3,200.00,5.69,565.89
R25-000394,2025-02-04,FT-2025-00349,CL-217,diretto,A,1,200.00,3.73,192.55
R25-000395,2025-02-04,FT-2025-00349,CL-217,diretto,A,1,200.00,1.72,196.56
R25-000396,2025-02-04,FT-2025-00349,CL-217,diretto,B,2,120.00,0.00,240.00
R25-000397,2025-02-04,FT-2025-00353,CL-015,diretto,A,2,200.00,0.00,400.00
R25-000398,2025-02-04,FT-2025-00353,CL-015,diretto,B,2,120.00,1.94,235.34
R25-000399,2025-02-04,FT-2025-00353,CL-015,diretto,A,1,200.00,0.00,200.00
R25-000400,2025-02-04,FT-2025-00371,CL-244,distributori,A,4,200.00,18.18,654.56
R25-000401,2025-02-04,FT-2025-00371,CL-244,distributori,B,21,120.00,9.22,2287.74
R25-000402,2025-02-04,FT-2025-00381,CL-088,diretto,A,1,200.00,2.34,195.32
R25-000403,2025-02-05,FT-2025-00210,CL-230,distributori,B,14,120.00,2.87,1631.84
R25-000404,2025-02-05,FT-2025-00210,CL-230,distributori,B,11,120.00,3.05,1279.74
R25-000405,2025-02-05,FT-2025-00213,CL-256,distributori,A,4,200.00,19.16,646.72
R25-000406,2025-02-05,FT-2025-00213,CL-256,distributori,B,13,120.00,2.44,1521.91
R25-000407,2025-02-05,FT-2025-00266,CL-018,diretto,A,1,200.00,4.16,191.68
R25-000408,2025-02-05,FT-2025-00266,CL-018,diretto,A,2,200.00,3.38,386.50
R25-000409,2025-02-05,FT-2025-00266,CL-018,diretto,A,3,200.00,2.96,582.24
R25-000410,2025-02-05,FT-2025-00272,CL-028,diretto,A,2,200.00,0.21,399.16
R25-000411,2025-02-05,FT-2025-00272,CL-028,diretto,A,1,200.00,0.57,198.86
R25-000412,2025-02-05,FT-2025-00272,CL-028,diretto,A,3,200.00,1.39,591.66
R25-000413,2025-02-05,FT-2025-00326,CL-027,diretto,A,10,200.00,5.84,1883.30
R25-000414,2025-02-05,FT-2025-00326,CL-027,diretto,B,9,120.00,10.42,967.50
R25-000415,2025-02-05,FT-2025-00326,CL-027,diretto,A,6,200.00,5.16,1138.08
R25-000416,2025-02-05,FT-2025-00343,CL-020,diretto,A,4,200.00,1.82,785.48
R25-000417,2025-02-05,FT-2025-00344,CL-023,diretto,B,1,120.00,1.04,118.75
R25-000418,2025-02-05,FT-2025-00344,CL-023,diretto,A,3,200.00,0.00,600.00
R25-000419,2025-02-06,FT-2025-00234,CL-243,distributori,B,7,120.00,2.16,821.87
R25-000420,2025-02-06,FT-2025-00253,CL-014,diretto,A,2,200.00,2.90,388.42
R25-000421,2025-02-06,FT-2025-00276,CL-128,diretto,A,1,200.00,0.17,199.66
R25-000422,2025-02-06,FT-2025-00276,CL-128,diretto,A,1,200.00,1.60,196.81
R25-000423,2025-02-06,FT-2025-00281,CL-125,diretto,B,2,120.00,0.00,240.00
R25-000424,2025-02-06,FT-2025-00281,CL-125,diretto,A,3,200.00,1.01,593.94
R25-000425,2025-02-06,FT-2025-00281,CL-125,diretto,A,1,200.00,0.00,200.00
R25-000426,2025-02-06,FT-2025-00292,CL-251,distributori,B,17,120.00,8.42,1868.30
R25-000427,2025-02-06,FT-2025-00324,CL-241,distributori,C,3,305.00,5.10,868.38
R25-000428,2025-02-06,FT-2025-00324,CL-241,distributori,A,5,200.00,18.50,815.00
R25-000429,2025-02-06,FT-2025-00346,CL-053,diretto,A,1,200.00,2.85,194.31
R25-000430,2025-02-06,FT-2025-00348,CL-019,diretto,A,2,200.00,0.41,398.38
R25-000431,2025-02-06,FT-2025-00348,CL-019,diretto,C,1,305.00,0.71,302.82
R25-000432,2025-02-06,FT-2025-00348,CL-019,diretto,A,1,200.00,0.00,200.00
R25-000433,2025-02-06,FT-2025-00351,CL-253,distributori,A,5,200.00,19.75,802.50
R25-000434,2025-02-06,FT-2025-00363,CL-246,distributori,B,10,120.00,8.45,1098.60
R25-000435,2025-02-06,FT-2025-00363,CL-246,distributori,A,11,200.00,22.23,1710.94
R25-000436,2025-02-06,FT-2025-00363,CL-246,distributori,B,16,120.00,7.07,1784.32
R25-000437,2025-02-06,FT-2025-00375,CL-025,diretto,A,2,200.00,0.00,400.00
R25-000438,2025-02-06,FT-2025-00375,CL-025,diretto,B,2,120.00,3.47,231.68
R25-000439,2025-02-07,FT-2025-00228,CL-002,diretto,B,3,120.00,3.44,347.61
R25-000440,2025-02-07,FT-2025-00228,CL-002,diretto,A,1,200.00,0.00,200.00
R25-000441,2025-02-07,FT-2025-00244,CL-247,distributori,C,1,305.00,11.47,270.02
R25-000442,2025-02-07,FT-2025-00244,CL-247,distributori,B,14,120.00,4.95,1596.84
R25-000443,2025-02-07,FT-2025-00259,CL-224,distributori,C,4,305.00,9.97,1098.36
R25-000444,2025-02-07,FT-2025-00347,CL-027,diretto,A,7,200.00,5.83,1318.38
R25-000445,2025-02-07,FT-2025-00362,CL-252,distributori,B,5,120.00,3.07,581.60
R25-000446,2025-02-07,FT-2025-00362,CL-252,distributori,C,9,305.00,2.86,2666.43
R25-000447,2025-02-07,FT-2025-00362,CL-252,distributori,B,8,120.00,3.20,929.28
R25-000448,2025-02-10,FT-2025-00225,CL-232,distributori,C,2,305.00,11.45,540.16
R25-000449,2025-02-10,FT-2025-00225,CL-232,distributori,A,8,200.00,20.51,1271.92
R25-000450,2025-02-10,FT-2025-00240,CL-242,distributori,C,4,305.00,4.47,1165.44
R25-000451,2025-02-10,FT-2025-00250,CL-168,diretto,A,2,200.00,0.00,400.00
R25-000452,2025-02-10,FT-2025-00264,CL-239,distributori,A,7,200.00,18.78,1137.08
R25-000453,2025-02-10,FT-2025-00264,CL-239,distributori,B,4,120.00,9.55,434.16
R25-000454,2025-02-10,FT-2025-00265,CL-031,diretto,A,3,200.00,4.49,573.09
R25-000455,2025-02-10,FT-2025-00282,CL-102,diretto,A,1,200.00,0.00,200.00
R25-000456,2025-02-10,FT-2025-00284,CL-014,diretto,B,7,120.00,2.48,819.14
R25-000457,2025-02-10,FT-2025-00284,CL-014,diretto,C,5,305.00,3.19,1476.30
R25-000458,2025-02-10,FT-2025-00312,CL-245,distributori,C,3,305.00,4.05,877.92
R25-000459,2025-02-10,FT-2025-00312,CL-245,distributori,B,18,120.00,9.40,1956.96
R25-000460,2025-02-10,FT-2025-00322,CL-127,diretto,A,1,200.00,1.50,197.00
R25-000461,2025-02-10,FT-2025-00368,CL-257,distributori,C,4,305.00,4.58,1164.08
R25-000462,2025-02-10,FT-2025-00368,CL-257,distributori,A,4,200.00,20.13,639.00
R25-000463,2025-02-10,FT-2025-00384,CL-229,distributori,C,4,305.00,8.96,1110.68
R25-000464,2025-02-10,FT-2025-00385,CL-235,distributori,C,7,305.00,6.10,2004.66
R25-000465,2025-02-10,FT-2025-00385,CL-235,distributori,B,6,120.00,2.99,698.46
R25-000466,2025-02-10,FT-2025-00385,CL-235,distributori,B,14,120.00,3.28,1624.98
R25-000467,2025-02-10,FT-2025-00394,CL-034,diretto,B,3,120.00,2.65,350.46
R25-000468,2025-02-11,FT-2025-00340,CL-026,diretto,A,3,200.00,4.76,571.44
R25-000469,2025-02-11,FT-2025-00350,CL-072,diretto,A,1,200.00,1.34,197.32
R25-000470,2025-02-11,FT-2025-00350,CL-072,diretto,A,1,200.00,1.96,196.09
R25-000471,2025-02-11,FT-2025-00374,CL-027,diretto,B,4,120.00,9.92,432.40
R25-000472,2025-02-11,FT-2025-00374,CL-027,diretto,A,6,200.00,6.80,1118.46
R25-000473,2025-02-12,FT-2025-00252,CL-238,distributori,A,9,200.00,19.10,1456.29
R25-000474,2025-02-12,FT-2025-00269,CL-252,distributori,A,5,200.00,18.37,816.35
R25-000475,2025-02-12,FT-2025-00270,CL-033,diretto,A,1,200.00,0.00,200.00
R25-000476,2025-02-12,FT-2025-00274,CL-178,diretto,B,1,120.00,0.00,120.00
R25-000477,2025-02-12,FT-2025-00274,CL-178,diretto,A,3,200.00,0.77,595.38
R25-000478,2025-02-12,FT-2025-00280,CL-017,diretto,A,1,200.00,3.37,193.27
R25-000479,2025-02-12,FT-2025-00280,CL-017,diretto,A,3,200.00,3.47,579.21
R25-000480,2025-02-12,FT-2025-00288,CL-014,diretto,A,4,200.00,1.87,785.04
R25-000481,2025-02-12,FT-2025-00288,CL-014,diretto,B,6,120.00,2.73,700.38
R25-000482,2025-02-12,FT-2025-00291,CL-007,diretto,A,3,200.00,7.21,556.77
R25-000483,2025-02-12,FT-2025-00291,CL-007,diretto,A,4,200.00,7.05,743.60
R25-000484,2025-02-12,FT-2025-00304,CL-220,distributori,B,17,120.00,9.25,1851.30
R25-000485,2025-02-12,FT-2025-00304,CL-220,distributori,A,7,200.00,18.62,1139.32
R25-000486,2025-02-12,FT-2025-00304,CL-220,distributori,C,3,305.00,4.63,872.61
R25-000487,2025-02-12,FT-2025-00328,CL-231,distributori,A,3,200.00,26.03,443.85
R25-000488,2025-02-12,FT-2025-00332,CL-233,distributori,B,13,120.00,9.54,1411.15
R25-000489,2025-02-12,FT-2025-00332,CL-233,distributori,C,5,305.00,2.91,1480.55
R25-000490,2025-02-12,FT-2025-00364,CL-008,diretto,B,1,120.00,1.27,118.48
R25-000491,2025-02-12,FT-2025-00365,CL-248,distributori,B,5,120.00,3.01,581.95
R25-000492,2025-02-12,FT-2025-00370,CL-219,distributori,A,8,200.00,18.62,1302.16
R25-000493,2025-02-12,FT-2025-00370,CL-219,distributori,B,9,120.00,1.94,1059.03
R25-000494,2025-02-12,FT-2025-00370,CL-219,distributori,C,7,305.00,4.94,2029.58
R25-000495,2025-02-12,FT-2025-00382,CL-022,diretto,A,1,200.00,0.00,200.00
R25-000496,2025-02-12,FT-2025-00391,CL-043,diretto,A,1,200.00,1.08,197.85
R25-000497,2025-02-12,FT-2025-00391,CL-043,diretto,B,1,120.00,8.96,109.25
R25-000498,2025-02-12,FT-2025-00391,CL-043,diretto,A,3,200.00,1.69,589.86
R25-000499,2025-02-13,FT-2025-00236,CL-228,distributori,B,7,120.00,3.48,810.81
R25-000500,2025-02-13,FT-2025-00236,CL-228,distributori,A,8,200.00,19.41,1289.44
R25-000501,2025-02-13,FT-2025-00247,CL-224,distributori,A,12,200.00,23.89,1826.64
R25-000502,2025-02-13,FT-2025-00300,CL-050,diretto,A,1,200.00,7.50,185.00
R25-000503,2025-02-13,FT-2025-00311,CL-203,diretto,A,3,200.00,1.17,593.01
R25-000504,2025-02-13,FT-2025-00311,CL-203,diretto,B,3,120.00,0.00,360.00
R25-000505,2025-02-13,FT-2025-00320,CL-071,diretto,A,1,200.00,3.05,193.91
R25-000506,2025-02-13,FT-2025-00335,CL-027,diretto,A,5,200.00,5.67,943.35
R25-000507,2025-02-13,FT-2025-00335,CL-027,diretto,A,2,200.00,6.94,372.26
R25-000508,2025-02-13,FT-2025-00393,CL-009,diretto,A,2,200.00,5.25,379.02
R25-000509,2025-02-14,FT-2025-00216,CL-014,diretto,B,6,120.00,1.81,706.98
R25-000510,2025-02-14,FT-2025-00216,CL-014,diretto,A,7,200.00,2.64,1363.11
R25-000511,2025-02-14,FT-2025-00216,CL-014,diretto,A,8,200.00,2.10,1566.40
R25-000512,2025-02-14,FT-2025-00223,CL-234,distributori,B,7,120.00,8.78,766.22
R25-000513,2025-02-14,FT-2025-00224,CL-004,diretto,A,1,200.00,0.00,200.00
R25-000514,2025-02-14,FT-2025-00232,CL-226,distributori,C,2,305.00,4.22,584.24
R25-000515,2025-02-14,FT-2025-00273,CL-230,distributori,C,5,305.00,11.48,1350.00
R25-000516,2025-02-14,FT-2025-00273,CL-230,distributori,A,6,200.00,23.12,922.56
R25-000517,2025-02-14,FT-2025-00289,CL-104,diretto,A,1,200.00,0.00,200.00
R25-000518,2025-02-14,FT-2025-00289,CL-104,diretto,A,1,200.00,0.00,200.00
R25-000519,2025-02-14,FT-2025-00289,CL-104,diretto,A,1,200.00,0.00,200.00
R25-000520,2025-02-14,FT-2025-00298,CL-047,diretto,A,1,200.00,3.93,192.15
R25-000521,2025-02-14,FT-2025-00298,CL-047,diretto,A,1,200.00,2.02,195.97
R25-000522,2025-02-14,FT-2025-00298,CL-047,diretto,A,1,200.00,1.77,196.47
R25-000523,2025-02-14,FT-2025-00308,CL-006,diretto,A,2,200.00,4.06,383.76
R25-000524,2025-02-14,FT-2025-00308,CL-006,diretto,A,2,200.00,4.65,381.40
R25-000525,2025-02-14,FT-2025-00308,CL-006,diretto,A,1,200.00,5.17,189.66
R25-000526,2025-02-14,FT-2025-00354,CL-237,distributori,A,6,200.00,19.21,969.54
R25-000527,2025-02-14,FT-2025-00354,CL-237,distributori,C,4,305.00,2.62,1188.00
R25-000528,2025-02-14,FT-2025-00369,CL-221,distributori,B,16,120.00,1.96,1882.40
R25-000529,2025-02-14,FT-2025-00369,CL-221,distributori,C,4,305.00,7.28,1131.20
R25-000530,2025-02-14,FT-2025-00369,CL-221,distributori,A,5,200.00,18.61,813.95
R25-000531,2025-02-14,FT-2025-00372,CL-010,diretto,A,1,200.00,0.00,200.00
R25-000532,2025-02-14,FT-2025-00379,CL-258,distributori,B,8,120.00,1.28,947.68
R25-000533,2025-02-14,FT-2025-00379,CL-258,distributori,A,14,200.00,28.56,2000.46
R25-000534,2025-02-17,FT-2025-00205,CL-142,diretto,A,1,200.00,1.41,197.18
R25-000535,2025-02-17,FT-2025-00207,CL-246,distributori,B,11,120.00,8.34,1209.89
R25-000536,2025-02-17,FT-2025-00207,CL-246,distributori,B,13,120.00,8.48,1427.66
R25-000537,2025-02-17,FT-2025-00212,CL-243,distributori,B,5,120.00,1.92,588.50
R25-000538,2025-02-17,FT-2025-00212,CL-243,distributori,C,7,305.00,3.70,2055.97
R25-000539,2025-02-17,FT-2025-00212,CL-243,distributori,B,9,120.00,2.05,1057.86
R25-000540,2025-02-17,FT-2025-00214,CL-252,distributori,B,6,120.00,1.95,705.96
R25-000541,2025-02-17,FT-2025-00214,CL-252,distributori,A,3,200.00,19.00,486.00
R25-000542,2025-02-17,FT-2025-00215,CL-249,distributori,C,8,305.00,5.18,2313.52
R25-000543,2025-02-17,FT-2025-00215,CL-249,distributori,A,8,200.00,18.75,1300.08
R25-000544,2025-02-17,FT-2025-00215,CL-249,distributori,B,4,120.00,2.57,467.68
R25-000545,2025-02-17,FT-2025-00249,CL-158,diretto,A,3,200.00,1.67,590.01
R25-000546,2025-02-17,FT-2025-00249,CL-158,diretto,A,1,200.00,0.96,198.08
R25-000547,2025-02-17,FT-2025-00254,CL-254,distributori,C,3,305.00,2.65,890.79
R25-000548,2025-02-17,FT-2025-00254,CL-254,distributori,A,4,200.00,19.18,646.60
R25-000549,2025-02-17,FT-2025-00254,CL-254,distributori,B,19,120.00,9.39,2065.87
R25-000550,2025-02-17,FT-2025-00268,CL-236,distributori,C,7,305.00,5.78,2011.52
R25-000551,2025-02-17,FT-2025-00268,CL-236,distributori,B,10,120.00,3.62,1156.60
R25-000552,2025-02-17,FT-2025-00278,CL-190,diretto,B,1,120.00,3.86,115.37
R25-000553,2025-02-17,FT-2025-00278,CL-190,diretto,A,2,200.00,1.93,392.28
R25-000554,2025-02-17,FT-2025-00297,CL-014,diretto,B,5,120.00,2.73,583.65
R25-000555,2025-02-17,FT-2025-00302,CL-223,distributori,B,16,120.00,3.23,1858.08
R25-000556,2025-02-17,FT-2025-00302,CL-223,distributori,A,7,200.00,26.56,1028.16
R25-000557,2025-02-17,FT-2025-00302,CL-223,distributori,C,2,305.00,3.82,586.70
R25-000558,2025-02-17,FT-2025-00331,CL-250,distributori,A,6,200.00,18.67,976.02
R25-000559,2025-02-17,FT-2025-00331,CL-250,distributori,B,12,120.00,1.87,1413.12
R25-000560,2025-02-17,FT-2025-00331,CL-250,distributori,C,4,305.00,5.10,1157.76
R25-000561,2025-02-17,FT-2025-00366,CL-098,diretto,A,1,200.00,7.50,185.00
R25-000562,2025-02-17,FT-2025-00373,CL-229,distributori,B,5,120.00,6.45,561.30
R25-000563,2025-02-17,FT-2025-00373,CL-229,distributori,B,8,120.00,6.48,897.84
R25-000564,2025-02-17,FT-2025-00388,CL-027,diretto,B,4,120.00,9.99,432.04
R25-000565,2025-02-18,FT-2025-00206,CL-068,diretto,A,1,200.00,1.50,197.00
R25-000566,2025-02-18,FT-2025-00206,CL-068,diretto,A,2,200.00,0.00,400.00
R25-000567,2025-02-18,FT-2025-00206,CL-068,diretto,B,1,120.00,0.00,120.00
R25-000568,2025-02-18,FT-2025-00209,CL-063,diretto,B,1,120.00,0.00,120.00
R25-000569,2025-02-18,FT-2025-00209,CL-063,diretto,A,1,200.00,4.27,191.47
R25-000570,2025-02-18,FT-2025-00209,CL-063,diretto,A,1,200.00,2.88,194.24
R25-000571,2025-02-18,FT-2025-00310,CL-032,diretto,A,1,200.00,3.69,192.63
R25-000572,2025-02-18,FT-2025-00310,CL-032,diretto,A,3,200.00,4.46,573.27
R25-000573,2025-02-18,FT-2025-00327,CL-003,diretto,A,2,200.00,3.49,386.06
R25-000574,2025-02-18,FT-2025-00355,CL-023,diretto,B,4,120.00,0.11,479.48
R25-000575,2025-02-18,FT-2025-00355,CL-023,diretto,A,1,200.00,0.00,200.00
R25-000576,2025-02-18,FT-2025-00358,CL-242,distributori,A,9,200.00,19.75,1444.50
R25-000577,2025-02-18,FT-2025-00358,CL-242,distributori,B,11,120.00,8.41,1209.01
R25-000578,2025-02-18,FT-2025-00358,CL-242,distributori,B,7,120.00,9.93,756.56
R25-000579,2025-02-18,FT-2025-00395,CL-054,diretto,A,2,200.00,0.69,397.24
R25-000580,2025-02-19,FT-2025-00246,CL-093,diretto,A,2,200.00,3.24,387.04
R25-000581,2025-02-19,FT-2025-00246,CL-093,diretto,A,1,200.00,1.82,196.36
R25-000582,2025-02-19,FT-2025-00255,CL-202,diretto,A,3,200.00,2.49,585.06
R25-000583,2025-02-19,FT-2025-00255,CL-202,diretto,B,1,120.00,0.00,120.00
R25-000584,2025-02-19,FT-2025-00255,CL-202,diretto,A,1,200.00,0.03,199.94
R25-000585,2025-02-19,FT-2025-00258,CL-026,diretto,A,3,200.00,4.09,575.49
R25-000586,2025-02-19,FT-2025-00258,CL-026,diretto,A,2,200.00,3.30,386.82
R25-000587,2025-02-19,FT-2025-00277,CL-005,diretto,A,3,200.00,5.33,568.05
R25-000588,2025-02-19,FT-2025-00306,CL-244,distributori,C,2,305.00,4.38,583.26
R25-000589,2025-02-19,FT-2025-00318,CL-027,diretto,A,6,200.00,5.68,1131.84
R25-000590,2025-02-19,FT-2025-00318,CL-027,diretto,A,5,200.00,5.85,941.55
R25-000591,2025-02-19,FT-2025-00318,CL-027,diretto,A,6,200.00,5.31,1136.34
R25-000592,2025-02-19,FT-2025-00345,CL-020,diretto,A,1,200.00,1.14,197.72
R25-000593,2025-02-19,FT-2025-00345,CL-020,diretto,A,3,200.00,1.36,591.87
R25-000594,2025-02-19,FT-2025-00386,CL-012,diretto,A,1,200.00,0.00,200.00
R25-000595,2025-02-20,FT-2025-00239,CL-255,distributori,A,2,200.00,18.92,324.34
R25-000596,2025-02-20,FT-2025-00241,CL-011,diretto,A,1,200.00,0.00,200.00
R25-000597,2025-02-20,FT-2025-00286,CL-224,distributori,B,7,120.00,2.68,817.53
R25-000598,2025-02-20,FT-2025-00296,CL-240,distributori,C,4,305.00,4.89,1160.40
R25-000599,2025-02-20,FT-2025-00296,CL-240,distributori,A,10,200.00,18.85,1623.00
R25-000600,2025-02-20,FT-2025-00336,CL-222,distributori,B,7,120.00,7.89,773.71
R25-000601,2025-02-20,FT-2025-00390,CL-014,diretto,C,7,305.00,3.49,2060.59
R25-000602,2025-02-20,FT-2025-00390,CL-014,diretto,B,9,120.00,0.80,1071.36
R25-000603,2025-02-20,FT-2025-00390,CL-014,diretto,A,4,200.00,3.40,772.80
R25-000604,2025-02-21,FT-2025-00235,CL-018,diretto,A,2,200.00,3.36,386.56
R25-000605,2025-02-21,FT-2025-00235,CL-018,diretto,A,3,200.00,4.65,572.13
R25-000606,2025-02-21,FT-2025-00243,CL-028,diretto,A,2,200.00,0.73,397.08
R25-000607,2025-02-21,FT-2025-00243,CL-028,diretto,A,1,200.00,2.15,195.70
R25-000608,2025-02-21,FT-2025-00290,CL-235,distributori,A,8,200.00,19.74,1284.24
R25-000609,2025-02-21,FT-2025-00290,CL-235,distributori,B,5,120.00,3.69,577.85
R25-000610,2025-02-21,FT-2025-00315,CL-253,distributori,B,17,120.00,2.33,1992.57
R25-000611,2025-02-21,FT-2025-00315,CL-253,distributori,C,5,305.00,5.23,1445.25
R25-000612,2025-02-21,FT-2025-00333,CL-134,diretto,A,2,200.00,0.00,400.00
R25-000613,2025-02-21,FT-2025-00392,CL-002,diretto,A,4,200.00,0.00,800.00
R25-000614,2025-02-21,FT-2025-00392,CL-002,diretto,B,1,120.00,10.00,108.00
R25-000615,2025-02-24,FT-2025-00211,CL-252,distributori,B,10,120.00,3.17,1162.00
R25-000616,2025-02-24,FT-2025-00220,CL-228,distributori,B,5,120.00,2.65,584.10
R25-000617,2025-02-24,FT-2025-00229,CL-027,diretto,B,1,120.00,9.15,109.02
R25-000618,2025-02-24,FT-2025-00229,CL-027,diretto,B,10,120.00,11.13,1066.50
R25-000619,2025-02-24,FT-2025-00233,CL-008,diretto,A,3,200.00,6.38,561.72
R25-000620,2025-02-24,FT-2025-00245,CL-081,diretto,A,1,200.00,7.76,184.48
R25-000621,2025-02-24,FT-2025-00251,CL-024,diretto,B,2,120.00,2.50,234.00
R25-000622,2025-02-24,FT-2025-00251,CL-024,diretto,A,2,200.00,0.00,400.00
R25-000623,2025-02-24,FT-2025-00263,CL-029,diretto,B,2,120.00,8.20,220.32
R25-000624,2025-02-24,FT-2025-00263,CL-029,diretto,A,1,200.00,0.00,200.00
R25-000625,2025-02-24,FT-2025-00263,CL-029,diretto,A,1,200.00,0.00,200.00
R25-000626,2025-02-24,FT-2025-00285,CL-245,distributori,B,10,120.00,9.19,1089.70
R25-000627,2025-02-24,FT-2025-00285,CL-245,distributori,A,6,200.00,19.74,963.12
R25-000628,2025-02-24,FT-2025-00287,CL-065,diretto,A,1,200.00,7.50,185.00
R25-000629,2025-02-25,FT-2025-00226,CL-027,diretto,A,5,200.00,5.36,946.40
R25-000630,2025-02-25,FT-2025-00283,CL-014,diretto,B,3,120.00,1.70,353.88
R25-000631,2025-02-25,FT-2025-00295,CL-230,distributori,B,13,120.00,2.84,1515.67
R25-000632,2025-02-25,FT-2025-00295,CL-230,distributori,A,8,200.00,22.96,1232.64
R25-000633,2025-02-25,FT-2025-00323,CL-238,distributori,B,9,120.00,9.87,973.44
R25-000634,2025-02-25,FT-2025-00323,CL-238,distributori,B,19,120.00,10.21,2047.25
R25-000635,2025-02-25,FT-2025-00323,CL-238,distributori,B,9,120.00,8.77,985.32
R25-000636,2025-02-25,FT-2025-00339,CL-209,diretto,A,1,200.00,1.00,198.01
R25-000637,2025-02-25,FT-2025-00339,CL-209,diretto,A,2,200.00,0.99,396.04
R25-000638,2025-02-25,FT-2025-00341,CL-251,distributori,A,4,200.00,18.54,651.68
R25-000639,2025-02-25,FT-2025-00342,CL-007,diretto,A,1,200.00,7.24,185.52
R25-000640,2025-02-25,FT-2025-00342,CL-007,diretto,A,2,200.00,2.77,388.94
R25-000641,2025-02-25,FT-2025-00356,CL-219,distributori,B,16,120.00,2.08,1880.00
R25-000642,2025-02-25,FT-2025-00387,CL-016,diretto,A,2,200.00,1.39,394.44
R25-000643,2025-02-26,FT-2025-00218,CL-119,diretto,A,1,200.00,0.75,198.50
R25-000644,2025-02-26,FT-2025-00218,CL-119,diretto,A,2,200.00,0.77,396.92
R25-000645,2025-02-26,FT-2025-00218,CL-119,diretto,A,1,200.00,0.00,200.00
R25-000646,2025-02-26,FT-2025-00219,CL-174,diretto,A,2,200.00,2.00,392.00
R25-000647,2025-02-26,FT-2025-00219,CL-174,diretto,A,1,200.00,0.00,200.00
R25-000648,2025-02-26,FT-2025-00237,CL-038,diretto,A,2,200.00,2.04,391.84
R25-000649,2025-02-26,FT-2025-00256,CL-206,diretto,A,2,200.00,4.36,382.58
R25-000650,2025-02-26,FT-2025-00256,CL-206,diretto,B,1,120.00,3.99,115.21
R25-000651,2025-02-26,FT-2025-00275,CL-216,diretto,A,1,200.00,0.37,199.27
R25-000652,2025-02-26,FT-2025-00275,CL-216,diretto,A,2,200.00,0.27,398.94
R25-000653,2025-02-26,FT-2025-00279,CL-243,distributori,A,10,200.00,19.34,1613.20
R25-000654,2025-02-26,FT-2025-00303,CL-226,distributori,A,5,200.00,22.17,778.30
R25-000655,2025-02-26,FT-2025-00309,CL-239,distributori,B,9,120.00,7.96,994.05
R25-000656,2025-02-26,FT-2025-00309,CL-239,distributori,B,18,120.00,8.08,1985.40
R25-000657,2025-02-26,FT-2025-00309,CL-239,distributori,C,3,305.00,4.00,878.40
R25-000658,2025-02-26,FT-2025-00314,CL-021,diretto,A,2,200.00,3.03,387.90
R25-000659,2025-02-26,FT-2025-00337,CL-061,diretto,A,1,200.00,1.97,196.06
R25-000660,2025-02-26,FT-2025-00337,CL-061,diretto,A,1,200.00,1.32,197.36
R25-000661,2025-02-26,FT-2025-00337,CL-061,diretto,A,2,200.00,1.63,393.48
R25-000662,2025-02-27,FT-2025-00227,CL-031,diretto,A,1,200.00,3.66,192.68
R25-000663,2025-02-27,FT-2025-00227,CL-031,diretto,A,3,200.00,2.99,582.09
R25-000664,2025-02-27,FT-2025-00248,CL-014,diretto,A,5,200.00,1.91,980.90
R25-000665,2025-02-27,FT-2025-00248,CL-014,diretto,B,8,120.00,1.64,944.24
R25-000666,2025-02-27,FT-2025-00257,CL-074,diretto,A,1,200.00,1.50,197.01
R25-000667,2025-02-27,FT-2025-00261,CL-091,diretto,A,1,200.00,5.07,189.86
R25-000668,2025-02-27,FT-2025-00307,CL-224,distributori,B,8,120.00,3.53,926.16
R25-000669,2025-02-27,FT-2025-00307,CL-224,distributori,B,15,120.00,3.55,1736.10
R25-000670,2025-02-27,FT-2025-00325,CL-225,distributori,C,5,305.00,5.35,1443.35
R25-000671,2025-02-27,FT-2025-00325,CL-225,distributori,B,17,120.00,2.12,1996.82
R25-000672,2025-02-27,FT-2025-00325,CL-225,distributori,A,5,200.00,18.29,817.15
R25-000673,2025-02-27,FT-2025-00330,CL-232,distributori,B,19,120.00,5.33,2158.59
R25-000674,2025-02-27,FT-2025-00360,CL-227,distributori,B,13,120.00,2.72,1517.62
R25-000675,2025-02-27,FT-2025-00360,CL-227,distributori,A,5,200.00,18.80,812.05
R25-000676,2025-02-27,FT-2025-00360,CL-227,distributori,C,4,305.00,6.30,1143.20
R25-000677,2025-02-27,FT-2025-00367,CL-077,diretto,A,2,200.00,3.93,384.30
R25-000678,2025-02-27,FT-2025-00376,CL-013,diretto,A,1,200.00,4.42,191.16
R25-000679,2025-02-27,FT-2025-00376,CL-013,diretto,A,2,200.00,3.93,384.28
R25-000680,2025-02-27,FT-2025-00376,CL-013,diretto,A,2,200.00,4.62,381.52
R25-000681,2025-02-27,FT-2025-00378,CL-019,diretto,A,1,200.00,1.64,196.73
R25-000682,2025-02-27,FT-2025-00378,CL-019,diretto,A,5,200.00,0.00,1000.00
R25-000683,2025-02-27,FT-2025-00389,CL-027,diretto,A,9,200.00,6.94,1675.08
R25-000684,2025-02-27,FT-2025-00389,CL-027,diretto,B,7,120.00,9.13,763.35
R25-000685,2025-02-28,FT-2025-00203,CL-136,diretto,A,3,200.00,0.52,596.91
R25-000686,2025-02-28,FT-2025-00203,CL-136,diretto,B,1,120.00,0.00,120.00
R25-000687,2025-02-28,FT-2025-00204,CL-099,diretto,B,1,120.00,0.00,120.00
R25-000688,2025-02-28,FT-2025-00204,CL-099,diretto,A,2,200.00,2.48,390.08
R25-000689,2025-02-28,FT-2025-00208,CL-169,diretto,B,1,120.00,0.00,120.00
R25-000690,2025-02-28,FT-2025-00208,CL-169,diretto,A,2,200.00,0.19,399.26
R25-000691,2025-02-28,FT-2025-00222,CL-249,distributori,B,7,120.00,2.13,822.08
R25-000692,2025-02-28,FT-2025-00238,CL-218,diretto,B,1,120.00,4.09,115.09
R25-000693,2025-02-28,FT-2025-00238,CL-218,diretto,A,1,200.00,7.50,185.00
R25-000694,2025-02-28,FT-2025-00238,CL-218,diretto,A,3,200.00,0.00,600.00
R25-000695,2025-02-28,FT-2025-00242,CL-229,distributori,A,11,200.00,18.49,1793.33
R25-000696,2025-02-28,FT-2025-00242,CL-229,distributori,B,16,120.00,6.09,1803.04
R25-000697,2025-02-28,FT-2025-00293,CL-258,distributori,B,16,120.00,2.75,1867.20
R25-000698,2025-02-28,FT-2025-00293,CL-258,distributori,C,5,305.00,3.52,1471.35
R25-000699,2025-02-28,FT-2025-00301,CL-242,distributori,B,15,120.00,8.33,1650.15
R25-000700,2025-02-28,FT-2025-00301,CL-242,distributori,B,8,120.00,9.57,868.16
R25-000701,2025-02-28,FT-2025-00316,CL-014,diretto,B,9,120.00,2.61,1051.83
R25-000702,2025-02-28,FT-2025-00316,CL-014,diretto,A,8,200.00,2.88,1553.92
R25-000703,2025-02-28,FT-2025-00317,CL-145,diretto,B,1,120.00,0.00,120.00
R25-000704,2025-02-28,FT-2025-00317,CL-145,diretto,A,1,200.00,2.48,195.04
R25-000705,2025-02-28,FT-2025-00319,CL-252,distributori,A,12,200.00,19.37,1935.24
R25-000706,2025-02-28,FT-2025-00319,CL-252,distributori,B,8,120.00,2.15,939.36
R25-000707,2025-02-28,FT-2025-00352,CL-184,diretto,B,1,120.00,0.00,120.00
R25-000708,2025-02-28,FT-2025-00352,CL-184,diretto,A,4,200.00,1.53,787.80
R25-000709,2025-02-28,FT-2025-00357,CL-246,distributori,C,5,305.00,6.69,1423.05
R25-000710,2025-02-28,FT-2025-00357,CL-246,distributori,B,3,120.00,8.57,329.16
R25-000711,2025-02-28,FT-2025-00380,CL-027,diretto,B,9,120.00,10.43,967.41
R25-000712,2025-02-28,FT-2025-00380,CL-027,diretto,C,3,305.00,7.87,843.03
R25-000713,2025-02-28,FT-2025-00380,CL-027,diretto,A,6,200.00,6.96,1116.54
R25-000714,2025-02-28,FT-2025-00383,CL-034,diretto,A,4,200.00,0.00,800.00
R25-000715,2025-02-28,FT-2025-00383,CL-034,diretto,B,1,120.00,1.72,117.94
R25-000716,2025-03-03,FT-2025-00430,CL-026,diretto,A,1,200.00,3.15,193.70
R25-000717,2025-03-03,FT-2025-00445,CL-008,diretto,B,1,120.00,1.34,118.39
R25-000718,2025-03-03,FT-2025-00445,CL-008,diretto,B,2,120.00,1.16,237.22
R25-000719,2025-03-03,FT-2025-00446,CL-010,diretto,A,3,200.00,1.66,590.04
R25-000720,2025-03-03,FT-2025-00459,CL-236,distributori,B,7,120.00,1.61,826.49
R25-000721,2025-03-03,FT-2025-00459,CL-236,distributori,B,12,120.00,2.67,1401.60
R25-000722,2025-03-03,FT-2025-00459,CL-236,distributori,C,10,305.00,4.14,2923.80
R25-000723,2025-03-03,FT-2025-00537,CL-009,diretto,A,2,200.00,2.44,390.24
R25-000724,2025-03-03,FT-2025-00537,CL-009,diretto,A,1,200.00,3.37,193.27
R25-000725,2025-03-03,FT-2025-00545,CL-103,diretto,A,3,200.00,1.92,588.48
R25-000726,2025-03-03,FT-2025-00545,CL-103,diretto,A,1,200.00,0.70,198.61
R25-000727,2025-03-03,FT-2025-00548,CL-126,diretto,A,2,200.00,2.40,390.42
R25-000728,2025-03-03,FT-2025-00556,CL-253,distributori,B,15,120.00,3.62,1734.90
R25-000729,2025-03-04,FT-2025-00457,CL-244,distributori,B,7,120.00,8.70,766.92
R25-000730,2025-03-04,FT-2025-00457,CL-244,distributori,B,8,120.00,8.92,874.40
R25-000731,2025-03-04,FT-2025-00457,CL-244,distributori,C,5,305.00,3.76,1467.65
R25-000732,2025-03-04,FT-2025-00478,CL-028,diretto,A,3,200.00,0.14,599.16
R25-000733,2025-03-04,FT-2025-00478,CL-028,diretto,A,3,200.00,0.56,596.64
R25-000734,2025-03-04,FT-2025-00482,CL-237,distributori,A,12,200.00,18.37,1959.24
R25-000735,2025-03-04,FT-2025-00482,CL-237,distributori,B,7,120.00,1.73,825.51
R25-000736,2025-03-04,FT-2025-00482,CL-237,distributori,B,6,120.00,2.98,698.58
R25-000737,2025-03-04,FT-2025-00485,CL-027,diretto,A,6,200.00,6.10,1126.80
R25-000738,2025-03-04,FT-2025-00485,CL-027,diretto,A,9,200.00,5.09,1708.38
R25-000739,2025-03-04,FT-2025-00567,CL-014,diretto,B,3,120.00,2.74,350.13
R25-000740,2025-03-04,FT-2025-00613,CL-042,diretto,A,1,200.00,7.50,185.00
R25-000741,2025-03-05,FT-2025-00406,CL-252,distributori,C,5,305.00,3.11,1477.55
R25-000742,2025-03-05,FT-2025-00406,CL-252,distributori,B,5,120.00,3.14,581.15
R25-000743,2025-03-05,FT-2025-00451,CL-040,diretto,A,1,200.00,3.81,192.38
R25-000744,2025-03-05,FT-2025-00466,CL-235,distributori,A,8,200.00,19.68,1285.12
R25-000745,2025-03-05,FT-2025-00466,CL-235,distributori,B,10,120.00,2.25,1173.00
R25-000746,2025-03-05,FT-2025-00495,CL-092,diretto,A,1,200.00,0.65,198.70
R25-000747,2025-03-05,FT-2025-00510,CL-234,distributori,B,10,120.00,8.68,1095.90
R25-000748,2025-03-05,FT-2025-00510,CL-234,distributori,A,8,200.00,19.54,1287.44
R25-000749,2025-03-05,FT-2025-00510,CL-234,distributori,B,9,120.00,10.12,970.74
R25-000750,2025-03-05,FT-2025-00530,CL-224,distributori,B,13,120.00,1.53,1536.08
R25-000751,2025-03-05,FT-2025-00616,CL-023,diretto,A,3,200.00,0.00,600.00
R25-000752,2025-03-05,FT-2025-00616,CL-023,diretto,B,2,120.00,1.43,236.56
R25-000753,2025-03-06,FT-2025-00398,CL-221,distributori,A,3,200.00,18.67,488.01
R25-000754,2025-03-06,FT-2025-00423,CL-059,diretto,A,4,200.00,3.13,775.00
R25-000755,2025-03-06,FT-2025-00454,CL-003,diretto,A,2,200.00,4.58,381.68
R25-000756,2025-03-06,FT-2025-00469,CL-230,distributori,A,8,200.00,23.30,1227.20
R25-000757,2025-03-06,FT-2025-00469,CL-230,distributori,C,5,305.00,11.48,1350.00
R25-000758,2025-03-06,FT-2025-00487,CL-002,diretto,A,3,200.00,0.22,598.68
R25-000759,2025-03-06,FT-2025-00487,CL-002,diretto,A,2,200.00,0.61,397.58
R25-000760,2025-03-06,FT-2025-00503,CL-004,diretto,A,2,200.00,0.00,400.00
R25-000761,2025-03-06,FT-2025-00524,CL-219,distributori,C,4,305.00,4.54,1164.64
R25-000762,2025-03-06,FT-2025-00551,CL-165,diretto,A,1,200.00,5.62,188.76
R25-000763,2025-03-06,FT-2025-00588,CL-066,diretto,A,1,200.00,1.91,196.19
R25-000764,2025-03-06,FT-2025-00588,CL-066,diretto,A,2,200.00,1.40,394.42
R25-000765,2025-03-06,FT-2025-00596,CL-006,diretto,A,1,200.00,5.07,189.87
R25-000766,2025-03-07,FT-2025-00396,CL-014,diretto,A,5,200.00,3.15,968.55
R25-000767,2025-03-07,FT-2025-00396,CL-014,diretto,A,11,200.00,2.29,2149.73
R25-000768,2025-03-07,FT-2025-00418,CL-032,diretto,A,2,200.00,3.45,386.22
R25-000769,2025-03-07,FT-2025-00421,CL-018,diretto,A,1,200.00,4.76,190.49
R25-000770,2025-03-07,FT-2025-00424,CL-033,diretto,B,2,120.00,0.75,238.20
R25-000771,2025-03-07,FT-2025-00443,CL-213,diretto,A,2,200.00,2.23,391.08
R25-000772,2025-03-07,FT-2025-00458,CL-250,distributori,B,15,120.00,3.28,1741.05
R25-000773,2025-03-07,FT-2025-00526,CL-027,diretto,A,4,200.00,6.58,747.40
R25-000774,2025-03-07,FT-2025-00539,CL-049,diretto,A,1,200.00,2.75,194.51
R25-000775,2025-03-07,FT-2025-00539,CL-049,diretto,A,1,200.00,2.03,195.95
R25-000776,2025-03-07,FT-2025-00568,CL-228,distributori,C,6,305.00,5.32,1732.56
R25-000777,2025-03-07,FT-2025-00593,CL-255,distributori,C,5,305.00,4.41,1457.80
R25-000778,2025-03-07,FT-2025-00593,CL-255,distributori,B,9,120.00,3.23,1045.08
R25-000779,2025-03-07,FT-2025-00593,CL-255,distributori,A,8,200.00,18.72,1300.48
R25-000780,2025-03-07,FT-2025-00609,CL-241,distributori,B,1,120.00,3.38,115.94
R25-000781,2025-03-07,FT-2025-00614,CL-245,distributori,B,19,120.00,9.48,2063.97
R25-000782,2025-03-07,FT-2025-00618,CL-233,distributori,B,14,120.00,9.38,1522.36
R25-000783,2025-03-07,FT-2025-00623,CL-017,diretto,A,2,200.00,3.04,387.86
R25-000784,2025-03-10,FT-2025-00402,CL-005,diretto,A,2,200.00,4.77,380.94
R25-000785,2025-03-10,FT-2025-00405,CL-239,distributori,A,4,200.00,19.04,647.72
R25-000786,2025-03-10,FT-2025-00405,CL-239,distributori,C,2,305.00,4.50,582.56
R25-000787,2025-03-10,FT-2025-00416,CL-086,diretto,A,1,200.00,2.82,194.37
R25-000788,2025-03-10,FT-2025-00416,CL-086,diretto,B,1,120.00,0.00,120.00
R25-000789,2025-03-10,FT-2025-00427,CL-183,diretto,A,1,200.00,0.40,199.20
R25-000790,2025-03-10,FT-2025-00481,CL-020,diretto,A,1,200.00,2.04,195.92
R25-000791,2025-03-10,FT-2025-00486,CL-246,distributori,B,9,120.00,8.04,993.15
R25-000792,2025-03-10,FT-2025-00486,CL-246,distributori,B,8,120.00,6.71,895.60
R25-000793,2025-03-10,FT-2025-00533,CL-007,diretto,A,2,200.00,7.17,371.34
R25-000794,2025-03-10,FT-2025-00533,CL-007,diretto,A,2,200.00,7.53,369.88
R25-000795,2025-03-10,FT-2025-00540,CL-252,distributori,B,8,120.00,1.85,942.24
R25-000796,2025-03-10,FT-2025-00540,CL-252,distributori,B,15,120.00,3.14,1743.45
R25-000797,2025-03-10,FT-2025-00540,CL-252,distributori,C,11,305.00,4.84,3192.75
R25-000798,2025-03-10,FT-2025-00575,CL-238,distributori,A,6,200.00,19.54,965.58
R25-000799,2025-03-10,FT-2025-00580,CL-243,distributori,B,6,120.00,2.43,702.54
R25-000800,2025-03-10,FT-2025-00580,CL-243,distributori,B,11,120.00,3.28,1276.77
R25-000801,2025-03-10,FT-2025-00585,CL-137,diretto,A,1,200.00,0.94,198.13
R25-000802,2025-03-10,FT-2025-00585,CL-137,diretto,B,1,120.00,0.00,120.00
R25-000803,2025-03-10,RS-2025-00535,CL-019,diretto,A,-2,200.00,1.64,-393.46
R25-000804,2025-03-11,FT-2025-00407,CL-014,diretto,A,6,200.00,2.31,1172.28
R25-000805,2025-03-11,FT-2025-00407,CL-014,diretto,B,2,120.00,1.13,237.30
R25-000806,2025-03-11,FT-2025-00407,CL-014,diretto,A,3,200.00,2.38,585.75
R25-000807,2025-03-11,FT-2025-00428,CL-024,diretto,A,1,200.00,0.00,200.00
R25-000808,2025-03-11,FT-2025-00428,CL-024,diretto,B,3,120.00,1.82,353.46
R25-000809,2025-03-11,FT-2025-00435,CL-193,diretto,A,2,200.00,0.97,396.14
R25-000810,2025-03-11,FT-2025-00497,CL-226,distributori,C,4,305.00,3.90,1172.44
R25-000811,2025-03-11,FT-2025-00506,CL-148,diretto,A,1,200.00,3.97,192.07
R25-000812,2025-03-11,FT-2025-00506,CL-148,diretto,A,2,200.00,3.13,387.50
R25-000813,2025-03-11,FT-2025-00506,CL-148,diretto,B,2,120.00,0.00,240.00
R25-000814,2025-03-11,FT-2025-00508,CL-001,diretto,A,1,200.00,1.76,196.49
R25-000815,2025-03-11,FT-2025-00553,CL-251,distributori,C,3,305.00,2.75,889.80
R25-000816,2025-03-11,FT-2025-00584,CL-027,diretto,B,2,120.00,10.53,214.74
R25-000817,2025-03-11,FT-2025-00594,CL-220,distributori,B,11,120.00,9.12,1199.66
R25-000818,2025-03-11,FT-2025-00594,CL-220,distributori,A,5,200.00,18.69,813.10
R25-000819,2025-03-12,FT-2025-00410,CL-030,diretto,A,2,200.00,3.69,385.24
R25-000820,2025-03-12,FT-2025-00452,CL-200,diretto,A,2,200.00,1.24,395.04
R25-000821,2025-03-12,FT-2025-00462,CL-242,distributori,B,16,120.00,8.69,1753.12
R25-000822,2025-03-12,FT-2025-00462,CL-242,distributori,C,4,305.00,3.63,1175.76
R25-000823,2025-03-12,FT-2025-00475,CL-014,diretto,A,12,200.00,2.59,2337.96
R25-000824,2025-03-12,FT-2025-00475,CL-014,diretto,B,8,120.00,1.17,948.80
R25-000825,2025-03-12,FT-2025-00484,CL-027,diretto,B,8,120.00,9.92,864.80
R25-000826,2025-03-12,FT-2025-00490,CL-224,distributori,C,7,305.00,9.86,1924.44
R25-000827,2025-03-12,FT-2025-00490,CL-224,distributori,A,5,200.00,24.23,757.75
R25-000828,2025-03-12,FT-2025-00490,CL-224,distributori,B,8,120.00,2.13,939.52
R25-000829,2025-03-12,FT-2025-00493,CL-025,diretto,A,1,200.00,0.00,200.00
R25-000830,2025-03-12,FT-2025-00494,CL-022,diretto,A,2,200.00,0.00,400.00
R25-000831,2025-03-12,FT-2025-00494,CL-022,diretto,B,2,120.00,1.14,237.26
R25-000832,2025-03-12,FT-2025-00520,CL-229,distributori,B,18,120.00,6.13,2027.70
R25-000833,2025-03-12,FT-2025-00562,CL-189,diretto,B,1,120.00,0.00,120.00
R25-000834,2025-03-12,FT-2025-00579,CL-057,diretto,A,1,200.00,1.27,197.46
R25-000835,2025-03-12,FT-2025-00587,CL-118,diretto,B,1,120.00,0.00,120.00
R25-000836,2025-03-12,FT-2025-00587,CL-118,diretto,A,1,200.00,1.41,197.18
R25-000837,2025-03-12,FT-2025-00621,CL-258,distributori,A,6,200.00,29.64,844.38
R25-000838,2025-03-12,FT-2025-00621,CL-258,distributori,C,2,305.00,4.52,582.42
R25-000839,2025-03-13,FT-2025-00412,CL-112,diretto,A,1,200.00,5.01,189.99
R25-000840,2025-03-13,FT-2025-00437,CL-062,diretto,A,1,200.00,0.01,199.98
R25-000841,2025-03-13,FT-2025-00440,CL-210,diretto,A,2,200.00,4.03,383.88
R25-000842,2025-03-13,FT-2025-00440,CL-210,diretto,B,1,120.00,0.00,120.00
R25-000843,2025-03-13,FT-2025-00467,CL-027,diretto,A,7,200.00,6.35,1311.10
R25-000844,2025-03-13,FT-2025-00473,CL-114,diretto,A,1,200.00,1.79,196.42
R25-000845,2025-03-13,FT-2025-00473,CL-114,diretto,A,1,200.00,2.19,195.63
R25-000846,2025-03-13,FT-2025-00473,CL-114,diretto,A,1,200.00,0.61,198.78
R25-000847,2025-03-13,FT-2025-00479,CL-014,diretto,B,6,120.00,2.34,703.14
R25-000848,2025-03-13,FT-2025-00489,CL-073,diretto,A,1,200.00,3.00,194.01
R25-000849,2025-03-13,FT-2025-00489,CL-073,diretto,B,1,120.00,0.00,120.00
R25-000850,2025-03-13,FT-2025-00489,CL-073,diretto,A,1,200.00,4.41,191.19
R25-000851,2025-03-13,FT-2025-00517,CL-109,diretto,A,1,200.00,0.40,199.21
R25-000852,2025-03-13,FT-2025-00543,CL-097,diretto,A,1,200.00,0.00,200.00
R25-000853,2025-03-13,FT-2025-00544,CL-235,distributori,B,9,120.00,1.86,1059.93
R25-000854,2025-03-13,FT-2025-00563,CL-225,distributori,C,2,305.00,6.81,568.44
R25-000855,2025-03-13,FT-2025-00569,CL-194,diretto,A,3,200.00,0.00,600.00
R25-000856,2025-03-13,FT-2025-00571,CL-015,diretto,A,1,200.00,0.00,200.00
R25-000857,2025-03-13,FT-2025-00574,CL-252,distributori,B,11,120.00,3.48,1274.02
R25-000858,2025-03-13,FT-2025-00574,CL-252,distributori,A,6,200.00,19.19,969.72
R25-000859,2025-03-13,FT-2025-00576,CL-026,diretto,A,3,200.00,3.73,577.65
R25-000860,2025-03-13,FT-2025-00576,CL-026,diretto,A,4,200.00,5.27,757.84
R25-000861,2025-03-13,FT-2025-00599,CL-257,distributori,B,12,120.00,3.50,1389.60
R25-000862,2025-03-13,FT-2025-00599,CL-257,distributori,A,4,200.00,19.08,647.36
R25-000863,2025-03-13,FT-2025-00605,CL-008,diretto,A,2,200.00,7.54,369.86
R25-000864,2025-03-13,FT-2025-00605,CL-008,diretto,A,1,200.00,8.75,182.51
R25-000865,2025-03-13,FT-2025-00608,CL-161,diretto,A,3,200.00,2.12,587.31
R25-000866,2025-03-14,FT-2025-00429,CL-011,diretto,B,2,120.00,0.13,239.70
R25-000867,2025-03-14,FT-2025-00429,CL-011,diretto,A,2,200.00,0.00,400.00
R25-000868,2025-03-14,FT-2025-00453,CL-253,distributori,A,9,200.00,19.18,1454.76
R25-000869,2025-03-14,FT-2025-00453,CL-253,distributori,B,7,120.00,3.56,810.11
R25-000870,2025-03-14,FT-2025-00480,CL-035,diretto,B,1,120.00,0.00,120.00
R25-000871,2025-03-14,FT-2025-00480,CL-035,diretto,A,3,200.00,0.97,594.18
R25-000872,2025-03-14,FT-2025-00483,CL-219,distributori,B,16,120.00,2.93,1863.68
R25-000873,2025-03-14,FT-2025-00492,CL-027,diretto,B,4,120.00,9.14,436.12
R25-000874,2025-03-14,FT-2025-00499,CL-249,distributori,C,4,305.00,6.54,1140.24
R25-000875,2025-03-14,FT-2025-00501,CL-014,diretto,B,2,120.00,1.91,235.42
R25-000876,2025-03-14,FT-2025-00507,CL-016,diretto,A,2,200.00,1.94,392.26
R25-000877,2025-03-14,FT-2025-00547,CL-230,distributori,A,6,200.00,24.36,907.68
R25-000878,2025-03-14,FT-2025-00547,CL-230,distributori,B,20,120.00,3.12,2325.20
R25-000879,2025-03-14,FT-2025-00552,CL-009,diretto,A,3,200.00,3.89,576.69
R25-000880,2025-03-14,FT-2025-00552,CL-009,diretto,A,2,200.00,3.32,386.72
R25-000881,2025-03-14,FT-2025-00615,CL-223,distributori,A,4,200.00,25.41,596.76
R25-000882,2025-03-14,FT-2025-00615,CL-223,distributori,C,5,305.00,4.02,1463.75
R25-000883,2025-03-14,FT-2025-00619,CL-244,distributori,B,1,120.00,10.02,107.98
R25-000884,2025-03-14,FT-2025-00622,CL-002,diretto,B,2,120.00,3.33,232.00
R25-000885,2025-03-17,FT-2025-00397,CL-080,diretto,A,2,200.00,2.31,390.76
R25-000886,2025-03-17,FT-2025-00397,CL-080,diretto,A,1,200.00,2.27,195.46
R25-000887,2025-03-17,FT-2025-00414,CL-055,diretto,A,2,200.00,2.45,390.20
R25-000888,2025-03-17,FT-2025-00417,CL-226,distributori,B,6,120.00,8.95,655.56
R25-000889,2025-03-17,FT-2025-00419,CL-031,diretto,A,4,200.00,4.72,762.24
R25-000890,2025-03-17,FT-2025-00419,CL-031,diretto,A,1,200.00,2.78,194.45
R25-000891,2025-03-17,FT-2025-00419,CL-031,diretto,A,2,200.00,2.55,389.80
R25-000892,2025-03-17,FT-2025-00436,CL-247,distributori,B,14,120.00,4.98,1596.42
R25-000893,2025-03-17,FT-2025-00436,CL-247,distributori,A,4,200.00,18.83,649.36
R25-000894,2025-03-17,FT-2025-00448,CL-243,distributori,B,8,120.00,2.32,937.76
R25-000895,2025-03-17,FT-2025-00448,CL-243,distributori,A,4,200.00,18.44,652.52
R25-000896,2025-03-17,FT-2025-00464,CL-010,diretto,B,2,120.00,10.00,216.00
R25-000897,2025-03-17,FT-2025-00464,CL-010,diretto,B,3,120.00,0.98,356.46
R25-000898,2025-03-17,FT-2025-00509,CL-228,distributori,B,5,120.00,1.43,591.45
R25-000899,2025-03-17,FT-2025-00509,CL-228,distributori,B,9,120.00,1.87,1059.84
R25-000900,2025-03-17,FT-2025-00509,CL-228,distributori,A,7,200.00,19.71,1124.13
R25-000901,2025-03-17,FT-2025-00528,CL-254,distributori,B,6,120.00,8.74,657.06
R25-000902,2025-03-17,FT-2025-00541,CL-245,distributori,B,9,120.00,9.64,975.87
R25-000903,2025-03-17,FT-2025-00541,CL-245,distributori,C,3,305.00,2.66,890.64
R25-000904,2025-03-17,FT-2025-00550,CL-238,distributori,B,17,120.00,8.33,1870.00
R25-000905,2025-03-17,FT-2025-00550,CL-238,distributori,B,12,120.00,8.98,1310.64
R25-000906,2025-03-17,FT-2025-00604,CL-224,distributori,B,11,120.00,1.70,1297.56
R25-000907,2025-03-17,FT-2025-00607,CL-029,diretto,B,2,120.00,0.82,238.04
R25-000908,2025-03-17,FT-2025-00607,CL-029,diretto,A,1,200.00,0.00,200.00
R25-000909,2025-03-17,FT-2025-00607,CL-029,diretto,A,2,200.00,0.00,400.00
R25-000910,2025-03-17,FT-2025-00625,CL-164,diretto,A,1,200.00,2.31,195.38
R25-000911,2025-03-18,FT-2025-00415,CL-027,diretto,A,2,200.00,5.05,379.82
R25-000912,2025-03-18,FT-2025-00449,CL-242,distributori,B,12,120.00,10.29,1291.80
R25-000913,2025-03-18,FT-2025-00449,CL-242,distributori,B,8,120.00,8.35,879.84
R25-000914,2025-03-18,FT-2025-00471,CL-237,distributori,B,11,120.00,1.81,1296.13
R25-000915,2025-03-18,FT-2025-00471,CL-237,distributori,A,1,200.00,19.24,161.52
R25-000916,2025-03-18,FT-2025-00471,CL-237,distributori,B,3,120.00,2.03,352.71
R25-000917,2025-03-18,FT-2025-00518,CL-232,distributori,C,3,305.00,11.43,810.39
R25-000918,2025-03-18,FT-2025-00518,CL-232,distributori,A,8,200.00,20.37,1274.08
R25-000919,2025-03-18,FT-2025-00601,CL-252,distributori,A,11,200.00,19.88,1762.75
R25-000920,2025-03-18,FT-2025-00611,CL-021,diretto,A,2,200.00,3.66,385.36
R25-000921,2025-03-18,FT-2025-00628,CL-236,distributori,A,15,200.00,18.65,2440.50
R25-000922,2025-03-19,FT-2025-00422,CL-087,diretto,A,3,200.00,1.72,589.68
R25-000923,2025-03-19,FT-2025-00422,CL-087,diretto,A,1,200.00,0.00,200.00
R25-000924,2025-03-19,FT-2025-00431,CL-027,diretto,B,9,120.00,9.73,974.88
R25-000925,2025-03-19,FT-2025-00431,CL-027,diretto,A,7,200.00,4.84,1332.24
R25-000926,2025-03-19,FT-2025-00461,CL-133,diretto,A,1,200.00,1.11,197.78
R25-000927,2025-03-19,FT-2025-00470,CL-191,diretto,A,3,200.00,0.00,600.00
R25-000928,2025-03-19,FT-2025-00470,CL-191,diretto,B,1,120.00,0.00,120.00
R25-000929,2025-03-19,FT-2025-00488,CL-020,diretto,A,4,200.00,1.86,785.16
R25-000930,2025-03-19,FT-2025-00516,CL-014,diretto,A,4,200.00,1.89,784.88
R25-000931,2025-03-19,FT-2025-00542,CL-231,distributori,C,3,305.00,5.04,868.89
R25-000932,2025-03-19,FT-2025-00542,CL-231,distributori,B,19,120.00,2.91,2213.69
R25-000933,2025-03-19,FT-2025-00542,CL-231,distributori,A,8,200.00,26.29,1179.44
R25-000934,2025-03-19,FT-2025-00546,CL-246,distributori,B,21,120.00,7.93,2320.29
R25-000935,2025-03-19,FT-2025-00546,CL-246,distributori,C,4,305.00,5.10,1157.84
R25-000936,2025-03-19,FT-2025-00557,CL-222,distributori,A,4,200.00,19.81,641.52
R25-000937,2025-03-19,FT-2025-00557,CL-222,distributori,B,14,120.00,6.19,1575.98
R25-000938,2025-03-19,FT-2025-00560,CL-256,distributori,B,7,120.00,1.74,825.37
R25-000939,2025-03-19,FT-2025-00561,CL-240,distributori,B,13,120.00,2.73,1517.49
R25-000940,2025-03-19,FT-2025-00561,CL-240,distributori,C,5,305.00,3.13,1477.20
R25-000941,2025-03-19,FT-2025-00561,CL-240,distributori,A,7,200.00,18.52,1140.72
R25-000942,2025-03-19,FT-2025-00573,CL-229,distributori,A,7,200.00,18.36,1142.96
R25-000943,2025-03-19,FT-2025-00591,CL-155,diretto,A,1,200.00,1.70,196.61
R25-000944,2025-03-19,FT-2025-00600,CL-018,diretto,A,1,200.00,3.34,193.33
R25-000945,2025-03-19,FT-2025-00600,CL-018,diretto,A,4,200.00,3.87,769.08
R25-000946,2025-03-19,FT-2025-00624,CL-019,diretto,A,2,200.00,1.22,395.14
R25-000947,2025-03-19,FT-2025-00624,CL-019,diretto,A,2,200.00,1.01,395.96
R25-000948,2025-03-20,FT-2025-00403,CL-234,distributori,B,18,120.00,9.00,1965.60
R25-000949,2025-03-20,FT-2025-00403,CL-234,distributori,C,4,305.00,4.20,1168.72
R25-000950,2025-03-20,FT-2025-00408,CL-026,diretto,A,3,200.00,4.02,575.88
R25-000951,2025-03-20,FT-2025-00408,CL-026,diretto,A,4,200.00,3.95,768.40
R25-000952,2025-03-20,FT-2025-00420,CL-094,diretto,A,1,200.00,0.29,199.42
R25-000953,2025-03-20,FT-2025-00420,CL-094,diretto,A,2,200.00,0.20,399.20
R25-000954,2025-03-20,FT-2025-00432,CL-004,diretto,B,5,120.00,1.21,592.75
R25-000955,2025-03-20,FT-2025-00432,CL-004,diretto,B,1,120.00,1.27,118.48
R25-000956,2025-03-20,FT-2025-00432,CL-004,diretto,A,2,200.00,0.00,400.00
R25-000957,2025-03-20,FT-2025-00477,CL-007,diretto,A,4,200.00,8.45,732.44
R25-000958,2025-03-20,FT-2025-00502,CL-106,diretto,B,2,120.00,0.29,239.30
R25-000959,2025-03-20,FT-2025-00502,CL-106,diretto,A,3,200.00,0.00,600.00
R25-000960,2025-03-20,FT-2025-00513,CL-152,diretto,A,2,200.00,1.00,396.00
R25-000961,2025-03-20,FT-2025-00513,CL-152,diretto,B,1,120.00,0.00,120.00
R25-000962,2025-03-20,FT-2025-00527,CL-034,diretto,A,3,200.00,0.00,600.00
R25-000963,2025-03-20,FT-2025-00527,CL-034,diretto,A,1,200.00,0.00,200.00
R25-000964,2025-03-20,FT-2025-00527,CL-034,diretto,B,4,120.00,4.64,457.72
R25-000965,2025-03-20,FT-2025-00549,CL-028,diretto,A,1,200.00,0.28,199.45
R25-000966,2025-03-20,FT-2025-00549,CL-028,diretto,A,1,200.00,2.25,195.50
R25-000967,2025-03-20,FT-2025-00559,CL-014,diretto,B,8,120.00,1.59,944.72
R25-000968,2025-03-20,FT-2025-00559,CL-014,diretto,B,13,120.00,1.37,1538.68
R25-000969,2025-03-20,FT-2025-00566,CL-060,diretto,B,1,120.00,0.00,120.00
R25-000970,2025-03-20,FT-2025-00566,CL-060,diretto,A,2,200.00,1.50,394.00
R25-000971,2025-03-20,FT-2025-00598,CL-023,diretto,B,2,120.00,1.48,236.46
R25-000972,2025-03-20,FT-2025-00606,CL-121,diretto,A,1,200.00,0.00,200.00
R25-000973,2025-03-21,FT-2025-00404,CL-221,distributori,B,11,120.00,2.59,1285.79
R25-000974,2025-03-21,FT-2025-00413,CL-235,distributori,B,6,120.00,3.59,694.14
R25-000975,2025-03-21,FT-2025-00413,CL-235,distributori,C,7,305.00,5.25,2022.86
R25-000976,2025-03-21,FT-2025-00441,CL-230,distributori,B,6,120.00,1.63,708.24
R25-000977,2025-03-21,FT-2025-00465,CL-014,diretto,A,7,200.00,1.91,1373.26
R25-000978,2025-03-21,FT-2025-00465,CL-014,diretto,B,4,120.00,2.63,467.40
R25-000979,2025-03-21,FT-2025-00476,CL-224,distributori,A,11,200.00,24.34,1664.63
R25-000980,2025-03-21,FT-2025-00476,CL-224,distributori,B,19,120.00,1.48,2246.37
R25-000981,2025-03-21,FT-2025-00515,CL-239,distributori,B,19,120.00,8.55,2085.06
R25-000982,2025-03-21,FT-2025-00519,CL-110,diretto,A,2,200.00,0.03,399.90
R25-000983,2025-03-21,FT-2025-00519,CL-110,diretto,A,1,200.00,0.72,198.56
R25-000984,2025-03-21,FT-2025-00538,CL-027,diretto,B,7,120.00,9.73,758.24
R25-000985,2025-03-21,FT-2025-00570,CL-252,distributori,B,2,120.00,3.02,232.76
R25-000986,2025-03-21,FT-2025-00570,CL-252,distributori,C,3,305.00,2.93,888.15
R25-000987,2025-03-21,FT-2025-00570,CL-252,distributori,A,12,200.00,18.42,1957.92
R25-000988,2025-03-21,FT-2025-00583,CL-013,diretto,A,2,200.00,4.67,381.34
R25-000989,2025-03-21,FT-2025-00583,CL-013,diretto,A,2,200.00,4.75,381.02
R25-000990,2025-03-21,FT-2025-00586,CL-115,diretto,B,1,120.00,0.00,120.00
R25-000991,2025-03-21,FT-2025-00586,CL-115,diretto,A,1,200.00,1.98,196.05
R25-000992,2025-03-21,FT-2025-00586,CL-115,diretto,A,1,200.00,0.09,199.83
R25-000993,2025-03-21,FT-2025-00612,CL-250,distributori,B,1,120.00,2.44,117.07
R25-000994,2025-03-21,FT-2025-00612,CL-250,distributori,C,5,305.00,3.29,1474.90
R25-000995,2025-03-21,FT-2025-00612,CL-250,distributori,A,9,200.00,19.60,1447.29
R25-000996,2025-03-24,FT-2025-00433,CL-176,diretto,A,1,200.00,0.00,200.00
R25-000997,2025-03-24,FT-2025-00434,CL-255,distributori,B,6,120.00,2.57,701.52
R25-000998,2025-03-24,FT-2025-00444,CL-258,distributori,B,17,120.00,2.64,1986.11
R25-000999,2025-03-24,FT-2025-00468,CL-249,distributori,A,4,200.00,18.36,653.16
R25-001000,2025-03-24,FT-2025-00468,CL-249,distributori,B,14,120.00,3.37,1623.44
R25-001001,2025-03-24,FT-2025-00472,CL-005,diretto,A,3,200.00,3.15,581.13
R25-001002,2025-03-24,FT-2025-00472,CL-005,diretto,A,1,200.00,5.27,189.46
R25-001003,2025-03-24,FT-2025-00472,CL-005,diretto,A,1,200.00,3.37,193.27
R25-001004,2025-03-24,FT-2025-00474,CL-012,diretto,A,1,200.00,0.01,199.99
R25-001005,2025-03-24,FT-2025-00505,CL-008,diretto,A,6,200.00,7.88,1105.50
R25-001006,2025-03-24,FT-2025-00523,CL-233,distributori,A,4,200.00,19.05,647.64
R25-001007,2025-03-24,FT-2025-00531,CL-198,diretto,A,2,200.00,0.70,397.22
R25-001008,2025-03-24,FT-2025-00531,CL-198,diretto,A,1,200.00,0.78,198.45
R25-001009,2025-03-24,FT-2025-00531,CL-198,diretto,A,1,200.00,1.32,197.36
R25-001010,2025-03-24,FT-2025-00534,CL-251,distributori,A,6,200.00,18.88,973.50
R25-001011,2025-03-24,FT-2025-00534,CL-251,distributori,B,26,120.00,9.51,2823.34
R25-001012,2025-03-24,FT-2025-00590,CL-027,diretto,A,7,200.00,5.93,1316.98
R25-001013,2025-03-24,FT-2025-00590,CL-027,diretto,A,9,200.00,6.62,1680.93
R25-001014,2025-03-24,FT-2025-00595,CL-241,distributori,C,5,305.00,4.24,1460.35
R25-001015,2025-03-24,FT-2025-00595,CL-241,distributori,B,16,120.00,3.42,1854.40
R25-001016,2025-03-24,FT-2025-00595,CL-241,distributori,A,9,200.00,18.49,1467.18
R25-001017,2025-03-25,FT-2025-00399,CL-248,distributori,A,2,200.00,19.97,320.12
R25-001018,2025-03-25,FT-2025-00425,CL-252,distributori,B,3,120.00,2.92,349.50
R25-001019,2025-03-25,FT-2025-00426,CL-181,diretto,A,3,200.00,0.93,594.42
R25-001020,2025-03-25,FT-2025-00491,CL-132,diretto,B,1,120.00,8.29,110.05
R25-001021,2025-03-25,FT-2025-00491,CL-132,diretto,A,3,200.00,0.79,595.29
R25-001022,2025-03-25,FT-2025-00532,CL-014,diretto,B,10,120.00,1.11,1186.70
R25-001023,2025-03-25,FT-2025-00532,CL-014,diretto,A,2,200.00,2.68,389.30
R25-001024,2025-03-25,FT-2025-00572,CL-238,distributori,C,3,305.00,4.30,875.67
R25-001025,2025-03-25,FT-2025-00603,CL-253,distributori,B,6,120.00,2.54,701.70
R25-001026,2025-03-25,FT-2025-00603,CL-253,distributori,C,8,305.00,5.65,2302.08
R25-001027,2025-03-26,FT-2025-00400,CL-204,diretto,B,1,120.00,0.00,120.00
R25-001028,2025-03-26,FT-2025-00400,CL-204,diretto,A,2,200.00,2.72,389.14
R25-001029,2025-03-26,FT-2025-00455,CL-212,diretto,A,2,200.00,0.94,396.26
R25-001030,2025-03-26,FT-2025-00460,CL-003,diretto,A,2,200.00,3.91,384.38
R25-001031,2025-03-26,FT-2025-00496,CL-045,diretto,A,1,200.00,2.67,194.66
R25-001032,2025-03-26,FT-2025-00500,CL-246,distributori,A,8,200.00,22.82,1234.88
R25-001033,2025-03-26,FT-2025-00504,CL-156,diretto,A,1,200.00,3.68,192.65
R25-001034,2025-03-26,FT-2025-00504,CL-156,diretto,A,1,200.00,2.06,195.89
R25-001035,2025-03-26,FT-2025-00504,CL-156,diretto,B,1,120.00,0.00,120.00
R25-001036,2025-03-26,FT-2025-00529,CL-032,diretto,A,2,200.00,3.79,384.84
R25-001037,2025-03-26,FT-2025-00529,CL-032,diretto,A,1,200.00,4.86,190.28
R25-001038,2025-03-26,FT-2025-00529,CL-032,diretto,A,3,200.00,3.33,580.02
R25-001039,2025-03-26,FT-2025-00564,CL-002,diretto,A,1,200.00,0.00,200.00
R25-001040,2025-03-26,FT-2025-00564,CL-002,diretto,B,3,120.00,3.79,346.35
R25-001041,2025-03-26,FT-2025-00617,CL-242,distributori,B,5,120.00,10.42,537.50
R25-001042,2025-03-26,FT-2025-00617,CL-242,distributori,A,9,200.00,19.14,1455.57
R25-001043,2025-03-27,FT-2025-00401,CL-069,diretto,A,1,200.00,3.71,192.59
R25-001044,2025-03-27,FT-2025-00401,CL-069,diretto,A,1,200.00,3.53,192.94
R25-001045,2025-03-27,FT-2025-00401,CL-069,diretto,A,2,200.00,2.79,388.84
R25-001046,2025-03-27,FT-2025-00438,CL-027,diretto,C,2,305.00,6.66,569.40
R25-001047,2025-03-27,FT-2025-00438,CL-027,diretto,A,7,200.00,5.98,1316.35
R25-001048,2025-03-27,FT-2025-00438,CL-027,diretto,A,6,200.00,6.26,1124.94
R25-001049,2025-03-27,FT-2025-00439,CL-162,diretto,B,1,120.00,0.00,120.00
R25-001050,2025-03-27,FT-2025-00439,CL-162,diretto,A,4,200.00,1.23,790.16
R25-001051,2025-03-27,FT-2025-00439,CL-162,diretto,A,1,200.00,1.79,196.42
R25-001052,2025-03-27,FT-2025-00511,CL-237,distributori,C,9,305.00,4.19,2629.89
R25-001053,2025-03-27,FT-2025-00512,CL-244,distributori,B,8,120.00,8.94,874.16
R25-001054,2025-03-27,FT-2025-00512,CL-244,distributori,A,10,200.00,18.24,1635.30
R25-001055,2025-03-27,FT-2025-00512,CL-244,distributori,B,24,120.00,8.85,2625.12
R25-001056,2025-03-27,FT-2025-00521,CL-219,distributori,A,5,200.00,19.37,806.30
R25-001057,2025-03-27,FT-2025-00555,CL-236,distributori,B,10,120.00,2.18,1173.80
R25-001058,2025-03-27,FT-2025-00555,CL-236,distributori,A,1,200.00,18.28,163.44
R25-001059,2025-03-27,FT-2025-00582,CL-243,distributori,A,9,200.00,19.02,1457.73
R25-001060,2025-03-27,FT-2025-00582,CL-243,distributori,C,8,305.00,3.48,2355.20
R25-001061,2025-03-27,FT-2025-00589,CL-108,diretto,A,1,200.00,3.83,192.34
R25-001062,2025-03-27,FT-2025-00592,CL-043,diretto,A,1,200.00,1.72,196.56
R25-001063,2025-03-27,FT-2025-00610,CL-101,diretto,A,2,200.00,2.88,388.48
R25-001064,2025-03-27,FT-2025-00627,CL-228,distributori,B,9,120.00,1.57,1063.08
R25-001065,2025-03-28,FT-2025-00409,CL-226,distributori,B,12,120.00,9.35,1305.36
R25-001066,2025-03-28,FT-2025-00409,CL-226,distributori,A,8,200.00,21.16,1261.52
R25-001067,2025-03-28,FT-2025-00409,CL-226,distributori,B,20,120.00,8.51,2195.80
R25-001068,2025-03-28,FT-2025-00442,CL-009,diretto,A,2,200.00,5.31,378.76
R25-001069,2025-03-28,FT-2025-00442,CL-009,diretto,A,3,200.00,4.87,570.81
R25-001070,2025-03-28,FT-2025-00442,CL-009,diretto,A,2,200.00,3.19,387.24
R25-001071,2025-03-28,FT-2025-00447,CL-205,diretto,A,2,200.00,1.67,393.34
R25-001072,2025-03-28,FT-2025-00447,CL-205,diretto,A,1,200.00,1.93,196.14
R25-001073,2025-03-28,FT-2025-00450,CL-027,diretto,B,4,120.00,10.26,430.76
R25-001074,2025-03-28,FT-2025-00498,CL-224,distributori,B,4,120.00,1.96,470.60
R25-001075,2025-03-28,FT-2025-00498,CL-224,distributori,A,6,200.00,24.27,908.76
R25-001076,2025-03-28,FT-2025-00514,CL-252,distributori,A,1,200.00,18.43,163.14
R25-001077,2025-03-28,FT-2025-00514,CL-252,distributori,B,15,120.00,3.63,1734.60
R25-001078,2025-03-28,FT-2025-00522,CL-014,diretto,C,7,305.00,4.34,2042.32
R25-001079,2025-03-28,FT-2025-00522,CL-014,diretto,A,6,200.00,2.88,1165.50
R25-001080,2025-03-28,FT-2025-00525,CL-229,distributori,C,2,305.00,7.27,565.64
R25-001081,2025-03-28,FT-2025-00554,CL-033,diretto,A,2,200.00,0.00,400.00
R25-001082,2025-03-28,FT-2025-00565,CL-245,distributori,A,6,200.00,19.60,964.80
R25-001083,2025-03-28,FT-2025-00581,CL-138,diretto,A,1,200.00,1.56,196.89
R25-001084,2025-03-28,FT-2025-00620,CL-026,diretto,A,1,200.00,3.14,193.73
R25-001085,2025-03-28,FT-2025-00626,CL-006,diretto,A,3,200.00,3.43,579.45
R25-001086,2025-03-31,FT-2025-00411,CL-024,diretto,A,2,200.00,0.00,400.00
R25-001087,2025-03-31,FT-2025-00456,CL-031,diretto,A,2,200.00,3.46,386.16
R25-001088,2025-03-31,FT-2025-00456,CL-031,diretto,A,2,200.00,4.71,381.16
R25-001089,2025-03-31,FT-2025-00463,CL-232,distributori,B,19,120.00,4.20,2184.24
R25-001090,2025-03-31,FT-2025-00536,CL-230,distributori,B,12,120.00,1.58,1417.32
R25-001091,2025-03-31,FT-2025-00558,CL-160,diretto,A,1,200.00,0.00,200.00
R25-001092,2025-03-31,FT-2025-00577,CL-014,diretto,C,5,305.00,4.57,1455.35
R25-001093,2025-03-31,FT-2025-00577,CL-014,diretto,B,6,120.00,1.97,705.84
R25-001094,2025-03-31,FT-2025-00578,CL-017,diretto,A,2,200.00,3.10,387.60
R25-001095,2025-03-31,FT-2025-00597,CL-010,diretto,B,1,120.00,0.83,119.00
R25-001096,2025-03-31,FT-2025-00597,CL-010,diretto,A,2,200.00,2.62,389.52
R25-001097,2025-03-31,FT-2025-00602,CL-007,diretto,A,1,200.00,7.41,185.18
R25-001098,2025-03-31,FT-2025-00602,CL-007,diretto,A,3,200.00,8.51,548.94
R25-001099,2025-03-31,FT-2025-00602,CL-007,diretto,A,3,200.00,8.37,549.81
R25-001100,2025-04-01,FT-2025-00699,CL-180,diretto,A,1,200.00,0.00,200.00
R25-001101,2025-04-01,FT-2025-00705,CL-179,diretto,A,1,200.00,1.93,196.14
R25-001102,2025-04-01,FT-2025-00705,CL-179,diretto,A,2,200.00,0.79,396.86
R25-001103,2025-04-01,FT-2025-00732,CL-056,diretto,A,3,200.00,3.50,579.00
R25-001104,2025-04-01,FT-2025-00779,CL-027,diretto,A,9,200.00,4.81,1713.42
R25-001105,2025-04-01,FT-2025-00779,CL-027,diretto,B,7,120.00,9.88,757.05
R25-001106,2025-04-01,FT-2025-00779,CL-027,diretto,B,8,120.00,11.06,853.84
R25-001107,2025-04-01,FT-2025-00825,CL-011,diretto,A,2,200.00,0.00,400.00
R25-001108,2025-04-01,FT-2025-00825,CL-011,diretto,A,1,200.00,0.00,200.00
R25-001109,2025-04-02,FT-2025-00654,CL-095,diretto,A,1,200.00,5.19,189.62
R25-001110,2025-04-02,FT-2025-00654,CL-095,diretto,B,1,120.00,0.00,120.00
R25-001111,2025-04-02,FT-2025-00674,CL-030,diretto,A,1,200.00,3.81,192.39
R25-001112,2025-04-02,FT-2025-00674,CL-030,diretto,A,3,200.00,3.61,578.37
R25-001113,2025-04-02,FT-2025-00674,CL-030,diretto,A,1,200.00,3.46,193.09
R25-001114,2025-04-02,FT-2025-00697,CL-254,distributori,B,9,120.00,8.70,986.04
R25-001115,2025-04-02,FT-2025-00697,CL-254,distributori,A,9,200.00,19.41,1450.62
R25-001116,2025-04-02,FT-2025-00697,CL-254,distributori,C,5,305.00,2.88,1481.05
R25-001117,2025-04-02,FT-2025-00716,CL-014,diretto,B,2,120.00,1.38,236.70
R25-001118,2025-04-02,FT-2025-00748,CL-070,diretto,A,3,200.00,0.55,596.70
R25-001119,2025-04-02,FT-2025-00748,CL-070,diretto,B,1,120.00,8.89,109.33
R25-001120,2025-04-02,FT-2025-00797,CL-124,diretto,A,1,200.00,3.39,193.22
R25-001121,2025-04-02,FT-2025-00797,CL-124,diretto,A,1,200.00,4.36,191.29
R25-001122,2025-04-02,FT-2025-00797,CL-124,diretto,B,2,120.00,0.00,240.00
R25-001123,2025-04-02,FT-2025-00798,CL-220,distributori,B,12,120.00,7.56,1331.16
R25-001124,2025-04-02,FT-2025-00798,CL-220,distributori,A,5,200.00,19.69,803.10
R25-001125,2025-04-02,FT-2025-00807,CL-020,diretto,A,6,200.00,1.99,1176.18
R25-001126,2025-04-02,FT-2025-00807,CL-020,diretto,A,2,200.00,1.06,395.76
R25-001127,2025-04-02,FT-2025-00807,CL-020,diretto,A,2,200.00,2.35,390.62
R25-001128,2025-04-02,FT-2025-00812,CL-223,distributori,C,2,305.00,5.25,577.96
R25-001129,2025-04-02,FT-2025-00812,CL-223,distributori,B,16,120.00,4.15,1840.32
R25-001130,2025-04-03,FT-2025-00638,CL-008,diretto,C,1,305.00,6.46,285.30
R25-001131,2025-04-03,FT-2025-00651,CL-111,diretto,B,2,120.00,0.42,239.00
R25-001132,2025-04-03,FT-2025-00670,CL-023,diretto,B,3,120.00,1.73,353.76
R25-001133,2025-04-03,FT-2025-00672,CL-027,diretto,A,10,200.00,5.39,1892.20
R25-001134,2025-04-03,FT-2025-00672,CL-027,diretto,A,7,200.00,6.60,1307.60
R25-001135,2025-04-03,FT-2025-00695,CL-225,distributori,B,11,120.00,3.05,1279.74
R25-001136,2025-04-03,FT-2025-00707,CL-140,diretto,A,3,200.00,0.59,596.46
R25-001137,2025-04-03,FT-2025-00707,CL-140,diretto,A,1,200.00,0.30,199.40
R25-001138,2025-04-03,FT-2025-00707,CL-140,diretto,A,1,200.00,0.00,200.00
R25-001139,2025-04-03,FT-2025-00708,CL-014,diretto,A,6,200.00,3.94,1152.72
R25-001140,2025-04-03,FT-2025-00708,CL-014,diretto,A,9,200.00,2.27,1759.14
R25-001141,2025-04-03,FT-2025-00719,CL-027,diretto,A,4,200.00,5.06,759.56
R25-001142,2025-04-03,FT-2025-00741,CL-235,distributori,C,7,305.00,5.55,2016.56
R25-001143,2025-04-03,FT-2025-00741,CL-235,distributori,A,7,200.00,18.43,1141.98
R25-001144,2025-04-03,FT-2025-00741,CL-235,distributori,B,6,120.00,1.93,706.08
R25-001145,2025-04-03,FT-2025-00745,CL-252,distributori,A,9,200.00,19.69,1445.67
R25-001146,2025-04-03,FT-2025-00745,CL-252,distributori,B,4,120.00,2.53,467.84
R25-001147,2025-04-03,FT-2025-00757,CL-028,diretto,A,4,200.00,2.50,780.00
R25-001148,2025-04-03,FT-2025-00762,CL-249,distributori,B,6,120.00,1.49,709.26
R25-001149,2025-04-03,FT-2025-00762,CL-249,distributori,B,5,120.00,2.57,584.60
R25-001150,2025-04-03,FT-2025-00762,CL-249,distributori,B,9,120.00,3.33,1044.00
R25-001151,2025-04-03,FT-2025-00817,CL-022,diretto,A,1,200.00,0.00,200.00
R25-001152,2025-04-03,FT-2025-00824,CL-224,distributori,A,10,200.00,24.26,1514.90
R25-001153,2025-04-03,FT-2025-00824,CL-224,distributori,B,5,120.00,3.40,579.60
R25-001154,2025-04-03,FT-2025-00824,CL-224,distributori,C,7,305.00,11.45,1890.56
R25-001155,2025-04-03,FT-2025-00829,CL-113,diretto,A,1,200.00,0.26,199.49
R25-001156,2025-04-03,FT-2025-00829,CL-113,diretto,A,1,200.00,0.12,199.77
R25-001157,2025-04-03,FT-2025-00832,CL-018,diretto,A,2,200.00,4.88,380.48
R25-001158,2025-04-04,FT-2025-00644,CL-246,distributori,C,4,305.00,5.75,1149.84
R25-001159,2025-04-04,FT-2025-00644,CL-246,distributori,B,21,120.00,7.03,2342.76
R25-001160,2025-04-04,FT-2025-00710,CL-258,distributori,B,12,120.00,2.28,1407.24
R25-001161,2025-04-04,FT-2025-00710,CL-258,distributori,B,11,120.00,3.22,1277.54
R25-001162,2025-04-04,FT-2025-00725,CL-046,diretto,A,1,200.00,0.00,200.00
R25-001163,2025-04-04,FT-2025-00725,CL-046,diretto,B,1,120.00,0.00,120.00
R25-001164,2025-04-04,FT-2025-00725,CL-046,diretto,A,1,200.00,0.00,200.00
R25-001165,2025-04-04,FT-2025-00730,CL-239,distributori,B,13,120.00,9.58,1410.50
R25-001166,2025-04-04,FT-2025-00740,CL-238,distributori,C,5,305.00,2.62,1485.00
R25-001167,2025-04-04,FT-2025-00756,CL-147,diretto,A,3,200.00,0.00,600.00
R25-001168,2025-04-04,FT-2025-00756,CL-147,diretto,B,2,120.00,6.08,225.42
R25-001169,2025-04-04,FT-2025-00802,CL-004,diretto,B,3,120.00,6.23,337.59
R25-001170,2025-04-04,FT-2025-00813,CL-242,distributori,B,6,120.00,8.78,656.82
R25-001171,2025-04-04,FT-2025-00813,CL-242,distributori,C,4,305.00,3.23,1180.56
R25-001172,2025-04-04,FT-2025-00822,CL-243,distributori,A,10,200.00,18.30,1634.00
R25-001173,2025-04-04,FT-2025-00822,CL-243,distributori,B,6,120.00,1.57,708.72
R25-001174,2025-04-07,FT-2025-00632,CL-021,diretto,A,3,200.00,2.98,582.12
R25-001175,2025-04-07,FT-2025-00632,CL-021,diretto,A,3,200.00,3.69,577.89
R25-001176,2025-04-07,FT-2025-00632,CL-021,diretto,A,1,200.00,3.09,193.82
R25-001177,2025-04-07,FT-2025-00645,CL-240,distributori,A,2,200.00,19.84,320.64
R25-001178,2025-04-07,FT-2025-00677,CL-257,distributori,C,8,305.00,5.47,2306.56
R25-001179,2025-04-07,FT-2025-00693,CL-227,distributori,B,9,120.00,3.86,1038.33
R25-001180,2025-04-07,FT-2025-00693,CL-227,distributori,A,3,200.00,19.21,484.74
R25-001181,2025-04-07,FT-2025-00737,CL-219,distributori,B,16,120.00,1.73,1886.88
R25-001182,2025-04-07,FT-2025-00749,CL-026,diretto,A,4,200.00,3.12,775.08
R25-001183,2025-04-07,FT-2025-00769,CL-175,diretto,A,2,200.00,0.00,400.00
R25-001184,2025-04-07,FT-2025-00769,CL-175,diretto,A,1,200.00,1.60,196.80
R25-001185,2025-04-07,FT-2025-00786,CL-014,diretto,B,2,120.00,1.08,237.42
R25-001186,2025-04-07,FT-2025-00786,CL-014,diretto,A,3,200.00,0.03,599.85
R25-001187,2025-04-07,FT-2025-00793,CL-221,distributori,A,8,200.00,18.18,1309.20
R25-001188,2025-04-07,FT-2025-00793,CL-221,distributori,B,15,120.00,2.29,1758.75
R25-001189,2025-04-07,FT-2025-00793,CL-221,distributori,B,1,120.00,0.98,118.83
R25-001190,2025-04-07,FT-2025-00814,CL-229,distributori,B,7,120.00,7.33,778.40
R25-001191,2025-04-07,FT-2025-00814,CL-229,distributori,B,7,120.00,6.09,788.83
R25-001192,2025-04-07,FT-2025-00814,CL-229,distributori,A,1,200.00,18.66,162.69
R25-001193,2025-04-07,FT-2025-00828,CL-131,diretto,A,1,200.00,1.47,197.06
R25-001194,2025-04-07,FT-2025-00828,CL-131,diretto,A,1,200.00,0.00,200.00
R25-001195,2025-04-08,FT-2025-00703,CL-226,distributori,A,11,200.00,22.11,1713.69
R25-001196,2025-04-08,FT-2025-00703,CL-226,distributori,B,16,120.00,8.68,1753.44
R25-001197,2025-04-08,FT-2025-00703,CL-226,distributori,B,7,120.00,7.95,773.22
R25-001198,2025-04-08,FT-2025-00724,CL-177,diretto,A,1,200.00,1.36,197.29
R25-001199,2025-04-08,FT-2025-00724,CL-177,diretto,A,1,200.00,0.94,198.13
R25-001200,2025-04-08,FT-2025-00728,CL-253,distributori,B,17,120.00,2.11,1996.99
R25-001201,2025-04-08,FT-2025-00728,CL-253,distributori,C,5,305.00,6.07,1432.45
R25-001202,2025-04-08,FT-2025-00739,CL-228,distributori,C,6,305.00,5.57,1728.00
R25-001203,2025-04-08,FT-2025-00739,CL-228,distributori,B,13,120.00,1.39,1538.29
R25-001204,2025-04-08,FT-2025-00754,CL-252,distributori,B,4,120.00,1.94,470.68
R25-001205,2025-04-08,FT-2025-00763,CL-029,diretto,A,1,200.00,0.00,200.00
R25-001206,2025-04-08,FT-2025-00763,CL-029,diretto,A,1,200.00,0.00,200.00
R25-001207,2025-04-08,FT-2025-00763,CL-029,diretto,B,2,120.00,1.13,237.30
R25-001208,2025-04-08,FT-2025-00788,CL-002,diretto,A,3,200.00,0.00,600.00
R25-001209,2025-04-08,FT-2025-00788,CL-002,diretto,A,2,200.00,0.08,399.68
R25-001210,2025-04-08,FT-2025-00823,CL-027,diretto,A,3,200.00,5.23,568.65
R25-001211,2025-04-09,FT-2025-00637,CL-032,diretto,A,3,200.00,2.99,582.06
R25-001212,2025-04-09,FT-2025-00637,CL-032,diretto,A,1,200.00,3.52,192.97
R25-001213,2025-04-09,FT-2025-00713,CL-224,distributori,A,10,200.00,23.35,1533.00
R25-001214,2025-04-09,FT-2025-00713,CL-224,distributori,B,16,120.00,3.05,1861.44
R25-001215,2025-04-09,FT-2025-00726,CL-025,diretto,A,2,200.00,0.00,400.00
R25-001216,2025-04-09,FT-2025-00726,CL-025,diretto,B,2,120.00,7.98,220.84
R25-001217,2025-04-09,FT-2025-00744,CL-015,diretto,A,1,200.00,0.00,200.00
R25-001218,2025-04-09,FT-2025-00758,CL-171,diretto,A,3,200.00,0.50,597.00
R25-001219,2025-04-09,FT-2025-00758,CL-171,diretto,B,1,120.00,0.00,120.00
R25-001220,2025-04-09,FT-2025-00767,CL-209,diretto,A,1,200.00,1.65,196.71
R25-001221,2025-04-09,FT-2025-00790,CL-064,diretto,B,1,120.00,0.00,120.00
R25-001222,2025-04-09,FT-2025-00790,CL-064,diretto,A,1,200.00,2.86,194.28
R25-001223,2025-04-09,FT-2025-00790,CL-064,diretto,A,3,200.00,2.72,583.68
R25-001224,2025-04-09,FT-2025-00794,CL-245,distributori,B,21,120.00,9.05,2291.94
R25-001225,2025-04-09,FT-2025-00794,CL-245,distributori,C,2,305.00,4.25,584.06
R25-001226,2025-04-09,FT-2025-00808,CL-251,distributori,B,27,120.00,8.93,2950.83
R25-001227,2025-04-09,FT-2025-00808,CL-251,distributori,A,6,200.00,17.81,986.28
R25-001228,2025-04-10,FT-2025-00642,CL-234,distributori,C,5,305.00,3.63,1469.70
R25-001229,2025-04-10,FT-2025-00669,CL-236,distributori,A,5,200.00,19.03,809.75
R25-001230,2025-04-10,FT-2025-00684,CL-016,diretto,A,2,200.00,1.86,392.58
R25-001231,2025-04-10,FT-2025-00701,CL-014,diretto,C,6,305.00,3.73,1761.72
R25-001232,2025-04-10,FT-2025-00733,CL-116,diretto,A,2,200.00,2.39,390.46
R25-001233,2025-04-10,FT-2025-00743,CL-244,distributori,B,17,120.00,8.17,1873.40
R25-001234,2025-04-10,FT-2025-00743,CL-244,distributori,A,6,200.00,19.46,966.48
R25-001235,2025-04-10,FT-2025-00768,CL-125,diretto,B,1,120.00,0.00,120.00
R25-001236,2025-04-10,FT-2025-00768,CL-125,diretto,A,3,200.00,0.00,600.00
R25-001237,2025-04-10,FT-2025-00799,CL-027,diretto,A,8,200.00,6.52,1495.68
R25-001238,2025-04-10,FT-2025-00799,CL-027,diretto,B,5,120.00,9.96,540.25
R25-001239,2025-04-10,FT-2025-00818,CL-231,distributori,A,3,200.00,26.08,443.52
R25-001240,2025-04-11,FT-2025-00636,CL-034,diretto,A,1,200.00,0.00,200.00
R25-001241,2025-04-11,FT-2025-00639,CL-255,distributori,C,5,305.00,3.76,1467.70
R25-001242,2025-04-11,FT-2025-00639,CL-255,distributori,B,8,120.00,1.93,941.44
R25-001243,2025-04-11,FT-2025-00657,CL-237,distributori,C,5,305.00,4.68,1453.65
R25-001244,2025-04-11,FT-2025-00657,CL-237,distributori,B,6,120.00,2.97,698.64
R25-001245,2025-04-11,FT-2025-00712,CL-230,distributori,B,19,120.00,3.03,2211.03
R25-001246,2025-04-11,FT-2025-00717,CL-159,diretto,A,3,200.00,0.44,597.36
R25-001247,2025-04-11,FT-2025-00717,CL-159,diretto,A,1,200.00,0.00,200.00
R25-001248,2025-04-11,FT-2025-00755,CL-129,diretto,A,1,200.00,3.29,193.43
R25-001249,2025-04-11,FT-2025-00766,CL-009,diretto,A,3,200.00,4.97,570.18
R25-001250,2025-04-11,FT-2025-00770,CL-247,distributori,B,7,120.00,5.26,795.83
R25-001251,2025-04-11,FT-2025-00803,CL-003,diretto,A,1,200.00,4.72,190.56
R25-001252,2025-04-11,FT-2025-00803,CL-003,diretto,A,3,200.00,4.21,574.77
R25-001253,2025-04-14,FT-2025-00646,CL-014,diretto,A,5,200.00,2.71,972.95
R25-001254,2025-04-14,FT-2025-00646,CL-014,diretto,A,4,200.00,2.43,780.56
R25-001255,2025-04-14,FT-2025-00658,CL-250,distributori,A,7,200.00,18.48,1141.28
R25-001256,2025-04-14,FT-2025-00658,CL-250,distributori,B,12,120.00,3.15,1394.64
R25-001257,2025-04-14,FT-2025-00665,CL-039,diretto,A,1,200.00,0.00,200.00
R25-001258,2025-04-14,FT-2025-00681,CL-008,diretto,A,3,200.00,8.57,548.61
R25-001259,2025-04-14,FT-2025-00681,CL-008,diretto,B,3,120.00,0.28,359.01
R25-001260,2025-04-14,FT-2025-00682,CL-215,diretto,A,1,200.00,0.00,200.00
R25-001261,2025-04-14,FT-2025-00682,CL-215,diretto,A,1,200.00,0.00,200.00
R25-001262,2025-04-14,FT-2025-00721,CL-233,distributori,A,4,200.00,18.03,655.80
R25-001263,2025-04-14,FT-2025-00721,CL-233,distributori,B,14,120.00,9.41,1521.94
R25-001264,2025-04-14,FT-2025-00742,CL-019,diretto,A,2,200.00,0.97,396.12
R25-001265,2025-04-14,FT-2025-00742,CL-019,diretto,A,1,200.00,0.50,199.00
R25-001266,2025-04-14,FT-2025-00753,CL-090,diretto,A,3,200.00,0.02,599.91
R25-001267,2025-04-14,FT-2025-00753,CL-090,diretto,B,1,120.00,0.00,120.00
R25-001268,2025-04-14,FT-2025-00753,CL-090,diretto,A,1,200.00,0.00,200.00
R25-001269,2025-04-14,FT-2025-00789,CL-246,distributori,B,9,120.00,7.25,1001.70
R25-001270,2025-04-14,FT-2025-00789,CL-246,distributori,A,8,200.00,22.75,1236.00
R25-001271,2025-04-14,FT-2025-00795,CL-252,distributori,B,5,120.00,3.47,579.20
R25-001272,2025-04-14,FT-2025-00810,CL-027,diretto,B,7,120.00,10.68,750.33
R25-001273,2025-04-15,FT-2025-00633,CL-235,distributori,B,17,120.00,2.79,1983.05
R25-001274,2025-04-15,FT-2025-00656,CL-207,diretto,B,1,120.00,0.00,120.00
R25-001275,2025-04-15,FT-2025-00656,CL-207,diretto,A,5,200.00,1.25,987.50
R25-001276,2025-04-15,FT-2025-00685,CL-007,diretto,A,3,200.00,7.15,557.13
R25-001277,2025-04-15,FT-2025-00687,CL-243,distributori,B,11,120.00,1.55,1299.54
R25-001278,2025-04-15,FT-2025-00718,CL-020,diretto,A,4,200.00,1.85,785.20
R25-001279,2025-04-15,FT-2025-00729,CL-023,diretto,A,1,200.00,0.00,200.00
R25-001280,2025-04-15,FT-2025-00734,CL-088,diretto,B,1,120.00,0.00,120.00
R25-001281,2025-04-15,FT-2025-00734,CL-088,diretto,A,1,200.00,3.61,192.78
R25-001282,2025-04-15,FT-2025-00734,CL-088,diretto,A,3,200.00,3.53,578.85
R25-001283,2025-04-15,FT-2025-00784,CL-146,diretto,A,2,200.00,0.00,400.00
R25-001284,2025-04-15,FT-2025-00784,CL-146,diretto,B,1,120.00,0.00,120.00
R25-001285,2025-04-15,FT-2025-00805,CL-117,diretto,B,1,120.00,0.00,120.00
R25-001286,2025-04-15,FT-2025-00805,CL-117,diretto,A,2,200.00,0.00,400.00
R25-001287,2025-04-15,FT-2025-00827,CL-005,diretto,A,2,200.00,4.67,381.34
R25-001288,2025-04-15,FT-2025-00827,CL-005,diretto,A,2,200.00,5.35,378.62
R25-001289,2025-04-16,FT-2025-00660,CL-026,diretto,A,1,200.00,3.50,193.00
R25-001290,2025-04-16,FT-2025-00683,CL-031,diretto,A,2,200.00,4.46,382.18
R25-001291,2025-04-16,FT-2025-00683,CL-031,diretto,A,3,200.00,3.30,580.20
R25-001292,2025-04-16,FT-2025-00683,CL-031,diretto,A,2,200.00,4.37,382.52
R25-001293,2025-04-16,FT-2025-00698,CL-224,distributori,B,8,120.00,1.48,945.84
R25-001294,2025-04-16,FT-2025-00711,CL-014,diretto,B,9,120.00,2.38,1054.35
R25-001295,2025-04-16,FT-2025-00711,CL-014,diretto,A,9,200.00,3.31,1740.51
R25-001296,2025-04-16,FT-2025-00711,CL-014,diretto,C,5,305.00,3.03,1478.80
R25-001297,2025-04-16,FT-2025-00801,CL-027,diretto,A,6,200.00,5.24,1137.18
R25-001298,2025-04-16,FT-2025-00801,CL-027,diretto,B,6,120.00,9.80,649.44
R25-001299,2025-04-16,FT-2025-00801,CL-027,diretto,A,2,200.00,5.30,378.80
R25-001300,2025-04-16,FT-2025-00804,CL-219,distributori,A,5,200.00,20.01,799.95
R25-001301,2025-04-16,FT-2025-00804,CL-219,distributori,C,5,305.00,5.80,1436.50
R25-001302,2025-04-16,FT-2025-00826,CL-242,distributori,B,12,120.00,8.83,1312.92
R25-001303,2025-04-16,FT-2025-00830,CL-232,distributori,A,7,200.00,21.17,1103.69
R25-001304,2025-04-16,FT-2025-00830,CL-232,distributori,B,19,120.00,4.07,2187.28
R25-001305,2025-04-16,FT-2025-00830,CL-232,distributori,C,3,305.00,11.42,810.51
R25-001306,2025-04-17,FT-2025-00634,CL-054,diretto,A,5,200.00,1.62,983.85
R25-001307,2025-04-17,FT-2025-00634,CL-054,diretto,B,1,120.00,0.00,120.00
R25-001308,2025-04-17,FT-2025-00635,CL-229,distributori,C,5,305.00,8.52,1395.10
R25-001309,2025-04-17,FT-2025-00643,CL-041,diretto,A,2,200.00,0.00,400.00
R25-001310,2025-04-17,FT-2025-00647,CL-119,diretto,A,1,200.00,0.00,200.00
R25-001311,2025-04-17,FT-2025-00647,CL-119,diretto,A,2,200.00,0.00,400.00
R25-001312,2025-04-17,FT-2025-00668,CL-018,diretto,A,2,200.00,5.05,379.80
R25-001313,2025-04-17,FT-2025-00668,CL-018,diretto,A,2,200.00,2.92,388.34
R25-001314,2025-04-17,FT-2025-00673,CL-249,distributori,B,8,120.00,3.12,930.08
R25-001315,2025-04-17,FT-2025-00678,CL-256,distributori,B,12,120.00,2.81,1399.56
R25-001316,2025-04-17,FT-2025-00678,CL-256,distributori,A,3,200.00,19.74,481.56
R25-001317,2025-04-17,FT-2025-00720,CL-002,diretto,B,2,120.00,2.63,233.68
R25-001318,2025-04-17,FT-2025-00720,CL-002,diretto,B,2,120.00,3.84,230.78
R25-001319,2025-04-17,FT-2025-00722,CL-014,diretto,B,13,120.00,1.68,1533.87
R25-001320,2025-04-17,FT-2025-00722,CL-014,diretto,B,9,120.00,1.67,1062.00
R25-001321,2025-04-17,FT-2025-00750,CL-239,distributori,C,3,305.00,3.19,885.78
R25-001322,2025-04-17,FT-2025-00750,CL-239,distributori,B,12,120.00,9.55,1302.48
R25-001323,2025-04-17,FT-2025-00750,CL-239,distributori,A,5,200.00,18.95,810.50
R25-001324,2025-04-17,FT-2025-00751,CL-252,distributori,B,12,120.00,2.38,1405.68
R25-001325,2025-04-17,FT-2025-00751,CL-252,distributori,B,9,120.00,3.63,1040.76
R25-001326,2025-04-17,FT-2025-00751,CL-252,distributori,A,10,200.00,19.00,1620.00
R25-001327,2025-04-17,FT-2025-00761,CL-141,diretto,A,4,200.00,0.86,793.16
R25-001328,2025-04-17,FT-2025-00764,CL-001,diretto,A,2,200.00,1.30,394.80
R25-001329,2025-04-17,FT-2025-00764,CL-001,diretto,A,1,200.00,1.37,197.27
R25-001330,2025-04-17,FT-2025-00773,CL-105,diretto,A,1,200.00,2.77,194.46
R25-001331,2025-04-17,FT-2025-00819,CL-027,diretto,A,9,200.00,6.47,1683.54
R25-001332,2025-04-17,FT-2025-00819,CL-027,diretto,A,6,200.00,4.86,1141.68
R25-001333,2025-04-17,FT-2025-00831,CL-010,diretto,B,2,120.00,0.00,240.00
R25-001334,2025-04-17,FT-2025-00831,CL-010,diretto,A,2,200.00,1.63,393.50
R25-001335,2025-04-18,FT-2025-00640,CL-153,diretto,A,2,200.00,2.02,391.92
R25-001336,2025-04-18,FT-2025-00655,CL-228,distributori,B,5,120.00,3.44,579.35
R25-001337,2025-04-18,FT-2025-00655,CL-228,distributori,A,7,200.00,18.74,1137.71
R25-001338,2025-04-18,FT-2025-00663,CL-226,distributori,B,8,120.00,7.69,886.16
R25-001339,2025-04-18,FT-2025-00663,CL-226,distributori,B,10,120.00,7.34,1111.90
R25-001340,2025-04-18,FT-2025-00709,CL-024,diretto,A,1,200.00,0.00,200.00
R25-001341,2025-04-18,FT-2025-00714,CL-013,diretto,A,2,200.00,3.82,384.72
R25-001342,2025-04-18,FT-2025-00731,CL-199,diretto,A,2,200.00,1.87,392.54
R25-001343,2025-04-18,FT-2025-00771,CL-253,distributori,A,5,200.00,18.77,812.30
R25-001344,2025-04-18,FT-2025-00782,CL-006,diretto,A,2,200.00,4.81,380.78
R25-001345,2025-04-18,FT-2025-00782,CL-006,diretto,A,2,200.00,3.23,387.08
R25-001346,2025-04-18,FT-2025-00782,CL-006,diretto,A,1,200.00,3.70,192.61
R25-001347,2025-04-18,FT-2025-00785,CL-238,distributori,A,10,200.00,18.95,1621.10
R25-001348,2025-04-18,FT-2025-00785,CL-238,distributori,B,14,120.00,9.14,1526.42
R25-001349,2025-04-21,FT-2025-00629,CL-104,diretto,A,1,200.00,0.00,200.00
R25-001350,2025-04-21,FT-2025-00629,CL-104,diretto,A,1,200.00,0.00,200.00
R25-001351,2025-04-21,FT-2025-00664,CL-222,distributori,B,14,120.00,6.45,1571.64
R25-001352,2025-04-21,FT-2025-00664,CL-222,distributori,A,4,200.00,18.93,648.56
R25-001353,2025-04-21,FT-2025-00675,CL-223,distributori,A,7,200.00,26.68,1026.55
R25-001354,2025-04-21,FT-2025-00686,CL-258,distributori,A,9,200.00,28.66,1284.12
R25-001355,2025-04-21,FT-2025-00686,CL-258,distributori,C,3,305.00,2.80,889.41
R25-001356,2025-04-22,FT-2025-00641,CL-033,diretto,A,3,200.00,0.00,600.00
R25-001357,2025-04-22,FT-2025-00641,CL-033,diretto,B,2,120.00,1.09,237.38
R25-001358,2025-04-22,FT-2025-00641,CL-033,diretto,B,1,120.00,1.85,117.78
R25-001359,2025-04-22,FT-2025-00666,CL-027,diretto,B,7,120.00,9.32,761.74
R25-001360,2025-04-22,FT-2025-00666,CL-027,diretto,C,4,305.00,7.58,1127.52
R25-001361,2025-04-22,FT-2025-00680,CL-014,diretto,B,5,120.00,0.74,595.55
R25-001362,2025-04-22,FT-2025-00689,CL-017,diretto,A,2,200.00,2.31,390.76
R25-001363,2025-04-22,FT-2025-00689,CL-017,diretto,A,2,200.00,3.36,386.56
R25-001364,2025-04-22,FT-2025-00690,CL-151,diretto,A,2,200.00,9.01,363.98
R25-001365,2025-04-22,FT-2025-00696,CL-230,distributori,A,7,200.00,23.04,1077.44
R25-001366,2025-04-22,FT-2025-00696,CL-230,distributori,C,3,305.00,11.48,810.00
R25-001367,2025-04-22,FT-2025-00702,CL-172,diretto,A,2,200.00,0.62,397.52
R25-001368,2025-04-22,FT-2025-00702,CL-172,diretto,B,1,120.00,8.00,110.40
R25-001369,2025-04-22,FT-2025-00706,CL-089,diretto,A,2,200.00,0.01,399.98
R25-001370,2025-04-22,FT-2025-00735,CL-241,distributori,B,8,120.00,2.07,940.16
R25-001371,2025-04-22,FT-2025-00735,CL-241,distributori,A,5,200.00,20.01,799.95
R25-001372,2025-04-22,FT-2025-00787,CL-028,diretto,A,1,200.00,2.07,195.86
R25-001373,2025-04-22,FT-2025-00787,CL-028,diretto,A,1,200.00,1.38,197.24
R25-001374,2025-04-22,FT-2025-00811,CL-245,distributori,A,4,200.00,19.65,642.80
R25-001375,2025-04-22,FT-2025-00820,CL-194,diretto,A,2,200.00,0.00,400.00
R25-001376,2025-04-22,FT-2025-00821,CL-149,diretto,A,3,200.00,4.50,573.00
R25-001377,2025-04-23,FT-2025-00652,CL-027,diretto,A,3,200.00,5.23,568.65
R25-001378,2025-04-23,FT-2025-00652,CL-027,diretto,B,6,120.00,9.03,655.02
R25-001379,2025-04-23,FT-2025-00652,CL-027,diretto,A,2,200.00,6.36,374.56
R25-001380,2025-04-23,FT-2025-00653,CL-244,distributori,C,3,305.00,2.83,889.11
R25-001381,2025-04-23,FT-2025-00653,CL-244,distributori,B,11,120.00,9.05,1200.54
R25-001382,2025-04-23,FT-2025-00700,CL-144,diretto,A,2,200.00,0.00,400.00
R25-001383,2025-04-23,FT-2025-00700,CL-144,diretto,A,1,200.00,0.00,200.00
R25-001384,2025-04-23,FT-2025-00700,CL-144,diretto,A,1,200.00,0.61,198.79
R25-001385,2025-04-23,FT-2025-00715,CL-040,diretto,A,1,200.00,0.00,200.00
R25-001386,2025-04-23,FT-2025-00715,CL-040,diretto,A,2,200.00,0.00,400.00
R25-001387,2025-04-23,FT-2025-00715,CL-040,diretto,A,1,200.00,0.00,200.00
R25-001388,2025-04-23,FT-2025-00780,CL-224,distributori,B,6,120.00,2.89,699.18
R25-001389,2025-04-23,FT-2025-00780,CL-224,distributori,B,13,120.00,3.08,1512.03
R25-001390,2025-04-23,FT-2025-00783,CL-196,diretto,A,1,200.00,9.19,181.63
R25-001391,2025-04-23,FT-2025-00806,CL-252,distributori,A,5,200.00,18.05,819.55
R25-001392,2025-04-23,FT-2025-00816,CL-008,diretto,A,1,200.00,7.91,184.18
R25-001393,2025-04-23,FT-2025-00816,CL-008,diretto,A,4,200.00,9.19,726.48
R25-001394,2025-04-24,FT-2025-00659,CL-130,diretto,B,2,120.00,0.00,240.00
R25-001395,2025-04-24,FT-2025-00659,CL-130,diretto,A,1,200.00,4.46,191.09
R25-001396,2025-04-24,FT-2025-00659,CL-130,diretto,A,2,200.00,2.84,388.66
R25-001397,2025-04-24,FT-2025-00661,CL-242,distributori,B,11,120.00,9.47,1195.04
R25-001398,2025-04-24,FT-2025-00661,CL-242,distributori,A,9,200.00,18.61,1465.02
R25-001399,2025-04-24,FT-2025-00661,CL-242,distributori,B,12,120.00,8.78,1313.64
R25-001400,2025-04-24,FT-2025-00667,CL-032,diretto,A,1,200.00,4.09,191.82
R25-001401,2025-04-24,FT-2025-00667,CL-032,diretto,A,3,200.00,5.11,569.37
R25-001402,2025-04-24,FT-2025-00676,CL-011,diretto,B,3,120.00,0.23,359.19
R25-001403,2025-04-24,FT-2025-00679,CL-236,distributori,C,2,305.00,4.03,585.42
R25-001404,2025-04-24,FT-2025-00692,CL-027,diretto,B,1,120.00,10.18,107.79
R25-001405,2025-04-24,FT-2025-00692,CL-027,diretto,A,7,200.00,6.15,1313.97
R25-001406,2025-04-24,FT-2025-00694,CL-007,diretto,A,2,200.00,8.28,366.90
R25-001407,2025-04-24,FT-2025-00723,CL-014,diretto,A,10,200.00,3.71,1925.90
R25-001408,2025-04-24,FT-2025-00723,CL-014,diretto,B,5,120.00,1.03,593.80
R25-001409,2025-04-24,FT-2025-00723,CL-014,diretto,B,7,120.00,1.28,829.22
R25-001410,2025-04-24,FT-2025-00727,CL-077,diretto,B,1,120.00,0.00,120.00
R25-001411,2025-04-24,FT-2025-00727,CL-077,diretto,A,3,200.00,2.28,586.32
R25-001412,2025-04-24,FT-2025-00736,CL-123,diretto,A,1,200.00,2.36,195.28
R25-001413,2025-04-24,FT-2025-00736,CL-123,diretto,A,1,200.00,1.25,197.50
R25-001414,2025-04-24,FT-2025-00772,CL-254,distributori,B,8,120.00,8.27,880.64
R25-001415,2025-04-24,FT-2025-00772,CL-254,distributori,B,1,120.00,8.29,110.05
R25-001416,2025-04-24,FT-2025-00772,CL-254,distributori,B,21,120.00,8.88,2296.35
R25-001417,2025-04-24,FT-2025-00774,CL-187,diretto,B,1,120.00,0.00,120.00
R25-001418,2025-04-24,FT-2025-00774,CL-187,diretto,A,2,200.00,0.00,400.00
R25-001419,2025-04-24,FT-2025-00774,CL-187,diretto,A,1,200.00,0.00,200.00
R25-001420,2025-04-24,FT-2025-00791,CL-237,distributori,A,7,200.00,20.13,1118.25
R25-001421,2025-04-24,FT-2025-00791,CL-237,distributori,B,10,120.00,3.53,1157.70
R25-001422,2025-04-24,FT-2025-00800,CL-251,distributori,C,5,305.00,3.90,1465.45
R25-001423,2025-04-28,FT-2025-00688,CL-221,distributori,C,7,305.00,7.23,1980.65
R25-001424,2025-04-28,FT-2025-00688,CL-221,distributori,B,11,120.00,1.82,1296.02
R25-001425,2025-04-28,FT-2025-00760,CL-243,distributori,B,4,120.00,1.47,472.96
R25-001426,2025-04-28,FT-2025-00760,CL-243,distributori,C,7,305.00,4.47,2039.66
R25-001427,2025-04-28,FT-2025-00775,CL-014,diretto,A,4,200.00,2.84,777.28
R25-001428,2025-04-28,FT-2025-00781,CL-246,distributori,B,8,120.00,6.52,897.44
R25-001429,2025-04-28,FT-2025-00796,CL-234,distributori,A,7,200.00,18.84,1136.31
R25-001430,2025-04-28,FT-2025-00796,CL-234,distributori,B,13,120.00,8.32,1430.26
R25-001431,2025-04-28,FT-2025-00796,CL-234,distributori,B,16,120.00,10.28,1722.72
R25-001432,2025-04-29,FT-2025-00649,CL-250,distributori,C,4,305.00,4.55,1164.44
R25-001433,2025-04-29,FT-2025-00671,CL-235,distributori,B,2,120.00,1.58,236.20
R25-001434,2025-04-29,FT-2025-00691,CL-252,distributori,C,8,305.00,3.60,2352.08
R25-001435,2025-04-29,FT-2025-00691,CL-252,distributori,B,12,120.00,1.83,1413.72
R25-001436,2025-04-29,FT-2025-00691,CL-252,distributori,C,7,305.00,2.95,2072.07
R25-001437,2025-04-29,FT-2025-00738,CL-225,distributori,C,5,305.00,6.96,1418.85
R25-001438,2025-04-29,FT-2025-00746,CL-004,diretto,A,2,200.00,0.00,400.00
R25-001439,2025-04-29,FT-2025-00747,CL-226,distributori,C,6,305.00,4.49,1747.86
R25-001440,2025-04-29,FT-2025-00747,CL-226,distributori,B,13,120.00,7.43,1444.17
R25-001441,2025-04-29,FT-2025-00776,CL-255,distributori,A,8,200.00,18.72,1300.48
R25-001442,2025-04-29,FT-2025-00776,CL-255,distributori,B,7,120.00,1.65,826.14
R25-001443,2025-04-29,FT-2025-00777,CL-026,diretto,A,5,200.00,4.50,955.05
R25-001444,2025-04-29,FT-2025-00777,CL-026,diretto,A,1,200.00,4.56,190.88
R25-001445,2025-04-29,FT-2025-00777,CL-026,diretto,A,2,200.00,4.38,382.50
R25-001446,2025-04-30,FT-2025-00630,CL-228,distributori,B,6,120.00,2.40,702.72
R25-001447,2025-04-30,FT-2025-00631,CL-238,distributori,B,9,120.00,8.26,990.81
R25-001448,2025-04-30,FT-2025-00631,CL-238,distributori,B,16,120.00,9.23,1742.72
R25-001449,2025-04-30,FT-2025-00631,CL-238,distributori,B,5,120.00,8.64,548.15
R25-001450,2025-04-30,FT-2025-00648,CL-009,diretto,A,2,200.00,3.60,385.62
R25-001451,2025-04-30,FT-2025-00648,CL-009,diretto,A,1,200.00,4.23,191.55
R25-001452,2025-04-30,FT-2025-00648,CL-009,diretto,A,2,200.00,4.87,380.52
R25-001453,2025-04-30,FT-2025-00650,CL-192,diretto,A,1,200.00,0.00,200.00
R25-001454,2025-04-30,FT-2025-00650,CL-192,diretto,A,1,200.00,0.00,200.00
R25-001455,2025-04-30,FT-2025-00662,CL-213,diretto,B,1,120.00,5.14,113.83
R25-001456,2025-04-30,FT-2025-00662,CL-213,diretto,A,3,200.00,1.70,589.83
R25-001457,2025-04-30,FT-2025-00704,CL-027,diretto,A,10,200.00,6.86,1862.80
R25-001458,2025-04-30,FT-2025-00752,CL-037,diretto,A,1,200.00,0.50,199.00
R25-001459,2025-04-30,FT-2025-00752,CL-037,diretto,B,1,120.00,0.00,120.00
R25-001460,2025-04-30,FT-2025-00759,CL-012,diretto,A,2,200.00,0.68,397.28
R25-001461,2025-04-30,FT-2025-00759,CL-012,diretto,B,3,120.00,1.23,355.59
R25-001462,2025-04-30,FT-2025-00759,CL-012,diretto,A,2,200.00,0.58,397.68
R25-001463,2025-04-30,FT-2025-00765,CL-014,diretto,B,4,120.00,1.33,473.60
R25-001464,2025-04-30,FT-2025-00778,CL-020,diretto,A,1,200.00,2.40,195.21
R25-001465,2025-04-30,FT-2025-00778,CL-020,diretto,A,1,200.00,1.78,196.44
R25-001466,2025-04-30,FT-2025-00792,CL-249,distributori,C,8,305.00,5.95,2294.88
R25-001467,2025-04-30,FT-2025-00792,CL-249,distributori,A,8,200.00,18.95,1296.80
R25-001468,2025-04-30,FT-2025-00809,CL-023,diretto,B,2,120.00,0.99,237.62
R25-001469,2025-04-30,FT-2025-00809,CL-023,diretto,B,1,120.00,1.64,118.03
R25-001470,2025-04-30,FT-2025-00809,CL-023,diretto,A,4,200.00,0.00,800.00
R25-001471,2025-04-30,FT-2025-00815,CL-229,distributori,A,12,200.00,19.32,1936.44
R25-001472,2025-04-30,FT-2025-00815,CL-229,distributori,B,22,120.00,6.67,2464.00
R25-001473,2025-05-02,FT-2025-00869,CL-230,distributori,C,4,305.00,11.48,1080.00
R25-001474,2025-05-02,FT-2025-00883,CL-027,diretto,B,6,120.00,10.58,643.80
R25-001475,2025-05-02,FT-2025-00883,CL-027,diretto,A,4,200.00,6.58,747.36
R25-001476,2025-05-02,FT-2025-00883,CL-027,diretto,B,2,120.00,10.73,214.24
R25-001477,2025-05-02,FT-2025-00893,CL-050,diretto,A,1,200.00,0.00,200.00
R25-001478,2025-05-02,FT-2025-00893,CL-050,diretto,B,2,120.00,0.00,240.00
R25-001479,2025-05-02,FT-2025-00893,CL-050,diretto,A,2,200.00,0.00,400.00
R25-001480,2025-05-02,FT-2025-00900,CL-224,distributori,C,7,305.00,11.35,1892.59
R25-001481,2025-05-02,FT-2025-00900,CL-224,distributori,A,7,200.00,24.15,1061.97
R25-001482,2025-05-02,FT-2025-00907,CL-120,diretto,A,2,200.00,0.17,399.34
R25-001483,2025-05-02,FT-2025-00907,CL-120,diretto,A,1,200.00,0.00,200.00
R25-001484,2025-05-02,FT-2025-00917,CL-157,diretto,A,1,200.00,0.00,200.00
R25-001485,2025-05-02,FT-2025-00925,CL-044,diretto,A,1,200.00,1.29,197.43
R25-001486,2025-05-02,FT-2025-00952,CL-158,diretto,B,1,120.00,0.00,120.00
R25-001487,2025-05-02,FT-2025-00952,CL-158,diretto,A,4,200.00,0.10,799.24
R25-001488,2025-05-02,FT-2025-00976,CL-010,diretto,B,3,120.00,1.07,356.16
R25-001489,2025-05-02,FT-2025-00976,CL-010,diretto,A,3,200.00,2.62,584.31
R25-001490,2025-05-02,FT-2025-00981,CL-166,diretto,A,4,200.00,4.88,761.00
R25-001491,2025-05-02,FT-2025-01031,CL-219,distributori,A,1,200.00,19.19,161.62
R25-001492,2025-05-02,FT-2025-01031,CL-219,distributori,C,11,305.00,5.71,3163.49
R25-001493,2025-05-05,FT-2025-00846,CL-018,diretto,A,2,200.00,3.56,385.76
R25-001494,2025-05-05,FT-2025-00856,CL-242,distributori,C,4,305.00,4.15,1169.40
R25-001495,2025-05-05,FT-2025-00862,CL-003,diretto,A,2,200.00,3.26,386.98
R25-001496,2025-05-05,FT-2025-00862,CL-003,diretto,A,1,200.00,3.09,193.82
R25-001497,2025-05-05,FT-2025-00862,CL-003,diretto,A,4,200.00,4.01,767.92
R25-001498,2025-05-05,FT-2025-00881,CL-239,distributori,C,3,305.00,3.83,879.96
R25-001499,2025-05-05,FT-2025-00899,CL-253,distributori,B,8,120.00,3.07,930.56
R25-001500,2025-05-05,FT-2025-00899,CL-253,distributori,C,7,305.00,4.85,2031.47
R25-001501,2025-05-05,FT-2025-00899,CL-253,distributori,B,15,120.00,2.65,1752.30
R25-001502,2025-05-05,FT-2025-00942,CL-232,distributori,C,4,305.00,10.71,1089.32
R25-001503,2025-05-05,FT-2025-00942,CL-232,distributori,B,25,120.00,4.38,2868.75
R25-001504,2025-05-05,FT-2025-00958,CL-252,distributori,B,4,120.00,3.42,463.60
R25-001505,2025-05-05,FT-2025-00961,CL-014,diretto,A,6,200.00,3.98,1152.30
R25-001506,2025-05-05,FT-2025-00961,CL-014,diretto,A,8,200.00,2.13,1565.92
R25-001507,2025-05-05,FT-2025-00962,CL-220,distributori,B,22,120.00,7.93,2430.78
R25-001508,2025-05-05,FT-2025-00962,CL-220,distributori,C,4,305.00,3.96,1171.68
R25-001509,2025-05-05,FT-2025-00970,CL-002,diretto,A,1,200.00,0.00,200.00
R25-001510,2025-05-05,FT-2025-00970,CL-002,diretto,B,5,120.00,3.98,576.10
R25-001511,2025-05-05,FT-2025-00982,CL-240,distributori,A,11,200.00,19.31,1775.29
R25-001512,2025-05-05,FT-2025-00993,CL-258,distributori,A,9,200.00,28.41,1288.71
R25-001513,2025-05-05,FT-2025-00995,CL-122,diretto,B,1,120.00,0.00,120.00
R25-001514,2025-05-05,FT-2025-01006,CL-021,diretto,A,3,200.00,3.79,577.29
R25-001515,2025-05-05,FT-2025-01006,CL-021,diretto,A,2,200.00,3.73,385.08
R25-001516,2025-05-06,FT-2025-00838,CL-233,distributori,A,5,200.00,19.54,804.65
R25-001517,2025-05-06,FT-2025-00838,CL-233,distributori,C,3,305.00,3.00,887.58
R25-001518,2025-05-06,FT-2025-00841,CL-028,diretto,A,2,200.00,1.10,395.60
R25-001519,2025-05-06,FT-2025-00841,CL-028,diretto,A,1,200.00,1.07,197.87
R25-001520,2025-05-06,FT-2025-00841,CL-028,diretto,A,3,200.00,0.73,595.65
R25-001521,2025-05-06,FT-2025-00908,CL-031,diretto,A,2,200.00,2.49,390.06
R25-001522,2025-05-06,FT-2025-00908,CL-031,diretto,A,2,200.00,3.04,387.84
R25-001523,2025-05-06,FT-2025-00929,CL-025,diretto,B,3,120.00,3.48,347.46
R25-001524,2025-05-06,FT-2025-00971,CL-096,diretto,A,1,200.00,7.58,184.84
R25-001525,2025-05-06,FT-2025-00971,CL-096,diretto,B,2,120.00,0.00,240.00
R25-001526,2025-05-06,FT-2025-00988,CL-027,diretto,A,6,200.00,5.29,1136.52
R25-001527,2025-05-06,FT-2025-00988,CL-027,diretto,B,9,120.00,9.11,981.63
R25-001528,2025-05-06,FT-2025-00988,CL-027,diretto,A,8,200.00,4.76,1523.84
R25-001529,2025-05-07,FT-2025-00851,CL-016,diretto,A,2,200.00,0.00,400.00
R25-001530,2025-05-07,FT-2025-00865,CL-005,diretto,A,2,200.00,4.15,383.40
R25-001531,2025-05-07,FT-2025-00865,CL-005,diretto,A,2,200.00,3.39,386.44
R25-001532,2025-05-07,FT-2025-00888,CL-014,diretto,B,7,120.00,0.93,832.16
R25-001533,2025-05-07,FT-2025-00888,CL-014,diretto,B,8,120.00,1.89,941.84
R25-001534,2025-05-07,FT-2025-00888,CL-014,diretto,A,2,200.00,3.84,384.66
R25-001535,2025-05-07,FT-2025-00933,CL-008,diretto,C,1,305.00,6.50,285.17
R25-001536,2025-05-07,FT-2025-00933,CL-008,diretto,B,2,120.00,7.38,222.30
R25-001537,2025-05-07,FT-2025-00948,CL-224,distributori,B,17,120.00,2.29,1993.25
R25-001538,2025-05-07,FT-2025-00963,CL-022,diretto,B,2,120.00,4.66,228.82
R25-001539,2025-05-07,FT-2025-00986,CL-202,diretto,B,2,120.00,2.92,233.00
R25-001540,2025-05-07,FT-2025-00986,CL-202,diretto,A,3,200.00,0.00,600.00
R25-001541,2025-05-07,FT-2025-00987,CL-245,distributori,B,18,120.00,9.30,1959.12
R25-001542,2025-05-07,FT-2025-00987,CL-245,distributori,B,10,120.00,8.30,1100.40
R25-001543,2025-05-07,FT-2025-00996,CL-102,diretto,B,1,120.00,0.00,120.00
R25-001544,2025-05-07,FT-2025-00996,CL-102,diretto,A,3,200.00,0.00,600.00
R25-001545,2025-05-07,FT-2025-00996,CL-102,diretto,B,3,120.00,0.00,360.00
R25-001546,2025-05-07,FT-2025-01016,CL-246,distributori,A,6,200.00,22.20,933.66
R25-001547,2025-05-07,FT-2025-01016,CL-246,distributori,B,10,120.00,8.61,1096.70
R25-001548,2025-05-07,FT-2025-01043,CL-136,diretto,A,2,200.00,0.00,400.00
R25-001549,2025-05-08,FT-2025-00833,CL-027,diretto,C,3,305.00,7.18,849.33
R25-001550,2025-05-08,FT-2025-00833,CL-027,diretto,A,5,200.00,6.03,939.75
R25-001551,2025-05-08,FT-2025-00858,CL-099,diretto,A,1,200.00,7.63,184.74
R25-001552,2025-05-08,FT-2025-00878,CL-068,diretto,A,1,200.00,0.00,200.00
R25-001553,2025-05-08,FT-2025-00939,CL-244,distributori,C,3,305.00,4.03,878.10
R25-001554,2025-05-08,FT-2025-00939,CL-244,distributori,B,10,120.00,8.30,1100.40
R25-001555,2025-05-08,FT-2025-00939,CL-244,distributori,B,18,120.00,9.02,1965.24
R25-001556,2025-05-08,FT-2025-00983,CL-197,diretto,A,1,200.00,4.66,190.68
R25-001557,2025-05-08,FT-2025-01019,CL-109,diretto,A,3,200.00,0.89,594.69
R25-001558,2025-05-08,FT-2025-01019,CL-109,diretto,B,1,120.00,0.00,120.00
R25-001559,2025-05-08,FT-2025-01019,CL-109,diretto,A,1,200.00,0.15,199.70
R25-001560,2025-05-09,FT-2025-00855,CL-029,diretto,B,1,120.00,0.11,119.87
R25-001561,2025-05-09,FT-2025-00855,CL-029,diretto,A,2,200.00,0.00,400.00
R25-001562,2025-05-09,FT-2025-00855,CL-029,diretto,B,2,120.00,1.23,237.06
R25-001563,2025-05-09,FT-2025-00870,CL-257,distributori,B,25,120.00,2.82,2915.50
R25-001564,2025-05-09,FT-2025-00872,CL-006,diretto,A,2,200.00,3.78,384.88
R25-001565,2025-05-09,FT-2025-00872,CL-006,diretto,A,1,200.00,3.88,192.24
R25-001566,2025-05-09,FT-2025-00872,CL-006,diretto,A,2,200.00,3.45,386.22
R25-001567,2025-05-09,FT-2025-00876,CL-014,diretto,A,4,200.00,3.15,774.84
R25-001568,2025-05-09,FT-2025-00876,CL-014,diretto,B,4,120.00,2.48,468.08
R25-001569,2025-05-09,FT-2025-00887,CL-252,distributori,B,10,120.00,3.39,1159.30
R25-001570,2025-05-09,FT-2025-00887,CL-252,distributori,C,9,305.00,3.56,2647.26
R25-001571,2025-05-09,FT-2025-00895,CL-085,diretto,A,3,200.00,1.28,592.32
R25-001572,2025-05-09,FT-2025-00895,CL-085,diretto,A,1,200.00,0.69,198.62
R25-001573,2025-05-09,FT-2025-00910,CL-024,diretto,B,1,120.00,2.28,117.26
R25-001574,2025-05-09,FT-2025-00923,CL-235,distributori,C,6,305.00,5.50,1729.38
R25-001575,2025-05-09,FT-2025-00923,CL-235,distributori,A,6,200.00,18.94,972.78
R25-001576,2025-05-09,FT-2025-00937,CL-026,diretto,A,1,200.00,5.03,189.94
R25-001577,2025-05-09,FT-2025-00955,CL-243,distributori,B,13,120.00,2.06,1527.89
R25-001578,2025-05-09,FT-2025-00955,CL-243,distributori,C,6,305.00,4.28,1751.64
R25-001579,2025-05-09,FT-2025-00994,CL-079,diretto,A,2,200.00,0.89,396.44
R25-001580,2025-05-09,FT-2025-00994,CL-079,diretto,A,1,200.00,2.06,195.88
R25-001581,2025-05-09,FT-2025-00994,CL-079,diretto,A,1,200.00,1.96,196.08
R25-001582,2025-05-09,FT-2025-01026,CL-195,diretto,A,1,200.00,1.33,197.35
R25-001583,2025-05-09,FT-2025-01026,CL-195,diretto,A,1,200.00,3.23,193.55
R25-001584,2025-05-09,FT-2025-01026,CL-195,diretto,A,2,200.00,3.63,385.48
R25-001585,2025-05-09,FT-2025-01041,CL-019,diretto,B,1,120.00,10.00,108.00
R25-001586,2025-05-09,FT-2025-01041,CL-019,diretto,A,4,200.00,1.58,787.40
R25-001587,2025-05-12,FT-2025-00850,CL-248,distributori,C,14,305.00,3.56,4118.10
R25-001588,2025-05-12,FT-2025-00850,CL-248,distributori,B,17,120.00,3.93,1959.76
R25-001589,2025-05-12,FT-2025-00850,CL-248,distributori,A,7,200.00,18.34,1143.24
R25-001590,2025-05-12,FT-2025-00875,CL-015,diretto,A,2,200.00,0.00,400.00
R25-001591,2025-05-12,FT-2025-00875,CL-015,diretto,B,2,120.00,0.38,239.10
R25-001592,2025-05-12,FT-2025-00894,CL-134,diretto,A,2,200.00,0.00,400.00
R25-001593,2025-05-12,FT-2025-00909,CL-229,distributori,B,9,120.00,6.83,1006.29
R25-001594,2025-05-12,FT-2025-00909,CL-229,distributori,B,14,120.00,6.22,1575.56
R25-001595,2025-05-12,FT-2025-00909,CL-229,distributori,A,11,200.00,18.27,1798.17
R25-001596,2025-05-12,FT-2025-00924,CL-206,diretto,A,3,200.00,1.19,592.89
R25-001597,2025-05-12,FT-2025-00924,CL-206,diretto,B,1,120.00,7.72,110.74
R25-001598,2025-05-12,FT-2025-00935,CL-219,distributori,B,19,120.00,2.99,2211.79
R25-001599,2025-05-12,FT-2025-00935,CL-219,distributori,B,7,120.00,1.85,824.46
R25-001600,2025-05-12,FT-2025-00935,CL-219,distributori,B,12,120.00,2.48,1404.36
R25-001601,2025-05-12,FT-2025-00967,CL-226,distributori,B,15,120.00,8.37,1649.40
R25-001602,2025-05-12,FT-2025-00968,CL-048,diretto,A,1,200.00,7.80,184.40
R25-001603,2025-05-12,FT-2025-00968,CL-048,diretto,B,2,120.00,0.00,240.00
R25-001604,2025-05-12,FT-2025-00984,CL-237,distributori,A,4,200.00,18.89,648.88
R25-001605,2025-05-12,FT-2025-01024,CL-007,diretto,A,5,200.00,7.24,927.65
R25-001606,2025-05-12,FT-2025-01024,CL-007,diretto,B,1,120.00,10.00,108.00
R25-001607,2025-05-12,FT-2025-01039,CL-030,diretto,A,2,200.00,3.63,385.48
R25-001608,2025-05-12,FT-2025-01045,CL-027,diretto,A,4,200.00,6.89,744.88
R25-001609,2025-05-13,FT-2025-00836,CL-082,diretto,A,1,200.00,0.00,200.00
R25-001610,2025-05-13,FT-2025-00840,CL-238,distributori,C,2,305.00,2.62,594.00
R25-001611,2025-05-13,FT-2025-00864,CL-034,diretto,B,2,120.00,2.63,233.70
R25-001612,2025-05-13,FT-2025-00934,CL-075,diretto,A,2,200.00,3.18,387.28
R25-001613,2025-05-13,FT-2025-00934,CL-075,diretto,B,1,120.00,0.00,120.00
R25-001614,2025-05-13,FT-2025-00954,CL-174,diretto,A,3,200.00,0.00,600.00
R25-001615,2025-05-13,FT-2025-00954,CL-174,diretto,B,1,120.00,0.00,120.00
R25-001616,2025-05-13,FT-2025-00954,CL-174,diretto,A,2,200.00,0.00,400.00
R25-001617,2025-05-13,FT-2025-00959,CL-014,diretto,C,4,305.00,4.27,1167.92
R25-001618,2025-05-13,FT-2025-00959,CL-014,diretto,B,8,120.00,1.17,948.80
R25-001619,2025-05-13,FT-2025-00965,CL-230,distributori,A,10,200.00,23.78,1524.50
R25-001620,2025-05-13,FT-2025-00999,CL-062,diretto,B,1,120.00,0.00,120.00
R25-001621,2025-05-13,FT-2025-00999,CL-062,diretto,A,3,200.00,0.00,600.00
R25-001622,2025-05-13,FT-2025-01021,CL-076,diretto,A,2,200.00,0.00,400.00
R25-001623,2025-05-13,FT-2025-01021,CL-076,diretto,A,1,200.00,0.75,198.50
R25-001624,2025-05-13,FT-2025-01021,CL-076,diretto,B,1,120.00,0.00,120.00
R25-001625,2025-05-14,FT-2025-00848,CL-223,distributori,A,4,200.00,26.83,585.40
R25-001626,2025-05-14,FT-2025-00848,CL-223,distributori,B,11,120.00,2.71,1284.25
R25-001627,2025-05-14,FT-2025-00868,CL-154,diretto,A,1,200.00,3.62,192.76
R25-001628,2025-05-14,FT-2025-00880,CL-247,distributori,A,9,200.00,18.37,1469.43
R25-001629,2025-05-14,FT-2025-00880,CL-247,distributori,B,14,120.00,6.81,1565.62
R25-001630,2025-05-14,FT-2025-00896,CL-168,diretto,A,2,200.00,0.00,400.00
R25-001631,2025-05-14,FT-2025-00912,CL-014,diretto,B,7,120.00,10.00,756.00
R25-001632,2025-05-14,FT-2025-00912,CL-014,diretto,A,5,200.00,2.58,974.25
R25-001633,2025-05-14,FT-2025-00930,CL-027,diretto,A,6,200.00,6.30,1124.40
R25-001634,2025-05-14,FT-2025-00949,CL-169,diretto,A,1,200.00,0.00,200.00
R25-001635,2025-05-14,FT-2025-00957,CL-081,diretto,B,2,120.00,6.25,225.00
R25-001636,2025-05-14,FT-2025-00957,CL-081,diretto,A,3,200.00,0.42,597.51
R25-001637,2025-05-14,FT-2025-00985,CL-224,distributori,B,15,120.00,3.04,1745.25
R25-001638,2025-05-14,FT-2025-00985,CL-224,distributori,A,6,200.00,24.07,911.16
R25-001639,2025-05-14,FT-2025-00989,CL-228,distributori,A,5,200.00,19.24,807.65
R25-001640,2025-05-14,FT-2025-01000,CL-009,diretto,B,1,120.00,10.00,108.00
R25-001641,2025-05-14,FT-2025-01000,CL-009,diretto,A,2,200.00,3.99,384.06
R25-001642,2025-05-14,FT-2025-01005,CL-252,distributori,C,5,305.00,4.40,1457.85
R25-001643,2025-05-14,FT-2025-01007,CL-020,diretto,A,3,200.00,1.38,591.72
R25-001644,2025-05-14,FT-2025-01018,CL-033,diretto,B,2,120.00,2.18,234.78
R25-001645,2025-05-14,FT-2025-01027,CL-074,diretto,B,1,120.00,0.00,120.00
R25-001646,2025-05-14,FT-2025-01027,CL-074,diretto,A,2,200.00,1.52,393.92
R25-001647,2025-05-14,FT-2025-01040,CL-236,distributori,A,8,200.00,19.62,1286.08
R25-001648,2025-05-14,FT-2025-01040,CL-236,distributori,B,24,120.00,2.36,2812.08
R25-001649,2025-05-15,FT-2025-00843,CL-249,distributori,B,17,120.00,2.40,1991.04
R25-001650,2025-05-15,FT-2025-00885,CL-032,diretto,A,2,200.00,3.52,385.92
R25-001651,2025-05-15,FT-2025-00885,CL-032,diretto,A,2,200.00,4.07,383.72
R25-001652,2025-05-15,FT-2025-00905,CL-011,diretto,B,3,120.00,0.39,358.59
R25-001653,2025-05-15,FT-2025-00905,CL-011,diretto,A,1,200.00,0.00,200.00
R25-001654,2025-05-15,FT-2025-00905,CL-011,diretto,A,2,200.00,0.00,400.00
R25-001655,2025-05-15,FT-2025-00953,CL-027,diretto,A,4,200.00,5.62,755.04
R25-001656,2025-05-15,FT-2025-00953,CL-027,diretto,B,10,120.00,9.43,1086.90
R25-001657,2025-05-15,FT-2025-00972,CL-047,diretto,A,2,200.00,3.36,386.56
R25-001658,2025-05-15,FT-2025-00972,CL-047,diretto,B,1,120.00,0.00,120.00
R25-001659,2025-05-15,FT-2025-00979,CL-043,diretto,B,2,120.00,7.73,221.44
R25-001660,2025-05-15,FT-2025-00979,CL-043,diretto,A,3,200.00,0.72,595.68
R25-001661,2025-05-15,FT-2025-00990,CL-241,distributori,A,7,200.00,19.84,1122.31
R25-001662,2025-05-15,FT-2025-00990,CL-241,distributori,C,15,305.00,5.11,4341.15
R25-001663,2025-05-15,FT-2025-00990,CL-241,distributori,B,18,120.00,1.89,2119.14
R25-001664,2025-05-15,FT-2025-01042,CL-231,distributori,B,15,120.00,2.83,1749.00
R25-001665,2025-05-16,FT-2025-00842,CL-184,diretto,A,2,200.00,1.00,396.02
R25-001666,2025-05-16,FT-2025-00844,CL-253,distributori,A,7,200.00,19.13,1132.25
R25-001667,2025-05-16,FT-2025-00861,CL-245,distributori,A,9,200.00,18.43,1468.35
R25-001668,2025-05-16,FT-2025-00861,CL-245,distributori,B,6,120.00,8.81,656.58
R25-001669,2025-05-16,FT-2025-00861,CL-245,distributori,C,5,305.00,3.96,1464.55
R25-001670,2025-05-16,FT-2025-00874,CL-242,distributori,B,12,120.00,8.53,1317.24
R25-001671,2025-05-16,FT-2025-00874,CL-242,distributori,B,5,120.00,8.51,548.95
R25-001672,2025-05-16,FT-2025-00890,CL-170,diretto,A,2,200.00,0.18,399.30
R25-001673,2025-05-16,FT-2025-00898,CL-008,diretto,A,5,200.00,7.75,922.50
R25-001674,2025-05-16,FT-2025-00898,CL-008,diretto,A,3,200.00,9.00,546.03
R25-001675,2025-05-16,FT-2025-00906,CL-084,diretto,A,2,200.00,2.34,390.66
R25-001676,2025-05-16,FT-2025-00936,CL-072,diretto,B,1,120.00,8.33,110.01
R25-001677,2025-05-16,FT-2025-00936,CL-072,diretto,A,3,200.00,0.00,600.00
R25-001678,2025-05-16,FT-2025-00997,CL-251,distributori,B,18,120.00,7.88,1989.90
R25-001679,2025-05-16,FT-2025-00997,CL-251,distributori,A,4,200.00,19.58,643.36
R25-001680,2025-05-19,FT-2025-00845,CL-221,distributori,B,15,120.00,2.84,1748.85
R25-001681,2025-05-19,FT-2025-00845,CL-221,distributori,A,3,200.00,18.77,487.38
R25-001682,2025-05-19,FT-2025-00854,CL-098,diretto,A,3,200.00,0.00,600.00
R25-001683,2025-05-19,FT-2025-00854,CL-098,diretto,B,2,120.00,0.00,240.00
R25-001684,2025-05-19,FT-2025-00854,CL-098,diretto,A,1,200.00,0.00,200.00
R25-001685,2025-05-19,FT-2025-00860,CL-246,distributori,C,3,305.00,5.36,865.95
R25-001686,2025-05-19,FT-2025-00901,CL-002,diretto,A,4,200.00,0.00,800.00
R25-001687,2025-05-19,FT-2025-00902,CL-176,diretto,B,2,120.00,0.00,240.00
R25-001688,2025-05-19,FT-2025-00902,CL-176,diretto,A,3,200.00,0.00,600.00
R25-001689,2025-05-19,FT-2025-00911,CL-026,diretto,A,3,200.00,3.37,579.81
R25-001690,2025-05-19,FT-2025-00913,CL-023,diretto,B,1,120.00,0.96,118.85
R25-001691,2025-05-19,FT-2025-00915,CL-014,diretto,A,10,200.00,2.55,1949.10
R25-001692,2025-05-19,FT-2025-00915,CL-014,diretto,C,7,305.00,3.70,2056.04
R25-001693,2025-05-19,FT-2025-00915,CL-014,diretto,B,3,120.00,1.26,355.47
R25-001694,2025-05-19,FT-2025-00927,CL-114,diretto,B,1,120.00,0.00,120.00
R25-001695,2025-05-19,FT-2025-00927,CL-114,diretto,A,1,200.00,1.30,197.41
R25-001696,2025-05-19,FT-2025-00927,CL-114,diretto,A,2,200.00,0.28,398.88
R25-001697,2025-05-19,FT-2025-00931,CL-004,diretto,B,4,120.00,0.01,479.96
R25-001698,2025-05-19,FT-2025-00931,CL-004,diretto,A,2,200.00,0.00,400.00
R25-001699,2025-05-19,FT-2025-00932,CL-252,distributori,B,15,120.00,3.05,1745.10
R25-001700,2025-05-19,FT-2025-00945,CL-103,diretto,A,2,200.00,1.29,394.84
R25-001701,2025-05-19,FT-2025-00969,CL-013,diretto,A,1,200.00,3.21,193.58
R25-001702,2025-05-19,FT-2025-00969,CL-013,diretto,A,3,200.00,4.71,571.74
R25-001703,2025-05-20,FT-2025-00903,CL-067,diretto,A,1,200.00,1.83,196.34
R25-001704,2025-05-20,FT-2025-00903,CL-067,diretto,A,1,200.00,2.97,194.07
R25-001705,2025-05-20,FT-2025-00916,CL-183,diretto,A,2,200.00,3.82,384.74
R25-001706,2025-05-20,FT-2025-00916,CL-183,diretto,A,2,200.00,0.37,398.54
R25-001707,2025-05-20,FT-2025-00916,CL-183,diretto,B,1,120.00,4.17,115.00
R25-001708,2025-05-20,FT-2025-00918,CL-212,diretto,A,3,200.00,0.81,595.17
R25-001709,2025-05-20,FT-2025-00918,CL-212,diretto,B,1,120.00,4.17,115.00
R25-001710,2025-05-20,FT-2025-00926,CL-027,diretto,A,3,200.00,4.92,570.48
R25-001711,2025-05-20,FT-2025-00926,CL-027,diretto,B,5,120.00,10.00,540.00
R25-001712,2025-05-20,FT-2025-00926,CL-027,diretto,A,10,200.00,6.92,1861.70
R25-001713,2025-05-20,FT-2025-00940,CL-108,diretto,A,2,200.00,4.00,384.00
R25-001714,2025-05-20,FT-2025-00941,CL-018,diretto,A,2,200.00,4.85,380.62
R25-001715,2025-05-20,FT-2025-00941,CL-018,diretto,B,1,120.00,10.00,108.00
R25-001716,2025-05-20,FT-2025-00941,CL-018,diretto,A,5,200.00,3.06,969.40
R25-001717,2025-05-20,FT-2025-01009,CL-036,diretto,A,3,200.00,2.10,587.40
R25-001718,2025-05-20,FT-2025-01009,CL-036,diretto,B,1,120.00,0.00,120.00
R25-001719,2025-05-20,FT-2025-01025,CL-243,distributori,A,8,200.00,18.88,1297.92
R25-001720,2025-05-20,FT-2025-01032,CL-014,diretto,B,6,120.00,2.83,699.66
R25-001721,2025-05-20,FT-2025-01032,CL-014,diretto,B,9,120.00,2.60,1051.92
R25-001722,2025-05-21,FT-2025-00853,CL-254,distributori,B,13,120.00,8.68,1424.54
R25-001723,2025-05-21,FT-2025-00853,CL-254,distributori,A,3,200.00,19.54,482.76
R25-001724,2025-05-21,FT-2025-00857,CL-055,diretto,A,2,200.00,3.13,387.48
R25-001725,2025-05-21,FT-2025-00886,CL-234,distributori,A,5,200.00,19.68,803.20
R25-001726,2025-05-21,FT-2025-00886,CL-234,distributori,C,3,305.00,3.80,880.26
R25-001727,2025-05-21,FT-2025-00886,CL-234,distributori,B,22,120.00,8.33,2420.00
R25-001728,2025-05-21,FT-2025-00889,CL-229,distributori,B,7,120.00,6.71,783.65
R25-001729,2025-05-21,FT-2025-00889,CL-229,distributori,C,4,305.00,7.77,1125.24
R25-001730,2025-05-21,FT-2025-00946,CL-211,diretto,A,3,200.00,1.24,592.59
R25-001731,2025-05-21,FT-2025-00946,CL-211,diretto,B,1,120.00,0.00,120.00
R25-001732,2025-05-21,FT-2025-00956,CL-230,distributori,B,11,120.00,2.93,1281.39
R25-001733,2025-05-21,FT-2025-00956,CL-230,distributori,B,15,120.00,2.75,1750.50
R25-001734,2025-05-21,FT-2025-00960,CL-244,distributori,A,6,200.00,19.34,967.92
R25-001735,2025-05-21,FT-2025-01028,CL-010,diretto,A,1,200.00,0.00,200.00
R25-001736,2025-05-21,FT-2025-01028,CL-010,diretto,B,2,120.00,0.00,240.00
R25-001737,2025-05-21,FT-2025-01038,CL-255,distributori,C,5,305.00,4.24,1460.35
R25-001738,2025-05-21,FT-2025-01038,CL-255,distributori,B,12,120.00,3.05,1396.08
R25-001739,2025-05-21,FT-2025-01038,CL-255,distributori,A,6,200.00,19.27,968.82
R25-001740,2025-05-21,FT-2025-01044,CL-258,distributori,B,12,120.00,2.11,1409.64
R25-001741,2025-05-21,FT-2025-01044,CL-258,distributori,C,3,305.00,2.64,890.88
R25-001742,2025-05-21,FT-2025-01044,CL-258,distributori,B,12,120.00,2.53,1403.64
R25-001743,2025-05-22,FT-2025-00849,CL-219,distributori,C,1,305.00,5.56,288.05
R25-001744,2025-05-22,FT-2025-00849,CL-219,distributori,B,5,120.00,2.28,586.30
R25-001745,2025-05-22,FT-2025-00849,CL-219,distributori,A,11,200.00,18.26,1798.28
R25-001746,2025-05-22,FT-2025-00852,CL-235,distributori,B,10,120.00,1.93,1176.80
R25-001747,2025-05-22,FT-2025-00852,CL-235,distributori,B,10,120.00,1.99,1176.10
R25-001748,2025-05-22,FT-2025-00871,CL-250,distributori,B,4,120.00,1.70,471.84
R25-001749,2025-05-22,FT-2025-00897,CL-027,diretto,B,3,120.00,11.09,320.07
R25-001750,2025-05-22,FT-2025-00919,CL-028,diretto,A,1,200.00,0.77,198.46
R25-001751,2025-05-22,FT-2025-00919,CL-028,diretto,A,3,200.00,0.83,595.02
R25-001752,2025-05-22,FT-2025-00922,CL-224,distributori,A,10,200.00,23.40,1532.00
R25-001753,2025-05-22,FT-2025-00922,CL-224,distributori,B,5,120.00,2.83,583.00
R25-001754,2025-05-22,FT-2025-00944,CL-007,diretto,A,2,200.00,7.44,370.24
R25-001755,2025-05-22,FT-2025-01013,CL-107,diretto,A,1,200.00,4.76,190.48
R25-001756,2025-05-22,FT-2025-01013,CL-107,diretto,B,2,120.00,0.00,240.00
R25-001757,2025-05-22,FT-2025-01013,CL-107,diretto,A,2,200.00,3.42,386.32
R25-001758,2025-05-23,FT-2025-00834,CL-167,diretto,B,1,120.00,0.00,120.00
R25-001759,2025-05-23,FT-2025-00834,CL-167,diretto,B,1,120.00,0.00,120.00
R25-001760,2025-05-23,FT-2025-00834,CL-167,diretto,A,1,200.00,5.50,189.00
R25-001761,2025-05-23,FT-2025-00847,CL-238,distributori,B,22,120.00,8.67,2411.20
R25-001762,2025-05-23,FT-2025-00847,CL-238,distributori,A,5,200.00,18.99,810.15
R25-001763,2025-05-23,FT-2025-00866,CL-225,distributori,B,6,120.00,2.50,702.00
R25-001764,2025-05-23,FT-2025-00867,CL-014,diretto,A,5,200.00,2.36,976.40
R25-001765,2025-05-23,FT-2025-00943,CL-252,distributori,A,6,200.00,18.60,976.80
R25-001766,2025-05-23,FT-2025-00943,CL-252,distributori,B,9,120.00,2.56,1052.37
R25-001767,2025-05-23,FT-2025-00943,CL-252,distributori,B,5,120.00,2.64,584.15
R25-001768,2025-05-23,FT-2025-00947,CL-239,distributori,B,9,120.00,8.96,983.25
R25-001769,2025-05-23,FT-2025-00947,CL-239,distributori,A,6,200.00,18.38,979.44
R25-001770,2025-05-23,FT-2025-00947,CL-239,distributori,B,16,120.00,8.47,1757.44
R25-001771,2025-05-23,FT-2025-01037,CL-070,diretto,B,2,120.00,8.48,219.66
R25-001772,2025-05-23,FT-2025-01037,CL-070,diretto,A,3,200.00,1.61,590.34
R25-001773,2025-05-26,FT-2025-00835,CL-066,diretto,A,2,200.00,0.83,396.70
R25-001774,2025-05-26,FT-2025-00892,CL-027,diretto,B,3,120.00,9.07,327.36
R25-001775,2025-05-26,FT-2025-00892,CL-027,diretto,A,7,200.00,5.88,1317.68
R25-001776,2025-05-26,FT-2025-00892,CL-027,diretto,A,6,200.00,7.00,1116.06
R25-001777,2025-05-26,FT-2025-00938,CL-242,distributori,B,17,120.00,10.23,1831.41
R25-001778,2025-05-26,FT-2025-00938,CL-242,distributori,A,7,200.00,18.37,1142.82
R25-001779,2025-05-26,FT-2025-01004,CL-003,diretto,A,2,200.00,4.86,380.56
R25-001780,2025-05-26,FT-2025-01004,CL-003,diretto,A,2,200.00,3.82,384.72
R25-001781,2025-05-26,FT-2025-01015,CL-065,diretto,B,1,120.00,5.67,113.20
R25-001782,2025-05-26,FT-2025-01015,CL-065,diretto,A,2,200.00,0.00,400.00
R25-001783,2025-05-26,FT-2025-01015,CL-065,diretto,B,1,120.00,0.00,120.00
R25-001784,2025-05-26,FT-2025-01020,CL-226,distributori,A,3,200.00,21.45,471.30
R25-001785,2025-05-26,FT-2025-01029,CL-017,diretto,A,2,200.00,3.99,384.04
R25-001786,2025-05-26,FT-2025-01034,CL-112,diretto,A,3,200.00,0.51,596.97
R25-001787,2025-05-26,FT-2025-01034,CL-112,diretto,A,2,200.00,1.29,394.86
R25-001788,2025-05-26,FT-2025-01034,CL-112,diretto,B,1,120.00,0.00,120.00
R25-001789,2025-05-27,FT-2025-00873,CL-190,diretto,A,1,200.00,8.73,182.54
R25-001790,2025-05-27,FT-2025-00882,CL-228,distributori,C,4,305.00,4.45,1165.76
R25-001791,2025-05-27,FT-2025-00882,CL-228,distributori,B,14,120.00,2.75,1633.80
R25-001792,2025-05-27,FT-2025-00920,CL-014,diretto,A,10,200.00,1.88,1962.40
R25-001793,2025-05-27,FT-2025-00928,CL-205,diretto,A,2,200.00,3.36,386.58
R25-001794,2025-05-27,FT-2025-00950,CL-256,distributori,A,2,200.00,19.60,321.62
R25-001795,2025-05-27,FT-2025-00973,CL-237,distributori,B,8,120.00,3.41,927.28
R25-001796,2025-05-27,FT-2025-00975,CL-218,diretto,A,2,200.00,0.00,400.00
R25-001797,2025-05-27,FT-2025-00975,CL-218,diretto,B,1,120.00,0.00,120.00
R25-001798,2025-05-27,FT-2025-01001,CL-233,distributori,B,21,120.00,7.88,2321.34
R25-001799,2025-05-27,FT-2025-01002,CL-227,distributori,C,15,305.00,5.86,4306.80
R25-001800,2025-05-27,FT-2025-01002,CL-227,distributori,A,5,200.00,18.90,811.05
R25-001801,2025-05-27,FT-2025-01002,CL-227,distributori,B,13,120.00,1.73,1533.09
R25-001802,2025-05-27,FT-2025-01010,CL-222,distributori,A,2,200.00,18.96,324.16
R25-001803,2025-05-27,FT-2025-01012,CL-027,diretto,A,10,200.00,5.28,1894.50
R25-001804,2025-05-27,FT-2025-01033,CL-005,diretto,A,2,200.00,4.78,380.90
R25-001805,2025-05-28,FT-2025-00879,CL-127,diretto,A,1,200.00,1.78,196.44
R25-001806,2025-05-28,FT-2025-00884,CL-038,diretto,A,3,200.00,2.37,585.81
R25-001807,2025-05-28,FT-2025-00891,CL-246,distributori,B,21,120.00,6.87,2346.96
R25-001808,2025-05-28,FT-2025-00904,CL-209,diretto,B,1,120.00,2.94,116.47
R25-001809,2025-05-28,FT-2025-00904,CL-209,diretto,A,3,200.00,1.60,590.40
R25-001810,2025-05-28,FT-2025-00977,CL-252,distributori,A,9,200.00,18.85,1460.70
R25-001811,2025-05-28,FT-2025-00977,CL-252,distributori,A,7,200.00,18.66,1138.76
R25-001812,2025-05-28,FT-2025-00978,CL-232,distributori,B,1,120.00,5.15,113.82
R25-001813,2025-05-28,FT-2025-00978,CL-232,distributori,A,10,200.00,21.16,1576.90
R25-001814,2025-05-28,FT-2025-00992,CL-224,distributori,B,6,120.00,2.68,700.74
R25-001815,2025-05-28,FT-2025-00992,CL-224,distributori,B,12,120.00,1.84,1413.48
R25-001816,2025-05-28,FT-2025-01023,CL-020,diretto,A,2,200.00,1.18,395.28
R25-001817,2025-05-28,FT-2025-01030,CL-236,distributori,C,5,305.00,5.81,1436.40
R25-001818,2025-05-29,FT-2025-00837,CL-245,distributori,B,8,120.00,9.68,867.04
R25-001819,2025-05-29,FT-2025-00921,CL-249,distributori,C,5,305.00,6.85,1420.55
R25-001820,2025-05-29,FT-2025-00921,CL-249,distributori,A,5,200.00,19.74,802.60
R25-001821,2025-05-29,FT-2025-00921,CL-249,distributori,B,2,120.00,2.33,234.40
R25-001822,2025-05-29,FT-2025-00964,CL-008,diretto,B,2,120.00,0.00,240.00
R25-001823,2025-05-29,FT-2025-00964,CL-008,diretto,A,2,200.00,3.21,387.18
R25-001824,2025-05-29,FT-2025-00980,CL-031,diretto,A,3,200.00,2.53,584.82
R25-001825,2025-05-29,FT-2025-00991,CL-200,diretto,A,1,200.00,0.72,198.57
R25-001826,2025-05-29,FT-2025-00991,CL-200,diretto,A,3,200.00,0.00,600.00
R25-001827,2025-05-29,FT-2025-00991,CL-200,diretto,A,1,200.00,0.56,198.89
R25-001828,2025-05-29,FT-2025-01008,CL-060,diretto,A,2,200.00,0.00,400.00
R25-001829,2025-05-29,FT-2025-01008,CL-060,diretto,B,1,120.00,0.00,120.00
R25-001830,2025-05-29,FT-2025-01011,CL-014,diretto,B,5,120.00,1.15,593.10
R25-001831,2025-05-29,FT-2025-01022,CL-026,diretto,A,3,200.00,4.60,572.43
R25-001832,2025-05-29,FT-2025-01022,CL-026,diretto,A,3,200.00,5.09,569.46
R25-001833,2025-05-30,FT-2025-00839,CL-191,diretto,A,1,200.00,0.00,200.00
R25-001834,2025-05-30,FT-2025-00859,CL-240,distributori,B,23,120.00,2.22,2698.82
R25-001835,2025-05-30,FT-2025-00863,CL-216,diretto,B,1,120.00,0.00,120.00
R25-001836,2025-05-30,FT-2025-00863,CL-216,diretto,A,3,200.00,1.67,590.01
R25-001837,2025-05-30,FT-2025-00877,CL-220,distributori,A,9,200.00,18.64,1464.48
R25-001838,2025-05-30,FT-2025-00877,CL-220,distributori,B,1,120.00,8.70,109.56
R25-001839,2025-05-30,FT-2025-00914,CL-061,diretto,A,1,200.00,3.16,193.68
R25-001840,2025-05-30,FT-2025-00914,CL-061,diretto,A,2,200.00,2.54,389.86
R25-001841,2025-05-30,FT-2025-00951,CL-002,diretto,A,1,200.00,0.00,200.00
R25-001842,2025-05-30,FT-2025-00951,CL-002,diretto,B,1,120.00,3.88,115.35
R25-001843,2025-05-30,FT-2025-00966,CL-243,distributori,B,4,120.00,3.18,464.76
R25-001844,2025-05-30,FT-2025-00974,CL-021,diretto,A,2,200.00,3.70,385.20
R25-001845,2025-05-30,FT-2025-00998,CL-160,diretto,A,2,200.00,0.00,400.00
R25-001846,2025-05-30,FT-2025-00998,CL-160,diretto,A,1,200.00,0.00,200.00
R25-001847,2025-05-30,FT-2025-00998,CL-160,diretto,B,2,120.00,0.00,240.00
R25-001848,2025-05-30,FT-2025-01003,CL-016,diretto,A,2,200.00,2.50,390.02
R25-001849,2025-05-30,FT-2025-01003,CL-016,diretto,B,3,120.00,9.97,324.12
R25-001850,2025-05-30,FT-2025-01014,CL-182,diretto,A,2,200.00,1.99,392.06
R25-001851,2025-05-30,FT-2025-01014,CL-182,diretto,B,2,120.00,0.00,240.00
R25-001852,2025-05-30,FT-2025-01017,CL-009,diretto,A,5,200.00,4.00,960.00
R25-001853,2025-05-30,FT-2025-01017,CL-009,diretto,A,1,200.00,3.43,193.14
R25-001854,2025-05-30,FT-2025-01017,CL-009,diretto,A,2,200.00,4.88,380.50
R25-001855,2025-05-30,FT-2025-01035,CL-027,diretto,B,7,120.00,10.49,751.87
R25-001856,2025-05-30,FT-2025-01035,CL-027,diretto,A,10,200.00,5.92,1881.70
R25-001857,2025-05-30,FT-2025-01036,CL-078,diretto,A,2,200.00,0.09,399.66
R25-001858,2025-05-30,FT-2025-01036,CL-078,diretto,B,1,120.00,0.00,120.00
R25-001859,2025-06-03,FT-2025-01054,CL-230,distributori,A,8,200.00,24.20,1212.88
R25-001860,2025-06-03,FT-2025-01118,CL-029,diretto,B,2,120.00,1.23,237.06
R25-001861,2025-06-03,FT-2025-01124,CL-251,distributori,B,18,120.00,9.01,1965.42
R25-001862,2025-06-03,FT-2025-01134,CL-208,diretto,A,4,200.00,1.16,790.72
R25-001863,2025-06-03,FT-2025-01134,CL-208,diretto,B,1,120.00,0.00,120.00
R25-001864,2025-06-03,FT-2025-01148,CL-014,diretto,B,4,120.00,0.77,476.32
R25-001865,2025-06-03,FT-2025-01148,CL-014,diretto,B,6,120.00,1.30,710.64
R25-001866,2025-06-03,FT-2025-01170,CL-229,distributori,B,12,120.00,7.75,1328.40
R25-001867,2025-06-03,FT-2025-01170,CL-229,distributori,A,11,200.00,19.56,1769.79
R25-001868,2025-06-03,FT-2025-01171,CL-143,diretto,A,1,200.00,0.89,198.22
R25-001869,2025-06-03,FT-2025-01175,CL-027,diretto,A,2,200.00,5.32,378.72
R25-001870,2025-06-03,FT-2025-01175,CL-027,diretto,A,3,200.00,4.85,570.93
R25-001871,2025-06-03,FT-2025-01203,CL-023,diretto,B,3,120.00,0.47,358.32
R25-001872,2025-06-03,FT-2025-01203,CL-023,diretto,A,1,200.00,0.00,200.00
R25-001873,2025-06-03,FT-2025-01213,CL-253,distributori,B,11,120.00,2.57,1286.12
R25-001874,2025-06-03,FT-2025-01213,CL-253,distributori,C,8,305.00,6.12,2290.64
R25-001875,2025-06-03,FT-2025-01213,CL-253,distributori,B,5,120.00,3.28,580.35
R25-001876,2025-06-03,FT-2025-01242,CL-214,diretto,A,1,200.00,6.37,187.27
R25-001877,2025-06-03,FT-2025-01242,CL-214,diretto,A,2,200.00,7.21,371.18
R25-001878,2025-06-04,FT-2025-01047,CL-150,diretto,A,2,200.00,0.00,400.00
R25-001879,2025-06-04,FT-2025-01047,CL-150,diretto,A,1,200.00,0.33,199.34
R25-001880,2025-06-04,FT-2025-01047,CL-150,diretto,A,1,200.00,0.00,200.00
R25-001881,2025-06-04,FT-2025-01049,CL-252,distributori,B,4,120.00,1.89,470.92
R25-001882,2025-06-04,FT-2025-01049,CL-252,distributori,A,7,200.00,19.10,1132.60
R25-001883,2025-06-04,FT-2025-01049,CL-252,distributori,B,5,120.00,2.79,583.25
R25-001884,2025-06-04,FT-2025-01123,CL-018,diretto,A,1,200.00,4.48,191.05
R25-001885,2025-06-04,FT-2025-01133,CL-224,distributori,A,9,200.00,22.91,1387.71
R25-001886,2025-06-04,FT-2025-01144,CL-019,diretto,A,5,200.00,1.41,985.95
R25-001887,2025-06-04,FT-2025-01222,CL-093,diretto,A,1,200.00,1.83,196.34
R25-001888,2025-06-04,FT-2025-01256,CL-069,diretto,A,1,200.00,1.65,196.71
R25-001889,2025-06-04,FT-2025-01260,CL-135,diretto,B,1,120.00,0.00,120.00
R25-001890,2025-06-04,FT-2025-01260,CL-135,diretto,A,2,200.00,0.00,400.00
R25-001891,2025-06-04,FT-2025-01261,CL-024,diretto,B,3,120.00,2.20,352.08
R25-001892,2025-06-04,FT-2025-01261,CL-024,diretto,A,3,200.00,0.00,600.00
R25-001893,2025-06-05,FT-2025-01087,CL-226,distributori,B,19,120.00,7.25,2114.70
R25-001894,2025-06-05,FT-2025-01087,CL-226,distributori,B,8,120.00,7.76,885.52
R25-001895,2025-06-05,FT-2025-01087,CL-226,distributori,C,6,305.00,3.15,1772.34
R25-001896,2025-06-05,FT-2025-01110,CL-235,distributori,A,6,200.00,18.44,978.72
R25-001897,2025-06-05,FT-2025-01187,CL-014,diretto,A,4,200.00,1.96,784.36
R25-001898,2025-06-05,FT-2025-01188,CL-034,diretto,B,4,120.00,2.39,468.52
R25-001899,2025-06-05,FT-2025-01194,CL-258,distributori,C,4,305.00,3.05,1182.76
R25-001900,2025-06-05,FT-2025-01194,CL-258,distributori,B,12,120.00,3.09,1395.48
R25-001901,2025-06-05,FT-2025-01229,CL-022,diretto,A,3,200.00,0.00,600.00
R25-001902,2025-06-05,FT-2025-01229,CL-022,diretto,B,3,120.00,0.74,357.33
R25-001903,2025-06-05,FT-2025-01229,CL-022,diretto,B,1,120.00,1.27,118.48
R25-001904,2025-06-05,FT-2025-01235,CL-239,distributori,C,2,305.00,3.77,586.98
R25-001905,2025-06-05,FT-2025-01235,CL-239,distributori,B,19,120.00,7.86,2100.83
R25-001906,2025-06-05,FT-2025-01237,CL-223,distributori,B,17,120.00,3.88,1960.78
R25-001907,2025-06-05,FT-2025-01237,CL-223,distributori,B,8,120.00,2.90,932.16
R25-001908,2025-06-05,FT-2025-01237,CL-223,distributori,A,11,200.00,26.49,1617.22
R25-001909,2025-06-06,FT-2025-01116,CL-010,diretto,A,3,200.00,1.06,593.67
R25-001910,2025-06-06,FT-2025-01116,CL-010,diretto,B,2,120.00,0.00,240.00
R25-001911,2025-06-06,FT-2025-01131,CL-001,diretto,A,1,200.00,2.08,195.85
R25-001912,2025-06-06,FT-2025-01131,CL-001,diretto,A,2,200.00,2.72,389.12
R25-001913,2025-06-06,FT-2025-01131,CL-001,diretto,A,1,200.00,1.67,196.66
R25-001914,2025-06-06,FT-2025-01169,CL-032,diretto,A,3,200.00,4.57,572.61
R25-001915,2025-06-06,FT-2025-01172,CL-058,diretto,B,2,120.00,0.00,240.00
R25-001916,2025-06-06,FT-2025-01172,CL-058,diretto,A,3,200.00,4.16,575.07
R25-001917,2025-06-06,FT-2025-01184,CL-006,diretto,A,1,200.00,3.43,193.14
R25-001918,2025-06-06,FT-2025-01184,CL-006,diretto,A,3,200.00,5.04,569.76
R25-001919,2025-06-06,FT-2025-01199,CL-219,distributori,B,8,120.00,2.27,938.24
R25-001920,2025-06-06,FT-2025-01207,CL-027,diretto,B,7,120.00,9.48,760.34
R25-001921,2025-06-06,FT-2025-01220,CL-238,distributori,B,18,120.00,8.37,1979.28
R25-001922,2025-06-06,FT-2025-01220,CL-238,distributori,B,11,120.00,8.48,1208.13
R25-001923,2025-06-06,FT-2025-01247,CL-242,distributori,B,7,120.00,8.62,767.62
R25-001924,2025-06-06,FT-2025-01247,CL-242,distributori,A,9,200.00,18.64,1464.48
R25-001925,2025-06-06,FT-2025-01248,CL-007,diretto,A,3,200.00,8.00,552.03
R25-001926,2025-06-09,FT-2025-01077,CL-014,diretto,A,3,200.00,3.69,577.89
R25-001927,2025-06-09,FT-2025-01080,CL-057,diretto,A,2,200.00,1.98,392.08
R25-001928,2025-06-09,FT-2025-01080,CL-057,diretto,B,1,120.00,0.00,120.00
R25-001929,2025-06-09,FT-2025-01082,CL-071,diretto,B,1,120.00,0.00,120.00
R25-001930,2025-06-09,FT-2025-01082,CL-071,diretto,A,2,200.00,1.86,392.58
R25-001931,2025-06-09,FT-2025-01082,CL-071,diretto,A,2,200.00,1.83,392.68
R25-001932,2025-06-09,FT-2025-01085,CL-027,diretto,A,8,200.00,5.47,1512.56
R25-001933,2025-06-09,FT-2025-01085,CL-027,diretto,A,5,200.00,5.30,947.00
R25-001934,2025-06-09,FT-2025-01085,CL-027,diretto,A,15,200.00,4.78,2856.60
R25-001935,2025-06-09,FT-2025-01094,CL-246,distributori,C,4,305.00,4.83,1161.12
R25-001936,2025-06-09,FT-2025-01094,CL-246,distributori,A,8,200.00,21.23,1260.32
R25-001937,2025-06-09,FT-2025-01095,CL-012,diretto,B,2,120.00,0.82,238.04
R25-001938,2025-06-09,FT-2025-01095,CL-012,diretto,A,3,200.00,0.19,598.89
R25-001939,2025-06-09,FT-2025-01132,CL-228,distributori,C,8,305.00,5.42,2307.84
R25-001940,2025-06-09,FT-2025-01132,CL-228,distributori,B,4,120.00,3.15,464.88
R25-001941,2025-06-09,FT-2025-01132,CL-228,distributori,B,11,120.00,2.60,1285.68
R25-001942,2025-06-09,FT-2025-01136,CL-004,diretto,B,2,120.00,0.04,239.90
R25-001943,2025-06-09,FT-2025-01136,CL-004,diretto,B,1,120.00,1.76,117.89
R25-001944,2025-06-09,FT-2025-01136,CL-004,diretto,A,3,200.00,0.00,600.00
R25-001945,2025-06-09,FT-2025-01157,CL-025,diretto,B,2,120.00,3.86,230.74
R25-001946,2025-06-09,FT-2025-01157,CL-025,diretto,A,2,200.00,0.00,400.00
R25-001947,2025-06-09,FT-2025-01160,CL-244,distributori,B,21,120.00,8.97,2294.04
R25-001948,2025-06-09,FT-2025-01216,CL-243,distributori,B,9,120.00,2.58,1052.10
R25-001949,2025-06-09,FT-2025-01216,CL-243,distributori,B,7,120.00,1.45,827.82
R25-001950,2025-06-09,FT-2025-01221,CL-255,distributori,C,9,305.00,4.43,2623.41
R25-001951,2025-06-09,FT-2025-01226,CL-091,diretto,A,3,200.00,0.00,600.00
R25-001952,2025-06-09,FT-2025-01226,CL-091,diretto,B,2,120.00,0.00,240.00
R25-001953,2025-06-09,FT-2025-01234,CL-142,diretto,A,2,200.00,2.78,388.88
R25-001954,2025-06-09,FT-2025-01255,CL-252,distributori,B,6,120.00,1.63,708.24
R25-001955,2025-06-10,FT-2025-01058,CL-015,diretto,A,2,200.00,0.00,400.00
R25-001956,2025-06-10,FT-2025-01058,CL-015,diretto,A,1,200.00,0.00,200.00
R25-001957,2025-06-10,FT-2025-01058,CL-015,diretto,B,3,120.00,4.13,345.15
R25-001958,2025-06-10,FT-2025-01065,CL-186,diretto,B,1,120.00,0.00,120.00
R25-001959,2025-06-10,FT-2025-01065,CL-186,diretto,A,2,200.00,2.10,391.60
R25-001960,2025-06-10,FT-2025-01081,CL-257,distributori,B,6,120.00,1.72,707.64
R25-001961,2025-06-10,FT-2025-01121,CL-033,diretto,B,1,120.00,1.65,118.02
R25-001962,2025-06-10,FT-2025-01149,CL-030,diretto,A,3,200.00,4.65,572.10
R25-001963,2025-06-10,FT-2025-01149,CL-030,diretto,A,1,200.00,2.77,194.47
R25-001964,2025-06-10,FT-2025-01151,CL-198,diretto,A,1,200.00,0.60,198.81
R25-001965,2025-06-10,FT-2025-01151,CL-198,diretto,A,1,200.00,0.75,198.50
R25-001966,2025-06-10,FT-2025-01158,CL-008,diretto,A,3,200.00,9.21,544.74
R25-001967,2025-06-10,FT-2025-01158,CL-008,diretto,A,2,200.00,9.21,363.16
R25-001968,2025-06-10,FT-2025-01202,CL-027,diretto,B,2,120.00,9.35,217.56
R25-001969,2025-06-10,FT-2025-01202,CL-027,diretto,A,2,200.00,6.16,375.36
R25-001970,2025-06-10,FT-2025-01210,CL-250,distributori,C,7,305.00,3.38,2062.83
R25-001971,2025-06-10,FT-2025-01210,CL-250,distributori,B,3,120.00,3.41,347.73
R25-001972,2025-06-11,FT-2025-01074,CL-253,distributori,B,13,120.00,3.31,1508.39
R25-001973,2025-06-11,FT-2025-01098,CL-241,distributori,B,5,120.00,2.83,583.00
R25-001974,2025-06-11,FT-2025-01099,CL-026,diretto,A,1,200.00,4.32,191.36
R25-001975,2025-06-11,FT-2025-01101,CL-249,distributori,B,5,120.00,3.15,581.10
R25-001976,2025-06-11,FT-2025-01101,CL-249,distributori,A,5,200.00,18.94,810.60
R25-001977,2025-06-11,FT-2025-01108,CL-014,diretto,C,3,305.00,2.98,887.76
R25-001978,2025-06-11,FT-2025-01113,CL-237,distributori,C,7,305.00,3.13,2068.22
R25-001979,2025-06-11,FT-2025-01113,CL-237,distributori,A,9,200.00,19.67,1445.94
R25-001980,2025-06-11,FT-2025-01113,CL-237,distributori,B,5,120.00,1.84,588.95
R25-001981,2025-06-11,FT-2025-01156,CL-002,diretto,A,2,200.00,0.00,400.00
R25-001982,2025-06-11,FT-2025-01206,CL-020,diretto,A,4,200.00,2.36,781.12
R25-001983,2025-06-11,FT-2025-01212,CL-052,diretto,B,2,120.00,0.00,240.00
R25-001984,2025-06-11,FT-2025-01212,CL-052,diretto,A,3,200.00,2.50,585.03
R25-001985,2025-06-11,FT-2025-01227,CL-236,distributori,A,5,200.00,19.71,802.90
R25-001986,2025-06-11,FT-2025-01231,CL-221,distributori,A,3,200.00,19.04,485.79
R25-001987,2025-06-11,FT-2025-01232,CL-028,diretto,A,2,200.00,0.39,398.46
R25-001988,2025-06-11,FT-2025-01232,CL-028,diretto,A,2,200.00,2.15,391.40
R25-001989,2025-06-12,FT-2025-01059,CL-232,distributori,B,20,120.00,5.41,2270.20
R25-001990,2025-06-12,FT-2025-01059,CL-232,distributori,A,7,200.00,20.29,1115.94
R25-001991,2025-06-12,FT-2025-01075,CL-194,diretto,A,3,200.00,1.12,593.31
R25-001992,2025-06-12,FT-2025-01086,CL-125,diretto,A,1,200.00,0.00,200.00
R25-001993,2025-06-12,FT-2025-01089,CL-092,diretto,B,1,120.00,0.00,120.00
R25-001994,2025-06-12,FT-2025-01089,CL-092,diretto,A,2,200.00,0.00,400.00
R25-001995,2025-06-12,FT-2025-01090,CL-014,diretto,A,10,200.00,2.05,1959.00
R25-001996,2025-06-12,FT-2025-01114,CL-003,diretto,A,3,200.00,5.04,569.79
R25-001997,2025-06-12,FT-2025-01114,CL-003,diretto,A,1,200.00,3.33,193.35
R25-001998,2025-06-12,FT-2025-01120,CL-011,diretto,B,1,120.00,10.00,108.00
R25-001999,2025-06-12,FT-2025-01120,CL-011,diretto,A,2,200.00,0.14,399.46
R25-002000,2025-06-12,FT-2025-01135,CL-245,distributori,A,5,200.00,19.49,805.10
R25-002001,2025-06-12,FT-2025-01138,CL-229,distributori,C,4,305.00,7.67,1126.48
R25-002002,2025-06-12,FT-2025-01138,CL-229,distributori,B,10,120.00,6.26,1124.90
R25-002003,2025-06-12,FT-2025-01141,CL-027,diretto,C,4,305.00,6.34,1142.68
R25-002004,2025-06-12,FT-2025-01141,CL-027,diretto,A,9,200.00,5.46,1701.81
R25-002005,2025-06-12,FT-2025-01185,CL-230,distributori,A,6,200.00,23.72,915.36
R25-002006,2025-06-12,FT-2025-01185,CL-230,distributori,C,5,305.00,11.48,1350.00
R25-002007,2025-06-12,FT-2025-01196,CL-042,diretto,B,2,120.00,2.42,234.20
R25-002008,2025-06-12,FT-2025-01196,CL-042,diretto,A,1,200.00,0.00,200.00
R25-002009,2025-06-12,FT-2025-01225,CL-224,distributori,B,14,120.00,1.80,1649.76
R25-002010,2025-06-12,FT-2025-01225,CL-224,distributori,B,11,120.00,3.04,1279.85
R25-002011,2025-06-12,FT-2025-01239,CL-234,distributori,B,19,120.00,8.80,2079.36
R25-002012,2025-06-12,FT-2025-01239,CL-234,distributori,A,7,200.00,18.58,1139.95
R25-002013,2025-06-12,FT-2025-01239,CL-234,distributori,B,11,120.00,8.88,1202.85
R25-002014,2025-06-13,FT-2025-01091,CL-031,diretto,A,2,200.00,3.30,386.82
R25-002015,2025-06-13,FT-2025-01119,CL-252,distributori,A,11,200.00,18.10,1801.91
R25-002016,2025-06-13,FT-2025-01147,CL-077,diretto,A,2,200.00,2.19,391.26
R25-002017,2025-06-13,FT-2025-01162,CL-145,diretto,A,1,200.00,2.26,195.49
R25-002018,2025-06-13,FT-2025-01162,CL-145,diretto,A,1,200.00,1.96,196.08
R25-002019,2025-06-13,FT-2025-01162,CL-145,diretto,B,2,120.00,0.00,240.00
R25-002020,2025-06-13,FT-2025-01208,CL-235,distributori,B,11,120.00,1.85,1295.58
R25-002021,2025-06-13,FT-2025-01214,CL-242,distributori,B,12,120.00,10.38,1290.48
R25-002022,2025-06-13,FT-2025-01214,CL-242,distributori,B,6,120.00,8.74,657.06
R25-002023,2025-06-16,FT-2025-01066,CL-225,distributori,A,5,200.00,19.71,802.95
R25-002024,2025-06-16,FT-2025-01066,CL-225,distributori,B,13,120.00,3.84,1500.07
R25-002025,2025-06-16,FT-2025-01078,CL-013,diretto,A,2,200.00,2.73,389.08
R25-002026,2025-06-16,FT-2025-01078,CL-013,diretto,A,2,200.00,3.24,387.04
R25-002027,2025-06-16,FT-2025-01106,CL-175,diretto,A,1,200.00,1.16,197.69
R25-002028,2025-06-16,FT-2025-01111,CL-226,distributori,B,6,120.00,8.58,658.26
R25-002029,2025-06-16,FT-2025-01130,CL-027,diretto,A,3,200.00,5.94,564.39
R25-002030,2025-06-16,FT-2025-01205,CL-118,diretto,A,1,200.00,0.69,198.63
R25-002031,2025-06-16,FT-2025-01205,CL-118,diretto,A,1,200.00,1.03,197.94
R25-002032,2025-06-16,FT-2025-01205,CL-118,diretto,B,1,120.00,0.00,120.00
R25-002033,2025-06-16,FT-2025-01209,CL-210,diretto,A,3,200.00,0.43,597.42
R25-002034,2025-06-16,FT-2025-01209,CL-210,diretto,B,1,120.00,4.33,114.80
R25-002035,2025-06-16,FT-2025-01228,CL-014,diretto,B,10,120.00,2.83,1166.00
R25-002036,2025-06-16,FT-2025-01228,CL-014,diretto,A,5,200.00,2.28,977.25
R25-002037,2025-06-17,FT-2025-01069,CL-116,diretto,A,4,200.00,1.78,785.76
R25-002038,2025-06-17,FT-2025-01069,CL-116,diretto,A,1,200.00,2.87,194.26
R25-002039,2025-06-17,FT-2025-01069,CL-116,diretto,A,1,200.00,2.55,194.91
R25-002040,2025-06-17,FT-2025-01105,CL-165,diretto,A,2,200.00,1.00,396.00
R25-002041,2025-06-17,FT-2025-01150,CL-027,diretto,A,3,200.00,6.47,561.21
R25-002042,2025-06-17,FT-2025-01150,CL-027,diretto,A,13,200.00,4.97,2470.91
R25-002043,2025-06-17,FT-2025-01150,CL-027,diretto,B,8,120.00,9.26,871.12
R25-002044,2025-06-17,FT-2025-01159,CL-254,distributori,A,3,200.00,18.98,486.12
R25-002045,2025-06-17,FT-2025-01159,CL-254,distributori,B,13,120.00,8.13,1433.12
R25-002046,2025-06-17,FT-2025-01164,CL-219,distributori,B,17,120.00,3.33,1972.17
R25-002047,2025-06-17,FT-2025-01164,CL-219,distributori,B,4,120.00,2.62,467.44
R25-002048,2025-06-17,FT-2025-01164,CL-219,distributori,B,3,120.00,1.94,353.01
R25-002049,2025-06-17,FT-2025-01183,CL-244,distributori,A,5,200.00,19.40,806.05
R25-002050,2025-06-17,FT-2025-01183,CL-244,distributori,C,2,305.00,4.71,581.24
R25-002051,2025-06-17,FT-2025-01198,CL-224,distributori,A,9,200.00,22.73,1390.95
R25-002052,2025-06-17,FT-2025-01198,CL-224,distributori,C,6,305.00,11.46,1620.30
R25-002053,2025-06-17,FT-2025-01224,CL-228,distributori,B,8,120.00,3.08,930.48
R25-002054,2025-06-17,FT-2025-01224,CL-228,distributori,A,8,200.00,18.32,1306.96
R25-002055,2025-06-17,FT-2025-01250,CL-018,diretto,A,4,200.00,3.56,771.56
R25-002056,2025-06-17,FT-2025-01250,CL-018,diretto,A,2,200.00,4.70,381.20
R25-002057,2025-06-17,FT-2025-01251,CL-005,diretto,A,2,200.00,4.51,381.98
R25-002058,2025-06-17,FT-2025-01254,CL-007,diretto,A,3,200.00,7.30,556.23
R25-002059,2025-06-17,RS-2025-01176,CL-015,diretto,B,-2,120.00,1.44,-236.54
R25-002060,2025-06-18,FT-2025-01053,CL-177,diretto,A,3,200.00,0.17,599.01
R25-002061,2025-06-18,FT-2025-01053,CL-177,diretto,B,1,120.00,8.05,110.34
R25-002062,2025-06-18,FT-2025-01145,CL-014,diretto,B,7,120.00,8.48,768.74
R25-002063,2025-06-18,FT-2025-01146,CL-009,diretto,A,2,200.00,3.46,386.18
R25-002064,2025-06-18,FT-2025-01154,CL-133,diretto,A,2,200.00,0.00,400.00
R25-002065,2025-06-18,FT-2025-01154,CL-133,diretto,B,2,120.00,0.00,240.00
R25-002066,2025-06-18,FT-2025-01154,CL-133,diretto,A,1,200.00,0.00,200.00
R25-002067,2025-06-18,FT-2025-01177,CL-251,distributori,C,4,305.00,2.77,1186.16
R25-002068,2025-06-18,FT-2025-01182,CL-252,distributori,B,19,120.00,1.64,2242.57
R25-002069,2025-06-18,FT-2025-01182,CL-252,distributori,A,4,200.00,19.82,641.48
R25-002070,2025-06-18,FT-2025-01200,CL-258,distributori,A,11,200.00,28.49,1573.33
R25-002071,2025-06-18,FT-2025-01200,CL-258,distributori,B,8,120.00,3.06,930.64
R25-002072,2025-06-18,FT-2025-01230,CL-023,diretto,A,3,200.00,0.00,600.00
R25-002073,2025-06-18,FT-2025-01230,CL-023,diretto,A,2,200.00,0.00,400.00
R25-002074,2025-06-18,FT-2025-01243,CL-238,distributori,A,6,200.00,19.45,966.66
R25-002075,2025-06-18,FT-2025-01245,CL-008,diretto,B,3,120.00,0.23,359.19
R25-002076,2025-06-18,FT-2025-01245,CL-008,diretto,C,1,305.00,4.83,290.27
R25-002077,2025-06-18,FT-2025-01245,CL-008,diretto,A,3,200.00,8.95,546.30
R25-002078,2025-06-18,FT-2025-01246,CL-217,diretto,A,1,200.00,2.37,195.27
R25-002079,2025-06-19,FT-2025-01048,CL-247,distributori,B,7,120.00,4.81,799.61
R25-002080,2025-06-19,FT-2025-01063,CL-243,distributori,B,7,120.00,3.17,813.40
R25-002081,2025-06-19,FT-2025-01063,CL-243,distributori,A,10,200.00,19.55,1609.10
R25-002082,2025-06-19,FT-2025-01063,CL-243,distributori,B,11,120.00,1.74,1297.01
R25-002083,2025-06-19,FT-2025-01068,CL-021,diretto,A,3,200.00,2.69,583.89
R25-002084,2025-06-19,FT-2025-01068,CL-021,diretto,A,2,200.00,3.27,386.94
R25-002085,2025-06-19,FT-2025-01070,CL-027,diretto,B,9,120.00,9.98,972.18
R25-002086,2025-06-19,FT-2025-01072,CL-148,diretto,A,1,200.00,4.29,191.43
R25-002087,2025-06-19,FT-2025-01076,CL-246,distributori,B,18,120.00,7.49,1998.18
R25-002088,2025-06-19,FT-2025-01155,CL-233,distributori,A,5,200.00,19.24,807.65
R25-002089,2025-06-19,FT-2025-01155,CL-233,distributori,B,21,120.00,7.85,2322.18
R25-002090,2025-06-19,FT-2025-01155,CL-233,distributori,C,3,305.00,4.56,873.27
R25-002091,2025-06-19,FT-2025-01178,CL-185,diretto,A,4,200.00,0.17,798.68
R25-002092,2025-06-19,FT-2025-01181,CL-126,diretto,A,2,200.00,2.55,389.82
R25-002093,2025-06-20,FT-2025-01064,CL-131,diretto,B,1,120.00,0.00,120.00
R25-002094,2025-06-20,FT-2025-01064,CL-131,diretto,A,2,200.00,0.00,400.00
R25-002095,2025-06-20,FT-2025-01067,CL-014,diretto,B,4,120.00,0.76,476.36
R25-002096,2025-06-20,FT-2025-01067,CL-014,diretto,B,7,120.00,1.86,824.39
R25-002097,2025-06-20,FT-2025-01083,CL-229,distributori,B,8,120.00,6.92,893.60
R25-002098,2025-06-20,FT-2025-01107,CL-032,diretto,A,2,200.00,3.63,385.48
R25-002099,2025-06-20,FT-2025-01107,CL-032,diretto,A,1,200.00,4.75,190.51
R25-002100,2025-06-20,FT-2025-01126,CL-203,diretto,A,1,200.00,0.01,199.99
R25-002101,2025-06-20,FT-2025-01174,CL-026,diretto,A,4,200.00,3.42,772.68
R25-002102,2025-06-20,FT-2025-01191,CL-088,diretto,A,2,200.00,6.02,375.92
R25-002103,2025-06-20,FT-2025-01253,CL-017,diretto,A,2,200.00,3.01,387.98
R25-002104,2025-06-23,FT-2025-01046,CL-132,diretto,A,1,200.00,0.79,198.42
R25-002105,2025-06-23,FT-2025-01096,CL-252,distributori,C,5,305.00,3.43,1472.70
R25-002106,2025-06-23,FT-2025-01109,CL-010,diretto,B,3,120.00,1.30,355.32
R25-002107,2025-06-23,FT-2025-01109,CL-010,diretto,A,1,200.00,0.00,200.00
R25-002108,2025-06-23,FT-2025-01117,CL-014,diretto,C,8,305.00,3.27,2360.16
R25-002109,2025-06-23,FT-2025-01117,CL-014,diretto,A,7,200.00,2.48,1365.28
R25-002110,2025-06-23,FT-2025-01139,CL-230,distributori,B,21,120.00,1.37,2485.56
R25-002111,2025-06-23,FT-2025-01139,CL-230,distributori,B,9,120.00,1.42,1064.70
R25-002112,2025-06-23,FT-2025-01153,CL-083,diretto,B,1,120.00,0.00,120.00
R25-002113,2025-06-23,FT-2025-01153,CL-083,diretto,B,1,120.00,0.00,120.00
R25-002114,2025-06-23,FT-2025-01153,CL-083,diretto,A,2,200.00,4.41,382.36
R25-002115,2025-06-23,FT-2025-01167,CL-027,diretto,B,6,120.00,10.04,647.70
R25-002116,2025-06-23,FT-2025-01189,CL-237,distributori,B,6,120.00,1.79,707.10
R25-002117,2025-06-23,FT-2025-01189,CL-237,distributori,B,9,120.00,3.08,1046.70
R25-002118,2025-06-23,FT-2025-01192,CL-239,distributori,A,4,200.00,19.35,645.20
R25-002119,2025-06-23,FT-2025-01195,CL-024,diretto,B,1,120.00,2.21,117.35
R25-002120,2025-06-23,FT-2025-01197,CL-231,distributori,C,8,305.00,4.59,2327.92
R25-002121,2025-06-23,FT-2025-01197,CL-231,distributori,B,19,120.00,2.53,2222.24
R25-002122,2025-06-23,FT-2025-01197,CL-231,distributori,A,18,200.00,26.22,2656.08
R25-002123,2025-06-23,FT-2025-01236,CL-223,distributori,B,1,120.00,2.73,116.73
R25-002124,2025-06-23,FT-2025-01236,CL-223,distributori,C,4,305.00,3.91,1172.28
R25-002125,2025-06-23,FT-2025-01244,CL-213,diretto,B,1,120.00,0.00,120.00
R25-002126,2025-06-23,FT-2025-01244,CL-213,diretto,A,4,200.00,0.85,793.20
R25-002127,2025-06-24,FT-2025-01050,CL-224,distributori,B,5,120.00,3.23,580.65
R25-002128,2025-06-24,FT-2025-01055,CL-104,diretto,A,1,200.00,0.41,199.18
R25-002129,2025-06-24,FT-2025-01055,CL-104,diretto,A,1,200.00,0.00,200.00
R25-002130,2025-06-24,FT-2025-01055,CL-104,diretto,A,1,200.00,0.00,200.00
R25-002131,2025-06-24,FT-2025-01056,CL-255,distributori,B,12,120.00,2.20,1408.32
R25-002132,2025-06-24,FT-2025-01056,CL-255,distributori,A,6,200.00,18.44,978.78
R25-002133,2025-06-24,FT-2025-01062,CL-046,diretto,A,1,200.00,0.00,200.00
R25-002134,2025-06-24,FT-2025-01062,CL-046,diretto,B,1,120.00,3.49,115.81
R25-002135,2025-06-24,FT-2025-01062,CL-046,diretto,A,1,200.00,0.00,200.00
R25-002136,2025-06-24,FT-2025-01071,CL-253,distributori,A,9,200.00,18.73,1462.86
R25-002137,2025-06-24,FT-2025-01092,CL-164,diretto,A,2,200.00,1.56,393.78
R25-002138,2025-06-24,FT-2025-01103,CL-226,distributori,A,11,200.00,21.21,1733.38
R25-002139,2025-06-24,FT-2025-01103,CL-226,distributori,B,10,120.00,7.66,1108.10
R25-002140,2025-06-24,FT-2025-01103,CL-226,distributori,B,11,120.00,7.73,1218.03
R25-002141,2025-06-24,FT-2025-01104,CL-027,diretto,A,11,200.00,5.18,2086.15
R25-002142,2025-06-24,FT-2025-01104,CL-027,diretto,B,4,120.00,9.35,435.12
R25-002143,2025-06-24,FT-2025-01104,CL-027,diretto,A,3,200.00,6.93,558.42
R25-002144,2025-06-24,FT-2025-01115,CL-242,distributori,B,16,120.00,8.27,1761.28
R25-002145,2025-06-24,FT-2025-01115,CL-242,distributori,C,4,305.00,2.62,1188.00
R25-002146,2025-06-24,FT-2025-01127,CL-249,distributori,B,14,120.00,3.12,1627.64
R25-002147,2025-06-24,FT-2025-01127,CL-249,distributori,C,5,305.00,5.89,1435.15
R25-002148,2025-06-24,FT-2025-01137,CL-002,diretto,B,3,120.00,2.53,350.88
R25-002149,2025-06-24,FT-2025-01137,CL-002,diretto,A,2,200.00,0.00,400.00
R25-002150,2025-06-24,FT-2025-01152,CL-053,diretto,A,1,200.00,3.40,193.21
R25-002151,2025-06-24,FT-2025-01152,CL-053,diretto,A,1,200.00,3.94,192.13
R25-002152,2025-06-24,FT-2025-01152,CL-053,diretto,A,1,200.00,2.83,194.35
R25-002153,2025-06-24,FT-2025-01163,CL-016,diretto,B,2,120.00,10.00,216.00
R25-002154,2025-06-24,FT-2025-01163,CL-016,diretto,A,3,200.00,2.58,584.55
R25-002155,2025-06-24,FT-2025-01168,CL-028,diretto,A,2,200.00,1.31,394.76
R25-002156,2025-06-24,FT-2025-01190,CL-240,distributori,B,5,120.00,1.85,588.90
R25-002157,2025-06-24,FT-2025-01218,CL-245,distributori,C,2,305.00,2.66,593.80
R25-002158,2025-06-24,FT-2025-01218,CL-245,distributori,B,21,120.00,8.03,2317.56
R25-002159,2025-06-24,FT-2025-01238,CL-235,distributori,C,6,305.00,5.59,1727.76
R25-002160,2025-06-24,FT-2025-01238,CL-235,distributori,B,9,120.00,1.72,1061.46
R25-002161,2025-06-24,FT-2025-01252,CL-004,diretto,B,4,120.00,1.67,472.00
R25-002162,2025-06-24,FT-2025-01252,CL-004,diretto,A,2,200.00,0.00,400.00
R25-002163,2025-06-24,FT-2025-01257,CL-236,distributori,B,10,120.00,2.40,1171.20
R25-002164,2025-06-24,FT-2025-01259,CL-034,diretto,A,4,200.00,0.00,800.00
R25-002165,2025-06-24,FT-2025-01259,CL-034,diretto,A,1,200.00,0.00,200.00
R25-002166,2025-06-24,FT-2025-01259,CL-034,diretto,B,2,120.00,1.53,236.34
R25-002167,2025-06-25,FT-2025-01052,CL-027,diretto,B,2,120.00,10.63,214.48
R25-002168,2025-06-25,FT-2025-01052,CL-027,diretto,A,3,200.00,5.38,567.72
R25-002169,2025-06-25,FT-2025-01084,CL-020,diretto,A,1,200.00,1.20,197.60
R25-002170,2025-06-25,FT-2025-01084,CL-020,diretto,A,3,200.00,0.81,595.14
R25-002171,2025-06-25,FT-2025-01088,CL-019,diretto,B,1,120.00,10.00,108.00
R25-002172,2025-06-25,FT-2025-01088,CL-019,diretto,C,1,305.00,0.00,305.00
R25-002173,2025-06-25,FT-2025-01097,CL-014,diretto,A,8,200.00,2.27,1563.76
R25-002174,2025-06-25,FT-2025-01097,CL-014,diretto,A,12,200.00,2.68,2335.80
R25-002175,2025-06-25,FT-2025-01097,CL-014,diretto,B,7,120.00,1.16,830.27
R25-002176,2025-06-25,FT-2025-01140,CL-029,diretto,B,1,120.00,0.65,119.22
R25-002177,2025-06-25,FT-2025-01140,CL-029,diretto,A,3,200.00,0.00,600.00
R25-002178,2025-06-25,FT-2025-01143,CL-049,diretto,A,1,200.00,1.54,196.93
R25-002179,2025-06-25,FT-2025-01215,CL-220,distributori,B,6,120.00,8.47,659.04
R25-002180,2025-06-25,FT-2025-01233,CL-006,diretto,A,1,200.00,3.66,192.69
R25-002181,2025-06-25,FT-2025-01240,CL-128,diretto,A,1,200.00,0.37,199.27
R25-002182,2025-06-25,FT-2025-01240,CL-128,diretto,A,1,200.00,0.17,199.67
R25-002183,2025-06-26,FT-2025-01061,CL-026,diretto,A,3,200.00,4.78,571.32
R25-002184,2025-06-26,FT-2025-01061,CL-026,diretto,A,3,200.00,4.49,573.09
R25-002185,2025-06-26,FT-2025-01079,CL-033,diretto,B,2,120.00,2.58,233.82
R25-002186,2025-06-26,FT-2025-01079,CL-033,diretto,A,3,200.00,0.00,600.00
R25-002187,2025-06-26,FT-2025-01093,CL-238,distributori,C,3,305.00,2.81,889.32
R25-002188,2025-06-26,FT-2025-01102,CL-119,diretto,A,1,200.00,0.77,198.47
R25-002189,2025-06-26,FT-2025-01102,CL-119,diretto,A,1,200.00,1.20,197.60
R25-002190,2025-06-26,FT-2025-01102,CL-119,diretto,A,2,200.00,0.54,397.84
R25-002191,2025-06-26,FT-2025-01128,CL-219,distributori,A,9,200.00,19.01,1457.82
R25-002192,2025-06-26,FT-2025-01128,CL-219,distributori,C,9,305.00,5.12,2604.42
R25-002193,2025-06-26,FT-2025-01165,CL-159,diretto,A,2,200.00,0.73,397.08
R25-002194,2025-06-26,FT-2025-01165,CL-159,diretto,A,2,200.00,0.93,396.30
R25-002195,2025-06-26,FT-2025-01179,CL-234,distributori,C,5,305.00,2.95,1480.00
R25-002196,2025-06-26,FT-2025-01211,CL-252,distributori,C,9,305.00,3.71,2643.12
R25-002197,2025-06-26,FT-2025-01211,CL-252,distributori,B,8,120.00,3.65,924.96
R25-002198,2025-06-26,FT-2025-01223,CL-040,diretto,A,1,200.00,0.00,200.00
R25-002199,2025-06-26,FT-2025-01223,CL-040,diretto,A,3,200.00,0.00,600.00
R25-002200,2025-06-26,FT-2025-01223,CL-040,diretto,B,1,120.00,0.00,120.00
R25-002201,2025-06-27,FT-2025-01073,CL-243,distributori,C,10,305.00,3.22,2951.70
R25-002202,2025-06-27,FT-2025-01073,CL-243,distributori,A,7,200.00,18.90,1135.47
R25-002203,2025-06-27,FT-2025-01073,CL-243,distributori,C,1,305.00,3.65,293.86
R25-002204,2025-06-27,FT-2025-01129,CL-228,distributori,B,5,120.00,2.93,582.40
R25-002205,2025-06-27,FT-2025-01142,CL-007,diretto,A,1,200.00,7.16,185.69
R25-002206,2025-06-27,FT-2025-01161,CL-250,distributori,A,9,200.00,18.40,1468.89
R25-002207,2025-06-27,FT-2025-01161,CL-250,distributori,B,13,120.00,1.98,1529.19
R25-002208,2025-06-27,FT-2025-01173,CL-023,diretto,B,3,120.00,1.23,355.56
R25-002209,2025-06-27,FT-2025-01173,CL-023,diretto,B,2,120.00,1.68,235.96
R25-002210,2025-06-27,FT-2025-01180,CL-162,diretto,A,2,200.00,2.77,388.92
R25-002211,2025-06-27,FT-2025-01186,CL-011,diretto,B,3,120.00,6.98,334.89
R25-002212,2025-06-27,FT-2025-01186,CL-011,diretto,A,2,200.00,0.00,400.00
R25-002213,2025-06-27,FT-2025-01193,CL-246,distributori,B,12,120.00,7.84,1327.08
R25-002214,2025-06-27,FT-2025-01193,CL-246,distributori,B,8,120.00,6.49,897.68
R25-002215,2025-06-27,FT-2025-01201,CL-031,diretto,A,4,200.00,4.07,767.44
R25-002216,2025-06-27,FT-2025-01201,CL-031,diretto,A,1,200.00,2.59,194.83
R25-002217,2025-06-27,FT-2025-01217,CL-180,diretto,B,3,120.00,0.00,360.00
R25-002218,2025-06-27,FT-2025-01217,CL-180,diretto,B,1,120.00,1.67,118.00
R25-002219,2025-06-27,FT-2025-01217,CL-180,diretto,A,4,200.00,0.00,800.00
R25-002220,2025-06-27,FT-2025-01219,CL-039,diretto,A,3,200.00,0.00,600.00
R25-002221,2025-06-27,FT-2025-01219,CL-039,diretto,B,1,120.00,0.00,120.00
R25-002222,2025-06-27,FT-2025-01258,CL-014,diretto,A,1,200.00,2.40,195.20
R25-002223,2025-06-27,FT-2025-01258,CL-014,diretto,B,4,120.00,0.75,476.40
R25-002224,2025-06-27,FT-2025-01258,CL-014,diretto,B,7,120.00,2.03,822.99
R25-002225,2025-06-30,FT-2025-01051,CL-230,distributori,B,8,120.00,1.93,941.44
R25-002226,2025-06-30,FT-2025-01057,CL-173,diretto,A,4,200.00,2.88,777.00
R25-002227,2025-06-30,FT-2025-01060,CL-054,diretto,A,3,200.00,0.77,595.41
R25-002228,2025-06-30,FT-2025-01100,CL-232,distributori,C,3,305.00,11.44,810.33
R25-002229,2025-06-30,FT-2025-01112,CL-027,diretto,A,6,200.00,5.88,1129.44
R25-002230,2025-06-30,FT-2025-01112,CL-027,diretto,B,9,120.00,9.38,978.75
R25-002231,2025-06-30,FT-2025-01122,CL-221,distributori,B,11,120.00,2.86,1282.27
R25-002232,2025-06-30,FT-2025-01125,CL-008,diretto,B,2,120.00,0.00,240.00
R25-002233,2025-06-30,FT-2025-01125,CL-008,diretto,A,4,200.00,8.95,728.40
R25-002234,2025-06-30,FT-2025-01166,CL-258,distributori,B,9,120.00,2.52,1052.82
R25-002235,2025-06-30,FT-2025-01204,CL-087,diretto,A,1,200.00,1.63,196.75
R25-002236,2025-06-30,FT-2025-01204,CL-087,diretto,A,3,200.00,0.37,597.81
R25-002237,2025-06-30,FT-2025-01241,CL-003,diretto,A,3,200.00,5.15,569.10
R25-002238,2025-06-30,FT-2025-01249,CL-224,distributori,B,13,120.00,1.84,1531.27
R25-002239,2025-07-01,FT-2025-01265,CL-022,diretto,A,2,200.00,0.00,400.00
R25-002240,2025-07-01,FT-2025-01265,CL-022,diretto,B,2,120.00,1.23,237.04
R25-002241,2025-07-01,FT-2025-01265,CL-022,diretto,A,2,200.00,0.00,400.00
R25-002242,2025-07-01,FT-2025-01300,CL-063,diretto,A,1,200.00,3.19,193.63
R25-002243,2025-07-01,FT-2025-01300,CL-063,diretto,A,1,200.00,2.80,194.41
R25-002244,2025-07-01,FT-2025-01300,CL-063,diretto,B,1,120.00,0.00,120.00
R25-002245,2025-07-01,FT-2025-01307,CL-161,diretto,A,3,200.00,1.85,588.90
R25-002246,2025-07-01,FT-2025-01317,CL-027,diretto,B,10,120.00,10.68,1071.90
R25-002247,2025-07-01,FT-2025-01336,CL-005,diretto,A,4,200.00,5.02,759.84
R25-002248,2025-07-01,FT-2025-01336,CL-005,diretto,A,2,200.00,5.25,379.00
R25-002249,2025-07-01,FT-2025-01336,CL-005,diretto,A,1,200.00,4.96,190.08
R25-002250,2025-07-01,FT-2025-01371,CL-147,diretto,A,3,200.00,0.00,600.00
R25-002251,2025-07-01,FT-2025-01371,CL-147,diretto,B,2,120.00,0.18,239.58
R25-002252,2025-07-01,FT-2025-01382,CL-222,distributori,B,21,120.00,6.51,2355.99
R25-002253,2025-07-01,FT-2025-01382,CL-222,distributori,B,1,120.00,7.48,111.03
R25-002254,2025-07-01,FT-2025-01396,CL-014,diretto,A,8,200.00,2.94,1553.04
R25-002255,2025-07-01,FT-2025-01396,CL-014,diretto,B,5,120.00,2.95,582.30
R25-002256,2025-07-01,FT-2025-01422,CL-252,distributori,A,12,200.00,18.55,1954.80
R25-002257,2025-07-02,FT-2025-01310,CL-089,diretto,B,3,120.00,3.88,346.02
R25-002258,2025-07-02,FT-2025-01310,CL-089,diretto,A,3,200.00,0.00,600.00
R25-002259,2025-07-02,FT-2025-01343,CL-239,distributori,B,4,120.00,8.28,440.28
R25-002260,2025-07-02,FT-2025-01343,CL-239,distributori,B,7,120.00,8.82,765.94
R25-002261,2025-07-02,FT-2025-01362,CL-158,diretto,A,2,200.00,0.01,399.98
R25-002262,2025-07-02,FT-2025-01377,CL-229,distributori,A,8,200.00,18.17,1309.36
R25-002263,2025-07-02,FT-2025-01387,CL-009,diretto,A,3,200.00,4.07,575.58
R25-002264,2025-07-02,FT-2025-01441,CL-244,distributori,B,21,120.00,8.98,2293.83
R25-002265,2025-07-02,FT-2025-01442,CL-018,diretto,A,4,200.00,2.96,776.32
R25-002266,2025-07-02,FT-2025-01442,CL-018,diretto,A,1,200.00,4.94,190.13
R25-002267,2025-07-02,FT-2025-01442,CL-018,diretto,A,1,200.00,4.45,191.11
R25-002268,2025-07-03,FT-2025-01288,CL-226,distributori,B,21,120.00,8.91,2295.51
R25-002269,2025-07-03,FT-2025-01315,CL-027,diretto,A,5,200.00,5.96,940.40
R25-002270,2025-07-03,FT-2025-01324,CL-209,diretto,A,4,200.00,0.90,792.80
R25-002271,2025-07-03,FT-2025-01324,CL-209,diretto,B,1,120.00,0.00,120.00
R25-002272,2025-07-03,FT-2025-01324,CL-209,diretto,A,1,200.00,0.75,198.50
R25-002273,2025-07-03,FT-2025-01325,CL-206,diretto,A,3,200.00,0.75,595.53
R25-002274,2025-07-03,FT-2025-01325,CL-206,diretto,A,1,200.00,0.66,198.68
R25-002275,2025-07-03,FT-2025-01325,CL-206,diretto,B,1,120.00,0.00,120.00
R25-002276,2025-07-03,FT-2025-01340,CL-010,diretto,B,2,120.00,0.88,237.90
R25-002277,2025-07-03,FT-2025-01340,CL-010,diretto,B,2,120.00,0.84,237.98
R25-002278,2025-07-03,FT-2025-01344,CL-014,diretto,B,3,120.00,2.86,349.71
R25-002279,2025-07-03,FT-2025-01344,CL-014,diretto,B,9,120.00,2.36,1054.53
R25-002280,2025-07-03,FT-2025-01359,CL-002,diretto,A,4,200.00,0.26,797.92
R25-002281,2025-07-03,FT-2025-01359,CL-002,diretto,B,2,120.00,3.98,230.46
R25-002282,2025-07-03,FT-2025-01391,CL-242,distributori,C,5,305.00,3.20,1476.15
R25-002283,2025-07-03,FT-2025-01391,CL-242,distributori,B,6,120.00,9.79,649.50
R25-002284,2025-07-03,FT-2025-01391,CL-242,distributori,B,10,120.00,9.67,1084.00
R25-002285,2025-07-03,FT-2025-01423,CL-254,distributori,C,7,305.00,4.60,2036.72
R25-002286,2025-07-03,FT-2025-01423,CL-254,distributori,A,5,200.00,19.13,808.75
R25-002287,2025-07-03,FT-2025-01426,CL-224,distributori,C,6,305.00,11.45,1620.54
R25-002288,2025-07-03,FT-2025-01433,CL-245,distributori,B,7,120.00,9.08,763.77
R25-002289,2025-07-03,FT-2025-01433,CL-245,distributori,B,15,120.00,9.55,1628.10
R25-002290,2025-07-03,FT-2025-01445,CL-014,diretto,B,3,120.00,0.98,356.49
R25-002291,2025-07-03,FT-2025-01445,CL-014,diretto,B,2,120.00,1.25,237.00
R25-002292,2025-07-03,FT-2025-01453,CL-043,diretto,A,2,200.00,0.28,398.90
R25-002293,2025-07-03,FT-2025-01476,CL-233,distributori,B,21,120.00,7.77,2324.28
R25-002294,2025-07-04,FT-2025-01262,CL-248,distributori,A,4,200.00,19.44,644.52
R25-002295,2025-07-04,FT-2025-01262,CL-248,distributori,B,10,120.00,3.87,1153.60
R25-002296,2025-07-04,FT-2025-01278,CL-101,diretto,A,2,200.00,1.43,394.28
R25-002297,2025-07-04,FT-2025-01278,CL-101,diretto,A,1,200.00,2.92,194.17
R25-002298,2025-07-04,FT-2025-01373,CL-237,distributori,A,6,200.00,18.52,977.76
R25-002299,2025-07-04,FT-2025-01373,CL-237,distributori,C,4,305.00,3.30,1179.68
R25-002300,2025-07-04,FT-2025-01380,CL-225,distributori,B,18,120.00,2.17,2113.20
R25-002301,2025-07-04,FT-2025-01380,CL-225,distributori,B,9,120.00,2.31,1055.07
R25-002302,2025-07-04,FT-2025-01380,CL-225,distributori,B,1,120.00,3.43,115.89
R25-002303,2025-07-04,FT-2025-01468,CL-146,diretto,B,1,120.00,0.00,120.00
R25-002304,2025-07-04,FT-2025-01468,CL-146,diretto,A,2,200.00,0.00,400.00
R25-002305,2025-07-04,FT-2025-01474,CL-252,distributori,A,3,200.00,18.25,490.53
R25-002306,2025-07-04,FT-2025-01474,CL-252,distributori,C,3,305.00,3.01,887.46
R25-002307,2025-07-04,FT-2025-01474,CL-252,distributori,B,12,120.00,2.66,1401.72
R25-002308,2025-07-07,FT-2025-01332,CL-235,distributori,B,7,120.00,1.68,825.86
R25-002309,2025-07-07,FT-2025-01332,CL-235,distributori,B,5,120.00,2.47,585.20
R25-002310,2025-07-07,FT-2025-01385,CL-020,diretto,A,4,200.00,1.00,792.00
R25-002311,2025-07-07,FT-2025-01393,CL-251,distributori,A,7,200.00,19.38,1128.68
R25-002312,2025-07-07,FT-2025-01393,CL-251,distributori,B,27,120.00,9.28,2939.22
R25-002313,2025-07-07,FT-2025-01395,CL-027,diretto,A,5,200.00,5.67,943.30
R25-002314,2025-07-07,FT-2025-01395,CL-027,diretto,B,3,120.00,10.52,322.14
R25-002315,2025-07-07,FT-2025-01398,CL-253,distributori,C,5,305.00,5.78,1436.90
R25-002316,2025-07-07,FT-2025-01408,CL-257,distributori,C,11,305.00,4.52,3203.42
R25-002317,2025-07-07,FT-2025-01408,CL-257,distributori,B,12,120.00,3.17,1394.40
R25-002318,2025-07-07,FT-2025-01415,CL-032,diretto,A,2,200.00,2.97,388.12
R25-002319,2025-07-07,FT-2025-01415,CL-032,diretto,A,2,200.00,5.05,379.82
R25-002320,2025-07-07,FT-2025-01415,CL-032,diretto,A,2,200.00,3.66,385.38
R25-002321,2025-07-08,FT-2025-01273,CL-174,diretto,A,2,200.00,0.00,400.00
R25-002322,2025-07-08,FT-2025-01273,CL-174,diretto,A,1,200.00,0.00,200.00
R25-002323,2025-07-08,FT-2025-01322,CL-227,distributori,A,3,200.00,18.83,487.02
R25-002324,2025-07-08,FT-2025-01322,CL-227,distributori,B,9,120.00,3.35,1043.82
R25-002325,2025-07-08,FT-2025-01348,CL-219,distributori,B,10,120.00,2.83,1166.10
R25-002326,2025-07-08,FT-2025-01429,CL-230,distributori,A,6,200.00,22.91,925.08
R25-002327,2025-07-08,FT-2025-01454,CL-114,diretto,A,1,200.00,0.26,199.49
R25-002328,2025-07-08,FT-2025-01454,CL-114,diretto,A,1,200.00,2.29,195.43
R25-002329,2025-07-08,FT-2025-01464,CL-026,diretto,A,1,200.00,5.29,189.43
R25-002330,2025-07-08,FT-2025-01466,CL-246,distributori,B,7,120.00,7.28,778.89
R25-002331,2025-07-08,FT-2025-01466,CL-246,distributori,B,18,120.00,8.42,1978.20
R25-002332,2025-07-08,FT-2025-01472,CL-144,diretto,A,1,200.00,0.00,200.00
R25-002333,2025-07-08,FT-2025-01473,CL-243,distributori,A,10,200.00,19.41,1611.90
R25-002334,2025-07-09,FT-2025-01264,CL-080,diretto,A,1,200.00,2.76,194.49
R25-002335,2025-07-09,FT-2025-01269,CL-178,diretto,A,2,200.00,0.85,396.62
R25-002336,2025-07-09,FT-2025-01276,CL-236,distributori,A,5,200.00,19.05,809.50
R25-002337,2025-07-09,FT-2025-01334,CL-014,diretto,A,4,200.00,4.02,767.84
R25-002338,2025-07-09,FT-2025-01386,CL-228,distributori,A,7,200.00,19.43,1128.05
R25-002339,2025-07-09,FT-2025-01386,CL-228,distributori,B,5,120.00,2.43,585.45
R25-002340,2025-07-09,FT-2025-01386,CL-228,distributori,B,12,120.00,3.08,1395.72
R25-002341,2025-07-09,FT-2025-01389,CL-008,diretto,A,5,200.00,9.27,907.35
R25-002342,2025-07-09,FT-2025-01389,CL-008,diretto,A,2,200.00,8.36,366.58
R25-002343,2025-07-09,FT-2025-01389,CL-008,diretto,C,1,305.00,6.15,286.25
R25-002344,2025-07-09,FT-2025-01403,CL-256,distributori,B,8,120.00,3.10,930.24
R25-002345,2025-07-09,FT-2025-01420,CL-027,diretto,C,3,305.00,7.11,849.93
R25-002346,2025-07-09,FT-2025-01420,CL-027,diretto,B,4,120.00,10.59,429.16
R25-002347,2025-07-09,FT-2025-01450,CL-238,distributori,B,16,120.00,9.34,1740.64
R25-002348,2025-07-09,FT-2025-01450,CL-238,distributori,A,8,200.00,18.65,1301.68
R25-002349,2025-07-09,FT-2025-01452,CL-249,distributori,A,4,200.00,19.31,645.56
R25-002350,2025-07-09,FT-2025-01452,CL-249,distributori,B,14,120.00,1.66,1652.14
R25-002351,2025-07-10,FT-2025-01284,CL-241,distributori,B,5,120.00,3.30,580.20
R25-002352,2025-07-10,FT-2025-01303,CL-024,diretto,B,3,120.00,2.60,350.64
R25-002353,2025-07-10,FT-2025-01303,CL-024,diretto,A,2,200.00,0.00,400.00
R25-002354,2025-07-10,FT-2025-01311,CL-252,distributori,A,10,200.00,19.85,1603.10
R25-002355,2025-07-10,FT-2025-01311,CL-252,distributori,B,11,120.00,1.51,1300.09
R25-002356,2025-07-10,FT-2025-01319,CL-086,diretto,A,1,200.00,2.96,194.09
R25-002357,2025-07-10,FT-2025-01333,CL-205,diretto,A,3,200.00,2.13,587.25
R25-002358,2025-07-10,FT-2025-01333,CL-205,diretto,B,1,120.00,0.00,120.00
R25-002359,2025-07-10,FT-2025-01370,CL-028,diretto,A,1,200.00,0.83,198.34
R25-002360,2025-07-10,FT-2025-01370,CL-028,diretto,A,4,200.00,1.62,787.08
R25-002361,2025-07-10,FT-2025-01370,CL-028,diretto,A,2,200.00,1.62,393.52
R25-002362,2025-07-10,FT-2025-01376,CL-015,diretto,A,3,200.00,0.00,600.00
R25-002363,2025-07-10,FT-2025-01376,CL-015,diretto,B,2,120.00,0.97,237.68
R25-002364,2025-07-10,FT-2025-01376,CL-015,diretto,B,1,120.00,0.26,119.69
R25-002365,2025-07-10,FT-2025-01378,CL-016,diretto,A,3,200.00,1.92,588.48
R25-002366,2025-07-10,FT-2025-01378,CL-016,diretto,A,1,200.00,1.37,197.27
R25-002367,2025-07-10,FT-2025-01378,CL-016,diretto,B,3,120.00,8.77,328.44
R25-002368,2025-07-10,FT-2025-01400,CL-106,diretto,B,2,120.00,0.96,237.70
R25-002369,2025-07-10,FT-2025-01431,CL-229,distributori,C,5,305.00,8.67,1392.80
R25-002370,2025-07-10,FT-2025-01431,CL-229,distributori,A,5,200.00,18.81,811.95
R25-002371,2025-07-11,FT-2025-01272,CL-102,diretto,A,1,200.00,0.00,200.00
R25-002372,2025-07-11,FT-2025-01292,CL-021,diretto,A,1,200.00,3.46,193.08
R25-002373,2025-07-11,FT-2025-01292,CL-021,diretto,A,3,200.00,2.32,586.11
R25-002374,2025-07-11,FT-2025-01350,CL-014,diretto,B,10,120.00,1.04,1187.50
R25-002375,2025-07-11,FT-2025-01350,CL-014,diretto,A,3,200.00,2.39,585.66
R25-002376,2025-07-11,FT-2025-01361,CL-025,diretto,A,1,200.00,0.00,200.00
R25-002377,2025-07-11,FT-2025-01397,CL-007,diretto,A,1,200.00,7.44,185.13
R25-002378,2025-07-11,FT-2025-01447,CL-027,diretto,A,5,200.00,5.77,942.35
R25-002379,2025-07-14,FT-2025-01295,CL-201,diretto,B,1,120.00,0.00,120.00
R25-002380,2025-07-14,FT-2025-01347,CL-030,diretto,A,2,200.00,3.04,387.84
R25-002381,2025-07-14,FT-2025-01347,CL-030,diretto,A,2,200.00,2.78,388.90
R25-002382,2025-07-14,FT-2025-01353,CL-014,diretto,A,3,200.00,3.12,581.28
R25-002383,2025-07-14,FT-2025-01372,CL-224,distributori,B,7,120.00,1.86,824.39
R25-002384,2025-07-14,FT-2025-01381,CL-004,diretto,B,3,120.00,0.02,359.94
R25-002385,2025-07-14,FT-2025-01401,CL-152,diretto,A,2,200.00,0.00,400.00
R25-002386,2025-07-14,FT-2025-01401,CL-152,diretto,B,1,120.00,0.00,120.00
R25-002387,2025-07-14,FT-2025-01401,CL-152,diretto,A,1,200.00,0.00,200.00
R25-002388,2025-07-14,FT-2025-01402,CL-023,diretto,B,2,120.00,0.50,238.80
R25-002389,2025-07-14,FT-2025-01402,CL-023,diretto,A,3,200.00,0.00,600.00
R25-002390,2025-07-14,FT-2025-01411,CL-255,distributori,A,4,200.00,18.63,650.96
R25-002391,2025-07-14,FT-2025-01411,CL-255,distributori,B,10,120.00,1.63,1180.50
R25-002392,2025-07-14,FT-2025-01421,CL-242,distributori,A,10,200.00,18.41,1631.90
R25-002393,2025-07-14,FT-2025-01421,CL-242,distributori,B,6,120.00,9.26,653.34
R25-002394,2025-07-14,FT-2025-01421,CL-242,distributori,B,11,120.00,8.98,1201.42
R25-002395,2025-07-14,FT-2025-01437,CL-258,distributori,B,18,120.00,2.92,2097.00
R25-002396,2025-07-14,FT-2025-01457,CL-109,diretto,A,1,200.00,2.00,196.01
R25-002397,2025-07-14,FT-2025-01457,CL-109,diretto,A,2,200.00,1.32,394.72
R25-002398,2025-07-14,FT-2025-01457,CL-109,diretto,A,1,200.00,5.14,189.73
R25-002399,2025-07-14,FT-2025-01477,CL-103,diretto,A,2,200.00,2.28,390.88
R25-002400,2025-07-15,FT-2025-01277,CL-027,diretto,A,4,200.00,6.28,749.76
R25-002401,2025-07-15,FT-2025-01277,CL-027,diretto,A,7,200.00,6.24,1312.71
R25-002402,2025-07-15,FT-2025-01277,CL-027,diretto,A,8,200.00,6.49,1496.16
R25-002403,2025-07-15,FT-2025-01305,CL-124,diretto,A,1,200.00,3.14,193.73
R25-002404,2025-07-15,FT-2025-01338,CL-035,diretto,A,2,200.00,0.80,396.82
R25-002405,2025-07-15,FT-2025-01341,CL-223,distributori,B,11,120.00,2.79,1283.15
R25-002406,2025-07-15,FT-2025-01341,CL-223,distributori,A,5,200.00,25.52,744.80
R25-002407,2025-07-15,FT-2025-01346,CL-041,diretto,A,2,200.00,0.00,400.00
R25-002408,2025-07-15,FT-2025-01369,CL-108,diretto,B,1,120.00,0.00,120.00
R25-002409,2025-07-15,FT-2025-01369,CL-108,diretto,A,3,200.00,2.66,584.04
R25-002410,2025-07-15,FT-2025-01383,CL-250,distributori,B,2,120.00,1.52,236.36
R25-002411,2025-07-15,FT-2025-01475,CL-001,diretto,A,1,200.00,1.27,197.46
R25-002412,2025-07-15,FT-2025-01475,CL-001,diretto,A,3,200.00,2.79,583.26
R25-002413,2025-07-15,FT-2025-01475,CL-001,diretto,A,1,200.00,3.01,193.98
R25-002414,2025-07-16,FT-2025-01266,CL-018,diretto,A,2,200.00,4.04,383.84
R25-002415,2025-07-16,FT-2025-01266,CL-018,diretto,A,2,200.00,4.53,381.90
R25-002416,2025-07-16,FT-2025-01283,CL-199,diretto,A,4,200.00,1.86,785.16
R25-002417,2025-07-16,FT-2025-01283,CL-199,diretto,B,1,120.00,0.00,120.00
R25-002418,2025-07-16,FT-2025-01306,CL-232,distributori,A,8,200.00,20.20,1276.80
R25-002419,2025-07-16,FT-2025-01306,CL-232,distributori,B,20,120.00,4.88,2283.00
R25-002420,2025-07-16,FT-2025-01306,CL-232,distributori,C,3,305.00,11.46,810.15
R25-002421,2025-07-16,FT-2025-01312,CL-244,distributori,C,2,305.00,3.54,588.40
R25-002422,2025-07-16,FT-2025-01379,CL-202,diretto,A,2,200.00,0.00,400.00
R25-002423,2025-07-16,FT-2025-01379,CL-202,diretto,B,1,120.00,0.00,120.00
R25-002424,2025-07-16,FT-2025-01467,CL-246,distributori,B,17,120.00,6.55,1906.38
R25-002425,2025-07-16,FT-2025-01467,CL-246,distributori,C,5,305.00,5.00,1448.75
R25-002426,2025-07-16,FT-2025-01470,CL-252,distributori,B,7,120.00,2.09,822.43
R25-002427,2025-07-16,FT-2025-01470,CL-252,distributori,B,7,120.00,1.44,827.89
R25-002428,2025-07-17,FT-2025-01275,CL-226,distributori,A,7,200.00,21.95,1092.77
R25-002429,2025-07-17,FT-2025-01275,CL-226,distributori,C,3,305.00,2.88,888.63
R25-002430,2025-07-17,FT-2025-01282,CL-013,diretto,A,2,200.00,4.79,380.86
R25-002431,2025-07-17,FT-2025-01282,CL-013,diretto,A,2,200.00,3.63,385.48
R25-002432,2025-07-17,FT-2025-01282,CL-013,diretto,A,2,200.00,2.90,388.42
R25-002433,2025-07-17,FT-2025-01294,CL-239,distributori,B,20,120.00,7.65,2216.40
R25-002434,2025-07-17,FT-2025-01294,CL-239,distributori,C,4,305.00,2.66,1187.56
R25-002435,2025-07-17,FT-2025-01337,CL-017,diretto,A,4,200.00,4.23,766.20
R25-002436,2025-07-17,FT-2025-01337,CL-017,diretto,A,1,200.00,2.38,195.25
R25-002437,2025-07-17,FT-2025-01337,CL-017,diretto,A,2,200.00,2.59,389.66
R25-002438,2025-07-17,FT-2025-01345,CL-014,diretto,A,8,200.00,2.56,1559.04
R25-002439,2025-07-17,FT-2025-01345,CL-014,diretto,B,11,120.00,1.63,1298.55
R25-002440,2025-07-17,FT-2025-01345,CL-014,diretto,B,4,120.00,1.23,474.12
R25-002441,2025-07-17,FT-2025-01355,CL-193,diretto,A,3,200.00,0.00,600.00
R25-002442,2025-07-17,FT-2025-01366,CL-027,diretto,A,15,200.00,5.26,2842.35
R25-002443,2025-07-17,FT-2025-01366,CL-027,diretto,A,8,200.00,6.91,1489.52
R25-002444,2025-07-17,FT-2025-01404,CL-187,diretto,B,2,120.00,0.00,240.00
R25-002445,2025-07-17,FT-2025-01404,CL-187,diretto,A,1,200.00,0.00,200.00
R25-002446,2025-07-17,FT-2025-01404,CL-187,diretto,A,2,200.00,0.00,400.00
R25-002447,2025-07-17,FT-2025-01419,CL-006,diretto,A,3,200.00,4.59,572.46
R25-002448,2025-07-17,FT-2025-01419,CL-006,diretto,A,1,200.00,3.59,192.83
R25-002449,2025-07-17,FT-2025-01427,CL-019,diretto,A,2,200.00,0.44,398.24
R25-002450,2025-07-17,FT-2025-01438,CL-062,diretto,B,2,120.00,3.03,232.72
R25-002451,2025-07-17,FT-2025-01438,CL-062,diretto,A,2,200.00,0.00,400.00
R25-002452,2025-07-17,FT-2025-01438,CL-062,diretto,A,2,200.00,0.00,400.00
R25-002453,2025-07-17,FT-2025-01460,CL-034,diretto,A,2,200.00,0.00,400.00
R25-002454,2025-07-17,FT-2025-01463,CL-221,distributori,A,7,200.00,18.33,1143.38
R25-002455,2025-07-17,FT-2025-01463,CL-221,distributori,B,17,120.00,2.82,1982.54
R25-002456,2025-07-17,FT-2025-01463,CL-221,distributori,C,5,305.00,7.30,1413.70
R25-002457,2025-07-18,FT-2025-01289,CL-155,diretto,B,1,120.00,0.00,120.00
R25-002458,2025-07-18,FT-2025-01289,CL-155,diretto,A,1,200.00,0.20,199.61
R25-002459,2025-07-18,FT-2025-01289,CL-155,diretto,A,1,200.00,0.81,198.38
R25-002460,2025-07-18,FT-2025-01301,CL-194,diretto,A,3,200.00,1.20,592.83
R25-002461,2025-07-18,FT-2025-01301,CL-194,diretto,A,2,200.00,0.58,397.68
R25-002462,2025-07-18,FT-2025-01330,CL-115,diretto,A,2,200.00,1.72,393.12
R25-002463,2025-07-18,FT-2025-01330,CL-115,diretto,B,1,120.00,0.00,120.00
R25-002464,2025-07-18,FT-2025-01365,CL-235,distributori,B,13,120.00,2.83,1515.80
R25-002465,2025-07-18,FT-2025-01365,CL-235,distributori,C,7,305.00,5.51,2017.40
R25-002466,2025-07-18,FT-2025-01368,CL-026,diretto,A,3,200.00,3.38,579.75
R25-002467,2025-07-18,FT-2025-01368,CL-026,diretto,A,3,200.00,3.61,578.37
R25-002468,2025-07-18,FT-2025-01368,CL-026,diretto,A,4,200.00,3.58,771.40
R25-002469,2025-07-18,FT-2025-01413,CL-008,diretto,B,3,120.00,0.00,360.00
R25-002470,2025-07-18,FT-2025-01413,CL-008,diretto,A,2,200.00,8.85,364.60
R25-002471,2025-07-18,FT-2025-01413,CL-008,diretto,A,4,200.00,7.98,736.16
R25-002472,2025-07-18,FT-2025-01414,CL-224,distributori,A,9,200.00,23.63,1374.75
R25-002473,2025-07-18,FT-2025-01478,CL-009,diretto,A,1,200.00,4.11,191.78
R25-002474,2025-07-18,FT-2025-01478,CL-009,diretto,A,2,200.00,4.40,382.42
R25-002475,2025-07-21,FT-2025-01267,CL-237,distributori,B,12,120.00,3.24,1393.32
R25-002476,2025-07-21,FT-2025-01320,CL-031,diretto,A,2,200.00,3.12,387.54
R25-002477,2025-07-21,FT-2025-01358,CL-121,diretto,B,2,120.00,4.58,229.00
R25-002478,2025-07-21,FT-2025-01358,CL-121,diretto,A,2,200.00,0.00,400.00
R25-002479,2025-07-21,FT-2025-01358,CL-121,diretto,A,2,200.00,0.00,400.00
R25-002480,2025-07-21,FT-2025-01363,CL-027,diretto,B,4,120.00,10.63,428.96
R25-002481,2025-07-21,FT-2025-01363,CL-027,diretto,A,6,200.00,5.21,1137.48
R25-002482,2025-07-21,FT-2025-01363,CL-027,diretto,A,3,200.00,5.31,568.14
R25-002483,2025-07-21,FT-2025-01367,CL-245,distributori,B,13,120.00,9.03,1419.21
R25-002484,2025-07-21,FT-2025-01416,CL-230,distributori,C,5,305.00,11.48,1350.00
R25-002485,2025-07-21,FT-2025-01416,CL-230,distributori,B,16,120.00,1.73,1886.72
R25-002486,2025-07-21,FT-2025-01416,CL-230,distributori,B,10,120.00,1.83,1178.00
R25-002487,2025-07-21,FT-2025-01434,CL-219,distributori,B,12,120.00,2.98,1397.04
R25-002488,2025-07-21,FT-2025-01434,CL-219,distributori,B,5,120.00,1.97,588.20
R25-002489,2025-07-21,FT-2025-01434,CL-219,distributori,C,8,305.00,4.45,2331.36
R25-002490,2025-07-21,FT-2025-01449,CL-002,diretto,A,2,200.00,0.00,400.00
R25-002491,2025-07-21,FT-2025-01449,CL-002,diretto,B,1,120.00,2.66,116.81
R25-002492,2025-07-22,FT-2025-01293,CL-055,diretto,A,2,200.00,2.06,391.78
R25-002493,2025-07-22,FT-2025-01316,CL-014,diretto,A,4,200.00,3.22,774.24
R25-002494,2025-07-22,FT-2025-01316,CL-014,diretto,A,8,200.00,2.02,1567.68
R25-002495,2025-07-22,FT-2025-01316,CL-014,diretto,C,3,305.00,2.88,888.69
R25-002496,2025-07-22,FT-2025-01328,CL-003,diretto,A,2,200.00,5.25,379.00
R25-002497,2025-07-22,FT-2025-01331,CL-139,diretto,A,2,200.00,2.17,391.32
R25-002498,2025-07-22,FT-2025-01331,CL-139,diretto,B,1,120.00,0.00,120.00
R25-002499,2025-07-22,FT-2025-01342,CL-220,distributori,A,8,200.00,18.92,1297.28
R25-002500,2025-07-22,FT-2025-01342,CL-220,distributori,B,12,120.00,8.38,1319.40
R25-002501,2025-07-22,FT-2025-01409,CL-253,distributori,A,5,200.00,18.05,819.50
R25-002502,2025-07-22,FT-2025-01428,CL-045,diretto,B,1,120.00,0.00,120.00
R25-002503,2025-07-22,FT-2025-01428,CL-045,diretto,A,3,200.00,0.00,600.00
R25-002504,2025-07-22,FT-2025-01439,CL-247,distributori,B,7,120.00,6.20,787.92
R25-002505,2025-07-23,FT-2025-01268,CL-243,distributori,B,11,120.00,3.03,1279.96
R25-002506,2025-07-23,FT-2025-01270,CL-228,distributori,B,7,120.00,2.17,821.80
R25-002507,2025-07-23,FT-2025-01270,CL-228,distributori,C,7,305.00,6.54,1995.35
R25-002508,2025-07-23,FT-2025-01290,CL-010,diretto,A,3,200.00,1.69,589.89
R25-002509,2025-07-23,FT-2025-01302,CL-183,diretto,B,1,120.00,0.00,120.00
R25-002510,2025-07-23,FT-2025-01302,CL-183,diretto,A,3,200.00,0.11,599.37
R25-002511,2025-07-23,FT-2025-01364,CL-249,distributori,C,4,305.00,6.46,1141.20
R25-002512,2025-07-23,FT-2025-01388,CL-027,diretto,A,2,200.00,6.43,374.30
R25-002513,2025-07-23,FT-2025-01392,CL-240,distributori,B,5,120.00,1.95,588.30
R25-002514,2025-07-23,FT-2025-01435,CL-252,distributori,B,4,120.00,1.82,471.28
R25-002515,2025-07-23,FT-2025-01435,CL-252,distributori,A,3,200.00,18.76,487.44
R25-002516,2025-07-23,FT-2025-01444,CL-236,distributori,B,10,120.00,1.92,1177.00
R25-002517,2025-07-23,FT-2025-01446,CL-238,distributori,B,7,120.00,10.03,755.72
R25-002518,2025-07-23,FT-2025-01446,CL-238,distributori,C,4,305.00,4.10,1169.92
R25-002519,2025-07-23,FT-2025-01446,CL-238,distributori,B,14,120.00,8.48,1537.48
R25-002520,2025-07-23,FT-2025-01448,CL-231,distributori,B,7,120.00,3.13,813.68
R25-002521,2025-07-23,FT-2025-01451,CL-070,diretto,A,2,200.00,0.25,399.00
R25-002522,2025-07-23,FT-2025-01459,CL-005,diretto,A,1,200.00,4.27,191.46
R25-002523,2025-07-23,FT-2025-01459,CL-005,diretto,A,1,200.00,3.47,193.06
R25-002524,2025-07-23,FT-2025-01462,CL-234,distributori,B,8,120.00,8.40,879.36
R25-002525,2025-07-24,FT-2025-01309,CL-212,diretto,A,1,200.00,0.79,198.42
R25-002526,2025-07-24,FT-2025-01309,CL-212,diretto,A,2,200.00,2.50,390.02
R25-002527,2025-07-24,FT-2025-01309,CL-212,diretto,A,2,200.00,4.45,382.22
R25-002528,2025-07-24,FT-2025-01313,CL-229,distributori,B,11,120.00,7.42,1222.10
R25-002529,2025-07-24,FT-2025-01321,CL-011,diretto,B,2,120.00,0.40,239.04
R25-002530,2025-07-24,FT-2025-01321,CL-011,diretto,A,2,200.00,0.00,400.00
R25-002531,2025-07-24,FT-2025-01323,CL-027,diretto,B,5,120.00,10.83,535.05
R25-002532,2025-07-24,FT-2025-01356,CL-100,diretto,A,1,200.00,3.98,192.05
R25-002533,2025-07-24,FT-2025-01360,CL-012,diretto,A,1,200.00,0.34,199.32
R25-002534,2025-07-24,FT-2025-01374,CL-251,distributori,C,3,305.00,3.70,881.10
R25-002535,2025-07-24,FT-2025-01375,CL-170,diretto,A,2,200.00,3.75,385.00
R25-002536,2025-07-24,FT-2025-01412,CL-242,distributori,B,15,120.00,9.48,1629.45
R25-002537,2025-07-24,FT-2025-01418,CL-029,diretto,A,2,200.00,0.00,400.00
R25-002538,2025-07-24,FT-2025-01418,CL-029,diretto,A,1,200.00,0.00,200.00
R25-002539,2025-07-24,FT-2025-01418,CL-029,diretto,B,3,120.00,0.93,356.67
R25-002540,2025-07-24,FT-2025-01424,CL-207,diretto,A,2,200.00,1.43,394.28
R25-002541,2025-07-24,FT-2025-01432,CL-137,diretto,B,1,120.00,0.00,120.00
R25-002542,2025-07-24,FT-2025-01432,CL-137,diretto,A,1,200.00,0.97,198.07
R25-002543,2025-07-24,FT-2025-01443,CL-110,diretto,A,2,200.00,0.02,399.92
R25-002544,2025-07-24,FT-2025-01455,CL-014,diretto,B,9,120.00,1.44,1064.43
R25-002545,2025-07-24,FT-2025-01458,CL-020,diretto,A,1,200.00,1.54,196.92
R25-002546,2025-07-24,FT-2025-01461,CL-007,diretto,A,4,200.00,5.92,752.64
R25-002547,2025-07-24,FT-2025-01461,CL-007,diretto,A,2,200.00,7.38,370.50
R25-002548,2025-07-25,FT-2025-01263,CL-022,diretto,B,3,120.00,1.67,354.00
R25-002549,2025-07-25,FT-2025-01291,CL-224,distributori,B,8,120.00,1.61,944.56
R25-002550,2025-07-25,FT-2025-01291,CL-224,distributori,B,14,120.00,2.70,1634.64
R25-002551,2025-07-25,FT-2025-01291,CL-224,distributori,A,9,200.00,23.42,1378.53
R25-002552,2025-07-25,FT-2025-01297,CL-111,diretto,A,4,200.00,1.88,785.00
R25-002553,2025-07-25,FT-2025-01314,CL-099,diretto,A,2,200.00,2.33,390.68
R25-002554,2025-07-25,FT-2025-01314,CL-099,diretto,B,2,120.00,5.62,226.52
R25-002555,2025-07-25,FT-2025-01335,CL-033,diretto,A,2,200.00,0.00,400.00
R25-002556,2025-07-25,FT-2025-01335,CL-033,diretto,B,2,120.00,1.37,236.72
R25-002557,2025-07-25,FT-2025-01339,CL-246,distributori,A,10,200.00,22.01,1559.90
R25-002558,2025-07-25,FT-2025-01339,CL-246,distributori,B,4,120.00,7.18,445.56
R25-002559,2025-07-25,FT-2025-01399,CL-014,diretto,B,10,120.00,2.70,1167.60
R25-002560,2025-07-25,FT-2025-01399,CL-014,diretto,C,7,305.00,3.21,2066.40
R25-002561,2025-07-25,FT-2025-01406,CL-068,diretto,A,2,200.00,0.00,400.00
R25-002562,2025-07-25,FT-2025-01406,CL-068,diretto,A,1,200.00,0.00,200.00
R25-002563,2025-07-25,FT-2025-01406,CL-068,diretto,B,2,120.00,0.00,240.00
R25-002564,2025-07-25,FT-2025-01425,CL-252,distributori,C,15,305.00,3.55,4412.70
R25-002565,2025-07-25,FT-2025-01425,CL-252,distributori,B,3,120.00,2.22,352.02
R25-002566,2025-07-28,FT-2025-01281,CL-235,distributori,A,8,200.00,18.45,1304.88
R25-002567,2025-07-28,FT-2025-01318,CL-226,distributori,B,10,120.00,9.06,1091.30
R25-002568,2025-07-28,FT-2025-01329,CL-258,distributori,C,2,305.00,4.43,583.00
R25-002569,2025-07-28,FT-2025-01329,CL-258,distributori,A,6,200.00,28.49,858.18
R25-002570,2025-07-28,FT-2025-01349,CL-138,diretto,B,1,120.00,0.00,120.00
R25-002571,2025-07-28,FT-2025-01349,CL-138,diretto,A,2,200.00,0.00,400.00
R25-002572,2025-07-28,FT-2025-01349,CL-138,diretto,B,1,120.00,0.00,120.00
R25-002573,2025-07-28,FT-2025-01410,CL-244,distributori,A,5,200.00,19.46,805.45
R25-002574,2025-07-28,FT-2025-01430,CL-028,diretto,A,1,200.00,1.69,196.62
R25-002575,2025-07-28,FT-2025-01430,CL-028,diretto,A,1,200.00,0.54,198.93
R25-002576,2025-07-28,FT-2025-01465,CL-027,diretto,B,4,120.00,10.86,427.88
R25-002577,2025-07-28,FT-2025-01465,CL-027,diretto,A,5,200.00,5.21,947.95
R25-002578,2025-07-28,FT-2025-01465,CL-027,diretto,A,9,200.00,6.88,1676.25
R25-002579,2025-07-29,FT-2025-01271,CL-252,distributori,B,11,120.00,3.40,1275.12
R25-002580,2025-07-29,FT-2025-01285,CL-225,distributori,C,8,305.00,5.15,2314.24
R25-002581,2025-07-29,FT-2025-01285,CL-225,distributori,A,8,200.00,18.42,1305.28
R25-002582,2025-07-29,FT-2025-01304,CL-233,distributori,C,3,305.00,2.97,887.85
R25-002583,2025-07-29,FT-2025-01304,CL-233,distributori,A,5,200.00,19.26,807.40
R25-002584,2025-07-29,FT-2025-01308,CL-218,diretto,A,1,200.00,0.05,199.90
R25-002585,2025-07-29,FT-2025-01327,CL-014,diretto,A,8,200.00,2.17,1565.28
R25-002586,2025-07-29,FT-2025-01327,CL-014,diretto,A,9,200.00,1.90,1765.80
R25-002587,2025-07-29,FT-2025-01327,CL-014,diretto,A,9,200.00,3.99,1728.18
R25-002588,2025-07-29,FT-2025-01384,CL-026,diretto,A,2,200.00,3.69,385.26
R25-002589,2025-07-29,FT-2025-01394,CL-032,diretto,A,3,200.00,4.87,570.81
R25-002590,2025-07-29,FT-2025-01394,CL-032,diretto,A,1,200.00,3.75,192.50
R25-002591,2025-07-29,FT-2025-01456,CL-230,distributori,A,9,200.00,23.85,1370.70
R25-002592,2025-07-29,FT-2025-01456,CL-230,distributori,B,12,120.00,1.46,1419.00
R25-002593,2025-07-29,FT-2025-01471,CL-222,distributori,A,15,200.00,18.56,2443.20
R25-002594,2025-07-29,FT-2025-01471,CL-222,distributori,C,13,305.00,9.96,3570.19
R25-002595,2025-07-29,FT-2025-01471,CL-222,distributori,B,13,120.00,5.83,1469.13
R25-002596,2025-07-30,FT-2025-01274,CL-245,distributori,C,4,305.00,4.32,1167.32
R25-002597,2025-07-30,FT-2025-01274,CL-245,distributori,A,8,200.00,17.89,1313.84
R25-002598,2025-07-30,FT-2025-01298,CL-254,distributori,B,19,120.00,8.53,2085.44
R25-002599,2025-07-30,FT-2025-01299,CL-117,diretto,B,1,120.00,0.00,120.00
R25-002600,2025-07-30,FT-2025-01299,CL-117,diretto,A,2,200.00,0.00,400.00
R25-002601,2025-07-30,FT-2025-01299,CL-117,diretto,B,1,120.00,0.00,120.00
R25-002602,2025-07-30,FT-2025-01351,CL-023,diretto,B,2,120.00,10.00,216.00
R25-002603,2025-07-30,FT-2025-01357,CL-027,diretto,B,10,120.00,10.58,1073.10
R25-002604,2025-07-30,FT-2025-01357,CL-027,diretto,B,5,120.00,10.54,536.75
R25-002605,2025-07-30,FT-2025-01405,CL-044,diretto,A,3,200.00,0.64,596.19
R25-002606,2025-07-30,FT-2025-01405,CL-044,diretto,B,1,120.00,8.22,110.14
R25-002607,2025-07-30,FT-2025-01407,CL-018,diretto,A,2,200.00,3.96,384.16
R25-002608,2025-07-30,FT-2025-01407,CL-018,diretto,A,3,200.00,3.43,579.45
R25-002609,2025-07-30,FT-2025-01417,CL-008,diretto,A,1,200.00,8.14,183.73
R25-002610,2025-07-30,FT-2025-01417,CL-008,diretto,B,2,120.00,0.55,238.68
R25-002611,2025-07-30,FT-2025-01440,CL-243,distributori,B,3,120.00,2.58,350.70
R25-002612,2025-07-30,FT-2025-01440,CL-243,distributori,C,7,305.00,3.11,2068.57
R25-002613,2025-07-30,FT-2025-01440,CL-243,distributori,B,7,120.00,3.16,813.47
R25-002614,2025-07-31,FT-2025-01279,CL-014,diretto,B,5,120.00,2.90,582.60
R25-002615,2025-07-31,FT-2025-01279,CL-014,diretto,C,3,305.00,3.28,884.97
R25-002616,2025-07-31,FT-2025-01280,CL-002,diretto,B,3,120.00,6.96,334.95
R25-002617,2025-07-31,FT-2025-01286,CL-219,distributori,A,8,200.00,18.54,1303.44
R25-002618,2025-07-31,FT-2025-01287,CL-123,diretto,B,1,120.00,0.00,120.00
R25-002619,2025-07-31,FT-2025-01287,CL-123,diretto,A,1,200.00,5.61,188.79
R25-002620,2025-07-31,FT-2025-01287,CL-123,diretto,A,3,200.00,0.66,596.07
R25-002621,2025-07-31,FT-2025-01296,CL-239,distributori,A,7,200.00,19.76,1123.43
R25-002622,2025-07-31,FT-2025-01326,CL-004,diretto,A,2,200.00,0.00,400.00
R25-002623,2025-07-31,FT-2025-01352,CL-253,distributori,B,17,120.00,2.39,1991.21
R25-002624,2025-07-31,FT-2025-01354,CL-009,diretto,A,2,200.00,3.45,386.22
R25-002625,2025-07-31,FT-2025-01354,CL-009,diretto,A,2,200.00,3.13,387.48
R25-002626,2025-07-31,FT-2025-01354,CL-009,diretto,A,2,200.00,4.91,380.38
R25-002627,2025-07-31,FT-2025-01390,CL-229,distributori,B,13,120.00,7.04,1450.15
R25-002628,2025-07-31,FT-2025-01390,CL-229,distributori,B,12,120.00,5.99,1353.72
R25-002629,2025-07-31,FT-2025-01436,CL-224,distributori,B,14,120.00,2.00,1646.40
R25-002630,2025-07-31,FT-2025-01469,CL-113,diretto,A,1,200.00,1.07,197.87
R25-002631,2025-07-31,FT-2025-01469,CL-113,diretto,A,2,200.00,0.08,399.70
R25-002632,2025-07-31,FT-2025-01469,CL-113,diretto,A,1,200.00,0.39,199.22
R25-002633,2025-08-01,FT-2025-01500,CL-073,diretto,B,1,120.00,0.00,120.00
R25-002634,2025-08-01,FT-2025-01500,CL-073,diretto,A,2,200.00,3.30,386.80
R25-002635,2025-08-01,FT-2025-01515,CL-125,diretto,A,1,200.00,0.00,200.00
R25-002636,2025-08-01,FT-2025-01536,CL-031,diretto,A,2,200.00,2.52,389.92
R25-002637,2025-08-01,FT-2025-01538,CL-027,diretto,B,2,120.00,10.37,215.12
R25-002638,2025-08-01,FT-2025-01538,CL-027,diretto,A,5,200.00,4.81,951.90
R25-002639,2025-08-01,FT-2025-01538,CL-027,diretto,A,5,200.00,5.75,942.55
R25-002640,2025-08-01,FT-2025-01602,CL-249,distributori,B,5,120.00,2.18,586.90
R25-002641,2025-08-01,FT-2025-01602,CL-249,distributori,B,9,120.00,1.30,1065.96
R25-002642,2025-08-01,FT-2025-01602,CL-249,distributori,B,1,120.00,2.86,116.57
R25-002643,2025-08-01,FT-2025-01609,CL-238,distributori,A,10,200.00,19.29,1614.30
R25-002644,2025-08-01,FT-2025-01609,CL-238,distributori,B,10,120.00,8.95,1092.60
R25-002645,2025-08-01,FT-2025-01628,CL-236,distributori,B,14,120.00,3.68,1618.12
R25-002646,2025-08-04,FT-2025-01490,CL-228,distributori,A,8,200.00,18.88,1298.00
R25-002647,2025-08-04,FT-2025-01490,CL-228,distributori,B,3,120.00,2.48,351.09
R25-002648,2025-08-04,FT-2025-01531,CL-069,diretto,A,2,200.00,1.66,393.36
R25-002649,2025-08-04,FT-2025-01531,CL-069,diretto,A,1,200.00,3.18,193.65
R25-002650,2025-08-04,FT-2025-01571,CL-250,distributori,B,12,120.00,1.56,1417.56
R25-002651,2025-08-04,FT-2025-01571,CL-250,distributori,C,6,305.00,4.15,1753.98
R25-002652,2025-08-04,FT-2025-01571,CL-250,distributori,A,9,200.00,19.02,1457.73
R25-002653,2025-08-04,FT-2025-01612,CL-014,diretto,A,4,200.00,0.00,800.00
R25-002654,2025-08-04,FT-2025-01612,CL-014,diretto,B,5,120.00,0.96,594.25
R25-002655,2025-08-04,FT-2025-01640,CL-242,distributori,A,7,200.00,18.50,1141.00
R25-002656,2025-08-04,FT-2025-01640,CL-242,distributori,B,13,120.00,8.50,1427.40
R25-002657,2025-08-04,FT-2025-01640,CL-242,distributori,B,9,120.00,10.34,968.31
R25-002658,2025-08-05,FT-2025-01480,CL-098,diretto,A,1,200.00,0.00,200.00
R25-002659,2025-08-05,FT-2025-01480,CL-098,diretto,B,1,120.00,2.50,117.00
R25-002660,2025-08-05,FT-2025-01480,CL-098,diretto,A,2,200.00,0.00,400.00
R25-002661,2025-08-05,FT-2025-01510,CL-188,diretto,A,1,200.00,0.00,200.00
R25-002662,2025-08-05,FT-2025-01510,CL-188,diretto,A,1,200.00,0.00,200.00
R25-002663,2025-08-05,FT-2025-01510,CL-188,diretto,A,2,200.00,0.00,400.00
R25-002664,2025-08-05,FT-2025-01545,CL-024,diretto,A,2,200.00,0.00,400.00
R25-002665,2025-08-05,FT-2025-01563,CL-252,distributori,A,5,200.00,19.24,807.60
R25-002666,2025-08-05,FT-2025-01588,CL-027,diretto,A,9,200.00,6.83,1677.06
R25-002667,2025-08-05,FT-2025-01588,CL-027,diretto,C,3,305.00,6.85,852.33
R25-002668,2025-08-05,FT-2025-01588,CL-027,diretto,A,9,200.00,6.85,1676.70
R25-002669,2025-08-05,FT-2025-01625,CL-134,diretto,A,2,200.00,0.00,400.00
R25-002670,2025-08-05,FT-2025-01633,CL-221,distributori,C,2,305.00,7.76,562.64
R25-002671,2025-08-06,FT-2025-01527,CL-255,distributori,B,11,120.00,3.56,1273.03
R25-002672,2025-08-06,FT-2025-01593,CL-232,distributori,C,3,305.00,11.44,810.36
R25-002673,2025-08-06,FT-2025-01613,CL-010,diretto,A,1,200.00,0.00,200.00
R25-002674,2025-08-06,FT-2025-01613,CL-010,diretto,A,2,200.00,2.59,389.64
R25-002675,2025-08-06,FT-2025-01613,CL-010,diretto,A,3,200.00,2.18,586.92
R25-002676,2025-08-06,FT-2025-01623,CL-241,distributori,C,4,305.00,5.29,1155.52
R25-002677,2025-08-06,FT-2025-01623,CL-241,distributori,A,7,200.00,18.83,1136.38
R25-002678,2025-08-06,FT-2025-01644,CL-257,distributori,A,1,200.00,20.29,159.43
R25-002679,2025-08-07,FT-2025-01486,CL-234,distributori,B,7,120.00,9.16,763.07
R25-002680,2025-08-07,FT-2025-01517,CL-251,distributori,A,4,200.00,19.66,642.72
R25-002681,2025-08-07,FT-2025-01533,CL-246,distributori,B,8,120.00,6.60,896.64
R25-002682,2025-08-07,FT-2025-01537,CL-014,diretto,B,6,120.00,1.70,707.76
R25-002683,2025-08-07,FT-2025-01537,CL-014,diretto,A,4,200.00,3.58,771.40
R25-002684,2025-08-07,FT-2025-01537,CL-014,diretto,B,7,120.00,10.00,756.00
R25-002685,2025-08-07,FT-2025-01540,CL-013,diretto,A,2,200.00,3.86,384.58
R25-002686,2025-08-07,FT-2025-01540,CL-013,diretto,A,1,200.00,3.52,192.97
R25-002687,2025-08-07,FT-2025-01540,CL-013,diretto,A,2,200.00,4.42,382.34
R25-002688,2025-08-07,FT-2025-01543,CL-230,distributori,A,12,200.00,24.48,1812.48
R25-002689,2025-08-07,FT-2025-01543,CL-230,distributori,B,3,120.00,2.53,350.88
R25-002690,2025-08-07,FT-2025-01543,CL-230,distributori,B,10,120.00,1.97,1176.40
R25-002691,2025-08-07,FT-2025-01560,CL-007,diretto,A,4,200.00,7.73,738.20
R25-002692,2025-08-07,FT-2025-01560,CL-007,diretto,A,4,200.00,7.97,736.24
R25-002693,2025-08-07,FT-2025-01572,CL-006,diretto,A,2,200.00,4.70,381.20
R25-002694,2025-08-07,FT-2025-01591,CL-176,diretto,A,2,200.00,0.00,400.00
R25-002695,2025-08-07,FT-2025-01591,CL-176,diretto,B,1,120.00,0.00,120.00
R25-002696,2025-08-07,FT-2025-01592,CL-050,diretto,A,2,200.00,0.00,400.00
R25-002697,2025-08-07,FT-2025-01592,CL-050,diretto,A,1,200.00,0.00,200.00
R25-002698,2025-08-07,FT-2025-01592,CL-050,diretto,B,1,120.00,2.96,116.45
R25-002699,2025-08-07,FT-2025-01634,CL-237,distributori,B,9,120.00,3.54,1041.75
R25-002700,2025-08-07,FT-2025-01634,CL-237,distributori,C,5,305.00,3.98,1464.30
R25-002701,2025-08-07,FT-2025-01639,CL-020,diretto,A,4,200.00,0.94,792.52
R25-002702,2025-08-07,FT-2025-01646,CL-223,distributori,B,10,120.00,3.37,1159.60
R25-002703,2025-08-07,FT-2025-01646,CL-223,distributori,A,4,200.00,25.65,594.80
R25-002704,2025-08-08,FT-2025-01489,CL-235,distributori,A,4,200.00,18.52,651.84
R25-002705,2025-08-08,FT-2025-01489,CL-235,distributori,C,4,305.00,5.63,1151.36
R25-002706,2025-08-08,FT-2025-01492,CL-021,diretto,A,2,200.00,2.90,388.40
R25-002707,2025-08-08,FT-2025-01492,CL-021,diretto,A,2,200.00,3.67,385.34
R25-002708,2025-08-08,FT-2025-01528,CL-084,diretto,A,2,200.00,0.43,398.28
R25-002709,2025-08-08,FT-2025-01562,CL-243,distributori,B,7,120.00,2.53,818.79
R25-002710,2025-08-08,FT-2025-01562,CL-243,distributori,B,10,120.00,3.54,1157.50
R25-002711,2025-08-08,FT-2025-01565,CL-258,distributori,B,7,120.00,3.02,814.66
R25-002712,2025-08-08,FT-2025-01565,CL-258,distributori,C,3,305.00,2.92,888.24
R25-002713,2025-08-08,FT-2025-01567,CL-252,distributori,B,3,120.00,2.18,352.14
R25-002714,2025-08-08,FT-2025-01567,CL-252,distributori,C,6,305.00,3.98,1757.10
R25-002715,2025-08-08,FT-2025-01568,CL-003,diretto,A,3,200.00,5.30,568.23
R25-002716,2025-08-08,FT-2025-01568,CL-003,diretto,A,1,200.00,3.54,192.92
R25-002717,2025-08-08,FT-2025-01574,CL-224,distributori,B,18,120.00,1.33,2131.38
R25-002718,2025-08-08,FT-2025-01582,CL-016,diretto,A,1,200.00,0.00,200.00
R25-002719,2025-08-08,FT-2025-01582,CL-016,diretto,A,3,200.00,2.06,587.67
R25-002720,2025-08-08,FT-2025-01605,CL-014,diretto,C,6,305.00,2.86,1777.62
R25-002721,2025-08-08,FT-2025-01610,CL-026,diretto,A,2,200.00,3.34,386.66
R25-002722,2025-08-08,FT-2025-01610,CL-026,diretto,A,3,200.00,4.96,570.27
R25-002723,2025-08-08,FT-2025-01616,CL-198,diretto,B,1,120.00,0.00,120.00
R25-002724,2025-08-08,FT-2025-01616,CL-198,diretto,A,2,200.00,0.00,400.00
R25-002725,2025-08-08,FT-2025-01619,CL-027,diretto,B,6,120.00,9.33,652.86
R25-002726,2025-08-08,FT-2025-01619,CL-027,diretto,A,4,200.00,4.84,761.32
R25-002727,2025-08-08,FT-2025-01642,CL-226,distributori,C,2,305.00,3.89,586.28
R25-002728,2025-08-08,FT-2025-01645,CL-027,diretto,A,4,200.00,5.55,755.60
R25-002729,2025-08-11,FT-2025-01483,CL-019,diretto,A,2,200.00,0.88,396.50
R25-002730,2025-08-11,FT-2025-01483,CL-019,diretto,A,1,200.00,1.68,196.65
R25-002731,2025-08-11,FT-2025-01498,CL-008,diretto,A,3,200.00,8.61,548.34
R25-002732,2025-08-11,FT-2025-01505,CL-140,diretto,A,2,200.00,0.49,398.06
R25-002733,2025-08-11,FT-2025-01506,CL-244,distributori,B,13,120.00,9.98,1404.26
R25-002734,2025-08-11,FT-2025-01506,CL-244,distributori,B,14,120.00,9.45,1521.24
R25-002735,2025-08-11,FT-2025-01506,CL-244,distributori,C,4,305.00,3.22,1180.68
R25-002736,2025-08-11,FT-2025-01520,CL-077,diretto,A,1,200.00,1.40,197.21
R25-002737,2025-08-11,FT-2025-01520,CL-077,diretto,A,4,200.00,1.09,791.28
R25-002738,2025-08-11,FT-2025-01520,CL-077,diretto,B,1,120.00,3.40,115.92
R25-002739,2025-08-11,FT-2025-01541,CL-229,distributori,B,12,120.00,7.80,1327.68
R25-002740,2025-08-11,FT-2025-01541,CL-229,distributori,A,9,200.00,18.84,1460.88
R25-002741,2025-08-11,FT-2025-01541,CL-229,distributori,C,3,305.00,7.81,843.57
R25-002742,2025-08-11,FT-2025-01556,CL-025,diretto,B,1,120.00,2.96,116.45
R25-002743,2025-08-11,FT-2025-01556,CL-025,diretto,B,2,120.00,4.15,230.04
R25-002744,2025-08-11,FT-2025-01556,CL-025,diretto,A,3,200.00,0.00,600.00
R25-002745,2025-08-11,FT-2025-01585,CL-238,distributori,B,16,120.00,8.78,1751.36
R25-002746,2025-08-11,FT-2025-01607,CL-219,distributori,A,5,200.00,18.69,813.15
R25-002747,2025-08-11,FT-2025-01607,CL-219,distributori,C,4,305.00,5.61,1151.56
R25-002748,2025-08-11,FT-2025-01650,CL-028,diretto,A,2,200.00,1.55,393.82
R25-002749,2025-08-11,FT-2025-01650,CL-028,diretto,A,2,200.00,0.12,399.54
R25-002750,2025-08-12,FT-2025-01481,CL-027,diretto,B,6,120.00,10.33,645.66
R25-002751,2025-08-12,FT-2025-01495,CL-245,distributori,B,8,120.00,8.46,878.80
R25-002752,2025-08-12,FT-2025-01495,CL-245,distributori,C,5,305.00,2.91,1480.55
R25-002753,2025-08-12,FT-2025-01495,CL-245,distributori,B,8,120.00,8.50,878.40
R25-002754,2025-08-12,FT-2025-01507,CL-034,diretto,A,1,200.00,0.00,200.00
R25-002755,2025-08-12,FT-2025-01522,CL-030,diretto,A,1,200.00,3.38,193.25
R25-002756,2025-08-12,FT-2025-01522,CL-030,diretto,A,3,200.00,2.56,584.64
R25-002757,2025-08-12,FT-2025-01529,CL-064,diretto,A,1,200.00,2.44,195.13
R25-002758,2025-08-12,FT-2025-01551,CL-074,diretto,A,1,200.00,1.28,197.44
R25-002759,2025-08-12,FT-2025-01551,CL-074,diretto,A,2,200.00,2.52,389.92
R25-002760,2025-08-12,FT-2025-01551,CL-074,diretto,A,1,200.00,1.50,197.01
R25-002761,2025-08-12,FT-2025-01554,CL-129,diretto,A,1,200.00,2.70,194.61
R25-002762,2025-08-12,FT-2025-01554,CL-129,diretto,A,3,200.00,3.76,577.44
R25-002763,2025-08-12,FT-2025-01554,CL-129,diretto,B,3,120.00,0.00,360.00
R25-002764,2025-08-12,FT-2025-01559,CL-061,diretto,A,1,200.00,2.56,194.88
R25-002765,2025-08-12,FT-2025-01559,CL-061,diretto,A,1,200.00,2.19,195.62
R25-002766,2025-08-12,FT-2025-01570,CL-014,diretto,A,7,200.00,3.60,1349.67
R25-002767,2025-08-12,FT-2025-01570,CL-014,diretto,A,5,200.00,3.52,964.85
R25-002768,2025-08-12,FT-2025-01600,CL-228,distributori,B,6,120.00,2.41,702.66
R25-002769,2025-08-12,FT-2025-01600,CL-228,distributori,C,8,305.00,6.38,2284.32
R25-002770,2025-08-12,FT-2025-01629,CL-136,diretto,A,2,200.00,0.00,400.00
R25-002771,2025-08-13,FT-2025-01511,CL-163,diretto,A,3,200.00,3.41,579.54
R25-002772,2025-08-13,FT-2025-01511,CL-163,diretto,B,1,120.00,0.00,120.00
R25-002773,2025-08-13,FT-2025-01552,CL-253,distributori,C,3,305.00,5.94,860.67
R25-002774,2025-08-13,FT-2025-01552,CL-253,distributori,B,12,120.00,2.56,1403.16
R25-002775,2025-08-13,FT-2025-01584,CL-242,distributori,C,3,305.00,4.00,878.43
R25-002776,2025-08-13,FT-2025-01603,CL-120,diretto,A,2,200.00,0.35,398.60
R25-002777,2025-08-13,FT-2025-01649,CL-005,diretto,A,3,200.00,3.24,580.59
R25-002778,2025-08-13,FT-2025-01649,CL-005,diretto,A,1,200.00,4.38,191.24
R25-002779,2025-08-13,FT-2025-01649,CL-005,diretto,A,2,200.00,5.00,380.00
R25-002780,2025-08-14,FT-2025-01482,CL-252,distributori,C,9,305.00,3.68,2644.02
R25-002781,2025-08-14,FT-2025-01482,CL-252,distributori,B,8,120.00,3.15,929.76
R25-002782,2025-08-14,FT-2025-01485,CL-256,distributori,A,18,200.00,18.78,2924.10
R25-002783,2025-08-14,FT-2025-01485,CL-256,distributori,C,15,305.00,7.13,4248.60
R25-002784,2025-08-14,FT-2025-01485,CL-256,distributori,B,19,120.00,2.24,2228.89
R25-002785,2025-08-14,FT-2025-01501,CL-112,diretto,A,2,200.00,0.05,399.82
R25-002786,2025-08-14,FT-2025-01524,CL-002,diretto,B,3,120.00,3.23,348.39
R25-002787,2025-08-14,FT-2025-01524,CL-002,diretto,A,2,200.00,0.00,400.00
R25-002788,2025-08-14,FT-2025-01542,CL-177,diretto,A,1,200.00,1.12,197.76
R25-002789,2025-08-14,FT-2025-01542,CL-177,diretto,A,1,200.00,0.90,198.21
R25-002790,2025-08-14,FT-2025-01577,CL-014,diretto,B,10,120.00,2.48,1170.30
R25-002791,2025-08-14,FT-2025-01577,CL-014,diretto,B,8,120.00,2.88,932.32
R25-002792,2025-08-14,FT-2025-01577,CL-014,diretto,A,7,200.00,2.75,1361.50
R25-002793,2025-08-14,FT-2025-01608,CL-017,diretto,A,3,200.00,3.20,580.80
R25-002794,2025-08-14,FT-2025-01608,CL-017,diretto,A,2,200.00,3.71,385.16
R25-002795,2025-08-14,FT-2025-01614,CL-224,distributori,A,7,200.00,22.91,1079.33
R25-002796,2025-08-18,FT-2025-01479,CL-015,diretto,B,1,120.00,0.79,119.05
R25-002797,2025-08-18,FT-2025-01491,CL-043,diretto,A,2,200.00,1.35,394.62
R25-002798,2025-08-18,FT-2025-01491,CL-043,diretto,A,2,200.00,2.01,391.96
R25-002799,2025-08-18,FT-2025-01491,CL-043,diretto,B,1,120.00,8.48,109.82
R25-002800,2025-08-18,FT-2025-01530,CL-141,diretto,A,2,200.00,0.92,396.34
R25-002801,2025-08-18,FT-2025-01535,CL-011,diretto,B,2,120.00,0.54,238.70
R25-002802,2025-08-18,FT-2025-01535,CL-011,diretto,A,2,200.00,0.01,399.96
R25-002803,2025-08-18,FT-2025-01557,CL-032,diretto,A,3,200.00,3.28,580.35
R25-002804,2025-08-18,FT-2025-01557,CL-032,diretto,A,1,200.00,4.69,190.62
R25-002805,2025-08-18,FT-2025-01578,CL-239,distributori,A,4,200.00,19.18,646.56
R25-002806,2025-08-18,FT-2025-01578,CL-239,distributori,B,19,120.00,7.63,2106.15
R25-002807,2025-08-18,FT-2025-01578,CL-239,distributori,C,2,305.00,3.68,587.58
R25-002808,2025-08-18,FT-2025-01580,CL-157,diretto,A,2,200.00,0.00,400.00
R25-002809,2025-08-18,FT-2025-01580,CL-157,diretto,B,2,120.00,5.56,226.66
R25-002810,2025-08-18,FT-2025-01580,CL-157,diretto,A,1,200.00,0.00,200.00
R25-002811,2025-08-18,FT-2025-01590,CL-027,diretto,A,3,200.00,4.84,570.99
R25-002812,2025-08-18,FT-2025-01599,CL-023,diretto,B,2,120.00,1.33,236.82
R25-002813,2025-08-18,FT-2025-01599,CL-023,diretto,A,2,200.00,0.00,400.00
R25-002814,2025-08-18,FT-2025-01641,CL-240,distributori,B,8,120.00,3.07,930.56
R25-002815,2025-08-18,FT-2025-01641,CL-240,distributori,A,5,200.00,18.38,816.20
R25-002816,2025-08-18,FT-2025-01647,CL-227,distributori,B,9,120.00,2.11,1057.23
R25-002817,2025-08-18,FT-2025-01647,CL-227,distributori,A,3,200.00,19.07,485.58
R25-002818,2025-08-19,FT-2025-01484,CL-172,diretto,B,1,120.00,9.08,109.11
R25-002819,2025-08-19,FT-2025-01484,CL-172,diretto,A,3,200.00,0.76,595.44
R25-002820,2025-08-19,FT-2025-01502,CL-230,distributori,C,4,305.00,11.48,1080.00
R25-002821,2025-08-19,FT-2025-01502,CL-230,distributori,B,19,120.00,3.41,2202.29
R25-002822,2025-08-19,FT-2025-01518,CL-213,diretto,A,2,200.00,0.80,396.82
R25-002823,2025-08-19,FT-2025-01526,CL-209,diretto,A,1,200.00,7.66,184.69
R25-002824,2025-08-19,FT-2025-01569,CL-018,diretto,A,3,200.00,3.16,581.04
R25-002825,2025-08-19,FT-2025-01569,CL-018,diretto,A,1,200.00,4.90,190.21
R25-002826,2025-08-19,FT-2025-01573,CL-246,distributori,A,8,200.00,22.46,1240.64
R25-002827,2025-08-19,FT-2025-01573,CL-246,distributori,B,15,120.00,8.10,1654.20
R25-002828,2025-08-19,FT-2025-01621,CL-249,distributori,A,8,200.00,18.97,1296.56
R25-002829,2025-08-19,FT-2025-01621,CL-249,distributori,C,8,305.00,5.82,2298.08
R25-002830,2025-08-19,FT-2025-01621,CL-249,distributori,B,13,120.00,1.64,1534.39
R25-002831,2025-08-19,FT-2025-01624,CL-190,diretto,B,1,120.00,0.00,120.00
R25-002832,2025-08-19,FT-2025-01624,CL-190,diretto,A,3,200.00,2.83,583.02
R25-002833,2025-08-20,FT-2025-01503,CL-026,diretto,A,4,200.00,5.07,759.44
R25-002834,2025-08-20,FT-2025-01503,CL-026,diretto,A,1,200.00,4.40,191.20
R25-002835,2025-08-20,FT-2025-01547,CL-225,distributori,A,4,200.00,19.18,646.56
R25-002836,2025-08-20,FT-2025-01547,CL-225,distributori,B,11,120.00,2.08,1292.50
R25-002837,2025-08-20,FT-2025-01555,CL-027,diretto,A,9,200.00,4.90,1711.80
R25-002838,2025-08-20,FT-2025-01555,CL-027,diretto,B,13,120.00,10.15,1401.66
R25-002839,2025-08-20,FT-2025-01558,CL-004,diretto,A,1,200.00,0.00,200.00
R25-002840,2025-08-20,FT-2025-01586,CL-040,diretto,A,1,200.00,0.00,200.00
R25-002841,2025-08-20,FT-2025-01586,CL-040,diretto,A,1,200.00,0.00,200.00
R25-002842,2025-08-20,FT-2025-01597,CL-009,diretto,A,2,200.00,4.65,381.40
R25-002843,2025-08-20,FT-2025-01597,CL-009,diretto,A,1,200.00,3.21,193.59
R25-002844,2025-08-20,FT-2025-01597,CL-009,diretto,A,3,200.00,5.11,569.37
R25-002845,2025-08-20,FT-2025-01601,CL-014,diretto,B,5,120.00,0.82,595.10
R25-002846,2025-08-20,FT-2025-01601,CL-014,diretto,A,11,200.00,0.01,2199.89
R25-002847,2025-08-21,FT-2025-01493,CL-169,diretto,B,1,120.00,0.00,120.00
R25-002848,2025-08-21,FT-2025-01493,CL-169,diretto,A,2,200.00,0.00,400.00
R25-002849,2025-08-21,FT-2025-01504,CL-237,distributori,A,8,200.00,19.41,1289.52
R25-002850,2025-08-21,FT-2025-01504,CL-237,distributori,B,7,120.00,2.41,819.77
R25-002851,2025-08-21,FT-2025-01509,CL-184,diretto,A,2,200.00,0.64,397.44
R25-002852,2025-08-21,FT-2025-01523,CL-195,diretto,A,1,200.00,2.11,195.78
R25-002853,2025-08-21,FT-2025-01523,CL-195,diretto,A,1,200.00,2.43,195.14
R25-002854,2025-08-21,FT-2025-01525,CL-072,diretto,A,1,200.00,1.95,196.11
R25-002855,2025-08-21,FT-2025-01525,CL-072,diretto,A,2,200.00,1.61,393.56
R25-002856,2025-08-21,FT-2025-01549,CL-233,distributori,B,7,120.00,9.26,762.23
R25-002857,2025-08-21,FT-2025-01561,CL-252,distributori,B,10,120.00,2.53,1169.70
R25-002858,2025-08-21,FT-2025-01561,CL-252,distributori,B,7,120.00,3.36,811.79
R25-002859,2025-08-21,FT-2025-01561,CL-252,distributori,A,11,200.00,19.15,1778.81
R25-002860,2025-08-21,FT-2025-01564,CL-235,distributori,B,15,120.00,1.91,1765.65
R25-002861,2025-08-21,FT-2025-01596,CL-065,diretto,B,1,120.00,0.00,120.00
R25-002862,2025-08-21,FT-2025-01596,CL-065,diretto,A,2,200.00,0.00,400.00
R25-002863,2025-08-21,FT-2025-01622,CL-033,diretto,B,3,120.00,0.68,357.54
R25-002864,2025-08-21,FT-2025-01622,CL-033,diretto,A,2,200.00,0.00,400.00
R25-002865,2025-08-21,FT-2025-01622,CL-033,diretto,A,1,200.00,0.00,200.00
R25-002866,2025-08-21,FT-2025-01631,CL-181,diretto,A,4,200.00,0.99,792.12
R25-002867,2025-08-21,FT-2025-01632,CL-236,distributori,C,7,305.00,4.24,2044.49
R25-002868,2025-08-21,FT-2025-01632,CL-236,distributori,A,10,200.00,19.02,1619.60
R25-002869,2025-08-21,FT-2025-01632,CL-236,distributori,B,6,120.00,2.08,705.06
R25-002870,2025-08-22,FT-2025-01487,CL-248,distributori,A,4,200.00,19.38,644.96
R25-002871,2025-08-22,FT-2025-01487,CL-248,distributori,B,9,120.00,2.78,1050.03
R25-002872,2025-08-22,FT-2025-01532,CL-226,distributori,A,5,200.00,22.85,771.55
R25-002873,2025-08-22,FT-2025-01532,CL-226,distributori,B,23,120.00,8.82,2516.66
R25-002874,2025-08-22,FT-2025-01553,CL-014,diretto,B,10,120.00,1.23,1185.20
R25-002875,2025-08-22,FT-2025-01553,CL-014,diretto,A,7,200.00,3.03,1357.58
R25-002876,2025-08-22,FT-2025-01581,CL-022,diretto,A,3,200.00,0.00,600.00
R25-002877,2025-08-22,FT-2025-01581,CL-022,diretto,B,3,120.00,1.33,355.20
R25-002878,2025-08-22,FT-2025-01581,CL-022,diretto,B,1,120.00,0.25,119.70
R25-002879,2025-08-22,FT-2025-01587,CL-027,diretto,A,10,200.00,6.18,1876.50
R25-002880,2025-08-22,FT-2025-01587,CL-027,diretto,B,5,120.00,9.53,542.80
R25-002881,2025-08-22,FT-2025-01615,CL-224,distributori,C,2,305.00,10.50,545.94
R25-002882,2025-08-22,FT-2025-01651,CL-243,distributori,C,5,305.00,3.14,1477.05
R25-002883,2025-08-22,FT-2025-01651,CL-243,distributori,A,8,200.00,18.34,1306.56
R25-002884,2025-08-25,FT-2025-01513,CL-007,diretto,B,1,120.00,10.00,108.00
R25-002885,2025-08-25,FT-2025-01513,CL-007,diretto,A,2,200.00,7.99,368.06
R25-002886,2025-08-25,FT-2025-01514,CL-258,distributori,A,9,200.00,28.80,1281.69
R25-002887,2025-08-25,FT-2025-01514,CL-258,distributori,B,16,120.00,2.18,1878.08
R25-002888,2025-08-25,FT-2025-01548,CL-250,distributori,B,4,120.00,1.99,470.44
R25-002889,2025-08-25,FT-2025-01575,CL-220,distributori,B,6,120.00,7.68,664.74
R25-002890,2025-08-25,FT-2025-01576,CL-029,diretto,A,1,200.00,0.00,200.00
R25-002891,2025-08-25,FT-2025-01589,CL-031,diretto,A,2,200.00,4.22,383.12
R25-002892,2025-08-25,FT-2025-01611,CL-232,distributori,A,7,200.00,20.77,1109.22
R25-002893,2025-08-25,FT-2025-01611,CL-232,distributori,B,20,120.00,3.99,2304.20
R25-002894,2025-08-25,FT-2025-01620,CL-191,diretto,A,1,200.00,0.00,200.00
R25-002895,2025-08-25,FT-2025-01627,CL-219,distributori,B,16,120.00,1.46,1892.00
R25-002896,2025-08-25,FT-2025-01630,CL-255,distributori,C,4,305.00,4.67,1163.00
R25-002897,2025-08-25,FT-2025-01630,CL-255,distributori,A,6,200.00,18.67,975.96
R25-002898,2025-08-26,FT-2025-01494,CL-242,distributori,B,12,120.00,10.16,1293.72
R25-002899,2025-08-26,FT-2025-01521,CL-175,diretto,A,1,200.00,0.00,200.00
R25-002900,2025-08-26,FT-2025-01521,CL-175,diretto,A,2,200.00,0.91,396.38
R25-002901,2025-08-26,FT-2025-01521,CL-175,diretto,A,1,200.00,1.01,197.99
R25-002902,2025-08-26,FT-2025-01546,CL-168,diretto,A,2,200.00,0.00,400.00
R25-002903,2025-08-26,FT-2025-01550,CL-229,distributori,B,12,120.00,7.80,1327.68
R25-002904,2025-08-26,FT-2025-01579,CL-204,diretto,B,2,120.00,0.00,240.00
R25-002905,2025-08-26,FT-2025-01579,CL-204,diretto,A,2,200.00,3.70,385.22
R25-002906,2025-08-26,FT-2025-01594,CL-008,diretto,B,2,120.00,0.00,240.00
R25-002907,2025-08-26,FT-2025-01594,CL-008,diretto,A,2,200.00,7.73,369.08
R25-002908,2025-08-26,FT-2025-01604,CL-024,diretto,B,1,120.00,0.81,119.03
R25-002909,2025-08-26,FT-2025-01604,CL-024,diretto,A,2,200.00,0.00,400.00
R25-002910,2025-08-26,FT-2025-01604,CL-024,diretto,B,4,120.00,0.94,475.48
R25-002911,2025-08-27,FT-2025-01508,CL-238,distributori,B,14,120.00,8.13,1543.36
R25-002912,2025-08-27,FT-2025-01508,CL-238,distributori,C,5,305.00,4.46,1456.95
R25-002913,2025-08-27,FT-2025-01508,CL-238,distributori,B,4,120.00,8.51,439.16
R25-002914,2025-08-27,FT-2025-01544,CL-252,distributori,B,8,120.00,2.70,934.08
R25-002915,2025-08-27,FT-2025-01544,CL-252,distributori,B,11,120.00,3.17,1278.20
R25-002916,2025-08-27,FT-2025-01544,CL-252,distributori,A,8,200.00,19.28,1291.60
R25-002917,2025-08-27,FT-2025-01566,CL-020,diretto,A,1,200.00,2.23,195.54
R25-002918,2025-08-27,FT-2025-01583,CL-014,diretto,B,6,120.00,0.86,713.82
R25-002919,2025-08-27,FT-2025-01583,CL-014,diretto,B,2,120.00,10.00,216.00
R25-002920,2025-08-27,FT-2025-01583,CL-014,diretto,C,5,305.00,3.26,1475.30
R25-002921,2025-08-27,FT-2025-01595,CL-027,diretto,B,3,120.00,9.69,325.11
R25-002922,2025-08-27,FT-2025-01598,CL-156,diretto,B,1,120.00,0.00,120.00
R25-002923,2025-08-27,FT-2025-01598,CL-156,diretto,A,2,200.00,2.14,391.46
R25-002924,2025-08-27,FT-2025-01598,CL-156,diretto,B,1,120.00,0.00,120.00
R25-002925,2025-08-27,FT-2025-01638,CL-012,diretto,B,2,120.00,10.00,216.00
R25-002926,2025-08-27,FT-2025-01638,CL-012,diretto,A,2,200.00,0.00,400.00
R25-002927,2025-08-28,FT-2025-01488,CL-002,diretto,B,2,120.00,3.23,232.26
R25-002928,2025-08-28,FT-2025-01488,CL-002,diretto,A,3,200.00,0.10,599.43
R25-002929,2025-08-28,FT-2025-01488,CL-002,diretto,A,1,200.00,0.00,200.00
R25-002930,2025-08-28,FT-2025-01512,CL-247,distributori,B,21,120.00,6.83,2348.01
R25-002931,2025-08-28,FT-2025-01512,CL-247,distributori,C,3,305.00,11.48,810.00
R25-002932,2025-08-28,FT-2025-01512,CL-247,distributori,A,6,200.00,19.72,963.42
R25-002933,2025-08-28,FT-2025-01519,CL-241,distributori,B,13,120.00,2.90,1514.76
R25-002934,2025-08-28,FT-2025-01534,CL-245,distributori,B,10,120.00,8.38,1099.50
R25-002935,2025-08-28,FT-2025-01534,CL-245,distributori,A,9,200.00,18.24,1471.77
R25-002936,2025-08-28,FT-2025-01534,CL-245,distributori,B,16,120.00,10.07,1726.72
R25-002937,2025-08-28,FT-2025-01539,CL-081,diretto,A,3,200.00,1.58,590.55
R25-002938,2025-08-28,FT-2025-01539,CL-081,diretto,B,1,120.00,0.00,120.00
R25-002939,2025-08-28,FT-2025-01606,CL-228,distributori,B,9,120.00,2.49,1053.09
R25-002940,2025-08-28,FT-2025-01606,CL-228,distributori,B,10,120.00,3.06,1163.30
R25-002941,2025-08-28,FT-2025-01617,CL-160,diretto,A,1,200.00,0.00,200.00
R25-002942,2025-08-28,FT-2025-01626,CL-251,distributori,B,18,120.00,8.88,1968.12
R25-002943,2025-08-28,FT-2025-01635,CL-244,distributori,A,7,200.00,19.58,1125.95
R25-002944,2025-08-28,FT-2025-01635,CL-244,distributori,B,8,120.00,8.71,876.40
R25-002945,2025-08-28,FT-2025-01637,CL-014,diretto,A,5,200.00,3.90,961.00
R25-002946,2025-08-28,FT-2025-01637,CL-014,diretto,A,3,200.00,0.02,599.91
R25-002947,2025-08-29,FT-2025-01496,CL-231,distributori,B,7,120.00,1.79,824.95
R25-002948,2025-08-29,FT-2025-01497,CL-246,distributori,B,15,120.00,8.28,1651.05
R25-002949,2025-08-29,FT-2025-01497,CL-246,distributori,C,4,305.00,5.51,1152.76
R25-002950,2025-08-29,FT-2025-01499,CL-153,diretto,A,3,200.00,1.32,592.08
R25-002951,2025-08-29,FT-2025-01499,CL-153,diretto,A,1,200.00,7.50,185.00
R25-002952,2025-08-29,FT-2025-01499,CL-153,diretto,B,2,120.00,2.08,235.00
R25-002953,2025-08-29,FT-2025-01516,CL-254,distributori,C,3,305.00,3.74,880.74
R25-002954,2025-08-29,FT-2025-01516,CL-254,distributori,B,19,120.00,8.53,2085.63
R25-002955,2025-08-29,FT-2025-01516,CL-254,distributori,A,5,200.00,18.25,817.50
R25-002956,2025-08-29,FT-2025-01618,CL-027,diretto,A,6,200.00,6.61,1120.74
R25-002957,2025-08-29,FT-2025-01636,CL-026,diretto,A,3,200.00,4.82,571.11
R25-002958,2025-08-29,FT-2025-01636,CL-026,diretto,A,4,200.00,4.00,768.00
R25-002959,2025-08-29,FT-2025-01636,CL-026,diretto,A,1,200.00,4.32,191.36
R25-002960,2025-08-29,FT-2025-01643,CL-016,diretto,B,3,120.00,10.00,324.00
R25-002961,2025-08-29,FT-2025-01648,CL-010,diretto,B,1,120.00,0.27,119.68
R25-002962,2025-08-29,FT-2025-01648,CL-010,diretto,B,2,120.00,0.68,238.36
R25-002963,2025-08-29,FT-2025-01648,CL-010,diretto,B,4,120.00,0.00,480.00
R25-002964,2025-09-01,FT-2025-01678,CL-006,diretto,A,1,200.00,4.71,190.59
R25-002965,2025-09-01,FT-2025-01701,CL-224,distributori,B,13,120.00,2.06,1527.89
R25-002966,2025-09-01,FT-2025-01701,CL-224,distributori,B,8,120.00,1.84,942.32
R25-002967,2025-09-01,FT-2025-01743,CL-253,distributori,C,7,305.00,5.72,2012.92
R25-002968,2025-09-01,FT-2025-01800,CL-223,distributori,B,12,120.00,2.29,1407.00
R25-002969,2025-09-01,FT-2025-01800,CL-223,distributori,C,3,305.00,5.26,866.85
R25-002970,2025-09-01,FT-2025-01800,CL-223,distributori,B,12,120.00,2.67,1401.60
R25-002971,2025-09-01,FT-2025-01826,CL-147,diretto,A,2,200.00,0.00,400.00
R25-002972,2025-09-01,FT-2025-01832,CL-222,distributori,B,7,120.00,7.55,776.58
R25-002973,2025-09-01,FT-2025-01838,CL-221,distributori,B,17,120.00,3.07,1977.44
R25-002974,2025-09-02,FT-2025-01655,CL-116,diretto,A,1,200.00,3.50,193.01
R25-002975,2025-09-02,FT-2025-01655,CL-116,diretto,A,3,200.00,3.06,581.64
R25-002976,2025-09-02,FT-2025-01662,CL-021,diretto,A,2,200.00,2.62,389.52
R25-002977,2025-09-02,FT-2025-01672,CL-014,diretto,B,6,120.00,1.38,710.10
R25-002978,2025-09-02,FT-2025-01672,CL-014,diretto,B,6,120.00,2.67,700.80
R25-002979,2025-09-02,FT-2025-01672,CL-014,diretto,B,6,120.00,1.94,706.02
R25-002980,2025-09-02,FT-2025-01686,CL-028,diretto,A,1,200.00,1.41,197.19
R25-002981,2025-09-02,FT-2025-01686,CL-028,diretto,A,2,200.00,2.31,390.76
R25-002982,2025-09-02,FT-2025-01686,CL-028,diretto,A,4,200.00,0.29,797.68
R25-002983,2025-09-02,FT-2025-01728,CL-027,diretto,C,4,305.00,6.21,1144.24
R25-002984,2025-09-02,FT-2025-01728,CL-027,diretto,A,7,200.00,7.01,1301.86
R25-002985,2025-09-02,FT-2025-01728,CL-027,diretto,A,7,200.00,5.39,1324.61
R25-002986,2025-09-02,FT-2025-01764,CL-097,diretto,B,1,120.00,0.00,120.00
R25-002987,2025-09-02,FT-2025-01764,CL-097,diretto,A,1,200.00,0.00,200.00
R25-002988,2025-09-02,FT-2025-01764,CL-097,diretto,A,1,200.00,0.00,200.00
R25-002989,2025-09-02,FT-2025-01770,CL-252,distributori,C,11,305.00,3.26,3245.77
R25-002990,2025-09-02,FT-2025-01770,CL-252,distributori,A,6,200.00,19.45,966.60
R25-002991,2025-09-02,FT-2025-01770,CL-252,distributori,B,4,120.00,2.23,469.32
R25-002992,2025-09-02,FT-2025-01788,CL-032,diretto,A,2,200.00,3.10,387.62
R25-002993,2025-09-02,FT-2025-01788,CL-032,diretto,A,1,200.00,4.36,191.28
R25-002994,2025-09-02,FT-2025-01813,CL-003,diretto,A,3,200.00,3.15,581.13
R25-002995,2025-09-02,FT-2025-01815,CL-234,distributori,B,15,120.00,10.17,1617.00
R25-002996,2025-09-02,FT-2025-01823,CL-243,distributori,B,7,120.00,3.71,808.85
R25-002997,2025-09-02,FT-2025-01823,CL-243,distributori,B,10,120.00,2.62,1168.60
R25-002998,2025-09-02,FT-2025-01850,CL-230,distributori,C,5,305.00,11.48,1350.00
R25-002999,2025-09-03,FT-2025-01666,CL-014,diretto,B,6,120.00,0.93,713.28
R25-003000,2025-09-03,FT-2025-01666,CL-014,diretto,A,3,200.00,3.94,576.36
R25-003001,2025-09-03,FT-2025-01681,CL-005,diretto,A,2,200.00,5.29,378.86
R25-003002,2025-09-03,FT-2025-01681,CL-005,diretto,A,2,200.00,3.67,385.32
R25-003003,2025-09-03,FT-2025-01681,CL-005,diretto,A,2,200.00,3.34,386.64
R25-003004,2025-09-03,FT-2025-01694,CL-226,distributori,B,16,120.00,8.18,1763.04
R25-003005,2025-09-03,FT-2025-01697,CL-239,distributori,B,9,120.00,8.97,983.16
R25-003006,2025-09-03,FT-2025-01697,CL-239,distributori,B,13,120.00,8.40,1428.96
R25-003007,2025-09-03,FT-2025-01720,CL-091,diretto,A,1,200.00,0.00,200.00
R25-003008,2025-09-03,FT-2025-01736,CL-023,diretto,B,3,120.00,0.32,358.86
R25-003009,2025-09-03,FT-2025-01736,CL-023,diretto,A,3,200.00,0.00,600.00
R25-003010,2025-09-03,FT-2025-01736,CL-023,diretto,A,1,200.00,0.00,200.00
R25-003011,2025-09-03,FT-2025-01744,CL-249,distributori,B,3,120.00,2.04,352.65
R25-003012,2025-09-03,FT-2025-01744,CL-249,distributori,B,9,120.00,3.03,1047.24
R25-003013,2025-09-03,FT-2025-01768,CL-027,diretto,B,9,120.00,9.80,974.16
R25-003014,2025-09-03,FT-2025-01768,CL-027,diretto,B,6,120.00,10.22,646.44
R25-003015,2025-09-03,FT-2025-01785,CL-018,diretto,A,4,200.00,3.25,774.04
R25-003016,2025-09-03,FT-2025-01785,CL-018,diretto,A,1,200.00,4.77,190.46
R25-003017,2025-09-03,FT-2025-01785,CL-018,diretto,A,2,200.00,4.37,382.54
R25-003018,2025-09-03,FT-2025-01819,CL-007,diretto,B,1,120.00,10.00,108.00
R25-003019,2025-09-03,FT-2025-01848,CL-088,diretto,B,1,120.00,3.90,115.32
R25-003020,2025-09-03,FT-2025-01848,CL-088,diretto,A,3,200.00,2.79,583.29
R25-003021,2025-09-03,FT-2025-01852,CL-165,diretto,A,2,200.00,2.07,391.72
R25-003022,2025-09-03,FT-2025-01852,CL-165,diretto,A,3,200.00,1.27,592.41
R25-003023,2025-09-03,FT-2025-01852,CL-165,diretto,B,1,120.00,0.00,120.00
R25-003024,2025-09-03,FT-2025-01856,CL-235,distributori,A,10,200.00,19.09,1618.30
R25-003025,2025-09-03,FT-2025-01856,CL-235,distributori,B,10,120.00,2.12,1174.60
R25-003026,2025-09-04,FT-2025-01680,CL-242,distributori,A,11,200.00,19.74,1765.72
R25-003027,2025-09-04,FT-2025-01680,CL-242,distributori,C,6,305.00,3.72,1761.90
R25-003028,2025-09-04,FT-2025-01689,CL-194,diretto,A,3,200.00,1.20,592.83
R25-003029,2025-09-04,FT-2025-01689,CL-194,diretto,A,2,200.00,0.00,400.00
R25-003030,2025-09-04,FT-2025-01765,CL-219,distributori,B,4,120.00,3.28,464.28
R25-003031,2025-09-04,FT-2025-01765,CL-219,distributori,B,14,120.00,3.26,1625.26
R25-003032,2025-09-04,FT-2025-01767,CL-001,diretto,A,1,200.00,2.92,194.16
R25-003033,2025-09-04,FT-2025-01767,CL-001,diretto,A,2,200.00,3.26,386.98
R25-003034,2025-09-04,FT-2025-01767,CL-001,diretto,A,2,200.00,1.42,394.32
R25-003035,2025-09-04,FT-2025-01776,CL-257,distributori,B,6,120.00,3.03,698.16
R25-003036,2025-09-04,FT-2025-01789,CL-059,diretto,B,2,120.00,0.00,240.00
R25-003037,2025-09-04,FT-2025-01806,CL-008,diretto,A,2,200.00,8.16,367.38
R25-003038,2025-09-04,FT-2025-01846,CL-133,diretto,B,1,120.00,0.00,120.00
R25-003039,2025-09-04,FT-2025-01860,CL-229,distributori,C,5,305.00,8.19,1400.10
R25-003040,2025-09-04,FT-2025-01860,CL-229,distributori,A,6,200.00,19.72,963.42
R25-003041,2025-09-04,FT-2025-01863,CL-009,diretto,A,2,200.00,3.86,384.56
R25-003042,2025-09-04,FT-2025-01863,CL-009,diretto,A,1,200.00,4.64,190.72
R25-003043,2025-09-04,FT-2025-01863,CL-009,diretto,A,1,200.00,3.86,192.28
R25-003044,2025-09-05,FT-2025-01656,CL-019,diretto,A,5,200.00,0.91,990.90
R25-003045,2025-09-05,FT-2025-01656,CL-019,diretto,B,1,120.00,10.00,108.00
R25-003046,2025-09-05,FT-2025-01656,CL-019,diretto,C,1,305.00,1.25,301.18
R25-003047,2025-09-05,FT-2025-01687,CL-237,distributori,C,7,305.00,4.46,2039.80
R25-003048,2025-09-05,FT-2025-01687,CL-237,distributori,A,9,200.00,18.41,1468.71
R25-003049,2025-09-05,FT-2025-01732,CL-014,diretto,B,9,120.00,2.50,1053.00
R25-003050,2025-09-05,FT-2025-01753,CL-127,diretto,B,2,120.00,0.00,240.00
R25-003051,2025-09-05,FT-2025-01753,CL-127,diretto,A,3,200.00,0.24,598.56
R25-003052,2025-09-05,FT-2025-01762,CL-224,distributori,C,7,305.00,11.47,1890.14
R25-003053,2025-09-05,FT-2025-01766,CL-238,distributori,C,2,305.00,2.62,594.00
R25-003054,2025-09-05,FT-2025-01766,CL-238,distributori,A,5,200.00,18.40,816.05
R25-003055,2025-09-05,FT-2025-01779,CL-245,distributori,B,21,120.00,8.62,2302.86
R25-003056,2025-09-05,FT-2025-01780,CL-027,diretto,A,7,200.00,6.84,1304.24
R25-003057,2025-09-05,FT-2025-01780,CL-027,diretto,A,5,200.00,6.82,931.85
R25-003058,2025-09-05,FT-2025-01780,CL-027,diretto,A,5,200.00,5.49,945.15
R25-003059,2025-09-05,FT-2025-01817,CL-252,distributori,A,7,200.00,19.45,1127.77
R25-003060,2025-09-05,FT-2025-01817,CL-252,distributori,B,9,120.00,1.67,1062.00
R25-003061,2025-09-05,FT-2025-01817,CL-252,distributori,B,7,120.00,2.46,819.35
R25-003062,2025-09-05,FT-2025-01831,CL-228,distributori,A,6,200.00,19.07,971.22
R25-003063,2025-09-08,FT-2025-01661,CL-236,distributori,C,5,305.00,3.98,1464.35
R25-003064,2025-09-08,FT-2025-01705,CL-246,distributori,A,7,200.00,21.23,1102.85
R25-003065,2025-09-08,FT-2025-01705,CL-246,distributori,B,14,120.00,6.88,1564.50
R25-003066,2025-09-08,FT-2025-01706,CL-004,diretto,B,1,120.00,0.02,119.98
R25-003067,2025-09-08,FT-2025-01712,CL-162,diretto,A,2,200.00,0.66,397.38
R25-003068,2025-09-08,FT-2025-01717,CL-060,diretto,A,1,200.00,0.00,200.00
R25-003069,2025-09-08,FT-2025-01717,CL-060,diretto,A,1,200.00,0.00,200.00
R25-003070,2025-09-08,FT-2025-01717,CL-060,diretto,B,1,120.00,0.00,120.00
R25-003071,2025-09-08,FT-2025-01729,CL-013,diretto,A,2,200.00,4.80,380.82
R25-003072,2025-09-08,FT-2025-01745,CL-011,diretto,B,1,120.00,9.99,108.01
R25-003073,2025-09-08,FT-2025-01747,CL-258,distributori,A,6,200.00,28.64,856.38
R25-003074,2025-09-08,FT-2025-01747,CL-258,distributori,C,3,305.00,4.68,872.22
R25-003075,2025-09-08,FT-2025-01773,CL-027,diretto,A,3,200.00,6.60,560.40
R25-003076,2025-09-08,FT-2025-01781,CL-119,diretto,A,1,200.00,0.69,198.62
R25-003077,2025-09-08,FT-2025-01807,CL-154,diretto,A,2,200.00,2.45,390.20
R25-003078,2025-09-08,FT-2025-01807,CL-154,diretto,A,1,200.00,2.35,195.31
R25-003079,2025-09-08,FT-2025-01834,CL-014,diretto,C,4,305.00,2.63,1187.92
R25-003080,2025-09-08,FT-2025-01834,CL-014,diretto,A,12,200.00,2.32,2344.44
R25-003081,2025-09-09,FT-2025-01658,CL-002,diretto,B,2,120.00,3.97,230.48
R25-003082,2025-09-09,FT-2025-01660,CL-034,diretto,B,2,120.00,1.92,235.40
R25-003083,2025-09-09,FT-2025-01683,CL-240,distributori,B,9,120.00,3.61,1041.03
R25-003084,2025-09-09,FT-2025-01683,CL-240,distributori,A,5,200.00,18.67,813.30
R25-003085,2025-09-09,FT-2025-01721,CL-253,distributori,B,14,120.00,2.33,1640.94
R25-003086,2025-09-09,FT-2025-01721,CL-253,distributori,A,7,200.00,19.39,1128.54
R25-003087,2025-09-09,FT-2025-01723,CL-252,distributori,A,7,200.00,18.25,1144.57
R25-003088,2025-09-09,FT-2025-01751,CL-230,distributori,A,5,200.00,23.33,766.75
R25-003089,2025-09-09,FT-2025-01754,CL-092,diretto,A,2,200.00,0.00,400.00
R25-003090,2025-09-09,FT-2025-01754,CL-092,diretto,B,2,120.00,0.00,240.00
R25-003091,2025-09-09,FT-2025-01754,CL-092,diretto,A,1,200.00,0.00,200.00
R25-003092,2025-09-09,FT-2025-01805,CL-066,diretto,A,1,200.00,2.11,195.78
R25-003093,2025-09-09,FT-2025-01808,CL-122,diretto,A,2,200.00,4.65,381.42
R25-003094,2025-09-09,FT-2025-01808,CL-122,diretto,B,2,120.00,0.00,240.00
R25-003095,2025-09-09,FT-2025-01827,CL-020,diretto,A,1,200.00,0.15,199.71
R25-003096,2025-09-09,FT-2025-01827,CL-020,diretto,A,4,200.00,0.21,798.32
R25-003097,2025-09-09,FT-2025-01827,CL-020,diretto,A,3,200.00,1.19,592.86
R25-003098,2025-09-09,FT-2025-01857,CL-027,diretto,B,4,120.00,9.94,432.28
R25-003099,2025-09-09,FT-2025-01857,CL-027,diretto,A,7,200.00,6.07,1315.02
R25-003100,2025-09-09,FT-2025-01857,CL-027,diretto,B,6,120.00,9.73,649.98
R25-003101,2025-09-10,FT-2025-01726,CL-026,diretto,A,1,200.00,5.24,189.52
R25-003102,2025-09-10,FT-2025-01726,CL-026,diretto,A,3,200.00,4.22,574.68
R25-003103,2025-09-10,FT-2025-01726,CL-026,diretto,A,4,200.00,4.23,766.16
R25-003104,2025-09-10,FT-2025-01750,CL-233,distributori,B,7,120.00,9.20,762.72
R25-003105,2025-09-10,FT-2025-01771,CL-062,diretto,A,3,200.00,0.00,600.00
R25-003106,2025-09-10,FT-2025-01771,CL-062,diretto,B,1,120.00,0.00,120.00
R25-003107,2025-09-10,FT-2025-01797,CL-244,distributori,B,21,120.00,9.90,2270.52
R25-003108,2025-09-10,FT-2025-01837,CL-225,distributori,B,11,120.00,1.71,1297.45
R25-003109,2025-09-10,FT-2025-01837,CL-225,distributori,A,4,200.00,19.83,641.36
R25-003110,2025-09-11,FT-2025-01652,CL-232,distributori,B,20,120.00,5.43,2269.80
R25-003111,2025-09-11,FT-2025-01704,CL-210,diretto,A,1,200.00,1.24,197.52
R25-003112,2025-09-11,FT-2025-01707,CL-014,diretto,B,9,120.00,2.33,1054.80
R25-003113,2025-09-11,FT-2025-01755,CL-224,distributori,A,9,200.00,23.66,1374.12
R25-003114,2025-09-11,FT-2025-01828,CL-067,diretto,A,1,200.00,1.85,196.31
R25-003115,2025-09-11,FT-2025-01829,CL-031,diretto,A,2,200.00,3.55,385.80
R25-003116,2025-09-11,FT-2025-01829,CL-031,diretto,A,2,200.00,3.76,384.96
R25-003117,2025-09-11,FT-2025-01858,CL-057,diretto,B,1,120.00,3.93,115.28
R25-003118,2025-09-11,FT-2025-01858,CL-057,diretto,A,3,200.00,3.72,577.68
R25-003119,2025-09-12,FT-2025-01663,CL-029,diretto,B,1,120.00,0.02,119.98
R25-003120,2025-09-12,FT-2025-01696,CL-075,diretto,A,1,200.00,2.21,195.58
R25-003121,2025-09-12,FT-2025-01696,CL-075,diretto,A,2,200.00,3.65,385.40
R25-003122,2025-09-12,FT-2025-01724,CL-242,distributori,B,13,120.00,9.33,1414.53
R25-003123,2025-09-12,FT-2025-01724,CL-242,distributori,B,8,120.00,8.33,880.08
R25-003124,2025-09-12,FT-2025-01724,CL-242,distributori,B,6,120.00,8.53,658.62
R25-003125,2025-09-12,FT-2025-01748,CL-226,distributori,B,8,120.00,8.40,879.36
R25-003126,2025-09-12,FT-2025-01787,CL-056,diretto,B,2,120.00,0.00,240.00
R25-003127,2025-09-12,FT-2025-01798,CL-027,diretto,B,6,120.00,10.97,641.04
R25-003128,2025-09-12,FT-2025-01798,CL-027,diretto,B,5,120.00,9.04,545.75
R25-003129,2025-09-12,FT-2025-01798,CL-027,diretto,A,4,200.00,5.25,758.00
R25-003130,2025-09-12,FT-2025-01845,CL-200,diretto,A,1,200.00,0.00,200.00
R25-003131,2025-09-12,FT-2025-01845,CL-200,diretto,A,2,200.00,0.00,400.00
R25-003132,2025-09-15,FT-2025-01667,CL-023,diretto,B,2,120.00,1.73,235.84
R25-003133,2025-09-15,FT-2025-01708,CL-114,diretto,B,1,120.00,0.00,120.00
R25-003134,2025-09-15,FT-2025-01708,CL-114,diretto,A,2,200.00,1.05,395.82
R25-003135,2025-09-15,FT-2025-01739,CL-094,diretto,A,2,200.00,1.16,395.38
R25-003136,2025-09-15,FT-2025-01741,CL-076,diretto,A,1,200.00,0.00,200.00
R25-003137,2025-09-15,FT-2025-01741,CL-076,diretto,A,1,200.00,0.75,198.50
R25-003138,2025-09-15,FT-2025-01741,CL-076,diretto,A,1,200.00,0.00,200.00
R25-003139,2025-09-15,FT-2025-01775,CL-017,diretto,A,2,200.00,3.39,386.44
R25-003140,2025-09-15,FT-2025-01821,CL-164,diretto,B,1,120.00,0.00,120.00
R25-003141,2025-09-15,FT-2025-01821,CL-164,diretto,A,3,200.00,2.68,583.95
R25-003142,2025-09-15,FT-2025-01835,CL-243,distributori,A,10,200.00,19.19,1616.20
R25-003143,2025-09-15,FT-2025-01835,CL-243,distributori,B,5,120.00,3.65,578.10
R25-003144,2025-09-15,FT-2025-01849,CL-108,diretto,A,3,200.00,3.20,580.80
R25-003145,2025-09-15,FT-2025-01849,CL-108,diretto,B,1,120.00,0.00,120.00
R25-003146,2025-09-16,FT-2025-01740,CL-251,distributori,B,9,120.00,8.59,987.21
R25-003147,2025-09-16,FT-2025-01752,CL-008,diretto,A,5,200.00,8.95,910.50
R25-003148,2025-09-16,FT-2025-01804,CL-033,diretto,B,3,120.00,1.18,355.74
R25-003149,2025-09-16,FT-2025-01804,CL-033,diretto,A,1,200.00,0.00,200.00
R25-003150,2025-09-16,FT-2025-01804,CL-033,diretto,A,2,200.00,0.00,400.00
R25-003151,2025-09-16,FT-2025-01822,CL-010,diretto,B,1,120.00,0.00,120.00
R25-003152,2025-09-16,FT-2025-01822,CL-010,diretto,A,3,200.00,1.13,593.22
R25-003153,2025-09-17,FT-2025-01682,CL-007,diretto,A,5,200.00,7.71,922.90
R25-003154,2025-09-17,FT-2025-01734,CL-014,diretto,C,8,305.00,3.39,2357.20
R25-003155,2025-09-17,FT-2025-01734,CL-014,diretto,A,2,200.00,3.96,384.18
R25-003156,2025-09-17,FT-2025-01757,CL-018,diretto,A,2,200.00,4.24,383.06
R25-003157,2025-09-17,FT-2025-01757,CL-018,diretto,A,3,200.00,5.07,569.61
R25-003158,2025-09-17,FT-2025-01757,CL-018,diretto,A,1,200.00,4.25,191.51
R25-003159,2025-09-17,FT-2025-01790,CL-252,distributori,B,15,120.00,2.23,1759.95
R25-003160,2025-09-17,FT-2025-01790,CL-252,distributori,A,3,200.00,19.32,484.11
R25-003161,2025-09-17,FT-2025-01799,CL-250,distributori,A,5,200.00,18.74,812.60
R25-003162,2025-09-17,FT-2025-01799,CL-250,distributori,B,10,120.00,1.50,1182.00
R25-003163,2025-09-17,FT-2025-01803,CL-255,distributori,B,8,120.00,1.55,945.12
R25-003164,2025-09-17,FT-2025-01816,CL-229,distributori,B,11,120.00,7.18,1225.29
R25-003165,2025-09-17,FT-2025-01816,CL-229,distributori,B,12,120.00,7.30,1334.88
R25-003166,2025-09-17,FT-2025-01853,CL-235,distributori,B,13,120.00,1.39,1538.29
R25-003167,2025-09-17,FT-2025-01853,CL-235,distributori,C,10,305.00,4.76,2904.90
R25-003168,2025-09-17,FT-2025-01853,CL-235,distributori,A,1,200.00,20.18,159.64
R25-003169,2025-09-17,FT-2025-01859,CL-249,distributori,C,8,305.00,5.57,2304.00
R25-003170,2025-09-17,FT-2025-01859,CL-249,distributori,B,5,120.00,2.10,587.40
R25-003171,2025-09-17,FT-2025-01859,CL-249,distributori,B,11,120.00,2.24,1290.41
R25-003172,2025-09-18,FT-2025-01673,CL-220,distributori,A,7,200.00,19.21,1131.13
R25-003173,2025-09-18,FT-2025-01673,CL-220,distributori,C,8,305.00,4.25,2336.24
R25-003174,2025-09-18,FT-2025-01673,CL-220,distributori,B,17,120.00,8.80,1860.48
R25-003175,2025-09-18,FT-2025-01695,CL-024,diretto,A,2,200.00,0.00,400.00
R25-003176,2025-09-18,FT-2025-01695,CL-024,diretto,B,3,120.00,5.62,339.78
R25-003177,2025-09-18,FT-2025-01709,CL-014,diretto,B,2,120.00,1.32,236.84
R25-003178,2025-09-18,FT-2025-01709,CL-014,diretto,A,8,200.00,1.85,1570.48
R25-003179,2025-09-18,FT-2025-01710,CL-055,diretto,A,2,200.00,2.46,390.18
R25-003180,2025-09-18,FT-2025-01715,CL-135,diretto,B,1,120.00,0.00,120.00
R25-003181,2025-09-18,FT-2025-01715,CL-135,diretto,A,1,200.00,0.00,200.00
R25-003182,2025-09-18,FT-2025-01715,CL-135,diretto,A,1,200.00,0.00,200.00
R25-003183,2025-09-18,FT-2025-01725,CL-027,diretto,A,3,200.00,6.37,561.81
R25-003184,2025-09-18,FT-2025-01735,CL-015,diretto,B,2,120.00,0.44,238.94
R25-003185,2025-09-18,FT-2025-01735,CL-015,diretto,A,2,200.00,0.00,400.00
R25-003186,2025-09-18,FT-2025-01738,CL-219,distributori,C,7,305.00,5.78,2011.59
R25-003187,2025-09-18,FT-2025-01746,CL-030,diretto,A,2,200.00,4.71,381.18
R25-003188,2025-09-18,FT-2025-01777,CL-109,diretto,A,2,200.00,1.92,392.34
R25-003189,2025-09-18,FT-2025-01841,CL-234,distributori,A,4,200.00,20.02,639.84
R25-003190,2025-09-18,FT-2025-01844,CL-214,diretto,B,1,120.00,0.00,120.00
R25-003191,2025-09-18,FT-2025-01844,CL-214,diretto,A,2,200.00,7.29,370.84
R25-003192,2025-09-19,FT-2025-01654,CL-236,distributori,A,8,200.00,19.72,1284.48
R25-003193,2025-09-19,FT-2025-01654,CL-236,distributori,B,15,120.00,2.88,1748.25
R25-003194,2025-09-19,FT-2025-01664,CL-238,distributori,B,22,120.00,8.58,2413.62
R25-003195,2025-09-19,FT-2025-01674,CL-228,distributori,C,5,305.00,5.37,1443.10
R25-003196,2025-09-19,FT-2025-01674,CL-228,distributori,B,9,120.00,2.82,1049.58
R25-003197,2025-09-19,FT-2025-01676,CL-028,diretto,A,1,200.00,2.01,195.99
R25-003198,2025-09-19,FT-2025-01693,CL-223,distributori,A,9,200.00,25.68,1337.85
R25-003199,2025-09-19,FT-2025-01700,CL-027,diretto,A,10,200.00,6.11,1877.90
R25-003200,2025-09-19,FT-2025-01795,CL-003,diretto,A,2,200.00,3.04,387.84
R25-003201,2025-09-19,FT-2025-01795,CL-003,diretto,A,1,200.00,3.48,193.04
R25-003202,2025-09-19,FT-2025-01802,CL-230,distributori,B,6,120.00,2.19,704.22
R25-003203,2025-09-19,FT-2025-01802,CL-230,distributori,B,15,120.00,3.45,1737.90
R25-003204,2025-09-19,FT-2025-01825,CL-022,diretto,B,1,120.00,2.02,117.58
R25-003205,2025-09-19,FT-2025-01862,CL-224,distributori,A,11,200.00,23.22,1689.27
R25-003206,2025-09-22,FT-2025-01670,CL-027,diretto,A,7,200.00,5.07,1329.02
R25-003207,2025-09-22,FT-2025-01671,CL-245,distributori,A,5,200.00,19.15,808.55
R25-003208,2025-09-22,FT-2025-01671,CL-245,distributori,C,2,305.00,2.75,593.24
R25-003209,2025-09-22,FT-2025-01675,CL-082,diretto,A,2,200.00,0.00,400.00
R25-003210,2025-09-22,FT-2025-01675,CL-082,diretto,B,2,120.00,0.00,240.00
R25-003211,2025-09-22,FT-2025-01684,CL-158,diretto,A,2,200.00,1.38,394.50
R25-003212,2025-09-22,FT-2025-01690,CL-009,diretto,A,4,200.00,5.23,758.20
R25-003213,2025-09-22,FT-2025-01691,CL-252,distributori,C,4,305.00,3.35,1179.16
R25-003214,2025-09-22,FT-2025-01691,CL-252,distributori,B,5,120.00,2.46,585.25
R25-003215,2025-09-22,FT-2025-01733,CL-132,diretto,A,2,200.00,0.00,400.00
R25-003216,2025-09-22,FT-2025-01737,CL-237,distributori,B,6,120.00,2.89,699.18
R25-003217,2025-09-22,FT-2025-01737,CL-237,distributori,B,7,120.00,1.71,825.65
R25-003218,2025-09-22,FT-2025-01737,CL-237,distributori,B,7,120.00,2.22,821.38
R25-003219,2025-09-22,FT-2025-01742,CL-020,diretto,A,2,200.00,1.55,393.82
R25-003220,2025-09-22,FT-2025-01749,CL-070,diretto,A,4,200.00,0.54,795.72
R25-003221,2025-09-22,FT-2025-01749,CL-070,diretto,B,1,120.00,7.49,111.01
R25-003222,2025-09-22,FT-2025-01759,CL-246,distributori,C,3,305.00,5.95,860.52
R25-003223,2025-09-22,FT-2025-01772,CL-258,distributori,B,18,120.00,3.03,2094.66
R25-003224,2025-09-22,FT-2025-01836,CL-039,diretto,B,1,120.00,0.00,120.00
R25-003225,2025-09-22,FT-2025-01836,CL-039,diretto,A,3,200.00,0.00,600.00
R25-003226,2025-09-22,FT-2025-01842,CL-221,distributori,A,5,200.00,19.86,801.45
R25-003227,2025-09-22,FT-2025-01842,CL-221,distributori,C,13,305.00,7.29,3676.01
R25-003228,2025-09-22,FT-2025-01843,CL-036,diretto,A,2,200.00,0.77,396.94
R25-003229,2025-09-22,FT-2025-01843,CL-036,diretto,A,1,200.00,0.90,198.20
R25-003230,2025-09-22,FT-2025-01851,CL-014,diretto,A,5,200.00,2.98,970.20
R25-003231,2025-09-22,FT-2025-01851,CL-014,diretto,A,6,200.00,0.03,1199.64
R25-003232,2025-09-22,FT-2025-01851,CL-014,diretto,B,3,120.00,1.12,355.98
R25-003233,2025-09-22,FT-2025-01861,CL-239,distributori,A,7,200.00,18.32,1143.59
R25-003234,2025-09-22,FT-2025-01861,CL-239,distributori,B,10,120.00,8.45,1098.60
R25-003235,2025-09-22,FT-2025-01861,CL-239,distributori,C,3,305.00,3.60,882.03
R25-003236,2025-09-23,FT-2025-01702,CL-038,diretto,A,3,200.00,1.50,591.03
R25-003237,2025-09-23,FT-2025-01756,CL-087,diretto,A,2,200.00,0.56,397.76
R25-003238,2025-09-23,FT-2025-01760,CL-205,diretto,A,2,200.00,2.49,390.06
R25-003239,2025-09-23,FT-2025-01763,CL-254,distributori,B,6,120.00,7.93,662.88
R25-003240,2025-09-23,FT-2025-01769,CL-146,diretto,A,2,200.00,0.00,400.00
R25-003241,2025-09-23,FT-2025-01769,CL-146,diretto,B,2,120.00,0.00,240.00
R25-003242,2025-09-23,FT-2025-01774,CL-006,diretto,A,2,200.00,4.61,381.58
R25-003243,2025-09-23,FT-2025-01774,CL-006,diretto,A,2,200.00,4.77,380.92
R25-003244,2025-09-23,FT-2025-01778,CL-026,diretto,A,4,200.00,4.50,764.00
R25-003245,2025-09-23,FT-2025-01778,CL-026,diretto,A,1,200.00,3.06,193.88
R25-003246,2025-09-23,FT-2025-01791,CL-025,diretto,A,2,200.00,0.00,400.00
R25-003247,2025-09-23,FT-2025-01791,CL-025,diretto,B,2,120.00,4.22,229.88
R25-003248,2025-09-23,FT-2025-01796,CL-032,diretto,A,3,200.00,4.04,575.76
R25-003249,2025-09-23,FT-2025-01833,CL-145,diretto,A,1,200.00,1.81,196.39
R25-003250,2025-09-23,FT-2025-01833,CL-145,diretto,B,1,120.00,0.00,120.00
R25-003251,2025-09-24,FT-2025-01653,CL-241,distributori,B,13,120.00,2.45,1521.78
R25-003252,2025-09-24,FT-2025-01653,CL-241,distributori,A,7,200.00,18.35,1143.10
R25-003253,2025-09-24,FT-2025-01653,CL-241,distributori,C,5,305.00,4.16,1461.60
R25-003254,2025-09-24,FT-2025-01677,CL-014,diretto,A,9,200.00,2.79,1749.78
R25-003255,2025-09-24,FT-2025-01677,CL-014,diretto,B,9,120.00,2.84,1049.31
R25-003256,2025-09-24,FT-2025-01703,CL-071,diretto,A,1,200.00,2.53,194.95
R25-003257,2025-09-24,FT-2025-01703,CL-071,diretto,A,1,200.00,2.06,195.88
R25-003258,2025-09-24,FT-2025-01716,CL-242,distributori,B,4,120.00,8.36,439.88
R25-003259,2025-09-24,FT-2025-01716,CL-242,distributori,B,18,120.00,9.28,1959.48
R25-003260,2025-09-24,FT-2025-01716,CL-242,distributori,B,6,120.00,10.24,646.26
R25-003261,2025-09-24,FT-2025-01811,CL-021,diretto,A,4,200.00,2.05,783.60
R25-003262,2025-09-24,FT-2025-01811,CL-021,diretto,A,1,200.00,4.25,191.50
R25-003263,2025-09-24,FT-2025-01820,CL-253,distributori,B,9,120.00,2.63,1051.65
R25-003264,2025-09-25,FT-2025-01659,CL-243,distributori,C,7,305.00,3.25,2065.70
R25-003265,2025-09-25,FT-2025-01688,CL-226,distributori,C,4,305.00,2.77,1186.24
R25-003266,2025-09-25,FT-2025-01688,CL-226,distributori,A,8,200.00,21.32,1258.96
R25-003267,2025-09-25,FT-2025-01688,CL-226,distributori,B,14,120.00,9.13,1526.56
R25-003268,2025-09-25,FT-2025-01698,CL-002,diretto,A,3,200.00,0.51,596.94
R25-003269,2025-09-25,FT-2025-01714,CL-052,diretto,A,2,200.00,2.59,389.66
R25-003270,2025-09-25,FT-2025-01718,CL-054,diretto,A,3,200.00,2.22,586.68
R25-003271,2025-09-25,FT-2025-01722,CL-202,diretto,A,1,200.00,0.00,200.00
R25-003272,2025-09-25,FT-2025-01731,CL-229,distributori,A,9,200.00,18.73,1462.95
R25-003273,2025-09-25,FT-2025-01731,CL-229,distributori,B,9,120.00,7.48,999.18
R25-003274,2025-09-25,FT-2025-01731,CL-229,distributori,B,9,120.00,6.56,1009.17
R25-003275,2025-09-25,FT-2025-01758,CL-005,diretto,A,1,200.00,4.67,190.66
R25-003276,2025-09-25,FT-2025-01758,CL-005,diretto,A,2,200.00,5.38,378.50
R25-003277,2025-09-25,FT-2025-01761,CL-027,diretto,A,7,200.00,6.16,1313.83
R25-003278,2025-09-25,FT-2025-01792,CL-103,diretto,B,1,120.00,0.00,120.00
R25-003279,2025-09-25,FT-2025-01792,CL-103,diretto,A,2,200.00,1.02,395.94
R25-003280,2025-09-25,FT-2025-01792,CL-103,diretto,A,3,200.00,1.31,592.17
R25-003281,2025-09-25,FT-2025-01794,CL-244,distributori,C,2,305.00,4.04,585.36
R25-003282,2025-09-25,FT-2025-01794,CL-244,distributori,A,5,200.00,18.65,813.50
R25-003283,2025-09-25,FT-2025-01810,CL-014,diretto,B,7,120.00,1.60,826.56
R25-003284,2025-09-25,FT-2025-01810,CL-014,diretto,A,5,200.00,1.90,981.05
R25-003285,2025-09-25,FT-2025-01814,CL-174,diretto,B,1,120.00,0.00,120.00
R25-003286,2025-09-25,FT-2025-01814,CL-174,diretto,A,3,200.00,0.00,600.00
R25-003287,2025-09-25,FT-2025-01830,CL-104,diretto,A,1,200.00,0.00,200.00
R25-003288,2025-09-25,FT-2025-01855,CL-252,distributori,C,7,305.00,3.32,2064.16
R25-003289,2025-09-25,FT-2025-01855,CL-252,distributori,B,8,120.00,2.68,934.32
R25-003290,2025-09-26,FT-2025-01665,CL-235,distributori,B,5,120.00,1.96,588.25
R25-003291,2025-09-26,FT-2025-01665,CL-235,distributori,B,7,120.00,2.88,815.85
R25-003292,2025-09-26,FT-2025-01679,CL-027,diretto,A,7,200.00,5.98,1316.28
R25-003293,2025-09-26,FT-2025-01679,CL-027,diretto,B,8,120.00,9.99,864.08
R25-003294,2025-09-26,FT-2025-01719,CL-189,diretto,A,1,200.00,10.15,179.71
R25-003295,2025-09-26,FT-2025-01719,CL-189,diretto,B,3,120.00,2.98,349.29
R25-003296,2025-09-26,FT-2025-01784,CL-143,diretto,B,1,120.00,7.70,110.76
R25-003297,2025-09-26,FT-2025-01784,CL-143,diretto,A,2,200.00,1.27,394.94
R25-003298,2025-09-26,FT-2025-01786,CL-042,diretto,A,2,200.00,0.00,400.00
R25-003299,2025-09-26,FT-2025-01786,CL-042,diretto,B,2,120.00,7.58,221.80
R25-003300,2025-09-26,FT-2025-01801,CL-213,diretto,B,2,120.00,7.85,221.16
R25-003301,2025-09-26,FT-2025-01801,CL-213,diretto,A,3,200.00,2.82,583.08
R25-003302,2025-09-26,FT-2025-01812,CL-192,diretto,A,2,200.00,0.00,400.00
R25-003303,2025-09-26,FT-2025-01812,CL-192,diretto,B,1,120.00,0.00,120.00
R25-003304,2025-09-26,FT-2025-01864,CL-212,diretto,A,3,200.00,2.60,584.43
R25-003305,2025-09-26,FT-2025-01864,CL-212,diretto,B,1,120.00,0.00,120.00
R25-003306,2025-09-26,FT-2025-01864,CL-212,diretto,A,2,200.00,0.79,396.84
R25-003307,2025-09-26,FT-2025-01865,CL-016,diretto,B,2,120.00,9.08,218.22
R25-003308,2025-09-26,FT-2025-01865,CL-016,diretto,A,3,200.00,2.39,585.69
R25-003309,2025-09-29,FT-2025-01669,CL-224,distributori,B,12,120.00,3.42,1390.80
R25-003310,2025-09-29,FT-2025-01669,CL-224,distributori,B,10,120.00,2.70,1167.60
R25-003311,2025-09-29,FT-2025-01669,CL-224,distributori,B,6,120.00,2.31,703.38
R25-003312,2025-09-29,FT-2025-01692,CL-249,distributori,A,8,200.00,18.42,1305.28
R25-003313,2025-09-29,FT-2025-01699,CL-232,distributori,A,7,200.00,21.36,1101.03
R25-003314,2025-09-29,FT-2025-01699,CL-232,distributori,C,3,305.00,11.44,810.30
R25-003315,2025-09-29,FT-2025-01711,CL-247,distributori,B,14,120.00,6.58,1569.40
R25-003316,2025-09-29,FT-2025-01711,CL-247,distributori,A,4,200.00,19.47,644.24
R25-003317,2025-09-29,FT-2025-01730,CL-150,diretto,A,1,200.00,0.00,200.00
R25-003318,2025-09-29,FT-2025-01730,CL-150,diretto,A,1,200.00,0.17,199.66
R25-003319,2025-09-29,FT-2025-01782,CL-231,distributori,B,13,120.00,2.19,1525.81
R25-003320,2025-09-29,FT-2025-01782,CL-231,distributori,A,6,200.00,25.59,892.98
R25-003321,2025-09-29,FT-2025-01793,CL-004,diretto,A,3,200.00,0.00,600.00
R25-003322,2025-09-29,FT-2025-01793,CL-004,diretto,B,3,120.00,0.33,358.80
R25-003323,2025-09-29,FT-2025-01818,CL-246,distributori,B,17,120.00,8.14,1873.91
R25-003324,2025-09-29,FT-2025-01839,CL-008,diretto,C,1,305.00,5.68,287.67
R25-003325,2025-09-29,FT-2025-01839,CL-008,diretto,B,3,120.00,1.36,355.11
R25-003326,2025-09-29,FT-2025-01840,CL-219,distributori,A,8,200.00,18.65,1301.60
R25-003327,2025-09-29,FT-2025-01840,CL-219,distributori,B,8,120.00,3.30,928.32
R25-003328,2025-09-29,FT-2025-01854,CL-014,diretto,A,6,200.00,3.99,1152.12
R25-003329,2025-09-30,FT-2025-01657,CL-255,distributori,A,4,200.00,18.88,649.00
R25-003330,2025-09-30,FT-2025-01668,CL-216,diretto,A,2,200.00,0.00,400.00
R25-003331,2025-09-30,FT-2025-01668,CL-216,diretto,A,1,200.00,0.11,199.78
R25-003332,2025-09-30,FT-2025-01685,CL-007,diretto,A,2,200.00,8.59,365.66
R25-003333,2025-09-30,FT-2025-01713,CL-230,distributori,A,10,200.00,24.01,1519.90
R25-003334,2025-09-30,FT-2025-01713,CL-230,distributori,B,18,120.00,3.55,2083.32
R25-003335,2025-09-30,FT-2025-01727,CL-027,diretto,B,3,120.00,10.52,322.14
R25-003336,2025-09-30,FT-2025-01727,CL-027,diretto,A,7,200.00,5.48,1323.28
R25-003337,2025-09-30,FT-2025-01783,CL-199,diretto,A,2,200.00,2.13,391.50
R25-003338,2025-09-30,FT-2025-01809,CL-010,diretto,B,3,120.00,0.20,359.28
R25-003339,2025-09-30,FT-2025-01824,CL-252,distributori,B,11,120.00,2.22,1290.74
R25-003340,2025-09-30,FT-2025-01824,CL-252,distributori,A,12,200.00,18.90,1946.52
R25-003341,2025-09-30,FT-2025-01824,CL-252,distributori,B,9,120.00,2.77,1050.12
R25-003342,2025-09-30,FT-2025-01847,CL-023,diretto,B,3,120.00,1.06,356.19
R25-003343,2025-09-30,FT-2025-01847,CL-023,diretto,A,2,200.00,0.00,400.00
R25-003344,2025-09-30,FT-2025-01866,CL-228,distributori,B,10,120.00,2.98,1164.30
R25-003345,2025-10-01,FT-2025-01873,CL-251,distributori,A,6,200.00,18.98,972.30
R25-003346,2025-10-01,FT-2025-01911,CL-014,diretto,A,6,200.00,2.26,1172.88
R25-003347,2025-10-01,FT-2025-01947,CL-034,diretto,A,4,200.00,0.97,792.28
R25-003348,2025-10-01,FT-2025-01949,CL-227,distributori,B,9,120.00,1.78,1060.74
R25-003349,2025-10-01,FT-2025-01949,CL-227,distributori,A,4,200.00,19.31,645.56
R25-003350,2025-10-01,FT-2025-01980,CL-256,distributori,B,8,120.00,3.58,925.68
R25-003351,2025-10-01,FT-2025-01984,CL-027,diretto,C,4,305.00,6.35,1142.52
R25-003352,2025-10-01,FT-2025-01984,CL-027,diretto,A,3,200.00,6.27,562.38
R25-003353,2025-10-01,FT-2025-01984,CL-027,diretto,B,5,120.00,9.18,544.95
R25-003354,2025-10-01,FT-2025-02002,CL-019,diretto,A,2,200.00,0.70,397.22
R25-003355,2025-10-01,FT-2025-02008,CL-043,diretto,B,1,120.00,8.91,109.31
R25-003356,2025-10-01,FT-2025-02008,CL-043,diretto,A,3,200.00,0.49,597.06
R25-003357,2025-10-01,FT-2025-02042,CL-031,diretto,A,4,200.00,4.05,767.60
R25-003358,2025-10-02,FT-2025-01872,CL-233,distributori,B,1,120.00,8.28,110.06
R25-003359,2025-10-02,FT-2025-01872,CL-233,distributori,B,21,120.00,8.66,2301.81
R25-003360,2025-10-02,FT-2025-01872,CL-233,distributori,A,12,200.00,19.32,1936.44
R25-003361,2025-10-02,FT-2025-01918,CL-159,diretto,A,2,200.00,0.68,397.28
R25-003362,2025-10-02,FT-2025-01967,CL-238,distributori,A,5,200.00,19.04,809.65
R25-003363,2025-10-02,FT-2025-02011,CL-206,diretto,A,1,200.00,1.81,196.38
R25-003364,2025-10-02,FT-2025-02033,CL-018,diretto,A,1,200.00,4.44,191.12
R25-003365,2025-10-02,FT-2025-02045,CL-107,diretto,A,2,200.00,3.86,384.58
R25-003366,2025-10-02,FT-2025-02045,CL-107,diretto,B,1,120.00,0.00,120.00
R25-003367,2025-10-03,FT-2025-01867,CL-209,diretto,A,2,200.00,0.37,398.52
R25-003368,2025-10-03,FT-2025-01867,CL-209,diretto,A,1,200.00,1.37,197.27
R25-003369,2025-10-03,FT-2025-01892,CL-237,distributori,A,8,200.00,19.03,1295.60
R25-003370,2025-10-03,FT-2025-01892,CL-237,distributori,B,7,120.00,2.07,822.64
R25-003371,2025-10-03,FT-2025-01893,CL-239,distributori,B,18,120.00,9.64,1951.74
R25-003372,2025-10-03,FT-2025-01903,CL-011,diretto,C,1,305.00,0.66,303.00
R25-003373,2025-10-03,FT-2025-01903,CL-011,diretto,A,1,200.00,1.99,196.03
R25-003374,2025-10-03,FT-2025-01912,CL-224,distributori,B,8,120.00,3.63,925.20
R25-003375,2025-10-03,FT-2025-01912,CL-224,distributori,B,7,120.00,3.49,810.67
R25-003376,2025-10-03,FT-2025-01916,CL-028,diretto,A,2,200.00,0.21,399.18
R25-003377,2025-10-03,FT-2025-01916,CL-028,diretto,A,1,200.00,0.79,198.42
R25-003378,2025-10-03,FT-2025-01936,CL-026,diretto,A,2,200.00,4.82,380.72
R25-003379,2025-10-03,FT-2025-02032,CL-245,distributori,B,9,120.00,8.14,992.07
R25-003380,2025-10-03,FT-2025-02065,CL-125,diretto,A,3,200.00,0.00,600.00
R25-003381,2025-10-03,FT-2025-02065,CL-125,diretto,B,2,120.00,1.65,236.04
R25-003382,2025-10-03,FT-2025-02067,CL-014,diretto,A,9,200.00,3.55,1736.10
R25-003383,2025-10-03,FT-2025-02067,CL-014,diretto,B,10,120.00,0.69,1191.70
R25-003384,2025-10-06,FT-2025-01933,CL-250,distributori,B,9,120.00,3.49,1042.29
R25-003385,2025-10-06,FT-2025-01933,CL-250,distributori,A,10,200.00,19.32,1613.70
R25-003386,2025-10-06,FT-2025-01933,CL-250,distributori,B,11,120.00,2.96,1280.95
R25-003387,2025-10-06,FT-2025-01958,CL-187,diretto,B,1,120.00,0.00,120.00
R25-003388,2025-10-06,FT-2025-01986,CL-151,diretto,B,3,120.00,0.55,358.02
R25-003389,2025-10-06,FT-2025-02019,CL-009,diretto,A,2,200.00,3.85,384.62
R25-003390,2025-10-06,FT-2025-02019,CL-009,diretto,A,3,200.00,3.74,577.56
R25-003391,2025-10-06,FT-2025-02019,CL-009,diretto,A,1,200.00,3.75,192.50
R25-003392,2025-10-06,FT-2025-02035,CL-099,diretto,B,2,120.00,9.01,218.38
R25-003393,2025-10-06,FT-2025-02035,CL-099,diretto,A,2,200.00,0.43,398.30
R25-003394,2025-10-06,FT-2025-02035,CL-099,diretto,A,1,200.00,1.56,196.89
R25-003395,2025-10-06,FT-2025-02051,CL-217,diretto,A,2,200.00,3.60,385.62
R25-003396,2025-10-06,FT-2025-02051,CL-217,diretto,B,2,120.00,0.00,240.00
R25-003397,2025-10-06,FT-2025-02060,CL-033,diretto,A,2,200.00,0.51,397.96
R25-003398,2025-10-06,FT-2025-02060,CL-033,diretto,B,2,120.00,1.11,237.34
R25-003399,2025-10-06,FT-2025-02061,CL-258,distributori,A,9,200.00,29.75,1264.50
R25-003400,2025-10-07,FT-2025-01915,CL-242,distributori,B,10,120.00,9.21,1089.50
R25-003401,2025-10-07,FT-2025-01915,CL-242,distributori,B,11,120.00,9.28,1197.57
R25-003402,2025-10-07,FT-2025-01937,CL-027,diretto,A,4,200.00,4.88,760.96
R25-003403,2025-10-07,FT-2025-01937,CL-027,diretto,A,3,200.00,5.23,568.62
R25-003404,2025-10-07,FT-2025-01937,CL-027,diretto,A,6,200.00,5.97,1128.42
R25-003405,2025-10-07,FT-2025-01960,CL-226,distributori,A,10,200.00,22.61,1547.90
R25-003406,2025-10-07,FT-2025-01960,CL-226,distributori,B,16,120.00,8.07,1765.12
R25-003407,2025-10-07,FT-2025-01963,CL-225,distributori,A,13,200.00,18.78,2111.85
R25-003408,2025-10-07,FT-2025-01963,CL-225,distributori,B,10,120.00,3.18,1161.80
R25-003409,2025-10-07,FT-2025-01963,CL-225,distributori,B,12,120.00,2.13,1409.28
R25-003410,2025-10-07,FT-2025-01966,CL-013,diretto,A,2,200.00,4.30,382.82
R25-003411,2025-10-07,FT-2025-01966,CL-013,diretto,A,2,200.00,3.13,387.48
R25-003412,2025-10-07,FT-2025-02038,CL-252,distributori,B,6,120.00,1.56,708.78
R25-003413,2025-10-07,FT-2025-02038,CL-252,distributori,B,5,120.00,2.28,586.30
R25-003414,2025-10-08,FT-2025-01886,CL-171,diretto,A,1,200.00,0.00,200.00
R25-003415,2025-10-08,FT-2025-01894,CL-020,diretto,A,2,200.00,0.82,396.72
R25-003416,2025-10-08,FT-2025-01894,CL-020,diretto,A,4,200.00,0.95,792.44
R25-003417,2025-10-08,FT-2025-01905,CL-243,distributori,A,8,200.00,19.29,1291.44
R25-003418,2025-10-08,FT-2025-01905,CL-243,distributori,C,8,305.00,3.21,2361.68
R25-003419,2025-10-08,FT-2025-01992,CL-236,distributori,A,8,200.00,18.06,1311.12
R25-003420,2025-10-08,FT-2025-01992,CL-236,distributori,C,11,305.00,4.15,3215.74
R25-003421,2025-10-08,FT-2025-02017,CL-223,distributori,B,4,120.00,2.88,466.16
R25-003422,2025-10-08,FT-2025-02017,CL-223,distributori,C,6,305.00,4.88,1740.78
R25-003423,2025-10-08,FT-2025-02017,CL-223,distributori,B,8,120.00,4.30,918.72
R25-003424,2025-10-08,FT-2025-02037,CL-017,diretto,A,3,200.00,2.42,585.51
R25-003425,2025-10-08,FT-2025-02037,CL-017,diretto,A,2,200.00,2.96,388.16
R25-003426,2025-10-09,FT-2025-01906,CL-002,diretto,B,4,120.00,3.26,464.36
R25-003427,2025-10-09,FT-2025-01906,CL-002,diretto,B,2,120.00,2.73,233.46
R25-003428,2025-10-09,FT-2025-01906,CL-002,diretto,A,2,200.00,0.00,400.00
R25-003429,2025-10-09,FT-2025-01907,CL-222,distributori,C,2,305.00,10.27,547.38
R25-003430,2025-10-09,FT-2025-01907,CL-222,distributori,B,14,120.00,7.17,1559.60
R25-003431,2025-10-09,FT-2025-01942,CL-014,diretto,A,4,200.00,2.14,782.92
R25-003432,2025-10-09,FT-2025-01985,CL-008,diretto,A,4,200.00,7.98,736.16
R25-003433,2025-10-09,FT-2025-02046,CL-253,distributori,B,11,120.00,2.12,1292.06
R25-003434,2025-10-10,FT-2025-01877,CL-240,distributori,C,10,305.00,4.20,2921.80
R25-003435,2025-10-10,FT-2025-01877,CL-240,distributori,B,9,120.00,2.34,1054.71
R25-003436,2025-10-10,FT-2025-01880,CL-012,diretto,A,1,200.00,1.88,196.25
R25-003437,2025-10-10,FT-2025-01900,CL-003,diretto,A,3,200.00,4.94,570.36
R25-003438,2025-10-10,FT-2025-01900,CL-003,diretto,A,1,200.00,3.35,193.30
R25-003439,2025-10-10,FT-2025-01917,CL-183,diretto,A,2,200.00,1.07,395.74
R25-003440,2025-10-10,FT-2025-01917,CL-183,diretto,A,1,200.00,0.08,199.84
R25-003441,2025-10-10,FT-2025-01922,CL-128,diretto,B,1,120.00,8.33,110.00
R25-003442,2025-10-10,FT-2025-01922,CL-128,diretto,A,3,200.00,0.24,598.59
R25-003443,2025-10-10,FT-2025-01930,CL-131,diretto,B,1,120.00,3.36,115.97
R25-003444,2025-10-10,FT-2025-01930,CL-131,diretto,A,2,200.00,0.00,400.00
R25-003445,2025-10-10,FT-2025-01945,CL-224,distributori,B,13,120.00,2.49,1521.13
R25-003446,2025-10-10,FT-2025-01945,CL-224,distributori,A,10,200.00,22.68,1546.40
R25-003447,2025-10-10,FT-2025-01945,CL-224,distributori,B,5,120.00,1.73,589.60
R25-003448,2025-10-10,FT-2025-01988,CL-037,diretto,B,1,120.00,0.00,120.00
R25-003449,2025-10-10,FT-2025-01988,CL-037,diretto,A,2,200.00,0.00,400.00
R25-003450,2025-10-10,FT-2025-01991,CL-077,diretto,A,3,200.00,2.34,585.96
R25-003451,2025-10-10,FT-2025-01991,CL-077,diretto,A,2,200.00,0.22,399.12
R25-003452,2025-10-10,FT-2025-01991,CL-077,diretto,B,1,120.00,9.10,109.08
R25-003453,2025-10-10,FT-2025-01993,CL-257,distributori,B,6,120.00,2.14,704.58
R25-003454,2025-10-10,FT-2025-02020,CL-229,distributori,B,10,120.00,7.33,1112.00
R25-003455,2025-10-10,FT-2025-02020,CL-229,distributori,C,6,305.00,7.95,1684.56
R25-003456,2025-10-10,FT-2025-02020,CL-229,distributori,A,10,200.00,19.35,1613.10
R25-003457,2025-10-10,FT-2025-02023,CL-244,distributori,B,6,120.00,8.68,657.54
R25-003458,2025-10-10,FT-2025-02023,CL-244,distributori,B,10,120.00,10.09,1078.90
R25-003459,2025-10-10,FT-2025-02031,CL-049,diretto,A,3,200.00,1.57,590.61
R25-003460,2025-10-10,FT-2025-02031,CL-049,diretto,B,1,120.00,0.00,120.00
R25-003461,2025-10-10,FT-2025-02036,CL-027,diretto,B,6,120.00,10.06,647.58
R25-003462,2025-10-10,FT-2025-02036,CL-027,diretto,A,1,200.00,5.12,189.76
R25-003463,2025-10-10,FT-2025-02058,CL-234,distributori,B,7,120.00,8.70,766.92
R25-003464,2025-10-13,FT-2025-01899,CL-014,diretto,A,9,200.00,2.72,1751.13
R25-003465,2025-10-13,FT-2025-01899,CL-014,diretto,B,5,120.00,2.43,585.40
R25-003466,2025-10-13,FT-2025-01899,CL-014,diretto,B,4,120.00,1.78,471.44
R25-003467,2025-10-13,FT-2025-01913,CL-249,distributori,B,10,120.00,2.98,1164.30
R25-003468,2025-10-13,FT-2025-01913,CL-249,distributori,A,5,200.00,19.95,800.50
R25-003469,2025-10-13,FT-2025-01927,CL-246,distributori,A,8,200.00,21.33,1258.72
R25-003470,2025-10-13,FT-2025-01927,CL-246,distributori,B,11,120.00,7.78,1217.37
R25-003471,2025-10-13,FT-2025-01927,CL-246,distributori,B,14,120.00,8.28,1540.98
R25-003472,2025-10-13,FT-2025-01971,CL-235,distributori,C,6,305.00,5.19,1734.96
R25-003473,2025-10-13,FT-2025-01976,CL-024,diretto,B,2,120.00,0.49,238.82
R25-003474,2025-10-13,FT-2025-01976,CL-024,diretto,A,2,200.00,0.58,397.68
R25-003475,2025-10-13,FT-2025-01987,CL-063,diretto,A,1,200.00,3.38,193.25
R25-003476,2025-10-13,FT-2025-02007,CL-093,diretto,A,2,200.00,2.82,388.72
R25-003477,2025-10-13,FT-2025-02007,CL-093,diretto,A,1,200.00,3.23,193.54
R25-003478,2025-10-13,FT-2025-02014,CL-221,distributori,B,11,120.00,2.17,1291.40
R25-003479,2025-10-13,FT-2025-02014,CL-221,distributori,A,3,200.00,19.41,483.57
R25-003480,2025-10-14,FT-2025-01876,CL-032,diretto,A,2,200.00,5.09,379.64
R25-003481,2025-10-14,FT-2025-01876,CL-032,diretto,A,2,200.00,5.03,379.90
R25-003482,2025-10-14,FT-2025-01898,CL-027,diretto,A,8,200.00,6.14,1501.84
R25-003483,2025-10-14,FT-2025-01898,CL-027,diretto,B,4,120.00,9.48,434.52
R25-003484,2025-10-14,FT-2025-01928,CL-215,diretto,A,1,200.00,0.00,200.00
R25-003485,2025-10-14,FT-2025-01928,CL-215,diretto,A,1,200.00,0.50,199.00
R25-003486,2025-10-14,FT-2025-01970,CL-230,distributori,B,19,120.00,1.63,2242.95
R25-003487,2025-10-14,FT-2025-01970,CL-230,distributori,C,4,305.00,11.48,1080.00
R25-003488,2025-10-14,FT-2025-01979,CL-089,diretto,A,2,200.00,0.00,400.00
R25-003489,2025-10-14,FT-2025-02021,CL-252,distributori,B,8,120.00,1.47,945.92
R25-003490,2025-10-15,FT-2025-01871,CL-005,diretto,A,3,200.00,4.18,574.95
R25-003491,2025-10-15,FT-2025-01871,CL-005,diretto,A,1,200.00,3.31,193.38
R25-003492,2025-10-15,FT-2025-01923,CL-238,distributori,C,2,305.00,3.94,585.98
R25-003493,2025-10-15,FT-2025-01934,CL-007,diretto,A,2,200.00,7.56,369.76
R25-003494,2025-10-15,FT-2025-01934,CL-007,diretto,A,2,200.00,9.02,363.92
R25-003495,2025-10-15,FT-2025-01950,CL-118,diretto,B,1,120.00,0.00,120.00
R25-003496,2025-10-15,FT-2025-01950,CL-118,diretto,A,1,200.00,1.38,197.25
R25-003497,2025-10-15,FT-2025-01952,CL-219,distributori,B,16,120.00,1.15,1897.92
R25-003498,2025-10-15,FT-2025-01952,CL-219,distributori,A,5,200.00,19.83,801.70
R25-003499,2025-10-15,FT-2025-01969,CL-029,diretto,A,2,200.00,0.20,399.22
R25-003500,2025-10-15,FT-2025-01969,CL-029,diretto,B,2,120.00,0.75,238.20
R25-003501,2025-10-15,FT-2025-01978,CL-027,diretto,A,9,200.00,5.06,1709.01
R25-003502,2025-10-15,FT-2025-01978,CL-027,diretto,A,4,200.00,6.09,751.32
R25-003503,2025-10-15,FT-2025-01978,CL-027,diretto,B,6,120.00,9.73,649.92
R25-003504,2025-10-15,FT-2025-01994,CL-130,diretto,A,1,200.00,3.88,192.25
R25-003505,2025-10-15,FT-2025-02010,CL-046,diretto,A,2,200.00,0.00,400.00
R25-003506,2025-10-15,FT-2025-02010,CL-046,diretto,B,1,120.00,9.01,109.19
R25-003507,2025-10-15,FT-2025-02010,CL-046,diretto,A,1,200.00,0.00,200.00
R25-003508,2025-10-15,FT-2025-02025,CL-228,distributori,B,7,120.00,1.55,826.98
R25-003509,2025-10-15,FT-2025-02025,CL-228,distributori,C,8,305.00,5.06,2316.56
R25-003510,2025-10-15,FT-2025-02025,CL-228,distributori,B,9,120.00,3.55,1041.66
R25-003511,2025-10-15,FT-2025-02049,CL-014,diretto,A,3,200.00,3.25,580.53
R25-003512,2025-10-15,FT-2025-02049,CL-014,diretto,C,8,305.00,3.25,2360.72
R25-003513,2025-10-15,FT-2025-02062,CL-026,diretto,A,1,200.00,3.58,192.84
R25-003514,2025-10-15,FT-2025-02062,CL-026,diretto,A,3,200.00,4.99,570.06
R25-003515,2025-10-15,FT-2025-02062,CL-026,diretto,A,5,200.00,4.60,954.05
R25-003516,2025-10-16,FT-2025-01878,CL-254,distributori,B,13,120.00,8.06,1434.29
R25-003517,2025-10-16,FT-2025-01878,CL-254,distributori,A,3,200.00,19.75,481.53
R25-003518,2025-10-16,FT-2025-01881,CL-047,diretto,A,1,200.00,4.08,191.85
R25-003519,2025-10-16,FT-2025-01884,CL-126,diretto,A,1,200.00,2.15,195.70
R25-003520,2025-10-16,FT-2025-01884,CL-126,diretto,A,3,200.00,1.99,588.06
R25-003521,2025-10-16,FT-2025-01885,CL-144,diretto,B,1,120.00,8.33,110.00
R25-003522,2025-10-16,FT-2025-01885,CL-144,diretto,A,3,200.00,0.68,595.92
R25-003523,2025-10-16,FT-2025-01888,CL-106,diretto,A,2,200.00,0.00,400.00
R25-003524,2025-10-16,FT-2025-01929,CL-242,distributori,B,11,120.00,10.23,1185.03
R25-003525,2025-10-16,FT-2025-01929,CL-242,distributori,B,9,120.00,8.38,989.46
R25-003526,2025-10-16,FT-2025-01929,CL-242,distributori,A,9,200.00,19.36,1451.61
R25-003527,2025-10-16,FT-2025-01941,CL-023,diretto,B,3,120.00,2.10,352.44
R25-003528,2025-10-16,FT-2025-01941,CL-023,diretto,A,3,200.00,1.09,593.46
R25-003529,2025-10-16,FT-2025-01941,CL-023,diretto,B,1,120.00,1.48,118.23
R25-003530,2025-10-16,FT-2025-01975,CL-198,diretto,A,2,200.00,0.84,396.66
R25-003531,2025-10-16,FT-2025-01975,CL-198,diretto,A,2,200.00,0.00,400.00
R25-003532,2025-10-16,FT-2025-01975,CL-198,diretto,B,1,120.00,9.39,108.73
R25-003533,2025-10-16,FT-2025-01997,CL-176,diretto,A,3,200.00,0.00,600.00
R25-003534,2025-10-16,FT-2025-01997,CL-176,diretto,B,1,120.00,3.00,116.40
R25-003535,2025-10-16,FT-2025-01999,CL-014,diretto,B,3,120.00,0.75,357.30
R25-003536,2025-10-16,FT-2025-01999,CL-014,diretto,A,8,200.00,3.59,1542.64
R25-003537,2025-10-16,FT-2025-02012,CL-004,diretto,B,3,120.00,0.88,356.82
R25-003538,2025-10-16,FT-2025-02012,CL-004,diretto,A,2,200.00,0.02,399.92
R25-003539,2025-10-17,FT-2025-01882,CL-027,diretto,A,6,200.00,6.10,1126.80
R25-003540,2025-10-17,FT-2025-01882,CL-027,diretto,B,6,120.00,9.51,651.54
R25-003541,2025-10-17,FT-2025-01882,CL-027,diretto,A,2,200.00,5.48,378.08
R25-003542,2025-10-17,FT-2025-01973,CL-224,distributori,A,12,200.00,22.89,1850.64
R25-003543,2025-10-17,FT-2025-01996,CL-218,diretto,B,1,120.00,8.18,110.19
R25-003544,2025-10-17,FT-2025-01996,CL-218,diretto,A,2,200.00,0.73,397.10
R25-003545,2025-10-17,FT-2025-02004,CL-180,diretto,A,2,200.00,0.00,400.00
R25-003546,2025-10-17,FT-2025-02029,CL-252,distributori,C,7,305.00,3.94,2050.93
R25-003547,2025-10-17,FT-2025-02029,CL-252,distributori,C,4,305.00,4.63,1163.52
R25-003548,2025-10-20,FT-2025-01869,CL-207,diretto,A,2,200.00,1.57,393.72
R25-003549,2025-10-20,FT-2025-01889,CL-243,distributori,B,10,120.00,1.82,1178.20
R25-003550,2025-10-20,FT-2025-01889,CL-243,distributori,A,5,200.00,18.66,813.45
R25-003551,2025-10-20,FT-2025-01901,CL-117,diretto,A,1,200.00,0.00,200.00
R25-003552,2025-10-20,FT-2025-01901,CL-117,diretto,A,2,200.00,0.00,400.00
R25-003553,2025-10-20,FT-2025-01901,CL-117,diretto,B,1,120.00,1.17,118.60
R25-003554,2025-10-20,FT-2025-01924,CL-069,diretto,A,2,200.00,3.71,385.18
R25-003555,2025-10-20,FT-2025-01935,CL-006,diretto,A,2,200.00,4.92,380.32
R25-003556,2025-10-20,FT-2025-01935,CL-006,diretto,A,2,200.00,3.85,384.62
R25-003557,2025-10-20,FT-2025-01935,CL-006,diretto,A,1,200.00,3.21,193.59
R25-003558,2025-10-20,FT-2025-01981,CL-018,diretto,A,3,200.00,3.89,576.69
R25-003559,2025-10-20,FT-2025-01995,CL-245,distributori,B,4,120.00,8.53,439.08
R25-003560,2025-10-20,FT-2025-01995,CL-245,distributori,A,9,200.00,19.56,1447.92
R25-003561,2025-10-20,FT-2025-02016,CL-142,diretto,A,2,200.00,2.12,391.54
R25-003562,2025-10-20,FT-2025-02016,CL-142,diretto,A,1,200.00,2.13,195.74
R25-003563,2025-10-20,FT-2025-02016,CL-142,diretto,A,2,200.00,1.09,395.66
R25-003564,2025-10-20,FT-2025-02034,CL-025,diretto,A,1,200.00,0.00,200.00
R25-003565,2025-10-20,FT-2025-02040,CL-220,distributori,B,6,120.00,8.46,659.10
R25-003566,2025-10-20,FT-2025-02043,CL-010,diretto,B,3,120.00,0.00,360.00
R25-003567,2025-10-20,FT-2025-02043,CL-010,diretto,A,2,200.00,1.09,395.66
R25-003568,2025-10-20,FT-2025-02043,CL-010,diretto,A,2,200.00,2.08,391.68
R25-003569,2025-10-21,FT-2025-01909,CL-008,diretto,C,1,305.00,4.37,291.67
R25-003570,2025-10-21,FT-2025-01943,CL-041,diretto,A,2,200.00,0.00,400.00
R25-003571,2025-10-21,FT-2025-01953,CL-232,distributori,A,5,200.00,20.98,790.25
R25-003572,2025-10-21,FT-2025-01953,CL-232,distributori,B,13,120.00,3.68,1502.67
R25-003573,2025-10-21,FT-2025-01972,CL-236,distributori,B,15,120.00,1.80,1767.60
R25-003574,2025-10-21,FT-2025-02001,CL-021,diretto,A,2,200.00,2.71,389.18
R25-003575,2025-10-21,FT-2025-02001,CL-021,diretto,A,3,200.00,2.14,587.19
R25-003576,2025-10-21,FT-2025-02009,CL-027,diretto,A,5,200.00,6.04,939.60
R25-003577,2025-10-21,FT-2025-02013,CL-241,distributori,A,5,200.00,18.89,811.15
R25-003578,2025-10-21,FT-2025-02013,CL-241,distributori,B,9,120.00,2.61,1051.83
R25-003579,2025-10-21,FT-2025-02039,CL-014,diretto,A,5,200.00,1.92,980.80
R25-003580,2025-10-21,FT-2025-02039,CL-014,diretto,B,13,120.00,2.99,1513.33
R25-003581,2025-10-21,FT-2025-02039,CL-014,diretto,B,3,120.00,1.14,355.89
R25-003582,2025-10-21,FT-2025-02044,CL-194,diretto,A,3,200.00,0.71,595.77
R25-003583,2025-10-21,FT-2025-02047,CL-237,distributori,B,9,120.00,2.78,1049.94
R25-003584,2025-10-21,FT-2025-02047,CL-237,distributori,C,5,305.00,3.99,1464.20
R25-003585,2025-10-21,FT-2025-02050,CL-226,distributori,B,5,120.00,7.30,556.20
R25-003586,2025-10-21,FT-2025-02057,CL-016,diretto,B,1,120.00,9.12,109.06
R25-003587,2025-10-21,FT-2025-02059,CL-229,distributori,B,7,120.00,6.72,783.58
R25-003588,2025-10-21,FT-2025-02059,CL-229,distributori,A,6,200.00,18.92,973.02
R25-003589,2025-10-22,FT-2025-01870,CL-230,distributori,A,10,200.00,24.36,1512.80
R25-003590,2025-10-22,FT-2025-01938,CL-078,diretto,A,1,200.00,1.09,197.83
R25-003591,2025-10-22,FT-2025-01938,CL-078,diretto,B,1,120.00,0.00,120.00
R25-003592,2025-10-22,FT-2025-01938,CL-078,diretto,A,1,200.00,0.75,198.51
R25-003593,2025-10-22,FT-2025-01959,CL-002,diretto,A,3,200.00,0.00,600.00
R25-003594,2025-10-22,FT-2025-01959,CL-002,diretto,A,2,200.00,1.16,395.38
R25-003595,2025-10-22,FT-2025-01989,CL-250,distributori,C,8,305.00,4.65,2326.48
R25-003596,2025-10-22,FT-2025-01989,CL-250,distributori,A,1,200.00,19.41,161.19
R25-003597,2025-10-23,FT-2025-01887,CL-031,diretto,A,1,200.00,4.02,191.97
R25-003598,2025-10-23,FT-2025-01887,CL-031,diretto,A,2,200.00,3.40,386.40
R25-003599,2025-10-23,FT-2025-01896,CL-244,distributori,A,7,200.00,19.05,1133.37
R25-003600,2025-10-23,FT-2025-01896,CL-244,distributori,B,19,120.00,9.13,2071.76
R25-003601,2025-10-23,FT-2025-01896,CL-244,distributori,C,4,305.00,3.03,1183.08
R25-003602,2025-10-23,FT-2025-01908,CL-253,distributori,A,4,200.00,19.48,644.20
R25-003603,2025-10-23,FT-2025-01925,CL-239,distributori,B,7,120.00,7.82,774.34
R25-003604,2025-10-23,FT-2025-01925,CL-239,distributori,C,3,305.00,3.39,883.98
R25-003605,2025-10-23,FT-2025-01925,CL-239,distributori,A,6,200.00,18.95,972.60
R25-003606,2025-10-23,FT-2025-01951,CL-251,distributori,B,27,120.00,8.52,2964.06
R25-003607,2025-10-23,FT-2025-01951,CL-251,distributori,C,6,305.00,3.94,1757.82
R25-003608,2025-10-23,FT-2025-01956,CL-090,diretto,A,1,200.00,0.96,198.09
R25-003609,2025-10-23,FT-2025-01965,CL-246,distributori,C,4,305.00,6.13,1145.16
R25-003610,2025-10-23,FT-2025-01965,CL-246,distributori,B,13,120.00,8.40,1428.96
R25-003611,2025-10-23,FT-2025-02006,CL-252,distributori,A,9,200.00,18.49,1467.18
R25-003612,2025-10-23,FT-2025-02018,CL-149,diretto,B,1,120.00,0.00,120.00
R25-003613,2025-10-23,FT-2025-02026,CL-020,diretto,A,3,200.00,0.30,598.20
R25-003614,2025-10-23,FT-2025-02026,CL-020,diretto,A,1,200.00,0.94,198.12
R25-003615,2025-10-23,FT-2025-02026,CL-020,diretto,A,3,200.00,1.63,590.22
R25-003616,2025-10-24,FT-2025-01875,CL-026,diretto,A,3,200.00,4.80,571.23
R25-003617,2025-10-24,FT-2025-01875,CL-026,diretto,A,2,200.00,4.10,383.62
R25-003618,2025-10-24,FT-2025-01883,CL-248,distributori,B,10,120.00,1.93,1176.80
R25-003619,2025-10-24,FT-2025-01883,CL-248,distributori,A,4,200.00,18.86,649.16
R25-003620,2025-10-24,FT-2025-01891,CL-009,diretto,A,1,200.00,4.76,190.49
R25-003621,2025-10-24,FT-2025-01891,CL-009,diretto,A,3,200.00,3.77,577.41
R25-003622,2025-10-24,FT-2025-01897,CL-014,diretto,B,6,120.00,1.76,707.34
R25-003623,2025-10-24,FT-2025-01932,CL-235,distributori,A,6,200.00,18.76,974.88
R25-003624,2025-10-24,FT-2025-01932,CL-235,distributori,B,13,120.00,3.00,1513.20
R25-003625,2025-10-24,FT-2025-01932,CL-235,distributori,B,7,120.00,3.73,808.71
R25-003626,2025-10-24,FT-2025-01955,CL-255,distributori,B,8,120.00,3.18,929.44
R25-003627,2025-10-24,FT-2025-01955,CL-255,distributori,A,4,200.00,19.39,644.92
R25-003628,2025-10-24,FT-2025-01990,CL-022,diretto,B,2,120.00,1.43,236.56
R25-003629,2025-10-24,FT-2025-01990,CL-022,diretto,B,2,120.00,0.15,239.64
R25-003630,2025-10-24,FT-2025-01990,CL-022,diretto,A,3,200.00,1.10,593.43
R25-003631,2025-10-24,FT-2025-02024,CL-027,diretto,A,7,200.00,5.22,1326.92
R25-003632,2025-10-24,FT-2025-02028,CL-179,diretto,B,3,120.00,0.00,360.00
R25-003633,2025-10-24,FT-2025-02055,CL-019,diretto,A,2,200.00,2.03,391.88
R25-003634,2025-10-27,FT-2025-01902,CL-157,diretto,A,2,200.00,0.00,400.00
R25-003635,2025-10-27,FT-2025-01902,CL-157,diretto,B,1,120.00,8.05,110.34
R25-003636,2025-10-27,FT-2025-01920,CL-028,diretto,A,1,200.00,0.14,199.72
R25-003637,2025-10-27,FT-2025-01920,CL-028,diretto,A,4,200.00,2.14,782.92
R25-003638,2025-10-27,FT-2025-01931,CL-258,distributori,B,16,120.00,1.76,1886.24
R25-003639,2025-10-27,FT-2025-01931,CL-258,distributori,C,3,305.00,4.31,875.52
R25-003640,2025-10-27,FT-2025-01931,CL-258,distributori,B,8,120.00,1.21,948.40
R25-003641,2025-10-27,FT-2025-01954,CL-030,diretto,A,2,200.00,2.84,388.66
R25-003642,2025-10-27,FT-2025-02030,CL-233,distributori,C,5,305.00,4.98,1449.00
R25-003643,2025-10-27,FT-2025-02030,CL-233,distributori,B,13,120.00,7.75,1439.10
R25-003644,2025-10-27,FT-2025-02052,CL-203,diretto,A,2,200.00,0.00,400.00
R25-003645,2025-10-28,FT-2025-01921,CL-015,diretto,A,1,200.00,1.40,197.21
R25-003646,2025-10-28,FT-2025-01921,CL-015,diretto,B,3,120.00,1.46,354.75
R25-003647,2025-10-28,FT-2025-01921,CL-015,diretto,A,2,200.00,0.16,399.38
R25-003648,2025-10-28,FT-2025-01948,CL-219,distributori,C,5,305.00,5.70,1438.05
R25-003649,2025-10-28,FT-2025-01957,CL-034,diretto,B,2,120.00,2.73,233.44
R25-003650,2025-10-28,FT-2025-01957,CL-034,diretto,B,2,120.00,2.22,234.68
R25-003651,2025-10-28,FT-2025-01968,CL-249,distributori,C,5,305.00,6.68,1423.10
R25-003652,2025-10-28,FT-2025-01968,CL-249,distributori,B,9,120.00,2.94,1048.23
R25-003653,2025-10-28,FT-2025-01983,CL-040,diretto,B,1,120.00,6.08,112.70
R25-003654,2025-10-28,FT-2025-01983,CL-040,diretto,A,2,200.00,0.00,400.00
R25-003655,2025-10-28,FT-2025-02000,CL-242,distributori,C,4,305.00,4.47,1165.48
R25-003656,2025-10-28,FT-2025-02005,CL-027,diretto,A,12,200.00,6.91,2234.16
R25-003657,2025-10-28,FT-2025-02005,CL-027,diretto,B,6,120.00,10.48,644.52
R25-003658,2025-10-28,FT-2025-02066,CL-224,distributori,C,9,305.00,10.96,2444.13
R25-003659,2025-10-28,FT-2025-02066,CL-224,distributori,A,6,200.00,23.99,912.12
R25-003660,2025-10-28,FT-2025-02068,CL-014,diretto,C,2,305.00,3.39,589.34
R25-003661,2025-10-29,FT-2025-01961,CL-247,distributori,B,7,120.00,5.44,794.29
R25-003662,2025-10-29,FT-2025-01962,CL-007,diretto,A,3,200.00,7.24,556.59
R25-003663,2025-10-29,FT-2025-01962,CL-007,diretto,B,1,120.00,1.21,118.55
R25-003664,2025-10-29,FT-2025-01962,CL-007,diretto,A,5,200.00,9.16,908.45
R25-003665,2025-10-29,FT-2025-01977,CL-252,distributori,B,15,120.00,3.26,1741.35
R25-003666,2025-10-29,FT-2025-01982,CL-096,diretto,A,1,200.00,7.92,184.16
R25-003667,2025-10-29,FT-2025-01982,CL-096,diretto,B,2,120.00,0.00,240.00
R25-003668,2025-10-29,FT-2025-02022,CL-011,diretto,B,2,120.00,1.65,236.04
R25-003669,2025-10-29,FT-2025-02022,CL-011,diretto,A,3,200.00,1.65,590.10
R25-003670,2025-10-29,FT-2025-02022,CL-011,diretto,B,2,120.00,1.02,237.56
R25-003671,2025-10-29,FT-2025-02027,CL-032,diretto,A,3,200.00,4.01,575.97
R25-003672,2025-10-29,FT-2025-02027,CL-032,diretto,A,1,200.00,4.99,190.03
R25-003673,2025-10-29,FT-2025-02027,CL-032,diretto,A,2,200.00,3.76,384.98
R25-003674,2025-10-29,FT-2025-02054,CL-243,distributori,B,4,120.00,2.80,466.56
R25-003675,2025-10-29,FT-2025-02054,CL-243,distributori,B,11,120.00,1.59,1298.99
R25-003676,2025-10-29,FT-2025-02064,CL-238,distributori,B,22,120.00,10.13,2372.48
R25-003677,2025-10-30,FT-2025-01874,CL-027,diretto,A,11,200.00,5.54,2078.23
R25-003678,2025-10-30,FT-2025-01874,CL-027,diretto,B,10,120.00,9.11,1090.70
R25-003679,2025-10-30,FT-2025-01874,CL-027,diretto,B,6,120.00,10.53,644.22
R25-003680,2025-10-30,FT-2025-01879,CL-027,diretto,A,9,200.00,5.86,1694.61
R25-003681,2025-10-30,FT-2025-01890,CL-196,diretto,A,1,200.00,8.82,182.37
R25-003682,2025-10-30,FT-2025-01890,CL-196,diretto,B,1,120.00,0.00,120.00
R25-003683,2025-10-30,FT-2025-01890,CL-196,diretto,B,1,120.00,0.00,120.00
R25-003684,2025-10-30,FT-2025-01895,CL-001,diretto,A,1,200.00,3.09,193.83
R25-003685,2025-10-30,FT-2025-01895,CL-001,diretto,A,2,200.00,2.79,388.84
R25-003686,2025-10-30,FT-2025-01910,CL-014,diretto,B,10,120.00,1.13,1186.40
R25-003687,2025-10-30,FT-2025-01914,CL-223,distributori,A,11,200.00,26.41,1618.98
R25-003688,2025-10-30,FT-2025-01914,CL-223,distributori,B,14,120.00,2.61,1636.18
R25-003689,2025-10-30,FT-2025-01919,CL-010,diretto,B,2,120.00,0.18,239.58
R25-003690,2025-10-30,FT-2025-01919,CL-010,diretto,A,2,200.00,1.21,395.18
R25-003691,2025-10-30,FT-2025-01919,CL-010,diretto,B,2,120.00,0.00,240.00
R25-003692,2025-10-30,FT-2025-01939,CL-008,diretto,B,3,120.00,0.30,358.92
R25-003693,2025-10-30,FT-2025-01939,CL-008,diretto,A,3,200.00,7.77,553.41
R25-003694,2025-10-30,FT-2025-01940,CL-225,distributori,C,14,305.00,4.97,4057.90
R25-003695,2025-10-30,FT-2025-01944,CL-044,diretto,B,1,120.00,8.45,109.86
R25-003696,2025-10-30,FT-2025-01944,CL-044,diretto,A,3,200.00,1.01,593.94
R25-003697,2025-10-30,FT-2025-01964,CL-230,distributori,B,7,120.00,2.56,818.51
R25-003698,2025-10-30,FT-2025-01974,CL-095,diretto,A,1,200.00,4.31,191.39
R25-003699,2025-10-30,FT-2025-01974,CL-095,diretto,A,1,200.00,4.01,191.99
R25-003700,2025-10-30,FT-2025-01974,CL-095,diretto,B,1,120.00,0.00,120.00
R25-003701,2025-10-30,FT-2025-01998,CL-228,distributori,B,8,120.00,2.59,935.12
R25-003702,2025-10-30,FT-2025-01998,CL-228,distributori,B,4,120.00,2.40,468.48
R25-003703,2025-10-30,FT-2025-01998,CL-228,distributori,A,8,200.00,18.65,1301.60
R25-003704,2025-10-30,FT-2025-02015,CL-115,diretto,B,1,120.00,0.00,120.00
R25-003705,2025-10-30,FT-2025-02041,CL-051,diretto,A,1,200.00,5.22,189.57
R25-003706,2025-10-30,FT-2025-02041,CL-051,diretto,A,1,200.00,6.29,187.43
R25-003707,2025-10-30,FT-2025-02053,CL-226,distributori,C,5,305.00,4.63,1454.45
R25-003708,2025-10-30,FT-2025-02053,CL-226,distributori,B,9,120.00,7.78,996.03
R25-003709,2025-10-30,FT-2025-02053,CL-226,distributori,B,16,120.00,7.82,1769.92
R25-003710,2025-10-31,FT-2025-01868,CL-160,diretto,B,2,120.00,2.53,233.94
R25-003711,2025-10-31,FT-2025-01868,CL-160,diretto,A,2,200.00,0.00,400.00
R25-003712,2025-10-31,FT-2025-01868,CL-160,diretto,A,1,200.00,0.00,200.00
R25-003713,2025-10-31,FT-2025-01904,CL-193,diretto,A,1,200.00,0.23,199.54
R25-003714,2025-10-31,FT-2025-01904,CL-193,diretto,A,4,200.00,0.59,795.32
R25-003715,2025-10-31,FT-2025-01926,CL-245,distributori,B,10,120.00,9.68,1083.90
R25-003716,2025-10-31,FT-2025-01926,CL-245,distributori,C,5,305.00,3.99,1464.20
R25-003717,2025-10-31,FT-2025-01926,CL-245,distributori,B,19,120.00,8.44,2087.53
R25-003718,2025-10-31,FT-2025-01946,CL-229,distributori,B,12,120.00,5.83,1356.12
R25-003719,2025-10-31,FT-2025-01946,CL-229,distributori,B,12,120.00,6.27,1349.76
R25-003720,2025-10-31,FT-2025-02003,CL-014,diretto,A,4,200.00,1.97,784.28
R25-003721,2025-10-31,FT-2025-02048,CL-123,diretto,A,1,200.00,1.18,197.64
R25-003722,2025-10-31,FT-2025-02048,CL-123,diretto,A,1,200.00,1.31,197.38
R25-003723,2025-10-31,FT-2025-02056,CL-252,distributori,A,8,200.00,18.72,1300.48
R25-003724,2025-10-31,FT-2025-02063,CL-224,distributori,B,10,120.00,1.33,1184.10
R25-003725,2025-10-31,FT-2025-02063,CL-224,distributori,B,10,120.00,3.58,1157.10
R25-003726,2025-10-31,FT-2025-02063,CL-224,distributori,B,14,120.00,3.38,1623.16
R25-003727,2025-11-03,FT-2025-02079,CL-113,diretto,A,1,200.00,0.20,199.61
R25-003728,2025-11-03,FT-2025-02079,CL-113,diretto,A,2,200.00,1.17,395.34
R25-003729,2025-11-03,FT-2025-02086,CL-234,distributori,C,3,305.00,2.62,891.00
R25-003730,2025-11-03,FT-2025-02086,CL-234,distributori,A,11,200.00,18.71,1788.38
R25-003731,2025-11-03,FT-2025-02094,CL-023,diretto,B,3,120.00,1.98,352.89
R25-003732,2025-11-03,FT-2025-02094,CL-023,diretto,A,2,200.00,0.65,397.42
R25-003733,2025-11-03,FT-2025-02094,CL-023,diretto,B,2,120.00,0.22,239.48
R25-003734,2025-11-03,FT-2025-02125,CL-003,diretto,A,1,200.00,4.27,191.46
R25-003735,2025-11-03,FT-2025-02125,CL-003,diretto,A,1,200.00,4.37,191.27
R25-003736,2025-11-03,FT-2025-02125,CL-003,diretto,A,3,200.00,4.86,570.87
R25-003737,2025-11-03,FT-2025-02142,CL-002,diretto,A,5,200.00,1.06,989.40
R25-003738,2025-11-03,FT-2025-02142,CL-002,diretto,B,3,120.00,3.79,346.35
R25-003739,2025-11-03,FT-2025-02142,CL-002,diretto,B,1,120.00,3.75,115.50
R25-003740,2025-11-03,FT-2025-02151,CL-235,distributori,C,8,305.00,6.91,2271.36
R25-003741,2025-11-03,FT-2025-02179,CL-027,diretto,A,9,200.00,6.75,1678.50
R25-003742,2025-11-03,FT-2025-02179,CL-027,diretto,A,2,200.00,6.79,372.84
R25-003743,2025-11-03,FT-2025-02179,CL-027,diretto,A,7,200.00,7.02,1301.79
R25-003744,2025-11-03,FT-2025-02190,CL-221,distributori,C,5,305.00,6.76,1421.85
R25-003745,2025-11-03,FT-2025-02190,CL-221,distributori,B,11,120.00,2.76,1283.59
R25-003746,2025-11-03,FT-2025-02199,CL-024,diretto,B,4,120.00,0.50,477.60
R25-003747,2025-11-03,FT-2025-02199,CL-024,diretto,B,1,120.00,0.58,119.31
R25-003748,2025-11-03,FT-2025-02242,CL-005,diretto,B,1,120.00,0.42,119.50
R25-003749,2025-11-03,FT-2025-02242,CL-005,diretto,A,4,200.00,3.54,771.72
R25-003750,2025-11-03,FT-2025-02242,CL-005,diretto,A,1,200.00,3.65,192.71
R25-003751,2025-11-03,FT-2025-02250,CL-246,distributori,A,7,200.00,21.67,1096.69
R25-003752,2025-11-04,FT-2025-02121,CL-014,diretto,C,5,305.00,4.79,1452.00
R25-003753,2025-11-04,FT-2025-02170,CL-239,distributori,A,6,200.00,19.84,961.98
R25-003754,2025-11-04,FT-2025-02189,CL-136,diretto,B,3,120.00,0.81,357.09
R25-003755,2025-11-04,FT-2025-02224,CL-240,distributori,B,1,120.00,3.02,116.38
R25-003756,2025-11-04,FT-2025-02224,CL-240,distributori,A,1,200.00,19.08,161.84
R25-003757,2025-11-04,FT-2025-02224,CL-240,distributori,A,13,200.00,19.23,2100.15
R25-003758,2025-11-04,FT-2025-02247,CL-258,distributori,B,15,120.00,1.84,1766.85
R25-003759,2025-11-04,FT-2025-02247,CL-258,distributori,B,8,120.00,2.42,936.80
R25-003760,2025-11-04,FT-2025-02247,CL-258,distributori,B,6,120.00,3.04,698.10
R25-003761,2025-11-05,FT-2025-02069,CL-029,diretto,B,2,120.00,1.32,236.84
R25-003762,2025-11-05,FT-2025-02069,CL-029,diretto,A,2,200.00,0.88,396.48
R25-003763,2025-11-05,FT-2025-02089,CL-231,distributori,B,7,120.00,1.46,827.75
R25-003764,2025-11-05,FT-2025-02118,CL-084,diretto,A,4,200.00,0.52,795.88
R25-003765,2025-11-05,FT-2025-02118,CL-084,diretto,A,1,200.00,0.47,199.06
R25-003766,2025-11-05,FT-2025-02131,CL-191,diretto,A,3,200.00,0.00,600.00
R25-003767,2025-11-05,FT-2025-02131,CL-191,diretto,B,2,120.00,3.83,230.80
R25-003768,2025-11-05,FT-2025-02136,CL-026,diretto,A,2,200.00,4.70,381.22
R25-003769,2025-11-05,FT-2025-02136,CL-026,diretto,A,2,200.00,4.71,381.18
R25-003770,2025-11-05,FT-2025-02153,CL-102,diretto,A,2,200.00,0.00,400.00
R25-003771,2025-11-05,FT-2025-02154,CL-253,distributori,B,11,120.00,1.85,1295.58
R25-003772,2025-11-05,FT-2025-02165,CL-018,diretto,A,2,200.00,3.83,384.70
R25-003773,2025-11-05,FT-2025-02182,CL-114,diretto,B,1,120.00,0.00,120.00
R25-003774,2025-11-05,FT-2025-02182,CL-114,diretto,A,2,200.00,2.26,390.96
R25-003775,2025-11-05,FT-2025-02219,CL-033,diretto,B,4,120.00,0.96,475.40
R25-003776,2025-11-05,FT-2025-02219,CL-033,diretto,A,2,200.00,1.46,394.18
R25-003777,2025-11-05,FT-2025-02239,CL-017,diretto,A,3,200.00,4.21,574.74
R25-003778,2025-11-05,FT-2025-02239,CL-017,diretto,A,2,200.00,4.25,383.00
R25-003779,2025-11-05,FT-2025-02240,CL-237,distributori,B,12,120.00,2.20,1408.32
R25-003780,2025-11-05,FT-2025-02249,CL-020,diretto,A,1,200.00,1.46,197.08
R25-003781,2025-11-06,FT-2025-02071,CL-244,distributori,B,8,120.00,9.98,864.16
R25-003782,2025-11-06,FT-2025-02075,CL-224,distributori,A,12,200.00,22.91,1850.16
R25-003783,2025-11-06,FT-2025-02091,CL-242,distributori,C,4,305.00,3.03,1183.00
R25-003784,2025-11-06,FT-2025-02091,CL-242,distributori,B,10,120.00,8.71,1095.50
R25-003785,2025-11-06,FT-2025-02091,CL-242,distributori,B,16,120.00,8.38,1759.04
R25-003786,2025-11-06,FT-2025-02099,CL-009,diretto,A,1,200.00,3.12,193.76
R25-003787,2025-11-06,FT-2025-02099,CL-009,diretto,A,2,200.00,3.96,384.16
R25-003788,2025-11-06,FT-2025-02129,CL-243,distributori,B,7,120.00,3.63,809.48
R25-003789,2025-11-06,FT-2025-02129,CL-243,distributori,B,11,120.00,2.05,1292.94
R25-003790,2025-11-06,FT-2025-02130,CL-175,diretto,B,1,120.00,8.33,110.00
R25-003791,2025-11-06,FT-2025-02130,CL-175,diretto,A,3,200.00,1.11,593.34
R25-003792,2025-11-06,FT-2025-02130,CL-175,diretto,A,1,200.00,0.23,199.55
R25-003793,2025-11-06,FT-2025-02143,CL-027,diretto,B,3,120.00,9.43,326.04
R25-003794,2025-11-06,FT-2025-02163,CL-252,distributori,B,9,120.00,2.38,1054.35
R25-003795,2025-11-06,FT-2025-02163,CL-252,distributori,B,10,120.00,3.08,1163.10
R25-003796,2025-11-06,FT-2025-02178,CL-004,diretto,B,2,120.00,0.00,240.00
R25-003797,2025-11-06,FT-2025-02193,CL-236,distributori,B,10,120.00,2.26,1172.90
R25-003798,2025-11-06,FT-2025-02227,CL-014,diretto,A,7,200.00,3.75,1347.57
R25-003799,2025-11-06,FT-2025-02233,CL-013,diretto,A,2,200.00,2.86,388.56
R25-003800,2025-11-06,FT-2025-02233,CL-013,diretto,A,2,200.00,3.71,385.16
R25-003801,2025-11-06,FT-2025-02237,CL-219,distributori,C,8,305.00,5.58,2303.84
R25-003802,2025-11-06,FT-2025-02237,CL-219,distributori,A,8,200.00,18.98,1296.32
R25-003803,2025-11-06,FT-2025-02264,CL-228,distributori,B,6,120.00,2.44,702.42
R25-003804,2025-11-06,FT-2025-02264,CL-228,distributori,B,9,120.00,2.38,1054.26
R25-003805,2025-11-07,FT-2025-02087,CL-098,diretto,A,1,200.00,0.00,200.00
R25-003806,2025-11-07,FT-2025-02123,CL-238,distributori,C,3,305.00,3.63,881.79
R25-003807,2025-11-07,FT-2025-02123,CL-238,distributori,A,6,200.00,19.38,967.50
R25-003808,2025-11-07,FT-2025-02123,CL-238,distributori,B,17,120.00,9.68,1842.63
R25-003809,2025-11-07,FT-2025-02137,CL-229,distributori,B,11,120.00,7.93,1215.39
R25-003810,2025-11-07,FT-2025-02137,CL-229,distributori,C,3,305.00,8.90,833.61
R25-003811,2025-11-07,FT-2025-02152,CL-255,distributori,A,6,200.00,19.64,964.38
R25-003812,2025-11-07,FT-2025-02152,CL-255,distributori,B,12,120.00,2.86,1398.84
R25-003813,2025-11-07,FT-2025-02152,CL-255,distributori,C,4,305.00,2.85,1185.28
R25-003814,2025-11-07,FT-2025-02176,CL-232,distributori,A,8,200.00,20.83,1266.80
R25-003815,2025-11-07,FT-2025-02176,CL-232,distributori,C,2,305.00,11.28,541.22
R25-003816,2025-11-07,FT-2025-02185,CL-031,diretto,A,3,200.00,3.66,578.04
R25-003817,2025-11-07,FT-2025-02212,CL-027,diretto,A,2,200.00,5.20,379.22
R25-003818,2025-11-07,FT-2025-02212,CL-027,diretto,A,6,200.00,6.28,1124.70
R25-003819,2025-11-07,FT-2025-02254,CL-251,distributori,C,3,305.00,2.86,888.81
R25-003820,2025-11-07,FT-2025-02254,CL-251,distributori,A,8,200.00,18.63,1301.92
R25-003821,2025-11-07,FT-2025-02266,CL-148,diretto,B,2,120.00,0.00,240.00
R25-003822,2025-11-07,FT-2025-02270,CL-197,diretto,A,2,200.00,4.42,382.32
R25-003823,2025-11-07,FT-2025-02270,CL-197,diretto,B,2,120.00,0.00,240.00
R25-003824,2025-11-10,FT-2025-02088,CL-014,diretto,B,8,120.00,2.78,933.28
R25-003825,2025-11-10,FT-2025-02110,CL-048,diretto,A,1,200.00,7.20,185.60
R25-003826,2025-11-10,FT-2025-02110,CL-048,diretto,B,1,120.00,0.00,120.00
R25-003827,2025-11-10,FT-2025-02251,CL-007,diretto,A,3,200.00,8.74,547.56
R25-003828,2025-11-11,FT-2025-02117,CL-028,diretto,A,2,200.00,2.15,391.42
R25-003829,2025-11-11,FT-2025-02117,CL-028,diretto,A,1,200.00,1.12,197.77
R25-003830,2025-11-11,FT-2025-02117,CL-028,diretto,A,3,200.00,1.35,591.90
R25-003831,2025-11-11,FT-2025-02215,CL-043,diretto,A,2,200.00,2.19,391.26
R25-003832,2025-11-11,FT-2025-02215,CL-043,diretto,A,2,200.00,1.82,392.74
R25-003833,2025-11-11,FT-2025-02215,CL-043,diretto,B,1,120.00,8.18,110.18
R25-003834,2025-11-11,FT-2025-02218,CL-230,distributori,A,10,200.00,23.84,1523.30
R25-003835,2025-11-11,FT-2025-02218,CL-230,distributori,C,3,305.00,11.48,810.00
R25-003836,2025-11-12,FT-2025-02122,CL-249,distributori,A,8,200.00,18.16,1309.52
R25-003837,2025-11-12,FT-2025-02122,CL-249,distributori,C,8,305.00,6.91,2271.28
R25-003838,2025-11-12,FT-2025-02122,CL-249,distributori,B,8,120.00,3.48,926.56
R25-003839,2025-11-12,FT-2025-02159,CL-027,diretto,A,4,200.00,5.27,757.88
R25-003840,2025-11-12,FT-2025-02159,CL-027,diretto,B,5,120.00,10.20,538.80
R25-003841,2025-11-12,FT-2025-02173,CL-252,distributori,A,6,200.00,18.06,983.28
R25-003842,2025-11-12,FT-2025-02173,CL-252,distributori,B,8,120.00,3.02,931.04
R25-003843,2025-11-12,FT-2025-02184,CL-250,distributori,C,5,305.00,3.54,1471.05
R25-003844,2025-11-12,FT-2025-02184,CL-250,distributori,B,13,120.00,3.32,1508.26
R25-003845,2025-11-12,FT-2025-02184,CL-250,distributori,A,9,200.00,18.37,1469.34
R25-003846,2025-11-12,FT-2025-02188,CL-134,diretto,B,4,120.00,0.21,479.00
R25-003847,2025-11-12,FT-2025-02209,CL-088,diretto,A,3,200.00,3.36,579.84
R25-003848,2025-11-12,FT-2025-02209,CL-088,diretto,B,1,120.00,8.60,109.68
R25-003849,2025-11-12,FT-2025-02216,CL-257,distributori,B,20,120.00,1.99,2352.20
R25-003850,2025-11-12,FT-2025-02260,CL-086,diretto,A,2,200.00,3.12,387.54
R25-003851,2025-11-12,FT-2025-02260,CL-086,diretto,B,2,120.00,0.00,240.00
R25-003852,2025-11-12,FT-2025-02269,CL-245,distributori,B,14,120.00,9.66,1517.74
R25-003853,2025-11-12,RS-2025-02187,CL-038,diretto,A,-2,200.00,1.58,-393.68
R25-003854,2025-11-13,FT-2025-02074,CL-014,diretto,A,6,200.00,3.01,1163.88
R25-003855,2025-11-13,FT-2025-02074,CL-014,diretto,A,9,200.00,3.20,1742.49
R25-003856,2025-11-13,FT-2025-02092,CL-161,diretto,A,3,200.00,1.54,590.79
R25-003857,2025-11-13,FT-2025-02166,CL-222,distributori,B,13,120.00,7.53,1442.61
R25-003858,2025-11-13,FT-2025-02180,CL-256,distributori,B,14,120.00,1.73,1650.88
R25-003859,2025-11-13,FT-2025-02180,CL-256,distributori,C,8,305.00,5.97,2294.40
R25-003860,2025-11-13,FT-2025-02197,CL-008,diretto,A,2,200.00,8.28,366.88
R25-003861,2025-11-13,FT-2025-02197,CL-008,diretto,A,5,200.00,9.50,905.05
R25-003862,2025-11-13,FT-2025-02210,CL-016,diretto,B,4,120.00,8.40,439.68
R25-003863,2025-11-13,FT-2025-02213,CL-021,diretto,A,3,200.00,3.68,577.92
R25-003864,2025-11-13,FT-2025-02213,CL-021,diretto,A,1,200.00,2.70,194.61
R25-003865,2025-11-13,FT-2025-02238,CL-254,distributori,B,7,120.00,8.65,767.34
R25-003866,2025-11-14,FT-2025-02109,CL-014,diretto,A,4,200.00,2.94,776.52
R25-003867,2025-11-14,FT-2025-02109,CL-014,diretto,B,10,120.00,0.85,1189.80
R25-003868,2025-11-14,FT-2025-02126,CL-027,diretto,A,6,200.00,6.89,1117.38
R25-003869,2025-11-14,FT-2025-02135,CL-246,distributori,B,15,120.00,8.19,1652.55
R25-003870,2025-11-14,FT-2025-02145,CL-026,diretto,A,2,200.00,4.09,383.64
R25-003871,2025-11-14,FT-2025-02158,CL-177,diretto,B,1,120.00,8.62,109.66
R25-003872,2025-11-14,FT-2025-02158,CL-177,diretto,A,3,200.00,1.30,592.20
R25-003873,2025-11-14,FT-2025-02168,CL-226,distributori,B,15,120.00,7.75,1660.50
R25-003874,2025-11-14,FT-2025-02168,CL-226,distributori,A,6,200.00,21.18,945.84
R25-003875,2025-11-14,FT-2025-02206,CL-061,diretto,A,2,200.00,1.96,392.16
R25-003876,2025-11-14,FT-2025-02206,CL-061,diretto,A,1,200.00,3.05,193.90
R25-003877,2025-11-14,FT-2025-02217,CL-120,diretto,A,1,200.00,0.84,198.32
R25-003878,2025-11-14,FT-2025-02217,CL-120,diretto,A,2,200.00,1.20,395.22
R25-003879,2025-11-14,FT-2025-02221,CL-108,diretto,A,2,200.00,2.32,390.74
R25-003880,2025-11-14,FT-2025-02246,CL-212,diretto,A,1,200.00,2.74,194.53
R25-003881,2025-11-14,FT-2025-02246,CL-212,diretto,A,2,200.00,2.62,389.54
R25-003882,2025-11-14,FT-2025-02259,CL-006,diretto,A,3,200.00,3.16,581.07
R25-003883,2025-11-14,FT-2025-02259,CL-006,diretto,A,1,200.00,4.94,190.13
R25-003884,2025-11-14,FT-2025-02259,CL-006,diretto,A,1,200.00,3.74,192.52
R25-003885,2025-11-17,FT-2025-02082,CL-252,distributori,C,2,305.00,3.88,586.34
R25-003886,2025-11-17,FT-2025-02084,CL-105,diretto,A,2,200.00,0.86,396.56
R25-003887,2025-11-17,FT-2025-02084,CL-105,diretto,A,1,200.00,2.01,195.98
R25-003888,2025-11-17,FT-2025-02102,CL-170,diretto,A,2,200.00,0.00,400.00
R25-003889,2025-11-17,FT-2025-02111,CL-068,diretto,A,1,200.00,0.00,200.00
R25-003890,2025-11-17,FT-2025-02116,CL-224,distributori,B,10,120.00,2.76,1166.90
R25-003891,2025-11-17,FT-2025-02116,CL-224,distributori,B,14,120.00,2.43,1639.26
R25-003892,2025-11-17,FT-2025-02119,CL-023,diretto,A,2,200.00,0.87,396.52
R25-003893,2025-11-17,FT-2025-02120,CL-236,distributori,A,5,200.00,18.97,810.35
R25-003894,2025-11-17,FT-2025-02133,CL-253,distributori,B,8,120.00,1.97,941.12
R25-003895,2025-11-17,FT-2025-02133,CL-253,distributori,C,9,305.00,5.06,2606.22
R25-003896,2025-11-17,FT-2025-02133,CL-253,distributori,B,10,120.00,2.06,1175.30
R25-003897,2025-11-17,FT-2025-02157,CL-235,distributori,B,8,120.00,2.58,935.20
R25-003898,2025-11-17,FT-2025-02157,CL-235,distributori,A,9,200.00,19.43,1450.26
R25-003899,2025-11-17,FT-2025-02160,CL-220,distributori,B,6,120.00,8.90,655.92
R25-003900,2025-11-17,FT-2025-02181,CL-242,distributori,A,9,200.00,18.65,1464.30
R25-003901,2025-11-17,FT-2025-02181,CL-242,distributori,B,11,120.00,8.45,1208.46
R25-003902,2025-11-17,FT-2025-02192,CL-012,diretto,A,3,200.00,1.17,593.01
R25-003903,2025-11-17,FT-2025-02192,CL-012,diretto,B,3,120.00,1.01,356.37
R25-003904,2025-11-17,FT-2025-02234,CL-002,diretto,A,1,200.00,0.50,199.00
R25-003905,2025-11-17,FT-2025-02234,CL-002,diretto,B,2,120.00,4.53,229.12
R25-003906,2025-11-17,FT-2025-02241,CL-081,diretto,A,2,200.00,0.39,398.46
R25-003907,2025-11-17,FT-2025-02245,CL-027,diretto,A,7,200.00,6.79,1305.01
R25-003908,2025-11-17,FT-2025-02245,CL-027,diretto,B,10,120.00,10.94,1068.70
R25-003909,2025-11-17,FT-2025-02253,CL-152,diretto,A,1,200.00,0.00,200.00
R25-003910,2025-11-17,FT-2025-02258,CL-019,diretto,A,2,200.00,1.75,393.00
R25-003911,2025-11-18,FT-2025-02072,CL-112,diretto,A,2,200.00,0.66,397.36
R25-003912,2025-11-18,FT-2025-02072,CL-112,diretto,A,1,200.00,0.00,200.00
R25-003913,2025-11-18,FT-2025-02078,CL-221,distributori,B,11,120.00,3.15,1278.42
R25-003914,2025-11-18,FT-2025-02078,CL-221,distributori,A,6,200.00,19.92,961.02
R25-003915,2025-11-18,FT-2025-02085,CL-205,diretto,A,2,200.00,1.36,394.58
R25-003916,2025-11-18,FT-2025-02095,CL-027,diretto,A,10,200.00,5.44,1891.30
R25-003917,2025-11-18,FT-2025-02095,CL-027,diretto,B,8,120.00,10.38,860.32
R25-003918,2025-11-18,FT-2025-02095,CL-027,diretto,B,3,120.00,10.17,323.40
R25-003919,2025-11-18,FT-2025-02098,CL-219,distributori,B,8,120.00,2.43,936.64
R25-003920,2025-11-18,FT-2025-02098,CL-219,distributori,B,11,120.00,2.63,1285.24
R25-003921,2025-11-18,FT-2025-02101,CL-010,diretto,B,1,120.00,0.16,119.81
R25-003922,2025-11-18,FT-2025-02139,CL-050,diretto,B,1,120.00,5.38,113.55
R25-003923,2025-11-18,FT-2025-02140,CL-045,diretto,B,1,120.00,5.55,113.34
R25-003924,2025-11-18,FT-2025-02140,CL-045,diretto,A,2,200.00,0.00,400.00
R25-003925,2025-11-18,FT-2025-02141,CL-241,distributori,B,5,120.00,2.60,584.40
R25-003926,2025-11-18,FT-2025-02169,CL-011,diretto,B,2,120.00,0.33,239.20
R25-003927,2025-11-18,FT-2025-02169,CL-011,diretto,A,2,200.00,1.01,395.96
R25-003928,2025-11-18,FT-2025-02175,CL-018,diretto,A,4,200.00,3.50,772.04
R25-003929,2025-11-18,FT-2025-02175,CL-018,diretto,A,1,200.00,4.33,191.34
R25-003930,2025-11-18,FT-2025-02211,CL-243,distributori,C,7,305.00,3.65,2057.16
R25-003931,2025-11-18,FT-2025-02211,CL-243,distributori,A,10,200.00,18.57,1628.60
R25-003932,2025-11-18,FT-2025-02252,CL-116,diretto,A,2,200.00,2.66,389.38
R25-003933,2025-11-18,FT-2025-02256,CL-055,diretto,B,2,120.00,8.33,220.00
R25-003934,2025-11-18,FT-2025-02256,CL-055,diretto,A,5,200.00,1.33,986.75
R25-003935,2025-11-18,FT-2025-02257,CL-032,diretto,A,2,200.00,4.29,382.84
R25-003936,2025-11-18,FT-2025-02261,CL-035,diretto,B,1,120.00,0.00,120.00
R25-003937,2025-11-18,FT-2025-02262,CL-014,diretto,B,5,120.00,1.92,588.50
R25-003938,2025-11-18,FT-2025-02262,CL-014,diretto,B,4,120.00,1.79,471.40
R25-003939,2025-11-18,FT-2025-02262,CL-014,diretto,A,4,200.00,3.93,768.60
R25-003940,2025-11-19,FT-2025-02073,CL-258,distributori,A,11,200.00,29.95,1541.10
R25-003941,2025-11-19,FT-2025-02073,CL-258,distributori,C,4,305.00,3.49,1177.44
R25-003942,2025-11-19,FT-2025-02105,CL-238,distributori,B,13,120.00,8.94,1420.51
R25-003943,2025-11-19,FT-2025-02112,CL-024,diretto,A,3,200.00,0.83,595.02
R25-003944,2025-11-19,FT-2025-02112,CL-024,diretto,A,1,200.00,1.09,197.82
R25-003945,2025-11-19,FT-2025-02128,CL-137,diretto,A,1,200.00,1.60,196.80
R25-003946,2025-11-19,FT-2025-02128,CL-137,diretto,B,1,120.00,0.00,120.00
R25-003947,2025-11-19,FT-2025-02128,CL-137,diretto,B,1,120.00,0.00,120.00
R25-003948,2025-11-19,FT-2025-02164,CL-239,distributori,B,15,120.00,9.28,1632.90
R25-003949,2025-11-19,FT-2025-02164,CL-239,distributori,B,10,120.00,9.44,1086.70
R25-003950,2025-11-19,FT-2025-02164,CL-239,distributori,C,3,305.00,4.49,873.90
R25-003951,2025-11-19,FT-2025-02171,CL-234,distributori,B,19,120.00,9.11,2072.33
R25-003952,2025-11-19,FT-2025-02171,CL-234,distributori,B,11,120.00,9.29,1197.35
R25-003953,2025-11-19,FT-2025-02198,CL-233,distributori,B,7,120.00,7.49,777.07
R25-003954,2025-11-19,FT-2025-02228,CL-229,distributori,B,13,120.00,6.63,1456.52
R25-003955,2025-11-19,FT-2025-02228,CL-229,distributori,A,9,200.00,19.96,1440.72
R25-003956,2025-11-19,FT-2025-02232,CL-109,diretto,A,1,200.00,1.25,197.51
R25-003957,2025-11-19,FT-2025-02232,CL-109,diretto,A,2,200.00,1.19,395.26
R25-003958,2025-11-19,FT-2025-02255,CL-237,distributori,A,6,200.00,19.95,960.66
R25-003959,2025-11-19,FT-2025-02255,CL-237,distributori,C,4,305.00,3.29,1179.84
R25-003960,2025-11-19,FT-2025-02268,CL-138,diretto,A,2,200.00,0.00,400.00
R25-003961,2025-11-19,FT-2025-02268,CL-138,diretto,B,1,120.00,0.74,119.11
R25-003962,2025-11-20,FT-2025-02077,CL-228,distributori,A,7,200.00,19.58,1125.88
R25-003963,2025-11-20,FT-2025-02077,CL-228,distributori,B,9,120.00,2.13,1056.96
R25-003964,2025-11-20,FT-2025-02077,CL-228,distributori,C,7,305.00,5.90,2009.00
R25-003965,2025-11-20,FT-2025-02093,CL-066,diretto,B,1,120.00,8.33,110.00
R25-003966,2025-11-20,FT-2025-02093,CL-066,diretto,A,3,200.00,2.09,587.49
R25-003967,2025-11-20,FT-2025-02093,CL-066,diretto,A,2,200.00,1.90,392.42
R25-003968,2025-11-20,FT-2025-02097,CL-003,diretto,A,2,200.00,4.97,380.12
R25-003969,2025-11-20,FT-2025-02097,CL-003,diretto,A,4,200.00,4.06,767.52
R25-003970,2025-11-20,FT-2025-02134,CL-224,distributori,A,3,200.00,23.60,458.43
R25-003971,2025-11-20,FT-2025-02134,CL-224,distributori,B,13,120.00,2.78,1516.71
R25-003972,2025-11-20,FT-2025-02138,CL-027,diretto,B,4,120.00,10.02,431.92
R25-003973,2025-11-20,FT-2025-02167,CL-014,diretto,B,12,120.00,2.27,1407.36
R25-003974,2025-11-20,FT-2025-02167,CL-014,diretto,A,7,200.00,1.97,1372.42
R25-003975,2025-11-20,FT-2025-02174,CL-244,distributori,B,20,120.00,9.13,2180.80
R25-003976,2025-11-20,FT-2025-02174,CL-244,distributori,A,6,200.00,19.40,967.26
R25-003977,2025-11-20,FT-2025-02174,CL-244,distributori,C,3,305.00,3.96,878.76
R25-003978,2025-11-20,FT-2025-02191,CL-181,diretto,A,3,200.00,2.59,584.46
R25-003979,2025-11-20,FT-2025-02200,CL-083,diretto,A,1,200.00,4.18,191.64
R25-003980,2025-11-20,FT-2025-02236,CL-252,distributori,C,9,305.00,3.15,2658.60
R25-003981,2025-11-20,FT-2025-02243,CL-166,diretto,B,2,120.00,0.00,240.00
R25-003982,2025-11-20,FT-2025-02248,CL-223,distributori,A,4,200.00,25.85,593.20
R25-003983,2025-11-20,FT-2025-02248,CL-223,distributori,B,14,120.00,2.48,1638.28
R25-003984,2025-11-21,FT-2025-02100,CL-230,distributori,B,10,120.00,2.67,1168.00
R25-003985,2025-11-21,FT-2025-02100,CL-230,distributori,B,16,120.00,2.87,1864.96
R25-003986,2025-11-21,FT-2025-02107,CL-227,distributori,B,5,120.00,1.73,589.65
R25-003987,2025-11-21,FT-2025-02150,CL-100,diretto,A,1,200.00,3.49,193.02
R25-003988,2025-11-21,FT-2025-02150,CL-100,diretto,A,1,200.00,4.07,191.87
R25-003989,2025-11-21,FT-2025-02150,CL-100,diretto,A,1,200.00,5.47,189.06
R25-003990,2025-11-21,FT-2025-02161,CL-008,diretto,B,2,120.00,0.23,239.46
R25-003991,2025-11-21,FT-2025-02161,CL-008,diretto,A,2,200.00,9.40,362.40
R25-003992,2025-11-21,FT-2025-02161,CL-008,diretto,B,2,120.00,0.64,238.46
R25-003993,2025-11-21,FT-2025-02220,CL-007,diretto,B,1,120.00,0.79,119.05
R25-003994,2025-11-21,FT-2025-02220,CL-007,diretto,A,5,200.00,8.17,918.30
R25-003995,2025-11-21,FT-2025-02220,CL-007,diretto,A,2,200.00,7.25,371.00
R25-003996,2025-11-21,FT-2025-02235,CL-168,diretto,B,2,120.00,0.42,239.00
R25-003997,2025-11-21,FT-2025-02235,CL-168,diretto,A,3,200.00,0.00,600.00
R25-003998,2025-11-21,FT-2025-02271,CL-169,diretto,A,2,200.00,0.00,400.00
R25-003999,2025-11-21,FT-2025-02271,CL-169,diretto,B,2,120.00,0.53,238.74
R25-004000,2025-11-24,FT-2025-02070,CL-004,diretto,B,2,120.00,1.19,237.14
R25-004001,2025-11-24,FT-2025-02070,CL-004,diretto,A,3,200.00,0.53,596.82
R25-004002,2025-11-24,FT-2025-02103,CL-025,diretto,A,2,200.00,0.00,400.00
R25-004003,2025-11-24,FT-2025-02103,CL-025,diretto,B,2,120.00,3.08,232.60
R25-004004,2025-11-24,FT-2025-02106,CL-062,diretto,A,1,200.00,0.00,200.00
R25-004005,2025-11-24,FT-2025-02132,CL-213,diretto,A,2,200.00,0.63,397.48
R25-004006,2025-11-24,FT-2025-02194,CL-246,distributori,C,3,305.00,6.40,856.41
R25-004007,2025-11-24,FT-2025-02194,CL-246,distributori,B,16,120.00,7.24,1780.96
R25-004008,2025-11-24,FT-2025-02195,CL-022,diretto,B,1,120.00,1.70,117.96
R25-004009,2025-11-24,FT-2025-02202,CL-020,diretto,A,5,200.00,0.53,994.70
R25-004010,2025-11-24,FT-2025-02202,CL-020,diretto,A,1,200.00,2.19,195.63
R25-004011,2025-11-24,FT-2025-02202,CL-020,diretto,A,3,200.00,0.28,598.32
R25-004012,2025-11-25,FT-2025-02080,CL-245,distributori,A,3,200.00,19.35,483.90
R25-004013,2025-11-25,FT-2025-02108,CL-251,distributori,B,27,120.00,9.63,2927.88
R25-004014,2025-11-25,FT-2025-02115,CL-027,diretto,B,7,120.00,9.60,759.36
R25-004015,2025-11-25,FT-2025-02115,CL-027,diretto,A,5,200.00,5.25,947.55
R25-004016,2025-11-25,FT-2025-02148,CL-226,distributori,B,16,120.00,9.02,1746.88
R25-004017,2025-11-25,FT-2025-02148,CL-226,distributori,C,3,305.00,4.43,874.50
R25-004018,2025-11-25,FT-2025-02162,CL-009,diretto,A,1,200.00,4.28,191.45
R25-004019,2025-11-25,FT-2025-02162,CL-009,diretto,A,4,200.00,3.81,769.56
R25-004020,2025-11-25,FT-2025-02186,CL-074,diretto,A,1,200.00,0.44,199.12
R25-004021,2025-11-25,FT-2025-02186,CL-074,diretto,A,2,200.00,0.86,396.58
R25-004022,2025-11-25,FT-2025-02203,CL-034,diretto,B,2,120.00,0.98,237.64
R25-004023,2025-11-25,FT-2025-02204,CL-005,diretto,A,2,200.00,4.41,382.36
R25-004024,2025-11-25,FT-2025-02204,CL-005,diretto,A,2,200.00,3.87,384.54
R25-004025,2025-11-25,FT-2025-02225,CL-232,distributori,B,20,120.00,4.58,2290.20
R25-004026,2025-11-25,FT-2025-02230,CL-014,diretto,B,2,120.00,0.69,238.34
R25-004027,2025-11-25,FT-2025-02230,CL-014,diretto,A,8,200.00,1.90,1569.60
R25-004028,2025-11-25,FT-2025-02230,CL-014,diretto,C,4,305.00,3.22,1180.72
R25-004029,2025-11-25,FT-2025-02267,CL-249,distributori,B,11,120.00,3.05,1279.74
R25-004030,2025-11-25,FT-2025-02267,CL-249,distributori,B,9,120.00,2.72,1050.66
R25-004031,2025-11-25,FT-2025-02267,CL-249,distributori,B,1,120.00,2.53,116.97
R25-004032,2025-11-26,FT-2025-02083,CL-155,diretto,B,1,120.00,0.00,120.00
R25-004033,2025-11-26,FT-2025-02083,CL-155,diretto,B,1,120.00,0.00,120.00
R25-004034,2025-11-26,FT-2025-02083,CL-155,diretto,A,1,200.00,1.80,196.40
R25-004035,2025-11-26,FT-2025-02104,CL-026,diretto,A,4,200.00,4.40,764.84
R25-004036,2025-11-26,FT-2025-02104,CL-026,diretto,A,3,200.00,3.97,576.21
R25-004037,2025-11-26,FT-2025-02113,CL-028,diretto,A,1,200.00,0.91,198.19
R25-004038,2025-11-26,FT-2025-02113,CL-028,diretto,A,2,200.00,0.77,396.92
R25-004039,2025-11-26,FT-2025-02149,CL-225,distributori,B,6,120.00,1.83,706.86
R25-004040,2025-11-26,FT-2025-02172,CL-110,diretto,A,2,200.00,0.34,398.66
R25-004041,2025-11-26,FT-2025-02172,CL-110,diretto,A,2,200.00,0.01,399.96
R25-004042,2025-11-26,FT-2025-02214,CL-079,diretto,A,2,200.00,1.35,394.60
R25-004043,2025-11-26,FT-2025-02222,CL-070,diretto,A,2,200.00,0.55,397.80
R25-004044,2025-11-26,FT-2025-02231,CL-184,diretto,A,2,200.00,0.07,399.74
R25-004045,2025-11-26,FT-2025-02244,CL-242,distributori,B,4,120.00,9.54,434.20
R25-004046,2025-11-26,FT-2025-02263,CL-104,diretto,B,1,120.00,8.33,110.00
R25-004047,2025-11-26,FT-2025-02263,CL-104,diretto,A,2,200.00,0.05,399.82
R25-004048,2025-11-26,FT-2025-02263,CL-104,diretto,A,2,200.00,0.00,400.00
R25-004049,2025-11-27,FT-2025-02081,CL-030,diretto,A,1,200.00,2.61,194.78
R25-004050,2025-11-27,FT-2025-02081,CL-030,diretto,B,1,120.00,8.33,110.00
R25-004051,2025-11-27,FT-2025-02081,CL-030,diretto,A,4,200.00,2.99,776.12
R25-004052,2025-11-27,FT-2025-02096,CL-247,distributori,C,14,305.00,11.48,3780.00
R25-004053,2025-11-27,FT-2025-02096,CL-247,distributori,A,5,200.00,18.48,815.25
R25-004054,2025-11-27,FT-2025-02096,CL-247,distributori,B,21,120.00,6.22,2363.34
R25-004055,2025-11-27,FT-2025-02124,CL-031,diretto,A,1,200.00,4.49,191.02
R25-004056,2025-11-27,FT-2025-02124,CL-031,diretto,A,3,200.00,2.92,582.51
R25-004057,2025-11-27,FT-2025-02127,CL-033,diretto,B,1,120.00,0.45,119.46
R25-004058,2025-11-27,FT-2025-02127,CL-033,diretto,A,2,200.00,0.15,399.42
R25-004059,2025-11-27,FT-2025-02144,CL-014,diretto,B,8,120.00,0.99,950.48
R25-004060,2025-11-27,FT-2025-02155,CL-235,distributori,B,6,120.00,2.33,703.26
R25-004061,2025-11-27,FT-2025-02155,CL-235,distributori,B,8,120.00,2.67,934.40
R25-004062,2025-11-27,FT-2025-02155,CL-235,distributori,B,8,120.00,2.98,931.36
R25-004063,2025-11-27,FT-2025-02156,CL-224,distributori,C,5,305.00,11.24,1353.60
R25-004064,2025-11-27,FT-2025-02183,CL-252,distributori,A,11,200.00,19.76,1765.28
R25-004065,2025-11-27,FT-2025-02183,CL-252,distributori,B,7,120.00,1.40,828.24
R25-004066,2025-11-27,FT-2025-02201,CL-101,diretto,A,2,200.00,1.06,395.76
R25-004067,2025-11-27,FT-2025-02201,CL-101,diretto,A,1,200.00,1.35,197.31
R25-004068,2025-11-27,FT-2025-02205,CL-209,diretto,A,3,200.00,1.24,592.59
R25-004069,2025-11-27,FT-2025-02205,CL-209,diretto,A,2,200.00,1.13,395.48
R25-004070,2025-11-27,FT-2025-02205,CL-209,diretto,B,1,120.00,9.56,108.53
R25-004071,2025-11-27,FT-2025-02207,CL-027,diretto,A,7,200.00,5.14,1328.11
R25-004072,2025-11-27,FT-2025-02207,CL-027,diretto,A,6,200.00,6.46,1122.48
R25-004073,2025-11-27,FT-2025-02226,CL-054,diretto,A,3,200.00,1.53,590.82
R25-004074,2025-11-27,FT-2025-02265,CL-147,diretto,A,2,200.00,0.00,400.00
R25-004075,2025-11-28,FT-2025-02076,CL-243,distributori,B,3,120.00,3.33,348.00
R25-004076,2025-11-28,FT-2025-02090,CL-240,distributori,B,9,120.00,2.09,1057.41
R25-004077,2025-11-28,FT-2025-02090,CL-240,distributori,B,16,120.00,2.83,1865.76
R25-004078,2025-11-28,FT-2025-02090,CL-240,distributori,C,8,305.00,4.26,2336.00
R25-004079,2025-11-28,FT-2025-02114,CL-250,distributori,B,3,120.00,2.35,351.54
R25-004080,2025-11-28,FT-2025-02146,CL-080,diretto,A,1,200.00,1.63,196.75
R25-004081,2025-11-28,FT-2025-02146,CL-080,diretto,A,2,200.00,2.12,391.54
R25-004082,2025-11-28,FT-2025-02147,CL-140,diretto,A,2,200.00,0.98,396.08
R25-004083,2025-11-28,FT-2025-02177,CL-027,diretto,A,11,200.00,5.94,2069.43
R25-004084,2025-11-28,FT-2025-02177,CL-027,diretto,C,3,305.00,6.85,852.33
R25-004085,2025-11-28,FT-2025-02177,CL-027,diretto,B,5,120.00,10.60,536.40
R25-004086,2025-11-28,FT-2025-02196,CL-219,distributori,B,8,120.00,1.33,947.20
R25-004087,2025-11-28,FT-2025-02208,CL-014,diretto,B,2,120.00,1.94,235.34
R25-004088,2025-11-28,FT-2025-02223,CL-253,distributori,A,11,200.00,19.01,1781.89
R25-004089,2025-11-28,FT-2025-02223,CL-253,distributori,B,5,120.00,3.44,579.35
R25-004090,2025-11-28,FT-2025-02229,CL-072,diretto,A,1,200.00,1.55,196.91
R25-004091,2025-12-01,FT-2025-02276,CL-065,diretto,A,1,200.00,0.00,200.00
R25-004092,2025-12-01,FT-2025-02276,CL-065,diretto,B,1,120.00,5.17,113.80
R25-004093,2025-12-01,FT-2025-02276,CL-065,diretto,A,1,200.00,0.00,200.00
R25-004094,2025-12-01,FT-2025-02277,CL-092,diretto,B,1,120.00,0.58,119.30
R25-004095,2025-12-01,FT-2025-02280,CL-015,diretto,B,1,120.00,1.18,118.58
R25-004096,2025-12-01,FT-2025-02377,CL-228,distributori,B,7,120.00,3.17,813.40
R25-004097,2025-12-01,FT-2025-02377,CL-228,distributori,B,5,120.00,2.08,587.55
R25-004098,2025-12-01,FT-2025-02401,CL-121,diretto,A,1,200.00,0.00,200.00
R25-004099,2025-12-01,FT-2025-02434,CL-238,distributori,A,11,200.00,18.88,1784.64
R25-004100,2025-12-01,FT-2025-02434,CL-238,distributori,B,7,120.00,10.20,754.32
R25-004101,2025-12-01,FT-2025-02434,CL-238,distributori,C,5,305.00,3.74,1467.90
R25-004102,2025-12-01,FT-2025-02455,CL-255,distributori,A,4,200.00,18.57,651.48
R25-004103,2025-12-01,FT-2025-02455,CL-255,distributori,B,7,120.00,3.31,812.21
R25-004104,2025-12-02,FT-2025-02331,CL-023,diretto,B,3,120.00,0.08,359.70
R25-004105,2025-12-02,FT-2025-02331,CL-023,diretto,B,1,120.00,0.08,119.90
R25-004106,2025-12-02,FT-2025-02352,CL-002,diretto,B,1,120.00,4.46,114.65
R25-004107,2025-12-02,FT-2025-02352,CL-002,diretto,A,3,200.00,0.89,594.69
R25-004108,2025-12-02,FT-2025-02372,CL-014,diretto,C,4,305.00,4.64,1163.44
R25-004109,2025-12-02,FT-2025-02394,CL-158,diretto,A,1,200.00,0.73,198.55
R25-004110,2025-12-02,FT-2025-02394,CL-158,diretto,A,2,200.00,0.09,399.64
R25-004111,2025-12-02,FT-2025-02399,CL-252,distributori,A,8,200.00,19.82,1282.96
R25-004112,2025-12-02,FT-2025-02399,CL-252,distributori,B,5,120.00,1.78,589.30
R25-004113,2025-12-02,FT-2025-02428,CL-237,distributori,B,5,120.00,1.70,589.80
R25-004114,2025-12-02,FT-2025-02428,CL-237,distributori,B,7,120.00,2.10,822.36
R25-004115,2025-12-02,FT-2025-02456,CL-229,distributori,C,4,305.00,9.22,1107.52
R25-004116,2025-12-03,FT-2025-02294,CL-174,diretto,A,1,200.00,0.00,200.00
R25-004117,2025-12-03,FT-2025-02304,CL-027,diretto,A,5,200.00,4.90,951.05
R25-004118,2025-12-03,FT-2025-02304,CL-027,diretto,B,11,120.00,9.54,1194.05
R25-004119,2025-12-03,FT-2025-02339,CL-018,diretto,A,2,200.00,3.29,386.84
R25-004120,2025-12-03,FT-2025-02348,CL-246,distributori,B,6,120.00,6.78,671.16
R25-004121,2025-12-03,FT-2025-02348,CL-246,distributori,C,3,305.00,4.53,873.57
R25-004122,2025-12-03,FT-2025-02349,CL-013,diretto,A,1,200.00,3.17,193.67
R25-004123,2025-12-03,FT-2025-02357,CL-029,diretto,B,2,120.00,0.00,240.00
R25-004124,2025-12-03,FT-2025-02357,CL-029,diretto,A,2,200.00,0.00,400.00
R25-004125,2025-12-03,FT-2025-02358,CL-014,diretto,A,2,200.00,4.10,383.60
R25-004126,2025-12-03,FT-2025-02368,CL-032,diretto,A,1,200.00,3.99,192.03
R25-004127,2025-12-03,FT-2025-02368,CL-032,diretto,A,3,200.00,3.18,580.92
R25-004128,2025-12-03,FT-2025-02373,CL-141,diretto,A,2,200.00,0.76,396.98
R25-004129,2025-12-03,FT-2025-02373,CL-141,diretto,A,2,200.00,1.37,394.52
R25-004130,2025-12-03,FT-2025-02374,CL-208,diretto,A,1,200.00,2.86,194.28
R25-004131,2025-12-03,FT-2025-02385,CL-058,diretto,A,1,200.00,5.04,189.93
R25-004132,2025-12-03,FT-2025-02386,CL-027,diretto,A,4,200.00,5.10,759.20
R25-004133,2025-12-03,FT-2025-02387,CL-026,diretto,A,5,200.00,4.82,951.80
R25-004134,2025-12-03,FT-2025-02387,CL-026,diretto,A,1,200.00,4.79,190.43
R25-004135,2025-12-03,FT-2025-02405,CL-258,distributori,B,18,120.00,2.07,2115.36
R25-004136,2025-12-03,FT-2025-02414,CL-230,distributori,B,7,120.00,2.19,821.59
R25-004137,2025-12-03,FT-2025-02414,CL-230,distributori,B,9,120.00,1.68,1061.82
R25-004138,2025-12-03,FT-2025-02433,CL-008,diretto,A,2,200.00,8.18,367.28
R25-004139,2025-12-03,FT-2025-02433,CL-008,diretto,A,4,200.00,9.01,727.96
R25-004140,2025-12-03,FT-2025-02433,CL-008,diretto,B,2,120.00,1.16,237.22
R25-004141,2025-12-03,FT-2025-02437,CL-245,distributori,B,11,120.00,8.53,1207.47
R25-004142,2025-12-03,FT-2025-02437,CL-245,distributori,B,10,120.00,9.71,1083.50
R25-004143,2025-12-03,FT-2025-02437,CL-245,distributori,A,7,200.00,18.58,1139.95
R25-004144,2025-12-04,FT-2025-02298,CL-242,distributori,B,18,120.00,8.27,1981.44
R25-004145,2025-12-04,FT-2025-02309,CL-224,distributori,B,12,120.00,3.18,1394.16
R25-004146,2025-12-04,FT-2025-02309,CL-224,distributori,A,11,200.00,24.30,1665.51
R25-004147,2025-12-04,FT-2025-02311,CL-226,distributori,C,3,305.00,4.97,869.52
R25-004148,2025-12-04,FT-2025-02311,CL-226,distributori,A,6,200.00,22.56,929.34
R25-004149,2025-12-04,FT-2025-02356,CL-007,diretto,A,1,200.00,8.04,183.93
R25-004150,2025-12-04,FT-2025-02375,CL-252,distributori,A,9,200.00,19.41,1450.71
R25-004151,2025-12-04,FT-2025-02375,CL-252,distributori,B,6,120.00,1.64,708.18
R25-004152,2025-12-04,FT-2025-02375,CL-252,distributori,B,7,120.00,1.76,825.23
R25-004153,2025-12-04,FT-2025-02382,CL-254,distributori,C,3,305.00,3.31,884.70
R25-004154,2025-12-04,FT-2025-02382,CL-254,distributori,B,12,120.00,9.65,1301.04
R25-004155,2025-12-04,FT-2025-02382,CL-254,distributori,B,14,120.00,7.78,1549.38
R25-004156,2025-12-04,FT-2025-02424,CL-239,distributori,B,12,120.00,9.56,1302.36
R25-004157,2025-12-04,FT-2025-02432,CL-244,distributori,B,11,120.00,8.58,1206.81
R25-004158,2025-12-04,FT-2025-02432,CL-244,distributori,B,12,120.00,10.13,1294.08
R25-004159,2025-12-04,FT-2025-02448,CL-006,diretto,A,1,200.00,3.34,193.32
R25-004160,2025-12-04,FT-2025-02448,CL-006,diretto,A,2,200.00,4.06,383.78
R25-004161,2025-12-04,FT-2025-02448,CL-006,diretto,A,2,200.00,5.15,379.42
R25-004162,2025-12-04,FT-2025-02452,CL-236,distributori,C,8,305.00,5.11,2315.20
R25-004163,2025-12-04,FT-2025-02452,CL-236,distributori,B,16,120.00,3.58,1851.20
R25-004164,2025-12-05,FT-2025-02325,CL-017,diretto,A,2,200.00,4.05,383.80
R25-004165,2025-12-05,FT-2025-02338,CL-202,diretto,A,1,200.00,0.00,200.00
R25-004166,2025-12-05,FT-2025-02353,CL-014,diretto,A,5,200.00,3.61,963.95
R25-004167,2025-12-05,FT-2025-02353,CL-014,diretto,B,10,120.00,2.63,1168.50
R25-004168,2025-12-05,FT-2025-02353,CL-014,diretto,A,10,200.00,3.78,1924.50
R25-004169,2025-12-05,FT-2025-02354,CL-027,diretto,A,17,200.00,6.90,3165.40
R25-004170,2025-12-05,FT-2025-02369,CL-010,diretto,B,2,120.00,0.23,239.46
R25-004171,2025-12-05,FT-2025-02397,CL-233,distributori,B,12,120.00,9.48,1303.56
R25-004172,2025-12-05,FT-2025-02397,CL-233,distributori,A,6,200.00,18.74,975.12
R25-004173,2025-12-05,FT-2025-02397,CL-233,distributori,C,4,305.00,3.25,1180.36
R25-004174,2025-12-05,FT-2025-02406,CL-257,distributori,B,18,120.00,1.72,2122.92
R25-004175,2025-12-05,FT-2025-02406,CL-257,distributori,A,21,200.00,18.74,3413.13
R25-004176,2025-12-05,FT-2025-02406,CL-257,distributori,C,5,305.00,4.77,1452.30
R25-004177,2025-12-05,FT-2025-02417,CL-020,diretto,A,2,200.00,2.26,390.96
R25-004178,2025-12-05,FT-2025-02417,CL-020,diretto,A,3,200.00,0.31,598.17
R25-004179,2025-12-05,FT-2025-02419,CL-001,diretto,A,1,200.00,2.39,195.22
R25-004180,2025-12-05,FT-2025-02443,CL-249,distributori,A,3,200.00,19.74,481.56
R25-004181,2025-12-05,FT-2025-02462,CL-133,diretto,A,2,200.00,0.00,400.00
R25-004182,2025-12-05,FT-2025-02462,CL-133,diretto,B,2,120.00,0.33,239.22
R25-004183,2025-12-09,FT-2025-02285,CL-243,distributori,C,4,305.00,3.18,1181.20
R25-004184,2025-12-09,FT-2025-02285,CL-243,distributori,B,13,120.00,3.04,1512.55
R25-004185,2025-12-09,FT-2025-02288,CL-028,diretto,A,2,200.00,0.15,399.42
R25-004186,2025-12-09,FT-2025-02288,CL-028,diretto,A,1,200.00,0.70,198.61
R25-004187,2025-12-09,FT-2025-02302,CL-210,diretto,A,2,200.00,0.21,399.18
R25-004188,2025-12-09,FT-2025-02302,CL-210,diretto,B,1,120.00,8.17,110.20
R25-004189,2025-12-09,FT-2025-02310,CL-220,distributori,C,2,305.00,3.88,586.36
R25-004190,2025-12-09,FT-2025-02310,CL-220,distributori,B,17,120.00,7.48,1887.51
R25-004191,2025-12-09,FT-2025-02310,CL-220,distributori,A,6,200.00,20.11,958.74
R25-004192,2025-12-09,FT-2025-02313,CL-172,diretto,A,2,200.00,0.74,397.04
R25-004193,2025-12-09,FT-2025-02313,CL-172,diretto,B,1,120.00,7.93,110.49
R25-004194,2025-12-09,FT-2025-02316,CL-165,diretto,A,1,200.00,2.04,195.93
R25-004195,2025-12-09,FT-2025-02316,CL-165,diretto,A,2,200.00,0.46,398.18
R25-004196,2025-12-09,FT-2025-02326,CL-211,diretto,A,1,200.00,0.00,200.00
R25-004197,2025-12-09,FT-2025-02326,CL-211,diretto,A,1,200.00,0.30,199.41
R25-004198,2025-12-09,FT-2025-02335,CL-235,distributori,B,15,120.00,3.28,1740.90
R25-004199,2025-12-09,FT-2025-02389,CL-190,diretto,B,1,120.00,8.64,109.63
R25-004200,2025-12-09,FT-2025-02389,CL-190,diretto,A,2,200.00,2.21,391.16
R25-004201,2025-12-09,FT-2025-02450,CL-231,distributori,B,6,120.00,2.61,701.22
R25-004202,2025-12-10,FT-2025-02284,CL-119,diretto,A,2,200.00,0.00,400.00
R25-004203,2025-12-10,FT-2025-02284,CL-119,diretto,A,1,200.00,0.48,199.05
R25-004204,2025-12-10,FT-2025-02359,CL-252,distributori,B,14,120.00,2.66,1635.34
R25-004205,2025-12-10,FT-2025-02361,CL-153,diretto,A,1,200.00,0.00,200.00
R25-004206,2025-12-10,FT-2025-02366,CL-021,diretto,A,2,200.00,4.15,383.40
R25-004207,2025-12-10,FT-2025-02378,CL-230,distributori,C,4,305.00,11.48,1080.00
R25-004208,2025-12-10,FT-2025-02409,CL-124,diretto,B,1,120.00,0.00,120.00
R25-004209,2025-12-10,FT-2025-02409,CL-124,diretto,A,1,200.00,3.62,192.76
R25-004210,2025-12-10,FT-2025-02446,CL-027,diretto,B,6,120.00,9.08,654.66
R25-004211,2025-12-10,FT-2025-02446,CL-027,diretto,A,1,200.00,6.01,187.99
R25-004212,2025-12-11,FT-2025-02279,CL-009,diretto,A,2,200.00,4.01,383.98
R25-004213,2025-12-11,FT-2025-02279,CL-009,diretto,A,2,200.00,3.24,387.06
R25-004214,2025-12-11,FT-2025-02300,CL-219,distributori,B,11,120.00,3.19,1277.87
R25-004215,2025-12-11,FT-2025-02300,CL-219,distributori,A,7,200.00,19.90,1121.47
R25-004216,2025-12-11,FT-2025-02300,CL-219,distributori,C,7,305.00,5.64,2014.67
R25-004217,2025-12-11,FT-2025-02306,CL-225,distributori,B,11,120.00,2.33,1289.31
R25-004218,2025-12-11,FT-2025-02306,CL-225,distributori,C,3,305.00,6.61,854.52
R25-004219,2025-12-11,FT-2025-02314,CL-238,distributori,B,18,120.00,9.41,1956.78
R25-004220,2025-12-11,FT-2025-02314,CL-238,distributori,B,6,120.00,8.57,658.32
R25-004221,2025-12-11,FT-2025-02336,CL-224,distributori,B,11,120.00,2.94,1281.17
R25-004222,2025-12-11,FT-2025-02337,CL-206,diretto,A,2,200.00,1.02,395.94
R25-004223,2025-12-11,FT-2025-02337,CL-206,diretto,B,1,120.00,9.13,109.05
R25-004224,2025-12-11,FT-2025-02388,CL-014,diretto,B,7,120.00,1.03,831.39
R25-004225,2025-12-11,FT-2025-02388,CL-014,diretto,A,5,200.00,3.10,969.05
R25-004226,2025-12-11,FT-2025-02388,CL-014,diretto,A,5,200.00,2.29,977.15
R25-004227,2025-12-11,FT-2025-02395,CL-221,distributori,A,5,200.00,19.78,802.25
R25-004228,2025-12-11,FT-2025-02395,CL-221,distributori,C,4,305.00,8.64,1114.56
R25-004229,2025-12-11,FT-2025-02412,CL-016,diretto,A,2,200.00,2.15,391.40
R25-004230,2025-12-11,FT-2025-02412,CL-016,diretto,B,2,120.00,7.72,221.48
R25-004231,2025-12-11,FT-2025-02451,CL-011,diretto,A,1,200.00,0.81,198.39
R25-004232,2025-12-11,FT-2025-02451,CL-011,diretto,B,2,120.00,0.34,239.18
R25-004233,2025-12-11,FT-2025-02458,CL-002,diretto,B,2,120.00,2.33,234.42
R25-004234,2025-12-11,FT-2025-02458,CL-002,diretto,B,3,120.00,3.73,346.56
R25-004235,2025-12-11,FT-2025-02458,CL-002,diretto,A,2,200.00,1.03,395.90
R25-004236,2025-12-11,FT-2025-02464,CL-228,distributori,A,8,200.00,18.59,1302.56
R25-004237,2025-12-12,FT-2025-02286,CL-248,distributori,B,9,120.00,3.72,1039.86
R25-004238,2025-12-12,FT-2025-02286,CL-248,distributori,C,3,305.00,3.84,879.90
R25-004239,2025-12-12,FT-2025-02299,CL-085,diretto,A,1,200.00,1.97,196.06
R25-004240,2025-12-12,FT-2025-02303,CL-008,diretto,B,2,120.00,0.27,239.36
R25-004241,2025-12-12,FT-2025-02303,CL-008,diretto,A,4,200.00,9.23,726.16
R25-004242,2025-12-12,FT-2025-02315,CL-019,diretto,A,2,200.00,1.27,394.92
R25-004243,2025-12-12,FT-2025-02315,CL-019,diretto,A,1,200.00,1.10,197.81
R25-004244,2025-12-12,FT-2025-02317,CL-253,distributori,C,5,305.00,6.10,1431.90
R25-004245,2025-12-12,FT-2025-02317,CL-253,distributori,A,5,200.00,18.74,812.60
R25-004246,2025-12-12,FT-2025-02319,CL-129,diretto,A,1,200.00,1.74,196.52
R25-004247,2025-12-12,FT-2025-02363,CL-223,distributori,A,4,200.00,26.22,590.28
R25-004248,2025-12-12,FT-2025-02363,CL-223,distributori,B,11,120.00,2.39,1288.43
R25-004249,2025-12-12,FT-2025-02364,CL-031,diretto,A,2,200.00,3.37,386.54
R25-004250,2025-12-12,FT-2025-02364,CL-031,diretto,A,1,200.00,4.46,191.08
R25-004251,2025-12-12,FT-2025-02364,CL-031,diretto,A,2,200.00,2.57,389.72
R25-004252,2025-12-12,FT-2025-02391,CL-027,diretto,A,7,200.00,5.70,1320.27
R25-004253,2025-12-12,FT-2025-02400,CL-229,distributori,A,6,200.00,19.43,966.84
R25-004254,2025-12-12,FT-2025-02400,CL-229,distributori,A,7,200.00,18.37,1142.82
R25-004255,2025-12-12,FT-2025-02418,CL-246,distributori,B,24,120.00,7.04,2677.20
R25-004256,2025-12-12,FT-2025-02457,CL-004,diretto,B,1,120.00,0.33,119.60
R25-004257,2025-12-12,FT-2025-02457,CL-004,diretto,B,3,120.00,1.86,353.31
R25-004258,2025-12-12,FT-2025-02457,CL-004,diretto,A,3,200.00,0.75,595.50
R25-004259,2025-12-15,FT-2025-02282,CL-026,diretto,A,1,200.00,4.66,190.68
R25-004260,2025-12-15,FT-2025-02282,CL-026,diretto,A,3,200.00,3.20,580.83
R25-004261,2025-12-15,FT-2025-02283,CL-201,diretto,B,1,120.00,0.00,120.00
R25-004262,2025-12-15,FT-2025-02283,CL-201,diretto,A,2,200.00,7.75,369.00
R25-004263,2025-12-15,FT-2025-02312,CL-003,diretto,A,2,200.00,3.63,385.50
R25-004264,2025-12-15,FT-2025-02342,CL-251,distributori,C,3,305.00,4.32,875.46
R25-004265,2025-12-15,FT-2025-02342,CL-251,distributori,B,26,120.00,8.39,2858.18
R25-004266,2025-12-15,FT-2025-02355,CL-103,diretto,A,2,200.00,2.23,391.08
R25-004267,2025-12-15,FT-2025-02367,CL-234,distributori,B,7,120.00,8.98,764.61
R25-004268,2025-12-15,FT-2025-02381,CL-226,distributori,B,11,120.00,8.50,1207.80
R25-004269,2025-12-15,FT-2025-02396,CL-034,diretto,B,3,120.00,2.13,352.35
R25-004270,2025-12-15,FT-2025-02396,CL-034,diretto,A,2,200.00,0.18,399.30
R25-004271,2025-12-15,FT-2025-02407,CL-242,distributori,C,3,305.00,3.94,878.97
R25-004272,2025-12-15,FT-2025-02408,CL-014,diretto,A,10,200.00,3.66,1926.80
R25-004273,2025-12-15,FT-2025-02441,CL-091,diretto,A,1,200.00,0.00,200.00
R25-004274,2025-12-15,FT-2025-02441,CL-091,diretto,B,2,120.00,5.78,226.14
R25-004275,2025-12-15,FT-2025-02441,CL-091,diretto,A,2,200.00,0.00,400.00
R25-004276,2025-12-15,FT-2025-02445,CL-024,diretto,A,1,200.00,0.16,199.68
R25-004277,2025-12-15,FT-2025-02445,CL-024,diretto,B,2,120.00,1.70,235.92
R25-004278,2025-12-15,FT-2025-02453,CL-164,diretto,A,1,200.00,1.67,196.67
R25-004279,2025-12-15,FT-2025-02453,CL-164,diretto,A,1,200.00,1.56,196.89
R25-004280,2025-12-15,FT-2025-02453,CL-164,diretto,A,3,200.00,1.45,591.33
R25-004281,2025-12-16,FT-2025-02274,CL-244,distributori,A,7,200.00,18.62,1139.32
R25-004282,2025-12-16,FT-2025-02274,CL-244,distributori,B,12,120.00,10.23,1292.64
R25-004283,2025-12-16,FT-2025-02274,CL-244,distributori,C,4,305.00,3.25,1180.36
R25-004284,2025-12-16,FT-2025-02278,CL-232,distributori,B,6,120.00,5.12,683.16
R25-004285,2025-12-16,FT-2025-02301,CL-236,distributori,A,9,200.00,19.37,1451.43
R25-004286,2025-12-16,FT-2025-02301,CL-236,distributori,A,4,200.00,19.61,643.16
R25-004287,2025-12-16,FT-2025-02301,CL-236,distributori,B,8,120.00,2.99,931.28
R25-004288,2025-12-16,FT-2025-02321,CL-222,distributori,B,14,120.00,6.80,1565.76
R25-004289,2025-12-16,FT-2025-02321,CL-222,distributori,A,4,200.00,19.47,644.24
R25-004290,2025-12-16,FT-2025-02333,CL-022,diretto,B,2,120.00,0.32,239.24
R25-004291,2025-12-16,FT-2025-02333,CL-022,diretto,A,2,200.00,0.56,397.76
R25-004292,2025-12-16,FT-2025-02333,CL-022,diretto,B,2,120.00,0.00,240.00
R25-004293,2025-12-16,FT-2025-02365,CL-194,diretto,A,2,200.00,0.00,400.00
R25-004294,2025-12-16,FT-2025-02376,CL-162,diretto,A,2,200.00,0.22,399.12
R25-004295,2025-12-16,FT-2025-02411,CL-252,distributori,C,5,305.00,3.66,1469.20
R25-004296,2025-12-16,FT-2025-02413,CL-014,diretto,B,6,120.00,1.00,712.80
R25-004297,2025-12-16,FT-2025-02413,CL-014,diretto,B,7,120.00,0.67,834.40
R25-004298,2025-12-16,FT-2025-02415,CL-218,diretto,B,2,120.00,8.45,219.72
R25-004299,2025-12-16,FT-2025-02415,CL-218,diretto,A,2,200.00,0.00,400.00
R25-004300,2025-12-16,FT-2025-02415,CL-218,diretto,A,1,200.00,0.00,200.00
R25-004301,2025-12-16,FT-2025-02416,CL-099,diretto,A,2,200.00,1.17,395.32
R25-004302,2025-12-16,FT-2025-02416,CL-099,diretto,B,1,120.00,8.26,110.09
R25-004303,2025-12-16,FT-2025-02421,CL-027,diretto,A,12,200.00,5.30,2272.80
R25-004304,2025-12-16,FT-2025-02421,CL-027,diretto,B,8,120.00,10.54,858.80
R25-004305,2025-12-16,FT-2025-02421,CL-027,diretto,B,5,120.00,9.80,541.20
R25-004306,2025-12-16,FT-2025-02431,CL-241,distributori,A,4,200.00,19.89,640.88
R25-004307,2025-12-16,FT-2025-02431,CL-241,distributori,B,9,120.00,2.04,1057.95
R25-004308,2025-12-17,FT-2025-02296,CL-258,distributori,C,2,305.00,2.86,592.54
R25-004309,2025-12-17,FT-2025-02296,CL-258,distributori,A,6,200.00,29.07,851.16
R25-004310,2025-12-17,FT-2025-02327,CL-005,diretto,A,2,200.00,3.78,384.90
R25-004311,2025-12-17,FT-2025-02327,CL-005,diretto,A,1,200.00,4.78,190.44
R25-004312,2025-12-17,FT-2025-02328,CL-033,diretto,B,3,120.00,1.60,354.24
R25-004313,2025-12-17,FT-2025-02328,CL-033,diretto,A,2,200.00,0.17,399.32
R25-004314,2025-12-17,FT-2025-02328,CL-033,diretto,A,1,200.00,0.15,199.70
R25-004315,2025-12-17,FT-2025-02340,CL-255,distributori,B,12,120.00,1.98,1411.44
R25-004316,2025-12-17,FT-2025-02340,CL-255,distributori,A,6,200.00,19.13,970.44
R25-004317,2025-12-17,FT-2025-02340,CL-255,distributori,C,6,305.00,2.80,1778.82
R25-004318,2025-12-17,FT-2025-02380,CL-077,diretto,A,1,200.00,1.73,196.55
R25-004319,2025-12-17,FT-2025-02383,CL-224,distributori,B,3,120.00,3.09,348.87
R25-004320,2025-12-17,FT-2025-02383,CL-224,distributori,A,6,200.00,23.07,923.22
R25-004321,2025-12-17,FT-2025-02390,CL-018,diretto,A,2,200.00,4.95,380.22
R25-004322,2025-12-17,FT-2025-02429,CL-125,diretto,B,1,120.00,0.82,119.02
R25-004323,2025-12-17,FT-2025-02438,CL-027,diretto,B,4,120.00,9.18,435.96
R25-004324,2025-12-18,FT-2025-02287,CL-010,diretto,B,2,120.00,1.00,237.60
R25-004325,2025-12-18,FT-2025-02287,CL-010,diretto,A,2,200.00,1.57,393.72
R25-004326,2025-12-18,FT-2025-02287,CL-010,diretto,A,1,200.00,1.91,196.19
R25-004327,2025-12-18,FT-2025-02292,CL-249,distributori,B,9,120.00,2.28,1055.34
R25-004328,2025-12-18,FT-2025-02293,CL-252,distributori,C,10,305.00,3.14,2954.20
R25-004329,2025-12-18,FT-2025-02293,CL-252,distributori,A,7,200.00,18.45,1141.77
R25-004330,2025-12-18,FT-2025-02295,CL-235,distributori,A,4,200.00,19.80,641.64
R25-004331,2025-12-18,FT-2025-02295,CL-235,distributori,C,4,305.00,5.30,1155.36
R25-004332,2025-12-18,FT-2025-02297,CL-250,distributori,B,12,120.00,2.98,1397.16
R25-004333,2025-12-18,FT-2025-02297,CL-250,distributori,A,6,200.00,19.96,960.54
R25-004334,2025-12-18,FT-2025-02297,CL-250,distributori,C,4,305.00,3.82,1173.40
R25-004335,2025-12-18,FT-2025-02307,CL-007,diretto,A,3,200.00,6.94,558.36
R25-004336,2025-12-18,FT-2025-02318,CL-064,diretto,A,1,200.00,4.05,191.91
R25-004337,2025-12-18,FT-2025-02322,CL-057,diretto,B,1,120.00,8.57,109.72
R25-004338,2025-12-18,FT-2025-02322,CL-057,diretto,A,2,200.00,1.56,393.78
R25-004339,2025-12-18,FT-2025-02343,CL-245,distributori,B,14,120.00,9.53,1519.84
R25-004340,2025-12-18,FT-2025-02343,CL-245,distributori,C,4,305.00,2.71,1186.92
R25-004341,2025-12-18,FT-2025-02371,CL-023,diretto,A,2,200.00,0.00,400.00
R25-004342,2025-12-18,FT-2025-02379,CL-200,diretto,A,1,200.00,0.25,199.50
R25-004343,2025-12-18,FT-2025-02392,CL-020,diretto,A,3,200.00,2.36,585.87
R25-004344,2025-12-18,FT-2025-02420,CL-131,diretto,B,1,120.00,4.19,114.97
R25-004345,2025-12-18,FT-2025-02420,CL-131,diretto,A,1,200.00,0.00,200.00
R25-004346,2025-12-18,FT-2025-02420,CL-131,diretto,A,1,200.00,0.00,200.00
R25-004347,2025-12-18,FT-2025-02425,CL-060,diretto,A,1,200.00,0.00,200.00
R25-004348,2025-12-18,FT-2025-02426,CL-237,distributori,A,9,200.00,18.46,1467.81
R25-004349,2025-12-18,FT-2025-02426,CL-237,distributori,B,8,120.00,2.10,939.84
R25-004350,2025-12-18,FT-2025-02426,CL-237,distributori,C,7,305.00,4.44,2040.15
R25-004351,2025-12-18,FT-2025-02430,CL-014,diretto,B,2,120.00,0.70,238.32
R25-004352,2025-12-18,FT-2025-02440,CL-243,distributori,A,6,200.00,18.77,974.76
R25-004353,2025-12-18,FT-2025-02460,CL-111,diretto,A,3,200.00,0.00,600.00
R25-004354,2025-12-19,FT-2025-02290,CL-229,distributori,B,12,120.00,6.60,1344.96
R25-004355,2025-12-19,FT-2025-02290,CL-229,distributori,B,12,120.00,7.40,1333.44
R25-004356,2025-12-19,FT-2025-02290,CL-229,distributori,B,11,120.00,6.62,1232.66
R25-004357,2025-12-19,FT-2025-02351,CL-183,diretto,A,1,200.00,0.06,199.89
R25-004358,2025-12-19,FT-2025-02351,CL-183,diretto,A,2,200.00,0.07,399.74
R25-004359,2025-12-19,FT-2025-02351,CL-183,diretto,A,1,200.00,1.53,196.94
R25-004360,2025-12-19,FT-2025-02403,CL-032,diretto,A,3,200.00,3.74,577.56
R25-004361,2025-12-19,FT-2025-02403,CL-032,diretto,A,1,200.00,3.99,192.02
R25-004362,2025-12-19,FT-2025-02444,CL-156,diretto,B,1,120.00,0.00,120.00
R25-004363,2025-12-19,FT-2025-02463,CL-027,diretto,A,2,200.00,5.70,377.22
R25-004364,2025-12-19,FT-2025-02463,CL-027,diretto,A,3,200.00,6.71,559.77
R25-004365,2025-12-19,FT-2025-02463,CL-027,diretto,B,3,120.00,10.54,322.05
R25-004366,2025-12-22,FT-2025-02329,CL-239,distributori,A,5,200.00,18.71,812.90
R25-004367,2025-12-22,FT-2025-02329,CL-239,distributori,B,13,120.00,8.37,1429.48
R25-004368,2025-12-22,FT-2025-02329,CL-239,distributori,C,3,305.00,4.13,877.20
R25-004369,2025-12-22,FT-2025-02347,CL-238,distributori,B,12,120.00,9.71,1300.20
R25-004370,2025-12-22,FT-2025-02347,CL-238,distributori,B,8,120.00,9.75,866.40
R25-004371,2025-12-22,FT-2025-02370,CL-027,diretto,A,7,200.00,5.50,1323.00
R25-004372,2025-12-22,FT-2025-02384,CL-246,distributori,A,6,200.00,21.69,939.72
R25-004373,2025-12-22,FT-2025-02410,CL-014,diretto,B,5,120.00,1.53,590.85
R25-004374,2025-12-22,FT-2025-02439,CL-230,distributori,A,12,200.00,24.19,1819.56
R25-004375,2025-12-22,FT-2025-02439,CL-230,distributori,B,16,120.00,3.32,1856.32
R25-004376,2025-12-22,FT-2025-02454,CL-219,distributori,B,11,120.00,3.14,1278.53
R25-004377,2025-12-22,FT-2025-02454,CL-219,distributori,B,4,120.00,3.18,464.76
R25-004378,2025-12-23,FT-2025-02320,CL-228,distributori,C,8,305.00,4.76,2323.84
R25-004379,2025-12-23,FT-2025-02320,CL-228,distributori,B,8,120.00,3.34,927.92
R25-004380,2025-12-23,FT-2025-02320,CL-228,distributori,B,8,120.00,1.89,941.84
R25-004381,2025-12-23,FT-2025-02330,CL-253,distributori,B,17,120.00,2.51,1988.83
R25-004382,2025-12-23,FT-2025-02435,CL-224,distributori,C,6,305.00,10.55,1636.92
R25-004383,2025-12-23,FT-2025-02435,CL-224,distributori,B,17,120.00,1.57,2008.04
R25-004384,2025-12-23,FT-2025-02459,CL-204,diretto,A,1,200.00,3.18,193.64
R25-004385,2025-12-24,FT-2025-02289,CL-026,diretto,A,3,200.00,3.58,578.55
R25-004386,2025-12-24,FT-2025-02291,CL-008,diretto,C,1,305.00,5.03,289.67
R25-004387,2025-12-24,FT-2025-02341,CL-014,diretto,A,10,200.00,4.03,1919.50
R25-004388,2025-12-24,FT-2025-02345,CL-002,diretto,A,2,200.00,0.00,400.00
R25-004389,2025-12-24,FT-2025-02402,CL-242,distributori,B,9,120.00,10.43,967.32
R25-004390,2025-12-24,FT-2025-02402,CL-242,distributori,A,5,200.00,18.75,812.50
R25-004391,2025-12-24,FT-2025-02461,CL-252,distributori,B,8,120.00,2.24,938.48
R25-004392,2025-12-24,FT-2025-02461,CL-252,distributori,B,6,120.00,3.37,695.76
R25-004393,2025-12-29,FT-2025-02344,CL-006,diretto,A,2,200.00,3.52,385.92
R25-004394,2025-12-29,FT-2025-02344,CL-006,diretto,A,1,200.00,3.71,192.58
R25-004395,2025-12-29,FT-2025-02344,CL-006,diretto,A,2,200.00,4.16,383.38
R25-004396,2025-12-29,FT-2025-02362,CL-226,distributori,B,19,120.00,7.98,2097.98
R25-004397,2025-12-29,FT-2025-02398,CL-027,diretto,A,3,200.00,5.27,568.38
R25-004398,2025-12-29,FT-2025-02398,CL-027,diretto,C,3,305.00,7.22,848.94
R25-004399,2025-12-29,FT-2025-02422,CL-009,diretto,A,2,200.00,3.93,384.30
R25-004400,2025-12-29,FT-2025-02427,CL-132,diretto,A,1,200.00,0.03,199.94
R25-004401,2025-12-29,FT-2025-02427,CL-132,diretto,B,1,120.00,8.38,109.95
R25-004402,2025-12-29,FT-2025-02427,CL-132,diretto,A,3,200.00,0.78,595.35
R25-004403,2025-12-30,FT-2025-02272,CL-028,diretto,A,3,200.00,0.98,594.12
R25-004404,2025-12-30,FT-2025-02272,CL-028,diretto,A,1,200.00,0.56,198.89
R25-004405,2025-12-30,FT-2025-02273,CL-182,diretto,A,1,200.00,1.53,196.94
R25-004406,2025-12-30,FT-2025-02305,CL-014,diretto,B,3,120.00,2.72,350.22
R25-004407,2025-12-30,FT-2025-02305,CL-014,diretto,A,3,200.00,3.50,579.03
R25-004408,2025-12-30,FT-2025-02308,CL-027,diretto,A,6,200.00,5.81,1130.28
R25-004409,2025-12-30,FT-2025-02324,CL-040,diretto,A,2,200.00,0.00,400.00
R25-004410,2025-12-30,FT-2025-02324,CL-040,diretto,A,1,200.00,0.00,200.00
R25-004411,2025-12-30,FT-2025-02324,CL-040,diretto,B,1,120.00,5.07,113.92
R25-004412,2025-12-30,FT-2025-02334,CL-221,distributori,B,17,120.00,2.33,1992.57
R25-004413,2025-12-30,FT-2025-02436,CL-240,distributori,A,2,200.00,19.79,320.86
R25-004414,2025-12-30,FT-2025-02442,CL-256,distributori,B,7,120.00,3.16,813.47
R25-004415,2025-12-30,FT-2025-02447,CL-014,diretto,B,5,120.00,0.70,595.80
R25-004416,2025-12-30,FT-2025-02447,CL-014,diretto,C,6,305.00,3.15,1772.34
R25-004417,2025-12-30,FT-2025-02447,CL-014,diretto,B,11,120.00,2.61,1285.57
R25-004418,2025-12-30,FT-2025-02449,CL-251,distributori,A,6,200.00,19.32,968.22
R25-004419,2025-12-30,RS-2025-02393,CL-025,diretto,B,-2,120.00,2.80,-233.28
R25-004420,2025-12-31,FT-2025-02275,CL-030,diretto,A,1,200.00,3.86,192.28
R25-004421,2025-12-31,FT-2025-02275,CL-030,diretto,A,2,200.00,2.67,389.32
R25-004422,2025-12-31,FT-2025-02281,CL-029,diretto,B,1,120.00,0.92,118.90
R25-004423,2025-12-31,FT-2025-02323,CL-043,diretto,A,1,200.00,1.25,197.51
R25-004424,2025-12-31,FT-2025-02332,CL-254,distributori,A,6,200.00,18.50,978.00
R25-004425,2025-12-31,FT-2025-02346,CL-233,distributori,B,15,120.00,7.60,1663.20
R25-004426,2025-12-31,FT-2025-02350,CL-087,diretto,A,2,200.00,0.00,400.00
R25-004427,2025-12-31,FT-2025-02360,CL-186,diretto,A,1,200.00,0.65,198.70
R25-004428,2025-12-31,FT-2025-02360,CL-186,diretto,A,1,200.00,0.65,198.70
R25-004429,2025-12-31,FT-2025-02360,CL-186,diretto,B,1,120.00,0.00,120.00
R25-004430,2025-12-31,FT-2025-02404,CL-025,diretto,B,2,120.00,2.91,233.02
R25-004431,2025-12-31,FT-2025-02404,CL-025,diretto,B,1,120.00,2.55,116.94
R25-004432,2025-12-31,FT-2025-02404,CL-025,diretto,A,3,200.00,0.90,594.63
R25-004433,2025-12-31,FT-2025-02423,CL-167,diretto,B,1,120.00,0.00,120.00
